mol_id,casf_best_rmsd,casf_hit_0p75,post_pb_confs,heavy_atoms_reference,rotors_reference,cohort,key
1bcu_1bcu_conf0,0.0378126465095547,1.0,1000,16,0,core,qwen_1p7b_fsq_bigdata_step47023
1c5z_1c5z_conf0,0.0447571429310664,1.0,1000,9,1,core,qwen_1p7b_fsq_bigdata_step47023
1lpg_1lpg_conf0,0.6954406844518337,1.0,924,41,10,core,qwen_1p7b_fsq_bigdata_step47023
1mq6_1mq6_conf0,1.094868926312366,0.0,802,36,7,core,qwen_1p7b_fsq_bigdata_step47023
1nc3_1nc3_conf0,0.408299313358074,1.0,937,19,2,core,qwen_1p7b_fsq_bigdata_step47023
1o3f_1o3f_conf0,0.2198914979091688,1.0,1000,25,3,core,qwen_1p7b_fsq_bigdata_step47023
1o5b_1o5b_conf0,0.0753183859890712,1.0,1000,13,1,core,qwen_1p7b_fsq_bigdata_step47023
1owh_1owh_conf0,0.1604628101675247,1.0,999,24,4,core,qwen_1p7b_fsq_bigdata_step47023
1p1n_1p1n_conf0,0.2514333772571184,1.0,762,15,4,core,qwen_1p7b_fsq_bigdata_step47023
1pxn_1pxn_conf0,0.1382759403595858,1.0,1000,22,4,core,qwen_1p7b_fsq_bigdata_step47023
1sqa_1sqa_conf0,0.5049178573147635,1.0,994,31,6,core,qwen_1p7b_fsq_bigdata_step47023
1uto_1uto_conf0,0.0407548638371052,1.0,1000,9,2,core,qwen_1p7b_fsq_bigdata_step47023
1yc1_1yc1_conf0,0.2350561636016938,1.0,962,27,4,core,qwen_1p7b_fsq_bigdata_step47023
1ydr_1ydr_conf0,0.5055136638487058,1.0,995,20,2,core,qwen_1p7b_fsq_bigdata_step47023
1ydt_1ydt_conf0,0.9659451928431936,0.0,965,27,8,core,qwen_1p7b_fsq_bigdata_step47023
1z6e_1z6e_conf0,0.6726361337091236,1.0,990,38,6,core,qwen_1p7b_fsq_bigdata_step47023
1z95_1z95_conf0,0.4145392513443094,1.0,871,29,5,core,qwen_1p7b_fsq_bigdata_step47023
1z9g_1z9g_conf0,0.7002098557053068,1.0,890,17,6,core,qwen_1p7b_fsq_bigdata_step47023
2br1_2br1_conf0,0.3485421823132867,1.0,989,29,7,core,qwen_1p7b_fsq_bigdata_step47023
2brb_2brb_conf0,0.2159111166018348,1.0,998,25,5,core,qwen_1p7b_fsq_bigdata_step47023
2c3i_2c3i_conf0,0.407008977533458,1.0,988,23,5,core,qwen_1p7b_fsq_bigdata_step47023
2fvd_2fvd_conf0,0.3795937177323204,1.0,963,30,6,core,qwen_1p7b_fsq_bigdata_step47023
2hb1_2hb1_conf0,0.1302581799877396,1.0,910,14,4,core,qwen_1p7b_fsq_bigdata_step47023
2p4y_2p4y_conf0,0.7846605610726817,0.0,868,40,8,core,qwen_1p7b_fsq_bigdata_step47023
2pog_2pog_conf0,0.1170063969991284,1.0,969,21,1,core,qwen_1p7b_fsq_bigdata_step47023
2qbp_2qbp_conf0,0.6112097052699034,1.0,983,37,10,core,qwen_1p7b_fsq_bigdata_step47023
2qbq_2qbq_conf0,0.4295577083657269,1.0,965,31,7,core,qwen_1p7b_fsq_bigdata_step47023
2qbr_2qbr_conf0,0.6724879757177813,1.0,985,28,8,core,qwen_1p7b_fsq_bigdata_step47023
2v00_2v00_conf0,0.2283873697751779,1.0,999,16,3,core,qwen_1p7b_fsq_bigdata_step47023
2wn9_2wn9_conf0,0.1787375637546778,1.0,994,22,3,core,qwen_1p7b_fsq_bigdata_step47023
2wtv_2wtv_conf0,0.2053467287717335,1.0,1000,34,4,core,qwen_1p7b_fsq_bigdata_step47023
2xdl_2xdl_conf0,0.2420415882618125,1.0,1000,16,4,core,qwen_1p7b_fsq_bigdata_step47023
2xnb_2xnb_conf0,0.2821340092470405,1.0,1000,27,4,core,qwen_1p7b_fsq_bigdata_step47023
2yfe_2yfe_conf0,0.3420683232084581,1.0,989,25,7,core,qwen_1p7b_fsq_bigdata_step47023
2ymd_2ymd_conf0,0.0920789990120365,1.0,1000,13,2,core,qwen_1p7b_fsq_bigdata_step47023
2zb1_2zb1_conf0,0.3115555314419813,1.0,998,26,5,core,qwen_1p7b_fsq_bigdata_step47023
2zcq_2zcq_conf0,0.5833107436845542,1.0,953,25,8,core,qwen_1p7b_fsq_bigdata_step47023
2zcr_2zcr_conf0,0.3885881256275099,1.0,961,28,10,core,qwen_1p7b_fsq_bigdata_step47023
2zy1_2zy1_conf0,1.070488195727663,0.0,989,24,8,core,qwen_1p7b_fsq_bigdata_step47023
3aru_3aru_conf0,0.2709976016968142,1.0,971,20,5,core,qwen_1p7b_fsq_bigdata_step47023
3ary_3ary_conf0,0.2034715358311145,1.0,1000,17,2,core,qwen_1p7b_fsq_bigdata_step47023
3b27_3b27_conf0,0.0756655199405508,1.0,1000,16,2,core,qwen_1p7b_fsq_bigdata_step47023
3b5r_3b5r_conf0,0.5118717066495142,1.0,965,28,5,core,qwen_1p7b_fsq_bigdata_step47023
3b65_3b65_conf0,0.2522362620096763,1.0,968,25,5,core,qwen_1p7b_fsq_bigdata_step47023
3bgz_3bgz_conf0,0.1013581057090469,1.0,1000,24,3,core,qwen_1p7b_fsq_bigdata_step47023
3cj4_3cj4_conf0,0.6282858007912279,1.0,791,25,5,core,qwen_1p7b_fsq_bigdata_step47023
3dd0_3dd0_conf0,0.1457913058657031,1.0,1000,16,3,core,qwen_1p7b_fsq_bigdata_step47023
3e92_3e92_conf0,0.2661596003144669,1.0,997,26,4,core,qwen_1p7b_fsq_bigdata_step47023
3e93_3e93_conf0,0.5943857282268378,1.0,1000,37,5,core,qwen_1p7b_fsq_bigdata_step47023
3ehy_3ehy_conf0,0.3644436335279526,1.0,976,17,5,core,qwen_1p7b_fsq_bigdata_step47023
3fcq_3fcq_conf0,0.1773205232276413,1.0,916,14,2,core,qwen_1p7b_fsq_bigdata_step47023
3fur_3fur_conf0,0.5440187194731171,1.0,977,31,5,core,qwen_1p7b_fsq_bigdata_step47023
3g2z_3g2z_conf0,0.1425423666012851,1.0,1000,13,2,core,qwen_1p7b_fsq_bigdata_step47023
3g31_3g31_conf0,0.0707555814587851,1.0,960,17,2,core,qwen_1p7b_fsq_bigdata_step47023
3gy4_3gy4_conf0,0.0260506803576131,1.0,1000,10,1,core,qwen_1p7b_fsq_bigdata_step47023
3jvs_3jvs_conf0,0.7901480577192136,0.0,947,30,3,core,qwen_1p7b_fsq_bigdata_step47023
3k5v_3k5v_conf0,0.3690939828580993,1.0,999,27,5,core,qwen_1p7b_fsq_bigdata_step47023
3kgp_3kgp_conf0,0.0951341360910261,1.0,1000,11,2,core,qwen_1p7b_fsq_bigdata_step47023
3lka_3lka_conf0,0.0937849386735824,1.0,1000,12,2,core,qwen_1p7b_fsq_bigdata_step47023
3nx7_3nx7_conf0,0.3036948898488883,1.0,949,20,7,core,qwen_1p7b_fsq_bigdata_step47023
3pxf_3pxf_conf0,0.1089106945456137,1.0,976,21,3,core,qwen_1p7b_fsq_bigdata_step47023
3qqs_3qqs_conf0,0.1250157412019837,1.0,985,19,4,core,qwen_1p7b_fsq_bigdata_step47023
3rlr_3rlr_conf0,0.1166506545186052,1.0,979,23,2,core,qwen_1p7b_fsq_bigdata_step47023
3rsx_3rsx_conf0,0.1007293009363163,1.0,1000,16,1,core,qwen_1p7b_fsq_bigdata_step47023
3ryj_3ryj_conf0,0.2604858960155517,1.0,998,18,3,core,qwen_1p7b_fsq_bigdata_step47023
3syr_3syr_conf0,0.2881683593128801,1.0,871,20,2,core,qwen_1p7b_fsq_bigdata_step47023
3twp_3twp_conf0,0.0864673344098836,1.0,1000,10,1,core,qwen_1p7b_fsq_bigdata_step47023
3u5j_3u5j_conf0,0.0856645837310894,1.0,999,22,1,core,qwen_1p7b_fsq_bigdata_step47023
3u8n_3u8n_conf0,0.1504738391734096,1.0,999,17,3,core,qwen_1p7b_fsq_bigdata_step47023
3uo4_3uo4_conf0,0.4032574217847692,1.0,995,29,6,core,qwen_1p7b_fsq_bigdata_step47023
3up2_3up2_conf0,0.2418089289176841,1.0,961,28,6,core,qwen_1p7b_fsq_bigdata_step47023
3wtj_3wtj_conf0,0.1510479517979622,1.0,997,16,2,core,qwen_1p7b_fsq_bigdata_step47023
3zdg_3zdg_conf0,0.3464808435255465,1.0,961,13,4,core,qwen_1p7b_fsq_bigdata_step47023
4ddh_4ddh_conf0,0.1243631236050342,1.0,1000,15,3,core,qwen_1p7b_fsq_bigdata_step47023
4ddk_4ddk_conf0,0.0369876366568672,1.0,1000,12,1,core,qwen_1p7b_fsq_bigdata_step47023
4eor_4eor_conf0,0.4119296914511399,1.0,998,28,6,core,qwen_1p7b_fsq_bigdata_step47023
4f09_4f09_conf0,0.0734409164509401,1.0,1000,19,1,core,qwen_1p7b_fsq_bigdata_step47023
4f2w_4f2w_conf0,0.766021036249455,0.0,997,20,4,core,qwen_1p7b_fsq_bigdata_step47023
4f9w_4f9w_conf0,0.1346653382901439,1.0,1000,25,3,core,qwen_1p7b_fsq_bigdata_step47023
4hge_4hge_conf0,0.1449878981386875,1.0,960,25,3,core,qwen_1p7b_fsq_bigdata_step47023
4j21_4j21_conf0,0.0639796493692862,1.0,1000,20,1,core,qwen_1p7b_fsq_bigdata_step47023
4j3l_4j3l_conf0,0.3878063419805179,1.0,1000,26,5,core,qwen_1p7b_fsq_bigdata_step47023
4jsz_4jsz_conf0,0.0821493132643628,1.0,1000,10,1,core,qwen_1p7b_fsq_bigdata_step47023
4jxs_4jxs_conf0,0.3663482428773252,1.0,935,22,6,core,qwen_1p7b_fsq_bigdata_step47023
4k18_4k18_conf0,0.2417887798692563,1.0,996,29,4,core,qwen_1p7b_fsq_bigdata_step47023
4k77_4k77_conf0,0.0647817704104301,1.0,1000,18,2,core,qwen_1p7b_fsq_bigdata_step47023
4kzq_4kzq_conf0,0.0558639978112572,1.0,1000,18,1,core,qwen_1p7b_fsq_bigdata_step47023
4kzu_4kzu_conf0,0.0727143378358644,1.0,1000,18,1,core,qwen_1p7b_fsq_bigdata_step47023
4llx_4llx_conf0,0.0264434872926197,1.0,1000,9,0,core,qwen_1p7b_fsq_bigdata_step47023
4lzs_4lzs_conf0,0.1958152749476205,1.0,1000,15,3,core,qwen_1p7b_fsq_bigdata_step47023
4mgd_4mgd_conf0,0.1030035127176258,1.0,999,19,2,core,qwen_1p7b_fsq_bigdata_step47023
4ogj_4ogj_conf0,0.7862543256355228,0.0,850,37,10,core,qwen_1p7b_fsq_bigdata_step47023
5c28_5c28_conf0,0.0420280261491185,1.0,1000,12,1,core,qwen_1p7b_fsq_bigdata_step47023
5c2h_5c2h_conf0,0.9900071405905588,0.0,957,31,8,core,qwen_1p7b_fsq_bigdata_step47023
1bcu_1bcu_conf0,0.0394321894803238,1.0,1000,16,0,core,loqi_raw
1c5z_1c5z_conf0,0.040221362439458,1.0,1000,9,1,core,loqi_raw
1lpg_1lpg_conf0,1.4673053124884,0.0,1000,41,10,core,loqi_raw
1mq6_1mq6_conf0,1.2852034993681565,0.0,1000,36,7,core,loqi_raw
1nc3_1nc3_conf0,0.4222848684941226,1.0,999,19,2,core,loqi_raw
1o3f_1o3f_conf0,0.1908614471327527,1.0,1000,25,3,core,loqi_raw
1o5b_1o5b_conf0,0.0604153312592652,1.0,1000,13,1,core,loqi_raw
1owh_1owh_conf0,0.1904418658186114,1.0,1000,24,4,core,loqi_raw
1p1n_1p1n_conf0,0.1411985868762212,1.0,987,15,4,core,loqi_raw
1pxn_1pxn_conf0,0.298499083392264,1.0,1000,22,4,core,loqi_raw
1sqa_1sqa_conf0,0.4094413246564468,1.0,1000,31,6,core,loqi_raw
1uto_1uto_conf0,0.0944228512130025,1.0,1000,9,2,core,loqi_raw
1yc1_1yc1_conf0,0.215892125498248,1.0,1000,27,4,core,loqi_raw
1ydr_1ydr_conf0,0.7253436176194098,1.0,998,20,2,core,loqi_raw
1ydt_1ydt_conf0,0.3615691957951479,1.0,1000,27,8,core,loqi_raw
1z6e_1z6e_conf0,0.8825259013625942,0.0,1000,38,6,core,loqi_raw
1z95_1z95_conf0,0.3825704880621074,1.0,1000,29,5,core,loqi_raw
1z9g_1z9g_conf0,0.2878676494067361,1.0,1000,17,6,core,loqi_raw
2br1_2br1_conf0,0.2547179893056031,1.0,1000,29,7,core,loqi_raw
2brb_2brb_conf0,0.1703329417229646,1.0,1000,25,5,core,loqi_raw
2c3i_2c3i_conf0,0.3186649636492248,1.0,1000,23,5,core,loqi_raw
2fvd_2fvd_conf0,0.2406627790203591,1.0,1000,30,6,core,loqi_raw
2hb1_2hb1_conf0,0.1155747211692607,1.0,1000,14,4,core,loqi_raw
2p4y_2p4y_conf0,0.8589816445312501,0.0,995,40,8,core,loqi_raw
2pog_2pog_conf0,0.1933931799550619,1.0,999,21,1,core,loqi_raw
2qbp_2qbp_conf0,0.5295100389965435,1.0,1000,37,10,core,loqi_raw
2qbq_2qbq_conf0,0.381390170897683,1.0,1000,31,7,core,loqi_raw
2qbr_2qbr_conf0,0.6481908781941357,1.0,1000,28,8,core,loqi_raw
2v00_2v00_conf0,0.1744014667158238,1.0,1000,16,3,core,loqi_raw
2wn9_2wn9_conf0,0.2763499874791135,1.0,999,22,3,core,loqi_raw
2wtv_2wtv_conf0,0.1517111563254686,1.0,1000,34,4,core,loqi_raw
2xdl_2xdl_conf0,0.2005454522949943,1.0,1000,16,4,core,loqi_raw
2xnb_2xnb_conf0,0.3247686850399497,1.0,1000,27,4,core,loqi_raw
2yfe_2yfe_conf0,0.796042940082735,0.0,1000,25,7,core,loqi_raw
2ymd_2ymd_conf0,0.0874630784642472,1.0,1000,13,2,core,loqi_raw
2zb1_2zb1_conf0,0.3207207297012198,1.0,1000,26,5,core,loqi_raw
2zcq_2zcq_conf0,1.261193654592026,0.0,997,25,8,core,loqi_raw
2zcr_2zcr_conf0,0.8523287239695208,0.0,994,28,10,core,loqi_raw
2zy1_2zy1_conf0,1.4652583406417998,0.0,1000,24,8,core,loqi_raw
3aru_3aru_conf0,0.4520465699928401,1.0,1000,20,5,core,loqi_raw
3ary_3ary_conf0,0.4945611380513126,1.0,1000,17,2,core,loqi_raw
3b27_3b27_conf0,0.1297759849423528,1.0,1000,16,2,core,loqi_raw
3b5r_3b5r_conf0,0.3646022652129675,1.0,1000,28,5,core,loqi_raw
3b65_3b65_conf0,0.158626626535539,1.0,1000,25,5,core,loqi_raw
3bgz_3bgz_conf0,0.1070715323079446,1.0,1000,24,3,core,loqi_raw
3cj4_3cj4_conf0,1.0053169858210127,0.0,1000,25,5,core,loqi_raw
3dd0_3dd0_conf0,0.4794579103531478,1.0,1000,16,3,core,loqi_raw
3e92_3e92_conf0,0.2128560702879218,1.0,1000,26,4,core,loqi_raw
3e93_3e93_conf0,0.39520085955657,1.0,1000,37,5,core,loqi_raw
3ehy_3ehy_conf0,0.3726382605081075,1.0,1000,17,5,core,loqi_raw
3fcq_3fcq_conf0,0.0902259395764313,1.0,1000,14,2,core,loqi_raw
3fur_3fur_conf0,0.8452301850797478,0.0,1000,31,5,core,loqi_raw
3g2z_3g2z_conf0,0.1045005509537209,1.0,1000,13,2,core,loqi_raw
3g31_3g31_conf0,0.0441164660027714,1.0,975,17,2,core,loqi_raw
3gy4_3gy4_conf0,0.0275699562037065,1.0,1000,10,1,core,loqi_raw
3jvs_3jvs_conf0,1.0344128737130371,0.0,1000,30,3,core,loqi_raw
3k5v_3k5v_conf0,0.365263437218021,1.0,1000,27,5,core,loqi_raw
3kgp_3kgp_conf0,0.1089483521111155,1.0,1000,11,2,core,loqi_raw
3lka_3lka_conf0,0.1148380565641625,1.0,1000,12,2,core,loqi_raw
3nx7_3nx7_conf0,0.3661840825665265,1.0,1000,20,7,core,loqi_raw
3pxf_3pxf_conf0,0.089977441360011,1.0,1000,21,3,core,loqi_raw
3qqs_3qqs_conf0,0.1192559792550433,1.0,1000,19,4,core,loqi_raw
3rlr_3rlr_conf0,0.0874316392848557,1.0,1000,23,2,core,loqi_raw
3rsx_3rsx_conf0,0.0982807852080268,1.0,1000,16,1,core,loqi_raw
3ryj_3ryj_conf0,0.2275731779513268,1.0,1000,18,3,core,loqi_raw
3syr_3syr_conf0,0.2364343483130745,1.0,1000,20,2,core,loqi_raw
3twp_3twp_conf0,0.0739095204475164,1.0,1000,10,1,core,loqi_raw
3u5j_3u5j_conf0,0.1247794023610886,1.0,1000,22,1,core,loqi_raw
3u8n_3u8n_conf0,0.1316416625692809,1.0,1000,17,3,core,loqi_raw
3uo4_3uo4_conf0,0.4030194845564033,1.0,1000,29,6,core,loqi_raw
3up2_3up2_conf0,0.3466616275129296,1.0,1000,28,6,core,loqi_raw
3wtj_3wtj_conf0,0.1767832434115598,1.0,1000,16,2,core,loqi_raw
3zdg_3zdg_conf0,0.1770386077886452,1.0,995,13,4,core,loqi_raw
4ddh_4ddh_conf0,0.1602060893632637,1.0,1000,15,3,core,loqi_raw
4ddk_4ddk_conf0,0.06452116493385,1.0,1000,12,1,core,loqi_raw
4eor_4eor_conf0,0.2690911762326157,1.0,1000,28,6,core,loqi_raw
4f09_4f09_conf0,0.0973698554827982,1.0,1000,19,1,core,loqi_raw
4f2w_4f2w_conf0,0.4567870472437262,1.0,1000,20,4,core,loqi_raw
4f9w_4f9w_conf0,0.1208535824130173,1.0,1000,25,3,core,loqi_raw
4hge_4hge_conf0,0.1164977720171303,1.0,1000,25,3,core,loqi_raw
4j21_4j21_conf0,0.0643389347309839,1.0,1000,20,1,core,loqi_raw
4j3l_4j3l_conf0,0.3233044951463649,1.0,1000,26,5,core,loqi_raw
4jsz_4jsz_conf0,0.1273518096669406,1.0,1000,10,1,core,loqi_raw
4jxs_4jxs_conf0,0.9343777269375184,0.0,1000,22,6,core,loqi_raw
4k18_4k18_conf0,0.0820962185257147,1.0,1000,29,4,core,loqi_raw
4k77_4k77_conf0,0.0635644992657851,1.0,1000,18,2,core,loqi_raw
4kzq_4kzq_conf0,0.0782167326515724,1.0,1000,18,1,core,loqi_raw
4kzu_4kzu_conf0,0.062443895468657,1.0,1000,18,1,core,loqi_raw
4llx_4llx_conf0,0.0387418714805116,1.0,1000,9,0,core,loqi_raw
4lzs_4lzs_conf0,0.132694608603244,1.0,1000,15,3,core,loqi_raw
4mgd_4mgd_conf0,0.1565052907571696,1.0,1000,19,2,core,loqi_raw
4ogj_4ogj_conf0,0.4873046613223499,1.0,1000,37,10,core,loqi_raw
5c28_5c28_conf0,0.0421382754598194,1.0,1000,12,1,core,loqi_raw
5c2h_5c2h_conf0,1.329996691728866,0.0,1000,31,8,core,loqi_raw
1bcu_1bcu_conf0,0.0458395789205642,1.0,952,16,0,core,flowr_raw
1c5z_1c5z_conf0,0.3476624647837684,1.0,979,9,1,core,flowr_raw
1lpg_1lpg_conf0,1.4517959606933517,0.0,525,41,10,core,flowr_raw
1mq6_1mq6_conf0,1.340371186334418,0.0,678,36,7,core,flowr_raw
1nc3_1nc3_conf0,0.3477686285106841,1.0,908,19,2,core,flowr_raw
1o3f_1o3f_conf0,0.3091166628796495,1.0,900,25,3,core,flowr_raw
1o5b_1o5b_conf0,0.0892510926303377,1.0,966,13,1,core,flowr_raw
1owh_1owh_conf0,0.2344716213320012,1.0,896,24,4,core,flowr_raw
1p1n_1p1n_conf0,0.7429820101768004,1.0,988,15,4,core,flowr_raw
1pxn_1pxn_conf0,0.3648919066309848,1.0,944,22,4,core,flowr_raw
1sqa_1sqa_conf0,0.5220852122908647,1.0,792,31,6,core,flowr_raw
1uto_1uto_conf0,0.1082715589745303,1.0,990,9,2,core,flowr_raw
1yc1_1yc1_conf0,0.2404124344028221,1.0,920,27,4,core,flowr_raw
1ydr_1ydr_conf0,0.2624034037387156,1.0,947,20,2,core,flowr_raw
1ydt_1ydt_conf0,0.7509051445233053,0.0,921,27,8,core,flowr_raw
1z6e_1z6e_conf0,1.2913810968974864,0.0,801,38,6,core,flowr_raw
1z95_1z95_conf0,0.5063218802078897,1.0,948,29,5,core,flowr_raw
1z9g_1z9g_conf0,0.6654043271096759,1.0,985,17,6,core,flowr_raw
2br1_2br1_conf0,0.3878100502620457,1.0,868,29,7,core,flowr_raw
2brb_2brb_conf0,0.301775521086325,1.0,909,25,5,core,flowr_raw
2c3i_2c3i_conf0,0.5339114099252041,1.0,950,23,5,core,flowr_raw
2fvd_2fvd_conf0,0.926949387897743,0.0,920,30,6,core,flowr_raw
2hb1_2hb1_conf0,0.6123016484466755,1.0,995,14,4,core,flowr_raw
2p4y_2p4y_conf0,1.1655608138181448,0.0,694,40,8,core,flowr_raw
2pog_2pog_conf0,0.1491345392976933,1.0,909,21,1,core,flowr_raw
2qbp_2qbp_conf0,1.4987112649114116,0.0,723,37,10,core,flowr_raw
2qbq_2qbq_conf0,0.7317202748567007,1.0,781,31,7,core,flowr_raw
2qbr_2qbr_conf0,0.6980886511735538,1.0,883,28,8,core,flowr_raw
2v00_2v00_conf0,0.1943990218971036,1.0,971,16,3,core,flowr_raw
2wn9_2wn9_conf0,0.3686836032788044,1.0,922,22,3,core,flowr_raw
2wtv_2wtv_conf0,0.2344748378479318,1.0,815,34,4,core,flowr_raw
2xdl_2xdl_conf0,0.2144182928316303,1.0,977,16,4,core,flowr_raw
2xnb_2xnb_conf0,0.4837488592317429,1.0,912,27,4,core,flowr_raw
2yfe_2yfe_conf0,0.5583402126415247,1.0,917,25,7,core,flowr_raw
2ymd_2ymd_conf0,0.0816139090757995,1.0,990,13,2,core,flowr_raw
2zb1_2zb1_conf0,0.4634652761915587,1.0,908,26,5,core,flowr_raw
2zcq_2zcq_conf0,0.5114213565702846,1.0,963,25,8,core,flowr_raw
2zcr_2zcr_conf0,0.6988860832826116,1.0,919,28,10,core,flowr_raw
2zy1_2zy1_conf0,0.8519449127262635,0.0,947,24,8,core,flowr_raw
3aru_3aru_conf0,0.1503938575405781,1.0,972,20,5,core,flowr_raw
3ary_3ary_conf0,0.3251176168188683,1.0,982,17,2,core,flowr_raw
3b27_3b27_conf0,0.1148360571639168,1.0,969,16,2,core,flowr_raw
3b5r_3b5r_conf0,0.3950172006474816,1.0,951,28,5,core,flowr_raw
3b65_3b65_conf0,0.410847432263963,1.0,959,25,5,core,flowr_raw
3bgz_3bgz_conf0,0.1527141034907768,1.0,908,24,3,core,flowr_raw
3cj4_3cj4_conf0,0.8476943826149074,0.0,941,25,5,core,flowr_raw
3dd0_3dd0_conf0,0.2571611288205374,1.0,989,16,3,core,flowr_raw
3e92_3e92_conf0,0.4299117123594977,1.0,913,26,4,core,flowr_raw
3e93_3e93_conf0,1.17511121675034,0.0,718,37,5,core,flowr_raw
3ehy_3ehy_conf0,0.3666247690508162,1.0,990,17,5,core,flowr_raw
3fcq_3fcq_conf0,0.2458952894317589,1.0,998,14,2,core,flowr_raw
3fur_3fur_conf0,0.4836301468262238,1.0,894,31,5,core,flowr_raw
3g2z_3g2z_conf0,0.2271192075302187,1.0,961,13,2,core,flowr_raw
3g31_3g31_conf0,0.085373153116366,1.0,979,17,2,core,flowr_raw
3gy4_3gy4_conf0,0.2360446136815353,1.0,981,10,1,core,flowr_raw
3jvs_3jvs_conf0,0.8202005295043915,0.0,690,30,3,core,flowr_raw
3k5v_3k5v_conf0,0.6068131184721127,1.0,943,27,5,core,flowr_raw
3kgp_3kgp_conf0,0.3326752967799457,1.0,979,11,2,core,flowr_raw
3lka_3lka_conf0,0.1137360936589157,1.0,994,12,2,core,flowr_raw
3nx7_3nx7_conf0,0.4613306066325002,1.0,973,20,7,core,flowr_raw
3pxf_3pxf_conf0,0.19454723226889,1.0,929,21,3,core,flowr_raw
3qqs_3qqs_conf0,0.492887611657669,1.0,962,19,4,core,flowr_raw
3rlr_3rlr_conf0,0.0821653148294145,1.0,929,23,2,core,flowr_raw
3rsx_3rsx_conf0,0.1061964767046529,1.0,964,16,1,core,flowr_raw
3ryj_3ryj_conf0,0.1149902580104867,1.0,978,18,3,core,flowr_raw
3syr_3syr_conf0,0.2970101641843367,1.0,690,20,2,core,flowr_raw
3twp_3twp_conf0,0.0860598966900381,1.0,990,10,1,core,flowr_raw
3u5j_3u5j_conf0,0.1250512683299455,1.0,868,22,1,core,flowr_raw
3u8n_3u8n_conf0,0.3479420380155368,1.0,958,17,3,core,flowr_raw
3uo4_3uo4_conf0,0.3997607049819063,1.0,893,29,6,core,flowr_raw
3up2_3up2_conf0,0.3844418676092537,1.0,936,28,6,core,flowr_raw
3wtj_3wtj_conf0,0.146087639588293,1.0,979,16,2,core,flowr_raw
3zdg_3zdg_conf0,0.3475226469530141,1.0,1000,13,4,core,flowr_raw
4ddh_4ddh_conf0,0.3526247534160426,1.0,991,15,3,core,flowr_raw
4ddk_4ddk_conf0,0.0699847196804982,1.0,993,12,1,core,flowr_raw
4eor_4eor_conf0,0.530627987147056,1.0,932,28,6,core,flowr_raw
4f09_4f09_conf0,0.1301447065053164,1.0,964,19,1,core,flowr_raw
4f2w_4f2w_conf0,0.2973488436425203,1.0,964,20,4,core,flowr_raw
4f9w_4f9w_conf0,0.17626299716903,1.0,878,25,3,core,flowr_raw
4hge_4hge_conf0,0.2897438072401703,1.0,934,25,3,core,flowr_raw
4j21_4j21_conf0,0.059709551973672,1.0,934,20,1,core,flowr_raw
4j3l_4j3l_conf0,0.4200722146786224,1.0,875,26,5,core,flowr_raw
4jsz_4jsz_conf0,0.3359645188702491,1.0,993,10,1,core,flowr_raw
4jxs_4jxs_conf0,0.3580359362272154,1.0,969,22,6,core,flowr_raw
4k18_4k18_conf0,0.2437584962044957,1.0,920,29,4,core,flowr_raw
4k77_4k77_conf0,0.1419864261729231,1.0,940,18,2,core,flowr_raw
4kzq_4kzq_conf0,0.0784062063540635,1.0,954,18,1,core,flowr_raw
4kzu_4kzu_conf0,0.0981368764920475,1.0,928,18,1,core,flowr_raw
4llx_4llx_conf0,0.0393892664074424,1.0,1000,9,0,core,flowr_raw
4lzs_4lzs_conf0,0.1356311793657696,1.0,991,15,3,core,flowr_raw
4mgd_4mgd_conf0,0.2321511581099345,1.0,976,19,2,core,flowr_raw
4ogj_4ogj_conf0,1.0498659269733863,0.0,794,37,10,core,flowr_raw
5c28_5c28_conf0,0.0431095544399239,1.0,999,12,1,core,flowr_raw
5c2h_5c2h_conf0,1.2002672060008996,0.0,880,31,8,core,flowr_raw
1bcu_1bcu_conf0,0.0700026891980126,1.0,1000,16,0,core,torsional_diffusion_raw
1c5z_1c5z_conf0,0.0445083117360444,1.0,1000,9,1,core,torsional_diffusion_raw
1lpg_1lpg_conf0,1.5575089887842193,0.0,790,41,10,core,torsional_diffusion_raw
1mq6_1mq6_conf0,1.1491514325477727,0.0,402,36,7,core,torsional_diffusion_raw
1nc3_1nc3_conf0,0.364875701398378,1.0,995,19,2,core,torsional_diffusion_raw
1o3f_1o3f_conf0,0.1467320646798439,1.0,994,25,3,core,torsional_diffusion_raw
1o5b_1o5b_conf0,0.0753765293114792,1.0,1000,13,1,core,torsional_diffusion_raw
1owh_1owh_conf0,0.2173014995440551,1.0,645,24,4,core,torsional_diffusion_raw
1p1n_1p1n_conf0,0.3577181052851985,1.0,587,15,4,core,torsional_diffusion_raw
1pxn_1pxn_conf0,0.1121906919194336,1.0,989,22,4,core,torsional_diffusion_raw
1sqa_1sqa_conf0,0.490280149449895,1.0,525,31,6,core,torsional_diffusion_raw
1uto_1uto_conf0,0.0742396000364341,1.0,991,9,2,core,torsional_diffusion_raw
1yc1_1yc1_conf0,0.3404766496546452,1.0,988,27,4,core,torsional_diffusion_raw
1ydr_1ydr_conf0,0.3251126624762785,1.0,936,20,2,core,torsional_diffusion_raw
1ydt_1ydt_conf0,0.6242877259434314,1.0,566,27,8,core,torsional_diffusion_raw
1z6e_1z6e_conf0,1.0560686849198693,0.0,685,38,6,core,torsional_diffusion_raw
1z95_1z95_conf0,0.2986447420847199,1.0,898,29,5,core,torsional_diffusion_raw
1z9g_1z9g_conf0,0.4652590885978829,1.0,930,17,6,core,torsional_diffusion_raw
2br1_2br1_conf0,0.2573242605976942,1.0,987,29,7,core,torsional_diffusion_raw
2brb_2brb_conf0,0.2422148028166085,1.0,983,25,5,core,torsional_diffusion_raw
2c3i_2c3i_conf0,0.3182158406329927,1.0,998,23,5,core,torsional_diffusion_raw
2fvd_2fvd_conf0,0.6505197441025167,1.0,930,30,6,core,torsional_diffusion_raw
2hb1_2hb1_conf0,0.3043274516621173,1.0,820,14,4,core,torsional_diffusion_raw
2p4y_2p4y_conf0,1.188215949872941,0.0,868,40,8,core,torsional_diffusion_raw
2pog_2pog_conf0,0.1516457267767372,1.0,951,21,1,core,torsional_diffusion_raw
2qbp_2qbp_conf0,1.096442552785442,0.0,558,37,10,core,torsional_diffusion_raw
2qbq_2qbq_conf0,0.6104411043186412,1.0,698,31,7,core,torsional_diffusion_raw
2qbr_2qbr_conf0,0.7280762382960273,1.0,761,28,8,core,torsional_diffusion_raw
2v00_2v00_conf0,0.0862491486479573,1.0,998,16,3,core,torsional_diffusion_raw
2wn9_2wn9_conf0,0.3365378504779819,1.0,781,22,3,core,torsional_diffusion_raw
2wtv_2wtv_conf0,0.4626785795760393,1.0,887,34,4,core,torsional_diffusion_raw
2xdl_2xdl_conf0,0.2839765836710847,1.0,991,16,4,core,torsional_diffusion_raw
2xnb_2xnb_conf0,0.2732529062988708,1.0,987,27,4,core,torsional_diffusion_raw
2yfe_2yfe_conf0,0.5056326808600448,1.0,830,25,7,core,torsional_diffusion_raw
2ymd_2ymd_conf0,0.1167219411712956,1.0,986,13,2,core,torsional_diffusion_raw
2zb1_2zb1_conf0,0.2431594912770471,1.0,996,26,5,core,torsional_diffusion_raw
2zcq_2zcq_conf0,0.9605034768933808,0.0,562,25,8,core,torsional_diffusion_raw
2zcr_2zcr_conf0,0.904300989571704,0.0,517,28,10,core,torsional_diffusion_raw
2zy1_2zy1_conf0,1.2081901987636188,0.0,656,24,8,core,torsional_diffusion_raw
3aru_3aru_conf0,0.3691875716842065,1.0,942,20,5,core,torsional_diffusion_raw
3ary_3ary_conf0,0.1866776977634175,1.0,1000,17,2,core,torsional_diffusion_raw
3b27_3b27_conf0,0.2977725010052605,1.0,1000,16,2,core,torsional_diffusion_raw
3b5r_3b5r_conf0,0.4259962670182683,1.0,948,28,5,core,torsional_diffusion_raw
3b65_3b65_conf0,0.3035569123144768,1.0,952,25,5,core,torsional_diffusion_raw
3bgz_3bgz_conf0,0.1125703618505472,1.0,998,24,3,core,torsional_diffusion_raw
3cj4_3cj4_conf0,0.7249992260750514,1.0,695,25,5,core,torsional_diffusion_raw
3dd0_3dd0_conf0,0.1892903112054091,1.0,1000,16,3,core,torsional_diffusion_raw
3e92_3e92_conf0,0.2786040479148037,1.0,958,26,4,core,torsional_diffusion_raw
3e93_3e93_conf0,0.7207244828213711,1.0,474,37,5,core,torsional_diffusion_raw
3ehy_3ehy_conf0,0.3893445166604543,1.0,914,17,5,core,torsional_diffusion_raw
3fcq_3fcq_conf0,0.1323958169264267,1.0,946,14,2,core,torsional_diffusion_raw
3fur_3fur_conf0,0.5326862237788091,1.0,987,31,5,core,torsional_diffusion_raw
3g2z_3g2z_conf0,0.2235225058721796,1.0,980,13,2,core,torsional_diffusion_raw
3g31_3g31_conf0,0.1018881569148874,1.0,994,17,2,core,torsional_diffusion_raw
3gy4_3gy4_conf0,0.0495811173165829,1.0,1000,10,1,core,torsional_diffusion_raw
3jvs_3jvs_conf0,0.758540678244328,0.0,504,30,3,core,torsional_diffusion_raw
3k5v_3k5v_conf0,0.266119244751006,1.0,999,27,5,core,torsional_diffusion_raw
3kgp_3kgp_conf0,0.1117027508937569,1.0,996,11,2,core,torsional_diffusion_raw
3lka_3lka_conf0,0.1363698095430502,1.0,1000,12,2,core,torsional_diffusion_raw
3nx7_3nx7_conf0,0.4440173338326581,1.0,747,20,7,core,torsional_diffusion_raw
3pxf_3pxf_conf0,0.2386945035036253,1.0,495,21,3,core,torsional_diffusion_raw
3qqs_3qqs_conf0,0.2925477086749672,1.0,853,19,4,core,torsional_diffusion_raw
3rlr_3rlr_conf0,0.2130805018768838,1.0,967,23,2,core,torsional_diffusion_raw
3rsx_3rsx_conf0,0.057249265816749,1.0,1000,16,1,core,torsional_diffusion_raw
3ryj_3ryj_conf0,0.2427659144518459,1.0,998,18,3,core,torsional_diffusion_raw
3syr_3syr_conf0,0.262463195927767,1.0,966,20,2,core,torsional_diffusion_raw
3twp_3twp_conf0,0.0495111277416019,1.0,1000,10,1,core,torsional_diffusion_raw
3u5j_3u5j_conf0,0.2507259826270726,1.0,915,22,1,core,torsional_diffusion_raw
3u8n_3u8n_conf0,0.4083061382174877,1.0,960,17,3,core,torsional_diffusion_raw
3uo4_3uo4_conf0,0.3852035829372241,1.0,971,29,6,core,torsional_diffusion_raw
3up2_3up2_conf0,0.4001964817298326,1.0,974,28,6,core,torsional_diffusion_raw
3wtj_3wtj_conf0,0.2720493801104651,1.0,822,16,2,core,torsional_diffusion_raw
3zdg_3zdg_conf0,0.2938950041972711,1.0,887,13,4,core,torsional_diffusion_raw
4ddh_4ddh_conf0,0.2227403884783829,1.0,999,15,3,core,torsional_diffusion_raw
4ddk_4ddk_conf0,0.054283443966178,1.0,1000,12,1,core,torsional_diffusion_raw
4eor_4eor_conf0,0.4994385041569467,1.0,989,28,6,core,torsional_diffusion_raw
4f09_4f09_conf0,0.1279939279413038,1.0,857,19,1,core,torsional_diffusion_raw
4f2w_4f2w_conf0,0.6238348934711645,1.0,963,20,4,core,torsional_diffusion_raw
4f9w_4f9w_conf0,0.1376495253922067,1.0,993,25,3,core,torsional_diffusion_raw
4hge_4hge_conf0,0.2913980670841594,1.0,782,25,3,core,torsional_diffusion_raw
4j21_4j21_conf0,0.0928029151677101,1.0,1000,20,1,core,torsional_diffusion_raw
4j3l_4j3l_conf0,0.3487234934323363,1.0,989,26,5,core,torsional_diffusion_raw
4jsz_4jsz_conf0,0.0873615754758558,1.0,1000,10,1,core,torsional_diffusion_raw
4jxs_4jxs_conf0,0.3936904202035113,1.0,867,22,6,core,torsional_diffusion_raw
4k18_4k18_conf0,0.1852804116071986,1.0,804,29,4,core,torsional_diffusion_raw
4k77_4k77_conf0,0.1370568135592737,1.0,925,18,2,core,torsional_diffusion_raw
4kzq_4kzq_conf0,0.0814106481770671,1.0,1000,18,1,core,torsional_diffusion_raw
4kzu_4kzu_conf0,0.0715713053654013,1.0,1000,18,1,core,torsional_diffusion_raw
4llx_4llx_conf0,0.0340098623047461,1.0,1000,9,0,core,torsional_diffusion_raw
4lzs_4lzs_conf0,0.1267037052388801,1.0,923,15,3,core,torsional_diffusion_raw
4mgd_4mgd_conf0,0.1494796802687844,1.0,997,19,2,core,torsional_diffusion_raw
4ogj_4ogj_conf0,0.614350052120657,1.0,541,37,10,core,torsional_diffusion_raw
5c28_5c28_conf0,0.0594526753573235,1.0,1000,12,1,core,torsional_diffusion_raw
5c2h_5c2h_conf0,1.6828721064120646,0.0,717,31,8,core,torsional_diffusion_raw
1bcu_1bcu_conf0,0.0440920649349164,1.0,999,16,0,core,mcf_drugs_l_raw
1c5z_1c5z_conf0,0.0261957949443279,1.0,999,9,1,core,mcf_drugs_l_raw
1lpg_1lpg_conf0,0.8838095654394502,0.0,995,41,10,core,mcf_drugs_l_raw
1mq6_1mq6_conf0,1.1487867270392842,0.0,735,36,7,core,mcf_drugs_l_raw
1nc3_1nc3_conf0,0.2883977488780266,1.0,475,19,2,core,mcf_drugs_l_raw
1o3f_1o3f_conf0,0.1604054586205878,1.0,1000,25,3,core,mcf_drugs_l_raw
1o5b_1o5b_conf0,0.062738192111327,1.0,1000,13,1,core,mcf_drugs_l_raw
1owh_1owh_conf0,0.1725144021708933,1.0,990,24,4,core,mcf_drugs_l_raw
1p1n_1p1n_conf0,0.2671239106733602,1.0,284,15,4,core,mcf_drugs_l_raw
1pxn_1pxn_conf0,0.1364904922785939,1.0,1000,22,4,core,mcf_drugs_l_raw
1sqa_1sqa_conf0,0.8870993409533446,0.0,276,31,6,core,mcf_drugs_l_raw
1uto_1uto_conf0,0.1435685046845173,1.0,999,9,2,core,mcf_drugs_l_raw
1yc1_1yc1_conf0,0.4842842912638835,1.0,1000,27,4,core,mcf_drugs_l_raw
1ydr_1ydr_conf0,0.8625319529723091,0.0,547,20,2,core,mcf_drugs_l_raw
1ydt_1ydt_conf0,0.6072602752380633,1.0,993,27,8,core,mcf_drugs_l_raw
1z6e_1z6e_conf0,0.9445014521163266,0.0,983,38,6,core,mcf_drugs_l_raw
1z95_1z95_conf0,0.4347110897950687,1.0,451,29,5,core,mcf_drugs_l_raw
1z9g_1z9g_conf0,0.3758294563140198,1.0,528,17,6,core,mcf_drugs_l_raw
2br1_2br1_conf0,0.2531169030730932,1.0,1000,29,7,core,mcf_drugs_l_raw
2brb_2brb_conf0,0.1388106622809229,1.0,1000,25,5,core,mcf_drugs_l_raw
2c3i_2c3i_conf0,0.2574517847623926,1.0,1000,23,5,core,mcf_drugs_l_raw
2fvd_2fvd_conf0,0.4933958633430736,1.0,1000,30,6,core,mcf_drugs_l_raw
2hb1_2hb1_conf0,0.3314702700355965,1.0,986,14,4,core,mcf_drugs_l_raw
2p4y_2p4y_conf0,0.573092903733719,1.0,485,40,8,core,mcf_drugs_l_raw
2pog_2pog_conf0,0.2138280437811742,1.0,599,21,1,core,mcf_drugs_l_raw
2qbp_2qbp_conf0,0.9555222266714872,0.0,994,37,10,core,mcf_drugs_l_raw
2qbq_2qbq_conf0,0.5394230656572255,1.0,994,31,7,core,mcf_drugs_l_raw
2qbr_2qbr_conf0,0.4581681248616229,1.0,997,28,8,core,mcf_drugs_l_raw
2v00_2v00_conf0,0.279843494227144,1.0,1000,16,3,core,mcf_drugs_l_raw
2wn9_2wn9_conf0,0.2719675843703172,1.0,1000,22,3,core,mcf_drugs_l_raw
2wtv_2wtv_conf0,0.2899364695080759,1.0,998,34,4,core,mcf_drugs_l_raw
2xdl_2xdl_conf0,0.2180124523686029,1.0,1000,16,4,core,mcf_drugs_l_raw
2xnb_2xnb_conf0,0.775101081732069,0.0,995,27,4,core,mcf_drugs_l_raw
2yfe_2yfe_conf0,0.493769708009512,1.0,1000,25,7,core,mcf_drugs_l_raw
2ymd_2ymd_conf0,0.1640680282047194,1.0,983,13,2,core,mcf_drugs_l_raw
2zb1_2zb1_conf0,0.3335296889712486,1.0,1000,26,5,core,mcf_drugs_l_raw
2zcq_2zcq_conf0,0.5068266969646811,1.0,484,25,8,core,mcf_drugs_l_raw
2zcr_2zcr_conf0,0.7421713190780659,1.0,523,28,10,core,mcf_drugs_l_raw
2zy1_2zy1_conf0,0.8871153892507141,0.0,999,24,8,core,mcf_drugs_l_raw
3aru_3aru_conf0,0.3742082726974861,1.0,999,20,5,core,mcf_drugs_l_raw
3ary_3ary_conf0,0.4518367639904154,1.0,1000,17,2,core,mcf_drugs_l_raw
3b27_3b27_conf0,0.3314947623037589,1.0,1000,16,2,core,mcf_drugs_l_raw
3b5r_3b5r_conf0,0.4288016527843771,1.0,477,28,5,core,mcf_drugs_l_raw
3b65_3b65_conf0,0.2911465850512333,1.0,432,25,5,core,mcf_drugs_l_raw
3bgz_3bgz_conf0,0.1358707054259035,1.0,985,24,3,core,mcf_drugs_l_raw
3cj4_3cj4_conf0,0.8549663011266633,0.0,850,25,5,core,mcf_drugs_l_raw
3dd0_3dd0_conf0,0.1241407749236225,1.0,1000,16,3,core,mcf_drugs_l_raw
3e92_3e92_conf0,0.2318915863809316,1.0,1000,26,4,core,mcf_drugs_l_raw
3e93_3e93_conf0,1.095284783443713,0.0,267,37,5,core,mcf_drugs_l_raw
3ehy_3ehy_conf0,0.3984476271180306,1.0,490,17,5,core,mcf_drugs_l_raw
3fcq_3fcq_conf0,0.2099111267761715,1.0,930,14,2,core,mcf_drugs_l_raw
3fur_3fur_conf0,0.412819397893626,1.0,1000,31,5,core,mcf_drugs_l_raw
3g2z_3g2z_conf0,0.1767361268922653,1.0,1000,13,2,core,mcf_drugs_l_raw
3g31_3g31_conf0,,,0,17,2,core,mcf_drugs_l_raw
3gy4_3gy4_conf0,0.020263505427932,1.0,1000,10,1,core,mcf_drugs_l_raw
3jvs_3jvs_conf0,0.9207774436092042,0.0,620,30,3,core,mcf_drugs_l_raw
3k5v_3k5v_conf0,0.2420874777371597,1.0,1000,27,5,core,mcf_drugs_l_raw
3kgp_3kgp_conf0,0.1029047799027932,1.0,940,11,2,core,mcf_drugs_l_raw
3lka_3lka_conf0,0.1412259952490382,1.0,1000,12,2,core,mcf_drugs_l_raw
3nx7_3nx7_conf0,0.5467927360918428,1.0,1000,20,7,core,mcf_drugs_l_raw
3pxf_3pxf_conf0,0.1695680394645405,1.0,996,21,3,core,mcf_drugs_l_raw
3qqs_3qqs_conf0,0.2040439158211169,1.0,988,19,4,core,mcf_drugs_l_raw
3rlr_3rlr_conf0,0.1522961466633627,1.0,1000,23,2,core,mcf_drugs_l_raw
3rsx_3rsx_conf0,0.0837568771422792,1.0,1000,16,1,core,mcf_drugs_l_raw
3ryj_3ryj_conf0,0.3210743210882241,1.0,1000,18,3,core,mcf_drugs_l_raw
3syr_3syr_conf0,0.5985088419407396,1.0,111,20,2,core,mcf_drugs_l_raw
3twp_3twp_conf0,0.0642447332426865,1.0,997,10,1,core,mcf_drugs_l_raw
3u5j_3u5j_conf0,0.1013491310641428,1.0,999,22,1,core,mcf_drugs_l_raw
3u8n_3u8n_conf0,0.192815248682568,1.0,999,17,3,core,mcf_drugs_l_raw
3uo4_3uo4_conf0,0.4518717470352966,1.0,998,29,6,core,mcf_drugs_l_raw
3up2_3up2_conf0,0.3512898049713265,1.0,999,28,6,core,mcf_drugs_l_raw
3wtj_3wtj_conf0,0.2046532952573942,1.0,827,16,2,core,mcf_drugs_l_raw
3zdg_3zdg_conf0,0.4543578247608855,1.0,514,13,4,core,mcf_drugs_l_raw
4ddh_4ddh_conf0,0.2178481462242772,1.0,1000,15,3,core,mcf_drugs_l_raw
4ddk_4ddk_conf0,0.0568680500962507,1.0,1000,12,1,core,mcf_drugs_l_raw
4eor_4eor_conf0,0.5169425921502527,1.0,999,28,6,core,mcf_drugs_l_raw
4f09_4f09_conf0,0.1519726124813618,1.0,1000,19,1,core,mcf_drugs_l_raw
4f2w_4f2w_conf0,0.7211999210168027,1.0,249,20,4,core,mcf_drugs_l_raw
4f9w_4f9w_conf0,0.1829706148788099,1.0,1000,25,3,core,mcf_drugs_l_raw
4hge_4hge_conf0,0.2039141886689025,1.0,562,25,3,core,mcf_drugs_l_raw
4j21_4j21_conf0,0.0702224368398352,1.0,1000,20,1,core,mcf_drugs_l_raw
4j3l_4j3l_conf0,0.3757644560520532,1.0,1000,26,5,core,mcf_drugs_l_raw
4jsz_4jsz_conf0,0.0964482220677973,1.0,1000,10,1,core,mcf_drugs_l_raw
4jxs_4jxs_conf0,0.3979255356583847,1.0,999,22,6,core,mcf_drugs_l_raw
4k18_4k18_conf0,0.1275208502365987,1.0,997,29,4,core,mcf_drugs_l_raw
4k77_4k77_conf0,0.1034187636672806,1.0,1000,18,2,core,mcf_drugs_l_raw
4kzq_4kzq_conf0,0.0819651905459243,1.0,1000,18,1,core,mcf_drugs_l_raw
4kzu_4kzu_conf0,0.0656813249740124,1.0,1000,18,1,core,mcf_drugs_l_raw
4llx_4llx_conf0,0.0424712315912037,1.0,1000,9,0,core,mcf_drugs_l_raw
4lzs_4lzs_conf0,0.1273953376760243,1.0,992,15,3,core,mcf_drugs_l_raw
4mgd_4mgd_conf0,0.208503594047382,1.0,1000,19,2,core,mcf_drugs_l_raw
4ogj_4ogj_conf0,0.6260088083720893,1.0,999,37,10,core,mcf_drugs_l_raw
5c28_5c28_conf0,0.0539808328249906,1.0,997,12,1,core,mcf_drugs_l_raw
5c2h_5c2h_conf0,1.6530551315091564,0.0,980,31,8,core,mcf_drugs_l_raw
1bcu_1bcu_conf0,0.0497640654704334,1.0,1000,16,0,core,nextmol_dmt_l_raw
1c5z_1c5z_conf0,0.0638638312614753,1.0,1000,9,1,core,nextmol_dmt_l_raw
1lpg_1lpg_conf0,0.968808032071198,0.0,999,41,10,core,nextmol_dmt_l_raw
1mq6_1mq6_conf0,1.0701636018665477,0.0,973,36,7,core,nextmol_dmt_l_raw
1nc3_1nc3_conf0,0.3589865697002969,1.0,381,19,2,core,nextmol_dmt_l_raw
1o3f_1o3f_conf0,0.1655041526288053,1.0,1000,25,3,core,nextmol_dmt_l_raw
1o5b_1o5b_conf0,0.0630152405573864,1.0,1000,13,1,core,nextmol_dmt_l_raw
1owh_1owh_conf0,0.2294439983629999,1.0,999,24,4,core,nextmol_dmt_l_raw
1p1n_1p1n_conf0,0.8189853465691995,0.0,436,15,4,core,nextmol_dmt_l_raw
1pxn_1pxn_conf0,0.1464220149743794,1.0,1000,22,4,core,nextmol_dmt_l_raw
1sqa_1sqa_conf0,0.7078497941178916,1.0,426,31,6,core,nextmol_dmt_l_raw
1uto_1uto_conf0,0.1446982240766551,1.0,1000,9,2,core,nextmol_dmt_l_raw
1yc1_1yc1_conf0,0.454174855593016,1.0,1000,27,4,core,nextmol_dmt_l_raw
1ydr_1ydr_conf0,0.9012218895981882,0.0,506,20,2,core,nextmol_dmt_l_raw
1ydt_1ydt_conf0,0.4464483635896269,1.0,992,27,8,core,nextmol_dmt_l_raw
1z6e_1z6e_conf0,1.035903817120612,0.0,866,38,6,core,nextmol_dmt_l_raw
1z95_1z95_conf0,0.5607937790765775,1.0,497,29,5,core,nextmol_dmt_l_raw
1z9g_1z9g_conf0,0.3969879944461859,1.0,523,17,6,core,nextmol_dmt_l_raw
2br1_2br1_conf0,0.2426974377969003,1.0,1000,29,7,core,nextmol_dmt_l_raw
2brb_2brb_conf0,0.1293133272333644,1.0,1000,25,5,core,nextmol_dmt_l_raw
2c3i_2c3i_conf0,0.2388428760520219,1.0,1000,23,5,core,nextmol_dmt_l_raw
2fvd_2fvd_conf0,0.2770054642734927,1.0,999,30,6,core,nextmol_dmt_l_raw
2hb1_2hb1_conf0,0.3747992779634728,1.0,1000,14,4,core,nextmol_dmt_l_raw
2p4y_2p4y_conf0,0.7846045857472485,0.0,513,40,8,core,nextmol_dmt_l_raw
2pog_2pog_conf0,0.1994629433323879,1.0,442,21,1,core,nextmol_dmt_l_raw
2qbp_2qbp_conf0,0.9045872024936402,0.0,999,37,10,core,nextmol_dmt_l_raw
2qbq_2qbq_conf0,0.3808681268588361,1.0,1000,31,7,core,nextmol_dmt_l_raw
2qbr_2qbr_conf0,0.5346653533982678,1.0,1000,28,8,core,nextmol_dmt_l_raw
2v00_2v00_conf0,0.2812388769959162,1.0,1000,16,3,core,nextmol_dmt_l_raw
2wn9_2wn9_conf0,0.2827577384382048,1.0,1000,22,3,core,nextmol_dmt_l_raw
2wtv_2wtv_conf0,0.2755889753135469,1.0,999,34,4,core,nextmol_dmt_l_raw
2xdl_2xdl_conf0,0.3328074855306457,1.0,1000,16,4,core,nextmol_dmt_l_raw
2xnb_2xnb_conf0,0.5161315526732463,1.0,1000,27,4,core,nextmol_dmt_l_raw
2yfe_2yfe_conf0,0.4638731833347879,1.0,999,25,7,core,nextmol_dmt_l_raw
2ymd_2ymd_conf0,0.1894770780808151,1.0,1000,13,2,core,nextmol_dmt_l_raw
2zb1_2zb1_conf0,0.3070337919642936,1.0,1000,26,5,core,nextmol_dmt_l_raw
2zcq_2zcq_conf0,0.7276147896893833,1.0,512,25,8,core,nextmol_dmt_l_raw
2zcr_2zcr_conf0,0.6443565592451796,1.0,479,28,10,core,nextmol_dmt_l_raw
2zy1_2zy1_conf0,1.1436684646717017,0.0,1000,24,8,core,nextmol_dmt_l_raw
3aru_3aru_conf0,0.3612083756076095,1.0,1000,20,5,core,nextmol_dmt_l_raw
3ary_3ary_conf0,0.5194574366512962,1.0,1000,17,2,core,nextmol_dmt_l_raw
3b27_3b27_conf0,0.218381572515375,1.0,1000,16,2,core,nextmol_dmt_l_raw
3b5r_3b5r_conf0,0.4001376022997898,1.0,496,28,5,core,nextmol_dmt_l_raw
3b65_3b65_conf0,0.1907620131090772,1.0,497,25,5,core,nextmol_dmt_l_raw
3bgz_3bgz_conf0,0.1441673977336873,1.0,1000,24,3,core,nextmol_dmt_l_raw
3cj4_3cj4_conf0,0.949805390663103,0.0,827,25,5,core,nextmol_dmt_l_raw
3dd0_3dd0_conf0,0.1370057348425431,1.0,1000,16,3,core,nextmol_dmt_l_raw
3e92_3e92_conf0,0.1784089312691761,1.0,1000,26,4,core,nextmol_dmt_l_raw
3e93_3e93_conf0,1.3734599317080982,0.0,280,37,5,core,nextmol_dmt_l_raw
3ehy_3ehy_conf0,0.4614860022058478,1.0,507,17,5,core,nextmol_dmt_l_raw
3fcq_3fcq_conf0,0.2677507436956868,1.0,529,14,2,core,nextmol_dmt_l_raw
3fur_3fur_conf0,0.3882039807746475,1.0,1000,31,5,core,nextmol_dmt_l_raw
3g2z_3g2z_conf0,0.1781776070472351,1.0,1000,13,2,core,nextmol_dmt_l_raw
3g31_3g31_conf0,,,0,17,2,core,nextmol_dmt_l_raw
3gy4_3gy4_conf0,0.0272579650540277,1.0,1000,10,1,core,nextmol_dmt_l_raw
3jvs_3jvs_conf0,0.9148397721970436,0.0,444,30,3,core,nextmol_dmt_l_raw
3k5v_3k5v_conf0,0.2409495134492973,1.0,998,27,5,core,nextmol_dmt_l_raw
3kgp_3kgp_conf0,0.1943172463883572,1.0,1000,11,2,core,nextmol_dmt_l_raw
3lka_3lka_conf0,0.1174289710037845,1.0,1000,12,2,core,nextmol_dmt_l_raw
3nx7_3nx7_conf0,0.5093084401203478,1.0,1000,20,7,core,nextmol_dmt_l_raw
3pxf_3pxf_conf0,0.2154214491773018,1.0,1000,21,3,core,nextmol_dmt_l_raw
3qqs_3qqs_conf0,0.431689584972981,1.0,1000,19,4,core,nextmol_dmt_l_raw
3rlr_3rlr_conf0,0.1604407717191046,1.0,1000,23,2,core,nextmol_dmt_l_raw
3rsx_3rsx_conf0,0.0940164907337171,1.0,1000,16,1,core,nextmol_dmt_l_raw
3ryj_3ryj_conf0,0.3834243192233063,1.0,1000,18,3,core,nextmol_dmt_l_raw
3syr_3syr_conf0,0.3744522983353788,1.0,295,20,2,core,nextmol_dmt_l_raw
3twp_3twp_conf0,0.0672863630777575,1.0,1000,10,1,core,nextmol_dmt_l_raw
3u5j_3u5j_conf0,0.1068049441453442,1.0,1000,22,1,core,nextmol_dmt_l_raw
3u8n_3u8n_conf0,0.2133710665426967,1.0,1000,17,3,core,nextmol_dmt_l_raw
3uo4_3uo4_conf0,0.4121136556336188,1.0,1000,29,6,core,nextmol_dmt_l_raw
3up2_3up2_conf0,0.3568118130649513,1.0,1000,28,6,core,nextmol_dmt_l_raw
3wtj_3wtj_conf0,0.2377995732589736,1.0,842,16,2,core,nextmol_dmt_l_raw
3zdg_3zdg_conf0,0.4901926127674756,1.0,508,13,4,core,nextmol_dmt_l_raw
4ddh_4ddh_conf0,0.3173240667247852,1.0,1000,15,3,core,nextmol_dmt_l_raw
4ddk_4ddk_conf0,0.0634599968935546,1.0,1000,12,1,core,nextmol_dmt_l_raw
4eor_4eor_conf0,0.7183379714778685,1.0,999,28,6,core,nextmol_dmt_l_raw
4f09_4f09_conf0,0.1774796474453245,1.0,1000,19,1,core,nextmol_dmt_l_raw
4f2w_4f2w_conf0,0.7136837613330151,1.0,449,20,4,core,nextmol_dmt_l_raw
4f9w_4f9w_conf0,0.1859047907553993,1.0,1000,25,3,core,nextmol_dmt_l_raw
4hge_4hge_conf0,0.1947312892984131,1.0,780,25,3,core,nextmol_dmt_l_raw
4j21_4j21_conf0,0.0794563761445749,1.0,1000,20,1,core,nextmol_dmt_l_raw
4j3l_4j3l_conf0,0.3589340783733044,1.0,1000,26,5,core,nextmol_dmt_l_raw
4jsz_4jsz_conf0,0.1010470622092304,1.0,1000,10,1,core,nextmol_dmt_l_raw
4jxs_4jxs_conf0,0.3448697336834435,1.0,999,22,6,core,nextmol_dmt_l_raw
4k18_4k18_conf0,0.1364693701106712,1.0,974,29,4,core,nextmol_dmt_l_raw
4k77_4k77_conf0,0.0977363407683432,1.0,1000,18,2,core,nextmol_dmt_l_raw
4kzq_4kzq_conf0,0.0882861025567447,1.0,1000,18,1,core,nextmol_dmt_l_raw
4kzu_4kzu_conf0,0.0678730121924165,1.0,1000,18,1,core,nextmol_dmt_l_raw
4llx_4llx_conf0,0.0440981086075882,1.0,1000,9,0,core,nextmol_dmt_l_raw
4lzs_4lzs_conf0,0.1453178356619828,1.0,1000,15,3,core,nextmol_dmt_l_raw
4mgd_4mgd_conf0,0.2089328223814728,1.0,1000,19,2,core,nextmol_dmt_l_raw
4ogj_4ogj_conf0,0.4265701654673014,1.0,999,37,10,core,nextmol_dmt_l_raw
5c28_5c28_conf0,0.0636351321167985,1.0,1000,12,1,core,nextmol_dmt_l_raw
5c2h_5c2h_conf0,2.201124408094078,0.0,1000,31,8,core,nextmol_dmt_l_raw
1bcu_1bcu_conf0,0.0712157621564295,1.0,1000,16,0,core,rdkit_random_raw
1c5z_1c5z_conf0,0.1684517922902153,1.0,1000,9,1,core,rdkit_random_raw
1lpg_1lpg_conf0,0.9563817097902482,0.0,1000,41,10,core,rdkit_random_raw
1mq6_1mq6_conf0,1.0222095295189433,0.0,1000,36,7,core,rdkit_random_raw
1nc3_1nc3_conf0,0.8438497530247542,0.0,1000,19,2,core,rdkit_random_raw
1o3f_1o3f_conf0,0.2204809495749321,1.0,1000,25,3,core,rdkit_random_raw
1o5b_1o5b_conf0,0.2016623670118301,1.0,1000,13,1,core,rdkit_random_raw
1owh_1owh_conf0,0.450478388155105,1.0,1000,24,4,core,rdkit_random_raw
1p1n_1p1n_conf0,0.2330087225931988,1.0,1000,15,4,core,rdkit_random_raw
1pxn_1pxn_conf0,0.1529812697742953,1.0,1000,22,4,core,rdkit_random_raw
1sqa_1sqa_conf0,0.7602919969253246,0.0,1000,31,6,core,rdkit_random_raw
1uto_1uto_conf0,0.1529298749843564,1.0,1000,9,2,core,rdkit_random_raw
1yc1_1yc1_conf0,0.1872132312110739,1.0,1000,27,4,core,rdkit_random_raw
1ydr_1ydr_conf0,0.4647276084715935,1.0,1000,20,2,core,rdkit_random_raw
1ydt_1ydt_conf0,0.8528256956143284,0.0,998,27,8,core,rdkit_random_raw
1z6e_1z6e_conf0,0.5810799111462474,1.0,1000,38,6,core,rdkit_random_raw
1z95_1z95_conf0,0.7966315354430136,0.0,1000,29,5,core,rdkit_random_raw
1z9g_1z9g_conf0,0.4701382888557844,1.0,1000,17,6,core,rdkit_random_raw
2br1_2br1_conf0,0.5035323023544979,1.0,999,29,7,core,rdkit_random_raw
2brb_2brb_conf0,0.3238739048093821,1.0,1000,25,5,core,rdkit_random_raw
2c3i_2c3i_conf0,0.5701115983053979,1.0,1000,23,5,core,rdkit_random_raw
2fvd_2fvd_conf0,1.3166882044385098,0.0,1000,30,6,core,rdkit_random_raw
2hb1_2hb1_conf0,0.1408389324830947,1.0,1000,14,4,core,rdkit_random_raw
2p4y_2p4y_conf0,0.9972032980993948,0.0,1000,40,8,core,rdkit_random_raw
2pog_2pog_conf0,0.3052717087060275,1.0,1000,21,1,core,rdkit_random_raw
2qbp_2qbp_conf0,1.1519778088103465,0.0,1000,37,10,core,rdkit_random_raw
2qbq_2qbq_conf0,0.6891662491594774,1.0,1000,31,7,core,rdkit_random_raw
2qbr_2qbr_conf0,0.8946745215142713,0.0,1000,28,8,core,rdkit_random_raw
2v00_2v00_conf0,0.104260899038528,1.0,1000,16,3,core,rdkit_random_raw
2wn9_2wn9_conf0,0.5107203241223529,1.0,999,22,3,core,rdkit_random_raw
2wtv_2wtv_conf0,0.296373626594135,1.0,1000,34,4,core,rdkit_random_raw
2xdl_2xdl_conf0,0.3096540045066942,1.0,1000,16,4,core,rdkit_random_raw
2xnb_2xnb_conf0,0.13492886034394,1.0,1000,27,4,core,rdkit_random_raw
2yfe_2yfe_conf0,0.6024055899834407,1.0,999,25,7,core,rdkit_random_raw
2ymd_2ymd_conf0,0.1920046629851774,1.0,1000,13,2,core,rdkit_random_raw
2zb1_2zb1_conf0,0.4228250388323001,1.0,1000,26,5,core,rdkit_random_raw
2zcq_2zcq_conf0,0.2426540283646076,1.0,1000,25,8,core,rdkit_random_raw
2zcr_2zcr_conf0,0.9780134132022136,0.0,1000,28,10,core,rdkit_random_raw
2zy1_2zy1_conf0,0.87429463956017,0.0,1000,24,8,core,rdkit_random_raw
3aru_3aru_conf0,0.26201561457946,1.0,1000,20,5,core,rdkit_random_raw
3ary_3ary_conf0,0.1782403600396325,1.0,1000,17,2,core,rdkit_random_raw
3b27_3b27_conf0,0.6842338689599488,1.0,1000,16,2,core,rdkit_random_raw
3b5r_3b5r_conf0,0.4205590610756788,1.0,1000,28,5,core,rdkit_random_raw
3b65_3b65_conf0,0.3921997409830073,1.0,1000,25,5,core,rdkit_random_raw
3bgz_3bgz_conf0,0.2512586217422324,1.0,1000,24,3,core,rdkit_random_raw
3cj4_3cj4_conf0,0.9232326822775736,0.0,1000,25,5,core,rdkit_random_raw
3dd0_3dd0_conf0,0.3385208616626852,1.0,1000,16,3,core,rdkit_random_raw
3e92_3e92_conf0,0.3520442249466634,1.0,1000,26,4,core,rdkit_random_raw
3e93_3e93_conf0,0.7038087412358562,1.0,1000,37,5,core,rdkit_random_raw
3ehy_3ehy_conf0,0.3710062285277666,1.0,1000,17,5,core,rdkit_random_raw
3fcq_3fcq_conf0,0.345966630674021,1.0,1000,14,2,core,rdkit_random_raw
3fur_3fur_conf0,0.530443617881331,1.0,1000,31,5,core,rdkit_random_raw
3g2z_3g2z_conf0,0.2669879266353687,1.0,1000,13,2,core,rdkit_random_raw
3g31_3g31_conf0,0.3035649354646825,1.0,1000,17,2,core,rdkit_random_raw
3gy4_3gy4_conf0,0.0986299497538523,1.0,1000,10,1,core,rdkit_random_raw
3jvs_3jvs_conf0,1.0360317469135778,0.0,1000,30,3,core,rdkit_random_raw
3k5v_3k5v_conf0,0.4990378535639741,1.0,1000,27,5,core,rdkit_random_raw
3kgp_3kgp_conf0,0.2828791090115245,1.0,1000,11,2,core,rdkit_random_raw
3lka_3lka_conf0,0.1915476962807628,1.0,1000,12,2,core,rdkit_random_raw
3nx7_3nx7_conf0,0.5027624593039076,1.0,1000,20,7,core,rdkit_random_raw
3pxf_3pxf_conf0,0.4591380139923289,1.0,1000,21,3,core,rdkit_random_raw
3qqs_3qqs_conf0,0.3565006216324878,1.0,1000,19,4,core,rdkit_random_raw
3rlr_3rlr_conf0,0.200814938310876,1.0,1000,23,2,core,rdkit_random_raw
3rsx_3rsx_conf0,0.0844898301135599,1.0,1000,16,1,core,rdkit_random_raw
3ryj_3ryj_conf0,0.6128933388274072,1.0,1000,18,3,core,rdkit_random_raw
3syr_3syr_conf0,0.1801598715972583,1.0,1000,20,2,core,rdkit_random_raw
3twp_3twp_conf0,0.0602847810143959,1.0,1000,10,1,core,rdkit_random_raw
3u5j_3u5j_conf0,0.2509833346138144,1.0,1000,22,1,core,rdkit_random_raw
3u8n_3u8n_conf0,0.1883589648073869,1.0,1000,17,3,core,rdkit_random_raw
3uo4_3uo4_conf0,0.6958923409451488,1.0,1000,29,6,core,rdkit_random_raw
3up2_3up2_conf0,0.5145262746319014,1.0,1000,28,6,core,rdkit_random_raw
3wtj_3wtj_conf0,0.8079663317290425,0.0,1000,16,2,core,rdkit_random_raw
3zdg_3zdg_conf0,0.2534668309429185,1.0,1000,13,4,core,rdkit_random_raw
4ddh_4ddh_conf0,0.2402337864126792,1.0,1000,15,3,core,rdkit_random_raw
4ddk_4ddk_conf0,0.0536125905185872,1.0,1000,12,1,core,rdkit_random_raw
4eor_4eor_conf0,0.5892751107444998,1.0,1000,28,6,core,rdkit_random_raw
4f09_4f09_conf0,0.1174986388760615,1.0,1000,19,1,core,rdkit_random_raw
4f2w_4f2w_conf0,0.2715825097439219,1.0,1000,20,4,core,rdkit_random_raw
4f9w_4f9w_conf0,0.1525484656406097,1.0,1000,25,3,core,rdkit_random_raw
4hge_4hge_conf0,0.3401366866596688,1.0,1000,25,3,core,rdkit_random_raw
4j21_4j21_conf0,0.1379531070760999,1.0,1000,20,1,core,rdkit_random_raw
4j3l_4j3l_conf0,0.3897603711025874,1.0,1000,26,5,core,rdkit_random_raw
4jsz_4jsz_conf0,0.5053559377481438,1.0,1000,10,1,core,rdkit_random_raw
4jxs_4jxs_conf0,0.7560355001338684,0.0,1000,22,6,core,rdkit_random_raw
4k18_4k18_conf0,0.4389901698128339,1.0,1000,29,4,core,rdkit_random_raw
4k77_4k77_conf0,0.3008209226095009,1.0,1000,18,2,core,rdkit_random_raw
4kzq_4kzq_conf0,0.0784924981975731,1.0,1000,18,1,core,rdkit_random_raw
4kzu_4kzu_conf0,0.0999972500504771,1.0,1000,18,1,core,rdkit_random_raw
4llx_4llx_conf0,0.035363001249189,1.0,1000,9,0,core,rdkit_random_raw
4lzs_4lzs_conf0,0.3336649480723452,1.0,1000,15,3,core,rdkit_random_raw
4mgd_4mgd_conf0,0.3136641122812354,1.0,1000,19,2,core,rdkit_random_raw
4ogj_4ogj_conf0,1.1286550178448116,0.0,1000,37,10,core,rdkit_random_raw
5c28_5c28_conf0,0.0642459577217697,1.0,1000,12,1,core,rdkit_random_raw
5c2h_5c2h_conf0,0.9819953640732068,0.0,1000,31,8,core,rdkit_random_raw
1bcu_1bcu_conf0,0.0664436352442721,1.0,1000,16,0,core,torsion_raw
1c5z_1c5z_conf0,0.0261380618178228,1.0,1000,9,1,core,torsion_raw
1lpg_1lpg_conf0,0.9706682631938814,0.0,865,41,10,core,torsion_raw
1mq6_1mq6_conf0,1.0780365010669115,0.0,855,36,7,core,torsion_raw
1nc3_1nc3_conf0,0.4898155360717913,1.0,1000,19,2,core,torsion_raw
1o3f_1o3f_conf0,0.1817229227900666,1.0,979,25,3,core,torsion_raw
1o5b_1o5b_conf0,0.0720044128837533,1.0,1000,13,1,core,torsion_raw
1owh_1owh_conf0,0.5501817030258629,1.0,981,24,4,core,torsion_raw
1p1n_1p1n_conf0,0.2794598003076076,1.0,707,15,4,core,torsion_raw
1pxn_1pxn_conf0,0.3996531937341228,1.0,1000,22,4,core,torsion_raw
1sqa_1sqa_conf0,0.7636399103880016,0.0,986,31,6,core,torsion_raw
1uto_1uto_conf0,0.0609446885684811,1.0,991,9,2,core,torsion_raw
1yc1_1yc1_conf0,0.402594086038592,1.0,808,27,4,core,torsion_raw
1ydr_1ydr_conf0,0.4224963494981155,1.0,774,20,2,core,torsion_raw
1ydt_1ydt_conf0,1.2125615704244168,0.0,788,27,8,core,torsion_raw
1z6e_1z6e_conf0,1.0068141707395175,0.0,829,38,6,core,torsion_raw
1z95_1z95_conf0,0.8502286252260343,0.0,894,29,5,core,torsion_raw
1z9g_1z9g_conf0,0.589757331096485,1.0,853,17,6,core,torsion_raw
2br1_2br1_conf0,0.5552543754641344,1.0,704,29,7,core,torsion_raw
2brb_2brb_conf0,0.3100352381277049,1.0,686,25,5,core,torsion_raw
2c3i_2c3i_conf0,0.5139992464589156,1.0,987,23,5,core,torsion_raw
2fvd_2fvd_conf0,0.9565083090530304,0.0,934,30,6,core,torsion_raw
2hb1_2hb1_conf0,0.1942279121438819,1.0,945,14,4,core,torsion_raw
2p4y_2p4y_conf0,1.1348536998522791,0.0,678,40,8,core,torsion_raw
2pog_2pog_conf0,0.3330835986980298,1.0,1000,21,1,core,torsion_raw
2qbp_2qbp_conf0,0.6633413426666699,1.0,821,37,10,core,torsion_raw
2qbq_2qbq_conf0,0.6319998555415138,1.0,893,31,7,core,torsion_raw
2qbr_2qbr_conf0,0.8297704217099273,0.0,951,28,8,core,torsion_raw
2v00_2v00_conf0,0.1002056701677781,1.0,981,16,3,core,torsion_raw
2wn9_2wn9_conf0,0.2177652400391704,1.0,545,22,3,core,torsion_raw
2wtv_2wtv_conf0,2.271845554634928,0.0,847,34,4,core,torsion_raw
2xdl_2xdl_conf0,0.3956462682704062,1.0,689,16,4,core,torsion_raw
2xnb_2xnb_conf0,0.4032394113188348,1.0,1000,27,4,core,torsion_raw
2yfe_2yfe_conf0,0.471382766670448,1.0,921,25,7,core,torsion_raw
2ymd_2ymd_conf0,0.098292028709117,1.0,902,13,2,core,torsion_raw
2zb1_2zb1_conf0,0.6101365723974032,1.0,817,26,5,core,torsion_raw
2zcq_2zcq_conf0,0.8103380573964984,0.0,676,25,8,core,torsion_raw
2zcr_2zcr_conf0,0.6712062981741994,1.0,890,28,10,core,torsion_raw
2zy1_2zy1_conf0,0.9794426058673,0.0,741,24,8,core,torsion_raw
3aru_3aru_conf0,0.5599567628907,1.0,980,20,5,core,torsion_raw
3ary_3ary_conf0,0.4336859612602839,1.0,1000,17,2,core,torsion_raw
3b27_3b27_conf0,0.0951084970866549,1.0,1000,16,2,core,torsion_raw
3b5r_3b5r_conf0,0.8321334986151974,0.0,914,28,5,core,torsion_raw
3b65_3b65_conf0,0.7321842322536546,1.0,898,25,5,core,torsion_raw
3bgz_3bgz_conf0,0.1927038502494418,1.0,788,24,3,core,torsion_raw
3cj4_3cj4_conf0,0.790056148800863,0.0,845,25,5,core,torsion_raw
3dd0_3dd0_conf0,0.3916496458569065,1.0,956,16,3,core,torsion_raw
3e92_3e92_conf0,1.0365097251281554,0.0,757,26,4,core,torsion_raw
3e93_3e93_conf0,0.6841941863403769,1.0,761,37,5,core,torsion_raw
3ehy_3ehy_conf0,0.4903527180508524,1.0,831,17,5,core,torsion_raw
3fcq_3fcq_conf0,0.1207263400857972,1.0,789,14,2,core,torsion_raw
3fur_3fur_conf0,0.3517626893843607,1.0,917,31,5,core,torsion_raw
3g2z_3g2z_conf0,0.254589500881915,1.0,1000,13,2,core,torsion_raw
3g31_3g31_conf0,0.0676192111017285,1.0,1000,17,2,core,torsion_raw
3gy4_3gy4_conf0,0.0345415201957312,1.0,1000,10,1,core,torsion_raw
3jvs_3jvs_conf0,0.8310299721608663,0.0,897,30,3,core,torsion_raw
3k5v_3k5v_conf0,0.3774691314754164,1.0,1000,27,5,core,torsion_raw
3kgp_3kgp_conf0,0.1032336046668171,1.0,1000,11,2,core,torsion_raw
3lka_3lka_conf0,0.1085083467437948,1.0,1000,12,2,core,torsion_raw
3nx7_3nx7_conf0,0.5642940577528988,1.0,542,20,7,core,torsion_raw
3pxf_3pxf_conf0,0.1281227899904701,1.0,766,21,3,core,torsion_raw
3qqs_3qqs_conf0,0.2042694347083224,1.0,991,19,4,core,torsion_raw
3rlr_3rlr_conf0,0.1728668851686286,1.0,996,23,2,core,torsion_raw
3rsx_3rsx_conf0,0.389225613741207,1.0,1000,16,1,core,torsion_raw
3ryj_3ryj_conf0,0.2774409100005842,1.0,999,18,3,core,torsion_raw
3syr_3syr_conf0,0.2688171279954624,1.0,948,20,2,core,torsion_raw
3twp_3twp_conf0,0.0684826469586516,1.0,1000,10,1,core,torsion_raw
3u5j_3u5j_conf0,1.6358082879965634,0.0,1000,22,1,core,torsion_raw
3u8n_3u8n_conf0,0.9652700053926808,0.0,957,17,3,core,torsion_raw
3uo4_3uo4_conf0,0.5671597708979275,1.0,869,29,6,core,torsion_raw
3up2_3up2_conf0,0.4883121895407137,1.0,983,28,6,core,torsion_raw
3wtj_3wtj_conf0,0.2817820196309326,1.0,829,16,2,core,torsion_raw
3zdg_3zdg_conf0,0.4684351887959751,1.0,770,13,4,core,torsion_raw
4ddh_4ddh_conf0,0.2181993607579118,1.0,982,15,3,core,torsion_raw
4ddk_4ddk_conf0,0.07246805972709,1.0,1000,12,1,core,torsion_raw
4eor_4eor_conf0,0.5381061086232313,1.0,991,28,6,core,torsion_raw
4f09_4f09_conf0,0.3756971758389315,1.0,510,19,1,core,torsion_raw
4f2w_4f2w_conf0,0.5944609553732416,1.0,935,20,4,core,torsion_raw
4f9w_4f9w_conf0,0.1644146048507088,1.0,852,25,3,core,torsion_raw
4hge_4hge_conf0,0.3017077731185891,1.0,981,25,3,core,torsion_raw
4j21_4j21_conf0,0.2940104445511457,1.0,1000,20,1,core,torsion_raw
4j3l_4j3l_conf0,0.6621826718359515,1.0,971,26,5,core,torsion_raw
4jsz_4jsz_conf0,0.0929364531553462,1.0,1000,10,1,core,torsion_raw
4jxs_4jxs_conf0,0.3128579721471378,1.0,912,22,6,core,torsion_raw
4k18_4k18_conf0,0.6423016449411022,1.0,941,29,4,core,torsion_raw
4k77_4k77_conf0,0.0731907781387693,1.0,980,18,2,core,torsion_raw
4kzq_4kzq_conf0,0.0767840015502708,1.0,1000,18,1,core,torsion_raw
4kzu_4kzu_conf0,0.0911705979307084,1.0,1000,18,1,core,torsion_raw
4llx_4llx_conf0,0.0492149037694406,1.0,1000,9,0,core,torsion_raw
4lzs_4lzs_conf0,0.5303530703037297,1.0,890,15,3,core,torsion_raw
4mgd_4mgd_conf0,0.1150060394140249,1.0,732,19,2,core,torsion_raw
4ogj_4ogj_conf0,0.9918188287653292,0.0,811,37,10,core,torsion_raw
5c28_5c28_conf0,0.0439368292329334,1.0,1000,12,1,core,torsion_raw
5c2h_5c2h_conf0,1.0822946493926004,0.0,880,31,8,core,torsion_raw
1bcu_1bcu_conf0,0.0560874884793196,1.0,1,16,0,core,chembl3d_gt_pb
1c5z_1c5z_conf0,0.0762719142023807,1.0,1,9,1,core,chembl3d_gt_pb
1lpg_1lpg_conf0,1.552367976324618,0.0,193,41,10,core,chembl3d_gt_pb
1mq6_1mq6_conf0,2.033420024144573,0.0,12,36,7,core,chembl3d_gt_pb
1nc3_1nc3_conf0,0.7300768796300652,1.0,196,19,2,core,chembl3d_gt_pb
1o3f_1o3f_conf0,0.3830638990332117,1.0,31,25,3,core,chembl3d_gt_pb
1o5b_1o5b_conf0,0.0727676022836421,1.0,1,13,1,core,chembl3d_gt_pb
1owh_1owh_conf0,0.492936795811774,1.0,12,24,4,core,chembl3d_gt_pb
1p1n_1p1n_conf0,0.5416981558876723,1.0,23,15,4,core,chembl3d_gt_pb
1pxn_1pxn_conf0,0.3796883107617219,1.0,200,22,4,core,chembl3d_gt_pb
1sqa_1sqa_conf0,0.4314429391540759,1.0,200,31,6,core,chembl3d_gt_pb
1uto_1uto_conf0,0.1234413066223419,1.0,7,9,2,core,chembl3d_gt_pb
1yc1_1yc1_conf0,0.2977927580669561,1.0,168,27,4,core,chembl3d_gt_pb
1ydr_1ydr_conf0,0.4400121983931404,1.0,16,20,2,core,chembl3d_gt_pb
1ydt_1ydt_conf0,0.8356597455977347,0.0,140,27,8,core,chembl3d_gt_pb
1z6e_1z6e_conf0,0.7578948177622203,0.0,200,38,6,core,chembl3d_gt_pb
1z95_1z95_conf0,0.5520548892468133,1.0,198,29,5,core,chembl3d_gt_pb
1z9g_1z9g_conf0,0.4669009525750938,1.0,199,17,6,core,chembl3d_gt_pb
2br1_2br1_conf0,0.7063505913621065,1.0,200,29,7,core,chembl3d_gt_pb
2brb_2brb_conf0,0.3109392246275234,1.0,200,25,5,core,chembl3d_gt_pb
2c3i_2c3i_conf0,0.7567529701225132,0.0,200,23,5,core,chembl3d_gt_pb
2fvd_2fvd_conf0,0.3377994274791545,1.0,200,30,6,core,chembl3d_gt_pb
2hb1_2hb1_conf0,0.2620714782663008,1.0,38,14,4,core,chembl3d_gt_pb
2p4y_2p4y_conf0,1.6067924472346995,0.0,174,40,8,core,chembl3d_gt_pb
2pog_2pog_conf0,0.4034619507209207,1.0,10,21,1,core,chembl3d_gt_pb
2qbp_2qbp_conf0,0.768257348966016,0.0,200,37,10,core,chembl3d_gt_pb
2qbq_2qbq_conf0,0.3433008880112947,1.0,200,31,7,core,chembl3d_gt_pb
2qbr_2qbr_conf0,1.1169626011489795,0.0,200,28,8,core,chembl3d_gt_pb
2v00_2v00_conf0,0.5239267200062603,1.0,30,16,3,core,chembl3d_gt_pb
2wn9_2wn9_conf0,0.3746580071374948,1.0,71,22,3,core,chembl3d_gt_pb
2wtv_2wtv_conf0,0.6769646423896447,1.0,110,34,4,core,chembl3d_gt_pb
2xdl_2xdl_conf0,0.2987426870081766,1.0,58,16,4,core,chembl3d_gt_pb
2xnb_2xnb_conf0,0.3607992086372161,1.0,79,27,4,core,chembl3d_gt_pb
2yfe_2yfe_conf0,0.7404357250609132,1.0,155,25,7,core,chembl3d_gt_pb
2ymd_2ymd_conf0,0.1308366159713919,1.0,30,13,2,core,chembl3d_gt_pb
2zb1_2zb1_conf0,0.3518807762904908,1.0,200,26,5,core,chembl3d_gt_pb
2zcq_2zcq_conf0,2.227376149259632,0.0,67,25,8,core,chembl3d_gt_pb
2zcr_2zcr_conf0,0.9840629128251616,0.0,60,28,10,core,chembl3d_gt_pb
2zy1_2zy1_conf0,1.334513463187972,0.0,94,24,8,core,chembl3d_gt_pb
3aru_3aru_conf0,0.3208749502528139,1.0,124,20,5,core,chembl3d_gt_pb
3ary_3ary_conf0,0.925034183600134,0.0,3,17,2,core,chembl3d_gt_pb
3b27_3b27_conf0,0.7265373167602888,1.0,9,16,2,core,chembl3d_gt_pb
3b5r_3b5r_conf0,0.5419830272809034,1.0,200,28,5,core,chembl3d_gt_pb
3b65_3b65_conf0,0.4831698060384986,1.0,200,25,5,core,chembl3d_gt_pb
3bgz_3bgz_conf0,0.1750052148990774,1.0,10,24,3,core,chembl3d_gt_pb
3cj4_3cj4_conf0,0.6892425195932594,1.0,199,25,5,core,chembl3d_gt_pb
3dd0_3dd0_conf0,0.1129918920012213,1.0,51,16,3,core,chembl3d_gt_pb
3e92_3e92_conf0,0.3050505278467723,1.0,134,26,4,core,chembl3d_gt_pb
3e93_3e93_conf0,0.4977570266390245,1.0,200,37,5,core,chembl3d_gt_pb
3ehy_3ehy_conf0,0.4678381369976015,1.0,25,17,5,core,chembl3d_gt_pb
3fcq_3fcq_conf0,1.0362239509622118,0.0,2,14,2,core,chembl3d_gt_pb
3fur_3fur_conf0,0.8531668020110448,0.0,86,31,5,core,chembl3d_gt_pb
3g2z_3g2z_conf0,0.1674486088227958,1.0,6,13,2,core,chembl3d_gt_pb
3g31_3g31_conf0,0.0859175295997032,1.0,2,17,2,core,chembl3d_gt_pb
3gy4_3gy4_conf0,0.1332841237824809,1.0,1,10,1,core,chembl3d_gt_pb
3jvs_3jvs_conf0,1.237296058589515,0.0,40,30,3,core,chembl3d_gt_pb
3k5v_3k5v_conf0,0.4991397791385065,1.0,200,27,5,core,chembl3d_gt_pb
3kgp_3kgp_conf0,0.3070227700623602,1.0,1,11,2,core,chembl3d_gt_pb
3lka_3lka_conf0,0.2001199910128341,1.0,4,12,2,core,chembl3d_gt_pb
3nx7_3nx7_conf0,0.8735998548466309,0.0,111,20,7,core,chembl3d_gt_pb
3pxf_3pxf_conf0,0.4082936810924392,1.0,7,21,3,core,chembl3d_gt_pb
3qqs_3qqs_conf0,0.4536973549151157,1.0,7,19,4,core,chembl3d_gt_pb
3rlr_3rlr_conf0,0.1938525995329428,1.0,9,23,2,core,chembl3d_gt_pb
3rsx_3rsx_conf0,0.1592945770904845,1.0,4,16,1,core,chembl3d_gt_pb
3ryj_3ryj_conf0,0.3922644075514499,1.0,81,18,3,core,chembl3d_gt_pb
3syr_3syr_conf0,0.4453346512103984,1.0,122,20,2,core,chembl3d_gt_pb
3twp_3twp_conf0,0.0764438748742548,1.0,1,10,1,core,chembl3d_gt_pb
3u5j_3u5j_conf0,0.228582891224856,1.0,2,22,1,core,chembl3d_gt_pb
3u8n_3u8n_conf0,0.1922359473550382,1.0,197,17,3,core,chembl3d_gt_pb
3uo4_3uo4_conf0,0.4959585309916267,1.0,26,29,6,core,chembl3d_gt_pb
3up2_3up2_conf0,0.5885469848437642,1.0,43,28,6,core,chembl3d_gt_pb
3wtj_3wtj_conf0,0.4444503187268323,1.0,52,16,2,core,chembl3d_gt_pb
3zdg_3zdg_conf0,0.3771852516671138,1.0,199,13,4,core,chembl3d_gt_pb
4ddh_4ddh_conf0,0.6632791544098959,1.0,2,15,3,core,chembl3d_gt_pb
4ddk_4ddk_conf0,0.0639377159212755,1.0,1,12,1,core,chembl3d_gt_pb
4eor_4eor_conf0,0.2660056702077308,1.0,200,28,6,core,chembl3d_gt_pb
4f09_4f09_conf0,0.1435174889207757,1.0,2,19,1,core,chembl3d_gt_pb
4f2w_4f2w_conf0,0.8627598870450417,0.0,200,20,4,core,chembl3d_gt_pb
4f9w_4f9w_conf0,0.9418792288463744,0.0,4,25,3,core,chembl3d_gt_pb
4hge_4hge_conf0,0.3544549904906045,1.0,36,25,3,core,chembl3d_gt_pb
4j21_4j21_conf0,0.0954062451319392,1.0,3,20,1,core,chembl3d_gt_pb
4j3l_4j3l_conf0,0.4209450566462457,1.0,114,26,5,core,chembl3d_gt_pb
4jsz_4jsz_conf0,0.3495491035198001,1.0,2,10,1,core,chembl3d_gt_pb
4jxs_4jxs_conf0,0.3400067604615137,1.0,32,22,6,core,chembl3d_gt_pb
4k18_4k18_conf0,0.3583345934439012,1.0,109,29,4,core,chembl3d_gt_pb
4k77_4k77_conf0,0.5307776062379889,1.0,5,18,2,core,chembl3d_gt_pb
4kzq_4kzq_conf0,0.0927094342874151,1.0,6,18,1,core,chembl3d_gt_pb
4kzu_4kzu_conf0,0.1026510134562173,1.0,3,18,1,core,chembl3d_gt_pb
4llx_4llx_conf0,0.0412356446983446,1.0,1,9,0,core,chembl3d_gt_pb
4lzs_4lzs_conf0,0.7339041162684289,1.0,12,15,3,core,chembl3d_gt_pb
4mgd_4mgd_conf0,0.2306073340036878,1.0,24,19,2,core,chembl3d_gt_pb
4ogj_4ogj_conf0,0.887215316172344,0.0,54,37,10,core,chembl3d_gt_pb
5c28_5c28_conf0,0.0687311595880626,1.0,2,12,1,core,chembl3d_gt_pb
5c2h_5c2h_conf0,1.902666212188871,0.0,85,31,8,core,chembl3d_gt_pb
1ado_1ado_conf0,0.3818586713891079,1.0,1000,10,4,ref,qwen_1p7b_fsq_bigdata_step47023
1ai4_1ai4_conf0,0.1328292883239246,1.0,1000,12,2,ref,qwen_1p7b_fsq_bigdata_step47023
1ai5_1ai5_conf0,0.2147647665242244,1.0,1000,13,3,ref,qwen_1p7b_fsq_bigdata_step47023
1azm_1azm_conf0,0.2875868031828438,1.0,975,13,2,ref,qwen_1p7b_fsq_bigdata_step47023
1bjv_1bjv_conf0,0.4726148329796316,1.0,983,26,5,ref,qwen_1p7b_fsq_bigdata_step47023
1bm7_1bm7_conf0,0.1675970006696326,1.0,997,20,3,ref,qwen_1p7b_fsq_bigdata_step47023
1bnn_1bnn_conf0,0.237923950488969,1.0,1000,23,3,ref,qwen_1p7b_fsq_bigdata_step47023
1bty_1bty_conf0,0.0442904231260654,1.0,1000,9,1,ref,qwen_1p7b_fsq_bigdata_step47023
1bzj_1bzj_conf0,0.0995510364435047,1.0,1000,20,3,ref,qwen_1p7b_fsq_bigdata_step47023
1c1v_1c1v_conf0,0.3267278327078222,1.0,1000,25,4,ref,qwen_1p7b_fsq_bigdata_step47023
1c5n_1c5n_conf0,0.1069429410979316,1.0,1000,13,1,ref,qwen_1p7b_fsq_bigdata_step47023
1c5o_1c5o_conf0,0.0517158194685119,1.0,1000,9,1,ref,qwen_1p7b_fsq_bigdata_step47023
1c5p_1c5p_conf0,0.0513234368281117,1.0,1000,9,1,ref,qwen_1p7b_fsq_bigdata_step47023
1c5q_1c5q_conf0,0.1153497597333027,1.0,1000,13,1,ref,qwen_1p7b_fsq_bigdata_step47023
1c5x_1c5x_conf0,0.067281782245773,1.0,1000,13,1,ref,qwen_1p7b_fsq_bigdata_step47023
1c83_1c83_conf0,0.113326997550035,1.0,996,18,2,ref,qwen_1p7b_fsq_bigdata_step47023
1c84_1c84_conf0,0.145163609397105,1.0,996,19,2,ref,qwen_1p7b_fsq_bigdata_step47023
1c86_1c86_conf0,0.1664303902302192,1.0,993,18,2,ref,qwen_1p7b_fsq_bigdata_step47023
1c87_1c87_conf0,0.179712616915615,1.0,993,18,2,ref,qwen_1p7b_fsq_bigdata_step47023
1c88_1c88_conf0,0.16015286715364,1.0,993,18,2,ref,qwen_1p7b_fsq_bigdata_step47023
1cbx_1cbx_conf0,0.1717590947691656,1.0,962,15,5,ref,qwen_1p7b_fsq_bigdata_step47023
1ceb_1ceb_conf0,0.2672568270378365,1.0,968,11,2,ref,qwen_1p7b_fsq_bigdata_step47023
1ciz_1ciz_conf0,0.9362550474280402,0.0,863,36,8,ref,qwen_1p7b_fsq_bigdata_step47023
1cnw_1cnw_conf0,0.9263094374926752,0.0,977,26,12,ref,qwen_1p7b_fsq_bigdata_step47023
1d3d_1d3d_conf0,0.9538002328081976,0.0,975,38,9,ref,qwen_1p7b_fsq_bigdata_step47023
1d4p_1d4p_conf0,0.359602759262174,1.0,1000,27,4,ref,qwen_1p7b_fsq_bigdata_step47023
1drj_1drj_conf0,0.0387394304884085,1.0,969,10,0,ref,qwen_1p7b_fsq_bigdata_step47023
1drk_1drk_conf0,0.036984196317243,1.0,969,10,0,ref,qwen_1p7b_fsq_bigdata_step47023
1dzk_1dzk_conf0,0.2687927221814699,1.0,998,12,3,ref,qwen_1p7b_fsq_bigdata_step47023
1e1v_1e1v_conf0,0.1907042678916056,1.0,1000,18,3,ref,qwen_1p7b_fsq_bigdata_step47023
1e1x_1e1x_conf0,0.3025365172815816,1.0,998,18,4,ref,qwen_1p7b_fsq_bigdata_step47023
1e4h_1e4h_conf0,0.0254607116849153,1.0,1000,12,0,ref,qwen_1p7b_fsq_bigdata_step47023
1ecv_1ecv_conf0,0.1330001062948429,1.0,996,16,2,ref,qwen_1p7b_fsq_bigdata_step47023
1efy_1efy_conf0,0.1491329535414346,1.0,998,20,3,ref,qwen_1p7b_fsq_bigdata_step47023
1enu_1enu_conf0,0.0297399022171095,1.0,1000,13,0,ref,qwen_1p7b_fsq_bigdata_step47023
1eoc_1eoc_conf0,0.0243795428398159,1.0,1000,11,1,ref,qwen_1p7b_fsq_bigdata_step47023
1f57_1f57_conf0,0.0504998605734916,1.0,999,7,2,ref,qwen_1p7b_fsq_bigdata_step47023
1f5k_1f5k_conf0,0.029589458098058,1.0,1000,9,1,ref,qwen_1p7b_fsq_bigdata_step47023
1f5l_1f5l_conf0,0.061885153185207,1.0,719,15,1,ref,qwen_1p7b_fsq_bigdata_step47023
1fcx_1fcx_conf0,0.1839278499035018,1.0,997,29,3,ref,qwen_1p7b_fsq_bigdata_step47023
1fcy_1fcy_conf0,0.158833284745139,1.0,999,29,3,ref,qwen_1p7b_fsq_bigdata_step47023
1fcz_1fcz_conf0,0.1711296793620109,1.0,979,27,4,ref,qwen_1p7b_fsq_bigdata_step47023
1fkh_1fkh_conf0,1.2006411154642211,0.0,684,33,9,ref,qwen_1p7b_fsq_bigdata_step47023
1flr_1flr_conf0,0.1791952113777077,1.0,993,25,2,ref,qwen_1p7b_fsq_bigdata_step47023
1fv0_1fv0_conf0,0.3155277641647442,1.0,993,26,3,ref,qwen_1p7b_fsq_bigdata_step47023
1g4o_1g4o_conf0,0.3548126086329692,1.0,999,20,4,ref,qwen_1p7b_fsq_bigdata_step47023
1g98_1g98_conf0,0.5263323296526481,1.0,887,15,6,ref,qwen_1p7b_fsq_bigdata_step47023
1gfy_1gfy_conf0,0.1538005131691689,1.0,990,18,2,ref,qwen_1p7b_fsq_bigdata_step47023
1ghw_1ghw_conf0,0.1464043649621421,1.0,1000,19,2,ref,qwen_1p7b_fsq_bigdata_step47023
1gi1_1gi1_conf0,0.1320722649212959,1.0,1000,19,2,ref,qwen_1p7b_fsq_bigdata_step47023
1gj6_1gj6_conf0,0.1426250608879977,1.0,994,26,3,ref,qwen_1p7b_fsq_bigdata_step47023
1gx8_1gx8_conf0,0.3102092917806456,1.0,982,21,5,ref,qwen_1p7b_fsq_bigdata_step47023
1gyx_1gyx_conf0,0.0369115244348801,1.0,1000,9,1,ref,qwen_1p7b_fsq_bigdata_step47023
1h1s_1h1s_conf0,0.4156460052404726,1.0,997,28,6,ref,qwen_1p7b_fsq_bigdata_step47023
1h2k_1h2k_conf0,0.1132087814199817,1.0,990,10,2,ref,qwen_1p7b_fsq_bigdata_step47023
1h4w_1h4w_conf0,0.0499725983881447,1.0,1000,9,1,ref,qwen_1p7b_fsq_bigdata_step47023
1i2s_1i2s_conf0,0.2270483838570381,1.0,993,13,5,ref,qwen_1p7b_fsq_bigdata_step47023
1igb_1igb_conf0,0.1880365068562242,1.0,996,14,3,ref,qwen_1p7b_fsq_bigdata_step47023
1iih_1iih_conf0,0.3077768997418583,1.0,933,11,4,ref,qwen_1p7b_fsq_bigdata_step47023
1j14_1j14_conf0,0.0250996484704592,1.0,1000,9,1,ref,qwen_1p7b_fsq_bigdata_step47023
1j16_1j16_conf0,0.0297846388016914,1.0,1000,9,1,ref,qwen_1p7b_fsq_bigdata_step47023
1j17_1j17_conf0,0.5731876301239532,1.0,998,34,4,ref,qwen_1p7b_fsq_bigdata_step47023
1jsv_1jsv_conf0,0.159742929767244,1.0,1000,18,3,ref,qwen_1p7b_fsq_bigdata_step47023
1kv1_1kv1_conf0,0.2978719096590461,1.0,816,21,2,ref,qwen_1p7b_fsq_bigdata_step47023
1lgw_1lgw_conf0,0.033209771762557,1.0,1000,8,0,ref,qwen_1p7b_fsq_bigdata_step47023
1lpk_1lpk_conf0,0.8855697019162602,0.0,950,32,7,ref,qwen_1p7b_fsq_bigdata_step47023
1lpz_1lpz_conf0,0.3951459890226529,1.0,957,32,6,ref,qwen_1p7b_fsq_bigdata_step47023
1lrh_1lrh_conf0,0.0539036970443922,1.0,999,14,2,ref,qwen_1p7b_fsq_bigdata_step47023
1m2p_1m2p_conf0,0.0711707983718601,1.0,923,21,1,ref,qwen_1p7b_fsq_bigdata_step47023
1m2q_1m2q_conf0,0.0802302666326842,1.0,1000,20,1,ref,qwen_1p7b_fsq_bigdata_step47023
1m2r_1m2r_conf0,0.0515846716837121,1.0,1000,20,0,ref,qwen_1p7b_fsq_bigdata_step47023
1mu6_1mu6_conf0,0.9222509392842324,0.0,978,31,8,ref,qwen_1p7b_fsq_bigdata_step47023
1mu8_1mu8_conf0,0.9191975401168596,0.0,950,32,8,ref,qwen_1p7b_fsq_bigdata_step47023
1n0s_1n0s_conf0,0.1012966997261672,1.0,993,25,2,ref,qwen_1p7b_fsq_bigdata_step47023
1n46_1n46_conf0,0.2693401177659286,1.0,998,27,4,ref,qwen_1p7b_fsq_bigdata_step47023
1n4h_1n4h_conf0,0.4400929716710462,1.0,988,22,5,ref,qwen_1p7b_fsq_bigdata_step47023
1n5r_1n5r_conf0,0.4766076083475099,1.0,935,31,7,ref,qwen_1p7b_fsq_bigdata_step47023
1ndw_1ndw_conf0,0.6344960737639567,1.0,826,19,6,ref,qwen_1p7b_fsq_bigdata_step47023
1ndy_1ndy_conf0,0.6082402861455384,1.0,912,23,6,ref,qwen_1p7b_fsq_bigdata_step47023
1nfu_1nfu_conf0,0.4140450412465148,1.0,993,30,5,ref,qwen_1p7b_fsq_bigdata_step47023
1nfx_1nfx_conf0,0.5150012846552093,1.0,922,33,6,ref,qwen_1p7b_fsq_bigdata_step47023
1nl9_1nl9_conf0,1.2838764929983806,0.0,656,39,11,ref,qwen_1p7b_fsq_bigdata_step47023
1no6_1no6_conf0,0.2810132851631898,1.0,842,25,3,ref,qwen_1p7b_fsq_bigdata_step47023
1nq7_1nq7_conf0,0.4256793173987012,1.0,994,25,4,ref,qwen_1p7b_fsq_bigdata_step47023
1o2h_1o2h_conf0,0.2728455536994081,1.0,1000,25,4,ref,qwen_1p7b_fsq_bigdata_step47023
1o2j_1o2j_conf0,0.3068978530608676,1.0,1000,24,5,ref,qwen_1p7b_fsq_bigdata_step47023
1o2o_1o2o_conf0,0.3261019834428006,1.0,998,25,5,ref,qwen_1p7b_fsq_bigdata_step47023
1o35_1o35_conf0,0.1289978413048942,1.0,1000,20,2,ref,qwen_1p7b_fsq_bigdata_step47023
1o3d_1o3d_conf0,0.1567077557010086,1.0,1000,25,3,ref,qwen_1p7b_fsq_bigdata_step47023
1o3i_1o3i_conf0,0.0877618904397578,1.0,999,21,2,ref,qwen_1p7b_fsq_bigdata_step47023
1o3j_1o3j_conf0,0.1523576195244669,1.0,999,21,2,ref,qwen_1p7b_fsq_bigdata_step47023
1o5e_1o5e_conf0,0.195493007559777,1.0,994,26,3,ref,qwen_1p7b_fsq_bigdata_step47023
1oba_1oba_conf0,0.0994339021584243,1.0,1000,7,2,ref,qwen_1p7b_fsq_bigdata_step47023
1ogd_1ogd_conf0,0.0367167835769688,1.0,969,10,0,ref,qwen_1p7b_fsq_bigdata_step47023
1ols_1ols_conf0,0.7484484847059019,1.0,904,26,8,ref,qwen_1p7b_fsq_bigdata_step47023
1olu_1olu_conf0,0.7268926405506705,1.0,904,26,8,ref,qwen_1p7b_fsq_bigdata_step47023
1olx_1olx_conf0,0.7643620321474383,0.0,904,26,8,ref,qwen_1p7b_fsq_bigdata_step47023
1om1_1om1_conf0,0.3030137209001829,1.0,998,22,2,ref,qwen_1p7b_fsq_bigdata_step47023
1onz_1onz_conf0,0.3575719008898995,1.0,839,26,3,ref,qwen_1p7b_fsq_bigdata_step47023
1oss_1oss_conf0,0.0341959899720103,1.0,1000,9,1,ref,qwen_1p7b_fsq_bigdata_step47023
1owe_1owe_conf0,0.1635815757762255,1.0,997,22,3,ref,qwen_1p7b_fsq_bigdata_step47023
1oxr_1oxr_conf0,0.1226577529454672,1.0,917,13,2,ref,qwen_1p7b_fsq_bigdata_step47023
1p57_1p57_conf0,0.1518819081037226,1.0,1000,19,2,ref,qwen_1p7b_fsq_bigdata_step47023
1pb8_1pb8_conf0,0.0477311215322145,1.0,1000,7,2,ref,qwen_1p7b_fsq_bigdata_step47023
1pbq_1pbq_conf0,0.0584909778030202,1.0,1000,16,1,ref,qwen_1p7b_fsq_bigdata_step47023
1ppc_1ppc_conf0,0.6550035907885184,1.0,844,37,9,ref,qwen_1p7b_fsq_bigdata_step47023
1pxo_1pxo_conf0,0.4536593596209731,1.0,1000,23,4,ref,qwen_1p7b_fsq_bigdata_step47023
1pxp_1pxp_conf0,0.2461680035227914,1.0,1000,23,4,ref,qwen_1p7b_fsq_bigdata_step47023
1q5k_1q5k_conf0,0.3698834188791535,1.0,966,21,5,ref,qwen_1p7b_fsq_bigdata_step47023
1q7a_1q7a_conf0,0.4240812482810133,1.0,969,24,5,ref,qwen_1p7b_fsq_bigdata_step47023
1qb6_1qb6_conf0,0.3608066241836722,1.0,949,29,6,ref,qwen_1p7b_fsq_bigdata_step47023
1ql7_1ql7_conf0,0.4469035254286263,1.0,998,34,4,ref,qwen_1p7b_fsq_bigdata_step47023
1ql9_1ql9_conf0,0.5485450175846837,1.0,998,34,4,ref,qwen_1p7b_fsq_bigdata_step47023
1qy1_1qy1_conf0,0.0796824256200129,1.0,998,12,3,ref,qwen_1p7b_fsq_bigdata_step47023
1qy2_1qy2_conf0,0.086183243106611,1.0,1000,11,2,ref,qwen_1p7b_fsq_bigdata_step47023
1r9l_1r9l_conf0,0.0572890835621842,1.0,1000,8,2,ref,qwen_1p7b_fsq_bigdata_step47023
1rbp_1rbp_conf0,0.3556742446289015,1.0,982,21,5,ref,qwen_1p7b_fsq_bigdata_step47023
1rd4_1rd4_conf0,0.8189889825335838,0.0,944,34,7,ref,qwen_1p7b_fsq_bigdata_step47023
1rmz_1rmz_conf0,0.4241589507566927,1.0,993,21,7,ref,qwen_1p7b_fsq_bigdata_step47023
1ro6_1ro6_conf0,0.257347801440876,1.0,995,20,4,ref,qwen_1p7b_fsq_bigdata_step47023
1rtf_1rtf_conf0,0.0259638994972599,1.0,1000,9,1,ref,qwen_1p7b_fsq_bigdata_step47023
1s39_1s39_conf0,0.04271611643579,1.0,1000,12,0,ref,qwen_1p7b_fsq_bigdata_step47023
1sqo_1sqo_conf0,0.1160713767600183,1.0,1000,20,3,ref,qwen_1p7b_fsq_bigdata_step47023
1sv3_1sv3_conf0,0.0359169198538692,1.0,1000,11,2,ref,qwen_1p7b_fsq_bigdata_step47023
1sw2_1sw2_conf0,0.0745679646798078,1.0,1000,8,2,ref,qwen_1p7b_fsq_bigdata_step47023
1t4v_1t4v_conf0,0.7871690865914864,0.0,951,27,10,ref,qwen_1p7b_fsq_bigdata_step47023
1td7_1td7_conf0,0.2562338628051548,1.0,989,20,3,ref,qwen_1p7b_fsq_bigdata_step47023
1tkb_1tkb_conf0,0.4396200152115738,1.0,909,26,8,ref,qwen_1p7b_fsq_bigdata_step47023
1tlp_1tlp_conf0,1.534237519388823,0.0,603,37,11,ref,qwen_1p7b_fsq_bigdata_step47023
1tng_1tng_conf0,0.0344950865514871,1.0,1000,8,1,ref,qwen_1p7b_fsq_bigdata_step47023
1tnh_1tnh_conf0,0.0340736606410312,1.0,1000,9,1,ref,qwen_1p7b_fsq_bigdata_step47023
1tni_1tni_conf0,0.3797334833779282,1.0,1000,11,4,ref,qwen_1p7b_fsq_bigdata_step47023
1ttm_1ttm_conf0,0.2959827487938759,1.0,999,21,2,ref,qwen_1p7b_fsq_bigdata_step47023
1u1w_1u1w_conf0,0.0405055416207813,1.0,1000,11,1,ref,qwen_1p7b_fsq_bigdata_step47023
1u71_1u71_conf0,0.2142895109963364,1.0,957,24,4,ref,qwen_1p7b_fsq_bigdata_step47023
1usn_1usn_conf0,0.2399088622489577,1.0,820,27,5,ref,qwen_1p7b_fsq_bigdata_step47023
1utj_1utj_conf0,0.0197749542752364,1.0,1000,8,1,ref,qwen_1p7b_fsq_bigdata_step47023
1utm_1utm_conf0,0.0301582124969992,1.0,1000,9,2,ref,qwen_1p7b_fsq_bigdata_step47023
1utn_1utn_conf0,0.0591423906860346,1.0,1000,8,1,ref,qwen_1p7b_fsq_bigdata_step47023
1uv6_1uv6_conf0,0.2203122094582834,1.0,981,10,3,ref,qwen_1p7b_fsq_bigdata_step47023
1uvt_1uvt_conf0,0.5853003319424618,1.0,980,27,8,ref,qwen_1p7b_fsq_bigdata_step47023
1v11_1v11_conf0,0.7253347709729598,1.0,904,26,8,ref,qwen_1p7b_fsq_bigdata_step47023
1v16_1v16_conf0,0.7239455344652316,1.0,904,26,8,ref,qwen_1p7b_fsq_bigdata_step47023
1v1m_1v1m_conf0,0.7298934290985456,1.0,904,26,8,ref,qwen_1p7b_fsq_bigdata_step47023
1v2j_1v2j_conf0,0.055334540139147,1.0,1000,9,1,ref,qwen_1p7b_fsq_bigdata_step47023
1v2k_1v2k_conf0,0.5136903562460823,1.0,998,34,4,ref,qwen_1p7b_fsq_bigdata_step47023
1v2l_1v2l_conf0,0.053338540370009,1.0,1000,9,1,ref,qwen_1p7b_fsq_bigdata_step47023
1v2s_1v2s_conf0,0.0530528302900603,1.0,1000,9,1,ref,qwen_1p7b_fsq_bigdata_step47023
1v2u_1v2u_conf0,0.0540132518805704,1.0,1000,9,1,ref,qwen_1p7b_fsq_bigdata_step47023
1wht_1wht_conf0,0.2933058294234,1.0,962,15,5,ref,qwen_1p7b_fsq_bigdata_step47023
1xbo_1xbo_conf0,0.5268379196297944,1.0,983,31,8,ref,qwen_1p7b_fsq_bigdata_step47023
1xk9_1xk9_conf0,0.7261040244654309,1.0,999,22,3,ref,qwen_1p7b_fsq_bigdata_step47023
1xpz_1xpz_conf0,0.4337867998118047,1.0,1000,26,6,ref,qwen_1p7b_fsq_bigdata_step47023
1xq0_1xq0_conf0,0.5727633352680735,1.0,989,27,6,ref,qwen_1p7b_fsq_bigdata_step47023
1xug_1xug_conf0,0.206893709235956,1.0,1000,25,4,ref,qwen_1p7b_fsq_bigdata_step47023
1y1z_1y1z_conf0,0.0599433424130101,1.0,1000,8,1,ref,qwen_1p7b_fsq_bigdata_step47023
1y20_1y20_conf0,0.0410263769762442,1.0,1000,7,1,ref,qwen_1p7b_fsq_bigdata_step47023
1y6q_1y6q_conf0,0.7224190462984008,1.0,992,20,4,ref,qwen_1p7b_fsq_bigdata_step47023
1yda_1yda_conf0,0.1885174017345207,1.0,975,13,2,ref,qwen_1p7b_fsq_bigdata_step47023
1ydb_1ydb_conf0,0.1655052618590425,1.0,975,13,2,ref,qwen_1p7b_fsq_bigdata_step47023
1ydd_1ydd_conf0,0.1343286534199624,1.0,975,13,2,ref,qwen_1p7b_fsq_bigdata_step47023
1yds_1yds_conf0,0.3430540268464225,1.0,999,18,5,ref,qwen_1p7b_fsq_bigdata_step47023
1z9y_1z9y_conf0,0.2745423817236932,1.0,992,21,5,ref,qwen_1p7b_fsq_bigdata_step47023
1zc9_1zc9_conf0,0.1505998252849795,1.0,991,16,4,ref,qwen_1p7b_fsq_bigdata_step47023
1zdp_1zdp_conf0,0.4305522388732641,1.0,920,17,6,ref,qwen_1p7b_fsq_bigdata_step47023
1zfq_1zfq_conf0,0.0808768756529326,1.0,1000,14,1,ref,qwen_1p7b_fsq_bigdata_step47023
1zge_1zge_conf0,0.08437089707179,1.0,1000,13,1,ref,qwen_1p7b_fsq_bigdata_step47023
1zoe_1zoe_conf0,0.0614490314575753,1.0,1000,16,1,ref,qwen_1p7b_fsq_bigdata_step47023
1zog_1zog_conf0,0.0618779920630438,1.0,1000,15,1,ref,qwen_1p7b_fsq_bigdata_step47023
2afw_2afw_conf0,0.3730732700239245,1.0,999,11,3,ref,qwen_1p7b_fsq_bigdata_step47023
2afx_2afx_conf0,0.1200798223985223,1.0,1000,12,2,ref,qwen_1p7b_fsq_bigdata_step47023
2aj8_2aj8_conf0,0.2980721686452592,1.0,965,26,3,ref,qwen_1p7b_fsq_bigdata_step47023
2ans_2ans_conf0,0.1308833026634512,1.0,975,21,3,ref,qwen_1p7b_fsq_bigdata_step47023
2ax9_2ax9_conf0,0.1901168403967569,1.0,983,21,4,ref,qwen_1p7b_fsq_bigdata_step47023
2ayr_2ayr_conf0,0.8317827295818059,0.0,971,37,8,ref,qwen_1p7b_fsq_bigdata_step47023
2b4l_2b4l_conf0,0.0501360792825384,1.0,1000,8,2,ref,qwen_1p7b_fsq_bigdata_step47023
2b9a_2b9a_conf0,0.1383039537109202,1.0,1000,17,2,ref,qwen_1p7b_fsq_bigdata_step47023
2baj_2baj_conf0,0.2348997290166486,1.0,845,27,3,ref,qwen_1p7b_fsq_bigdata_step47023
2bak_2bak_conf0,0.708545656263241,1.0,951,43,10,ref,qwen_1p7b_fsq_bigdata_step47023
2bo4_2bo4_conf0,0.3489570944302285,1.0,993,13,5,ref,qwen_1p7b_fsq_bigdata_step47023
2brm_2brm_conf0,0.2568147267517355,1.0,999,25,5,ref,qwen_1p7b_fsq_bigdata_step47023
2buv_2buv_conf0,0.0489114078743432,1.0,1000,11,1,ref,qwen_1p7b_fsq_bigdata_step47023
2bza_2bza_conf0,0.0528144721499209,1.0,1000,8,1,ref,qwen_1p7b_fsq_bigdata_step47023
2c1p_2c1p_conf0,0.2231535987569022,1.0,908,24,5,ref,qwen_1p7b_fsq_bigdata_step47023
2c97_2c97_conf0,0.519375837493077,1.0,975,18,6,ref,qwen_1p7b_fsq_bigdata_step47023
2cc7_2cc7_conf0,0.0363539687009644,1.0,1000,18,0,ref,qwen_1p7b_fsq_bigdata_step47023
2cgr_2cgr_conf0,0.6531165541625757,1.0,674,29,6,ref,qwen_1p7b_fsq_bigdata_step47023
2csn_2csn_conf0,0.6309117944670074,1.0,1000,18,4,ref,qwen_1p7b_fsq_bigdata_step47023
2dri_2dri_conf0,0.0315272459551546,1.0,969,10,0,ref,qwen_1p7b_fsq_bigdata_step47023
2dw7_2dw7_conf0,0.2229394324332094,1.0,987,10,3,ref,qwen_1p7b_fsq_bigdata_step47023
2e2r_2e2r_conf0,0.0560840677615068,1.0,1000,17,2,ref,qwen_1p7b_fsq_bigdata_step47023
2exm_2exm_conf0,0.3036620091221442,1.0,1000,15,3,ref,qwen_1p7b_fsq_bigdata_step47023
2ez7_2ez7_conf0,0.0597692123000668,1.0,1000,11,3,ref,qwen_1p7b_fsq_bigdata_step47023
2f7i_2f7i_conf0,0.0716466883635464,1.0,1000,17,2,ref,qwen_1p7b_fsq_bigdata_step47023
2fpz_2fpz_conf0,0.025513140159417,1.0,1000,10,0,ref,qwen_1p7b_fsq_bigdata_step47023
2fw6_2fw6_conf0,0.2325595259681663,1.0,993,13,5,ref,qwen_1p7b_fsq_bigdata_step47023
2fx6_2fx6_conf0,0.0736573815339966,1.0,1000,10,0,ref,qwen_1p7b_fsq_bigdata_step47023
2g5u_2g5u_conf0,0.1028122931334079,1.0,1000,18,1,ref,qwen_1p7b_fsq_bigdata_step47023
2gkl_2gkl_conf0,0.0385220421051119,1.0,1000,12,2,ref,qwen_1p7b_fsq_bigdata_step47023
2glp_2glp_conf0,0.7811879529067356,0.0,981,21,3,ref,qwen_1p7b_fsq_bigdata_step47023
2gvj_2gvj_conf0,1.0682388372109843,0.0,993,29,8,ref,qwen_1p7b_fsq_bigdata_step47023
2h4g_2h4g_conf0,0.1592018406850975,1.0,979,21,5,ref,qwen_1p7b_fsq_bigdata_step47023
2h4k_2h4k_conf0,0.209627557726414,1.0,971,20,5,ref,qwen_1p7b_fsq_bigdata_step47023
2h4n_2h4n_conf0,0.1528574754214782,1.0,975,13,2,ref,qwen_1p7b_fsq_bigdata_step47023
2h6b_2h6b_conf0,0.1043395278298102,1.0,1000,12,2,ref,qwen_1p7b_fsq_bigdata_step47023
2ha3_2ha3_conf0,0.0499338556235204,1.0,1000,7,2,ref,qwen_1p7b_fsq_bigdata_step47023
2hjb_2hjb_conf0,0.1028069209948099,1.0,1000,10,2,ref,qwen_1p7b_fsq_bigdata_step47023
2hoc_2hoc_conf0,0.3983526356998503,1.0,998,22,4,ref,qwen_1p7b_fsq_bigdata_step47023
2hxm_2hxm_conf0,0.5979626083097906,1.0,976,25,8,ref,qwen_1p7b_fsq_bigdata_step47023
2i19_2i19_conf0,0.1957409378980336,1.0,989,17,5,ref,qwen_1p7b_fsq_bigdata_step47023
2i6b_2i6b_conf0,0.6328826615226798,1.0,1000,30,3,ref,qwen_1p7b_fsq_bigdata_step47023
2i80_2i80_conf0,0.2837292974830555,1.0,1000,18,3,ref,qwen_1p7b_fsq_bigdata_step47023
2iko_2iko_conf0,0.4720486171293442,1.0,1000,26,5,ref,qwen_1p7b_fsq_bigdata_step47023
2iuz_2iuz_conf0,0.2528854341657327,1.0,884,28,3,ref,qwen_1p7b_fsq_bigdata_step47023
2jew_2jew_conf0,0.6331694525106606,1.0,834,17,8,ref,qwen_1p7b_fsq_bigdata_step47023
2jfz_2jfz_conf0,0.4175297177217368,1.0,945,33,5,ref,qwen_1p7b_fsq_bigdata_step47023
2nn1_2nn1_conf0,0.210561390883,1.0,999,15,4,ref,qwen_1p7b_fsq_bigdata_step47023
2nnd_2nnd_conf0,0.1367733954619729,1.0,998,12,3,ref,qwen_1p7b_fsq_bigdata_step47023
2nta_2nta_conf0,0.1792093195043837,1.0,939,20,2,ref,qwen_1p7b_fsq_bigdata_step47023
2o0u_2o0u_conf0,0.5727195919791565,1.0,989,34,5,ref,qwen_1p7b_fsq_bigdata_step47023
2ojj_2ojj_conf0,0.736959646629163,1.0,950,31,6,ref,qwen_1p7b_fsq_bigdata_step47023
2ot1_2ot1_conf0,0.2588004931551939,1.0,916,25,4,ref,qwen_1p7b_fsq_bigdata_step47023
2p16_2p16_conf0,0.4215564600724701,1.0,1000,34,5,ref,qwen_1p7b_fsq_bigdata_step47023
2p7a_2p7a_conf0,0.0278839411505008,1.0,1000,9,0,ref,qwen_1p7b_fsq_bigdata_step47023
2p7g_2p7g_conf0,0.0919911388488431,1.0,1000,17,2,ref,qwen_1p7b_fsq_bigdata_step47023
2p7z_2p7z_conf0,0.4209618457160555,1.0,984,29,8,ref,qwen_1p7b_fsq_bigdata_step47023
2pou_2pou_conf0,0.1066198576748058,1.0,999,16,2,ref,qwen_1p7b_fsq_bigdata_step47023
2pov_2pov_conf0,0.1233203609761933,1.0,994,16,2,ref,qwen_1p7b_fsq_bigdata_step47023
2pow_2pow_conf0,0.1897165572113186,1.0,982,19,2,ref,qwen_1p7b_fsq_bigdata_step47023
2pql_2pql_conf0,0.0828161319414316,1.0,1000,12,2,ref,qwen_1p7b_fsq_bigdata_step47023
2pu2_2pu2_conf0,0.2042620440514377,1.0,922,26,5,ref,qwen_1p7b_fsq_bigdata_step47023
2pvh_2pvh_conf0,0.2071847688534589,1.0,1000,23,4,ref,qwen_1p7b_fsq_bigdata_step47023
2pvj_2pvj_conf0,0.2966629805695403,1.0,999,26,5,ref,qwen_1p7b_fsq_bigdata_step47023
2pvk_2pvk_conf0,0.4325779071003047,1.0,997,27,5,ref,qwen_1p7b_fsq_bigdata_step47023
2pvl_2pvl_conf0,0.2971206281660416,1.0,1000,26,4,ref,qwen_1p7b_fsq_bigdata_step47023
2pvm_2pvm_conf0,0.6102438669908145,1.0,984,26,6,ref,qwen_1p7b_fsq_bigdata_step47023
2q1q_2q1q_conf0,0.3692497989521133,1.0,1000,18,2,ref,qwen_1p7b_fsq_bigdata_step47023
2q7q_2q7q_conf0,0.0594055572598266,1.0,1000,9,1,ref,qwen_1p7b_fsq_bigdata_step47023
2qbs_2qbs_conf0,0.3801851897900086,1.0,976,27,7,ref,qwen_1p7b_fsq_bigdata_step47023
2qdt_2qdt_conf0,0.2865595079976772,1.0,994,11,4,ref,qwen_1p7b_fsq_bigdata_step47023
2qg2_2qg2_conf0,0.1444400414606378,1.0,978,24,2,ref,qwen_1p7b_fsq_bigdata_step47023
2qm9_2qm9_conf0,0.5894768172664454,1.0,816,31,5,ref,qwen_1p7b_fsq_bigdata_step47023
2qpq_2qpq_conf0,0.2043603775473436,1.0,993,13,5,ref,qwen_1p7b_fsq_bigdata_step47023
2qrl_2qrl_conf0,0.0882897795494957,1.0,990,10,2,ref,qwen_1p7b_fsq_bigdata_step47023
2qtt_2qtt_conf0,0.2818219876942615,1.0,935,19,2,ref,qwen_1p7b_fsq_bigdata_step47023
2r2m_2r2m_conf0,0.9711548913797112,0.0,933,30,10,ref,qwen_1p7b_fsq_bigdata_step47023
2ra0_2ra0_conf0,0.4840892115507416,1.0,997,39,6,ref,qwen_1p7b_fsq_bigdata_step47023
2ra6_2ra6_conf0,0.0207867363543816,1.0,1000,9,1,ref,qwen_1p7b_fsq_bigdata_step47023
2rcb_2rcb_conf0,0.0500672829009732,1.0,1000,7,2,ref,qwen_1p7b_fsq_bigdata_step47023
2reg_2reg_conf0,0.0602604714883997,1.0,1000,7,2,ref,qwen_1p7b_fsq_bigdata_step47023
2rfh_2rfh_conf0,0.4150266283951402,1.0,974,15,5,ref,qwen_1p7b_fsq_bigdata_step47023
2rin_2rin_conf0,0.4746377870599712,1.0,997,10,3,ref,qwen_1p7b_fsq_bigdata_step47023
2rkd_2rkd_conf0,0.0875951695461141,1.0,1000,9,3,ref,qwen_1p7b_fsq_bigdata_step47023
2uwd_2uwd_conf0,0.1160715774121766,1.0,995,27,5,ref,qwen_1p7b_fsq_bigdata_step47023
2uxi_2uxi_conf0,0.2629277612330561,1.0,986,20,4,ref,qwen_1p7b_fsq_bigdata_step47023
2uy5_2uy5_conf0,0.1058214692961427,1.0,1000,16,3,ref,qwen_1p7b_fsq_bigdata_step47023
2uyn_2uyn_conf0,0.0842569221752925,1.0,1000,7,2,ref,qwen_1p7b_fsq_bigdata_step47023
2uyq_2uyq_conf0,0.0723622208014524,1.0,963,17,1,ref,qwen_1p7b_fsq_bigdata_step47023
2v57_2v57_conf0,0.0366010950264841,1.0,1000,16,0,ref,qwen_1p7b_fsq_bigdata_step47023
2v58_2v58_conf0,0.0524368525342276,1.0,997,20,1,ref,qwen_1p7b_fsq_bigdata_step47023
2v59_2v59_conf0,0.0826974272866018,1.0,955,22,3,ref,qwen_1p7b_fsq_bigdata_step47023
2vba_2vba_conf0,0.0763187578977058,1.0,1000,16,3,ref,qwen_1p7b_fsq_bigdata_step47023
2vnp_2vnp_conf0,0.3605461274162562,1.0,975,14,6,ref,qwen_1p7b_fsq_bigdata_step47023
2vuk_2vuk_conf0,0.0825503144203625,1.0,999,18,3,ref,qwen_1p7b_fsq_bigdata_step47023
2vvv_2vvv_conf0,0.6829548423782721,1.0,781,32,6,ref,qwen_1p7b_fsq_bigdata_step47023
2w9h_2w9h_conf0,0.2120546273887954,1.0,1000,21,5,ref,qwen_1p7b_fsq_bigdata_step47023
2weh_2weh_conf0,0.0799825447729559,1.0,1000,11,1,ref,qwen_1p7b_fsq_bigdata_step47023
2wej_2wej_conf0,0.0640801669775522,1.0,1000,10,1,ref,qwen_1p7b_fsq_bigdata_step47023
2wnj_2wnj_conf0,0.3325112249740676,1.0,991,23,4,ref,qwen_1p7b_fsq_bigdata_step47023
2wor_2wor_conf0,0.1349064634078902,1.0,975,21,3,ref,qwen_1p7b_fsq_bigdata_step47023
2wos_2wos_conf0,0.1236027109766207,1.0,1000,21,3,ref,qwen_1p7b_fsq_bigdata_step47023
2xdk_2xdk_conf0,0.0296283747382884,1.0,999,13,1,ref,qwen_1p7b_fsq_bigdata_step47023
2xdx_2xdx_conf0,0.1533743264533472,1.0,1000,16,2,ref,qwen_1p7b_fsq_bigdata_step47023
2xht_2xht_conf0,0.1319228300316676,1.0,998,19,1,ref,qwen_1p7b_fsq_bigdata_step47023
2xj2_2xj2_conf0,0.4221801570648326,1.0,999,25,4,ref,qwen_1p7b_fsq_bigdata_step47023
2xjg_2xjg_conf0,0.1967862178789123,1.0,997,23,3,ref,qwen_1p7b_fsq_bigdata_step47023
2xjj_2xjj_conf0,0.1097539691947537,1.0,985,23,1,ref,qwen_1p7b_fsq_bigdata_step47023
2xn3_2xn3_conf0,0.2288503772751144,1.0,982,18,3,ref,qwen_1p7b_fsq_bigdata_step47023
2xn5_2xn5_conf0,0.3656415492169582,1.0,992,21,5,ref,qwen_1p7b_fsq_bigdata_step47023
2xp7_2xp7_conf0,0.159502868394649,1.0,1000,17,3,ref,qwen_1p7b_fsq_bigdata_step47023
2y8c_2y8c_conf0,1.1469063564244084,0.0,849,38,12,ref,qwen_1p7b_fsq_bigdata_step47023
2yi0_2yi0_conf0,0.1235571601883455,1.0,945,22,3,ref,qwen_1p7b_fsq_bigdata_step47023
2yi7_2yi7_conf0,0.1710973550831409,1.0,951,23,4,ref,qwen_1p7b_fsq_bigdata_step47023
2yix_2yix_conf0,0.5879110426671764,1.0,979,26,6,ref,qwen_1p7b_fsq_bigdata_step47023
2yz3_2yz3_conf0,0.5749767424593948,1.0,962,15,6,ref,qwen_1p7b_fsq_bigdata_step47023
2z1w_2z1w_conf0,0.0479780219736566,1.0,1000,15,3,ref,qwen_1p7b_fsq_bigdata_step47023
2za0_2za0_conf0,0.4042540056714125,1.0,993,22,3,ref,qwen_1p7b_fsq_bigdata_step47023
2za5_2za5_conf0,0.3840894683659246,1.0,989,31,2,ref,qwen_1p7b_fsq_bigdata_step47023
2zcs_2zcs_conf0,0.4116514231648986,1.0,951,24,7,ref,qwen_1p7b_fsq_bigdata_step47023
3acx_3acx_conf0,0.6425504215388328,1.0,956,23,9,ref,qwen_1p7b_fsq_bigdata_step47023
3ai8_3ai8_conf0,0.1775355192170133,1.0,1000,14,1,ref,qwen_1p7b_fsq_bigdata_step47023
3ao2_3ao2_conf0,0.1924908679705111,1.0,1000,17,1,ref,qwen_1p7b_fsq_bigdata_step47023
3aqt_3aqt_conf0,0.0260268105823488,1.0,1000,8,0,ref,qwen_1p7b_fsq_bigdata_step47023
3arx_3arx_conf0,0.5591135952508663,1.0,979,22,7,ref,qwen_1p7b_fsq_bigdata_step47023
3b24_3b24_conf0,0.0753332614140792,1.0,1000,11,2,ref,qwen_1p7b_fsq_bigdata_step47023
3b25_3b25_conf0,0.086146790996755,1.0,1000,18,2,ref,qwen_1p7b_fsq_bigdata_step47023
3b26_3b26_conf0,0.0741538707954136,1.0,1000,21,1,ref,qwen_1p7b_fsq_bigdata_step47023
3b66_3b66_conf0,0.4856494857044443,1.0,966,29,6,ref,qwen_1p7b_fsq_bigdata_step47023
3b7j_3b7j_conf0,0.0641314666417651,1.0,1000,13,0,ref,qwen_1p7b_fsq_bigdata_step47023
3b92_3b92_conf0,0.3824587617932749,1.0,987,18,6,ref,qwen_1p7b_fsq_bigdata_step47023
3bgc_3bgc_conf0,1.4052702868237934,0.0,819,41,14,ref,qwen_1p7b_fsq_bigdata_step47023
3bgq_3bgq_conf0,0.3991421426133062,1.0,986,26,3,ref,qwen_1p7b_fsq_bigdata_step47023
3bl0_3bl0_conf0,0.1965199535713583,1.0,1000,13,3,ref,qwen_1p7b_fsq_bigdata_step47023
3bl1_3bl1_conf0,1.0371644013523873,0.0,897,24,3,ref,qwen_1p7b_fsq_bigdata_step47023
3bqc_3bqc_conf0,0.0609179950151583,1.0,1000,20,0,ref,qwen_1p7b_fsq_bigdata_step47023
3bra_3bra_conf0,0.0263479503303286,1.0,1000,10,2,ref,qwen_1p7b_fsq_bigdata_step47023
3brn_3brn_conf0,0.0929292682537822,1.0,1000,13,2,ref,qwen_1p7b_fsq_bigdata_step47023
3buf_3buf_conf0,0.0309039834836958,1.0,990,11,2,ref,qwen_1p7b_fsq_bigdata_step47023
3bug_3bug_conf0,0.2047484181424137,1.0,1000,12,3,ref,qwen_1p7b_fsq_bigdata_step47023
3buh_3buh_conf0,0.2258693665672419,1.0,1000,16,3,ref,qwen_1p7b_fsq_bigdata_step47023
3bxe_3bxe_conf0,0.0875642833833112,1.0,1000,10,4,ref,qwen_1p7b_fsq_bigdata_step47023
3c2o_3c2o_conf0,0.0514439010098889,1.0,998,12,2,ref,qwen_1p7b_fsq_bigdata_step47023
3c2r_3c2r_conf0,0.0434695463123769,1.0,1000,12,2,ref,qwen_1p7b_fsq_bigdata_step47023
3c39_3c39_conf0,0.1006773154342869,1.0,933,11,4,ref,qwen_1p7b_fsq_bigdata_step47023
3c4h_3c4h_conf0,0.0366080179599579,1.0,1000,12,0,ref,qwen_1p7b_fsq_bigdata_step47023
3c79_3c79_conf0,0.2437359989771549,1.0,986,17,4,ref,qwen_1p7b_fsq_bigdata_step47023
3c84_3c84_conf0,0.1637035974665298,1.0,1000,16,2,ref,qwen_1p7b_fsq_bigdata_step47023
3cf8_3cf8_conf0,0.1802866999447541,1.0,1000,22,1,ref,qwen_1p7b_fsq_bigdata_step47023
3cfn_3cfn_conf0,0.1834977798984024,1.0,975,21,3,ref,qwen_1p7b_fsq_bigdata_step47023
3cj5_3cj5_conf0,0.7559328532723377,0.0,820,30,5,ref,qwen_1p7b_fsq_bigdata_step47023
3cs7_3cs7_conf0,0.4398552345222564,1.0,1000,37,6,ref,qwen_1p7b_fsq_bigdata_step47023
3cz1_3cz1_conf0,0.4383451529793533,1.0,996,14,5,ref,qwen_1p7b_fsq_bigdata_step47023
3czv_3czv_conf0,0.1145428514863501,1.0,975,13,2,ref,qwen_1p7b_fsq_bigdata_step47023
3d0b_3d0b_conf0,0.3380226560513891,1.0,985,28,6,ref,qwen_1p7b_fsq_bigdata_step47023
3d78_3d78_conf0,0.3302817168350117,1.0,996,14,5,ref,qwen_1p7b_fsq_bigdata_step47023
3d83_3d83_conf0,0.5521225281221516,1.0,991,35,7,ref,qwen_1p7b_fsq_bigdata_step47023
3d8w_3d8w_conf0,0.2017461742560431,1.0,1000,19,4,ref,qwen_1p7b_fsq_bigdata_step47023
3d9z_3d9z_conf0,0.1751905039985425,1.0,1000,16,2,ref,qwen_1p7b_fsq_bigdata_step47023
3dbu_3dbu_conf0,0.2362439776420938,1.0,1000,19,4,ref,qwen_1p7b_fsq_bigdata_step47023
3dc3_3dc3_conf0,0.1555001895861152,1.0,975,13,2,ref,qwen_1p7b_fsq_bigdata_step47023
3dcc_3dcc_conf0,0.1578257623738853,1.0,1000,16,2,ref,qwen_1p7b_fsq_bigdata_step47023
3dd8_3dd8_conf0,0.305653985209423,1.0,996,24,4,ref,qwen_1p7b_fsq_bigdata_step47023
3dnd_3dnd_conf0,0.1422703533595224,1.0,1000,13,2,ref,qwen_1p7b_fsq_bigdata_step47023
3e5u_3e5u_conf0,0.074270281612089,1.0,1000,12,2,ref,qwen_1p7b_fsq_bigdata_step47023
3ebo_3ebo_conf0,0.0727721754525995,1.0,1000,19,1,ref,qwen_1p7b_fsq_bigdata_step47023
3ed0_3ed0_conf0,0.0811906317477829,1.0,1000,20,0,ref,qwen_1p7b_fsq_bigdata_step47023
3eko_3eko_conf0,0.0430044083356696,1.0,998,16,1,ref,qwen_1p7b_fsq_bigdata_step47023
3ekr_3ekr_conf0,0.6256699768689673,1.0,998,22,2,ref,qwen_1p7b_fsq_bigdata_step47023
3eqr_3eqr_conf0,0.4155535584072386,1.0,987,38,9,ref,qwen_1p7b_fsq_bigdata_step47023
3exh_3exh_conf0,0.7405322703467048,1.0,904,26,8,ref,qwen_1p7b_fsq_bigdata_step47023
3f18_3f18_conf0,0.3526492128071767,1.0,950,19,6,ref,qwen_1p7b_fsq_bigdata_step47023
3f19_3f19_conf0,0.1625558747739093,1.0,985,16,4,ref,qwen_1p7b_fsq_bigdata_step47023
3f1a_3f1a_conf0,0.1873281616726729,1.0,989,15,4,ref,qwen_1p7b_fsq_bigdata_step47023
3f33_3f33_conf0,0.0767691502535783,1.0,1000,13,2,ref,qwen_1p7b_fsq_bigdata_step47023
3f37_3f37_conf0,0.0289713683522053,1.0,1000,9,0,ref,qwen_1p7b_fsq_bigdata_step47023
3f78_3f78_conf0,0.1171712874923043,1.0,992,10,2,ref,qwen_1p7b_fsq_bigdata_step47023
3ffp_3ffp_conf0,0.102734704569289,1.0,1000,18,2,ref,qwen_1p7b_fsq_bigdata_step47023
3fhb_3fhb_conf0,0.0486100893920714,1.0,1000,10,1,ref,qwen_1p7b_fsq_bigdata_step47023
3fj7_3fj7_conf0,0.2000052510254258,1.0,992,10,3,ref,qwen_1p7b_fsq_bigdata_step47023
3fjg_3fjg_conf0,0.1690907795865822,1.0,933,11,4,ref,qwen_1p7b_fsq_bigdata_step47023
3fl5_3fl5_conf0,0.0313007803959715,1.0,1000,20,0,ref,qwen_1p7b_fsq_bigdata_step47023
3fql_3fql_conf0,0.5034477971074233,1.0,833,31,7,ref,qwen_1p7b_fsq_bigdata_step47023
3g0i_3g0i_conf0,0.3391119696354578,1.0,994,10,5,ref,qwen_1p7b_fsq_bigdata_step47023
3g2y_3g2y_conf0,0.2310010527187233,1.0,1000,14,2,ref,qwen_1p7b_fsq_bigdata_step47023
3gcu_3gcu_conf0,0.1823870745535658,1.0,959,38,5,ref,qwen_1p7b_fsq_bigdata_step47023
3gy2_3gy2_conf0,0.2218716031568408,1.0,1000,21,5,ref,qwen_1p7b_fsq_bigdata_step47023
3gy3_3gy3_conf0,0.4389196503073349,1.0,993,25,10,ref,qwen_1p7b_fsq_bigdata_step47023
3gy7_3gy7_conf0,0.041258404892434,1.0,1000,9,1,ref,qwen_1p7b_fsq_bigdata_step47023
3h1x_3h1x_conf0,0.6311200670234579,1.0,999,25,4,ref,qwen_1p7b_fsq_bigdata_step47023
3h30_3h30_conf0,0.1327647726060843,1.0,988,20,2,ref,qwen_1p7b_fsq_bigdata_step47023
3h78_3h78_conf0,0.0259432991493087,1.0,1000,10,1,ref,qwen_1p7b_fsq_bigdata_step47023
3hig_3hig_conf0,0.2130757576233398,1.0,1000,21,5,ref,qwen_1p7b_fsq_bigdata_step47023
3hll_3hll_conf0,0.5211345269553631,1.0,980,30,5,ref,qwen_1p7b_fsq_bigdata_step47023
3hp9_3hp9_conf0,0.2777819653417209,1.0,961,23,4,ref,qwen_1p7b_fsq_bigdata_step47023
3hs4_3hs4_conf0,0.1360297277368967,1.0,975,13,2,ref,qwen_1p7b_fsq_bigdata_step47023
3hww_3hww_conf0,0.315197485257353,1.0,997,10,4,ref,qwen_1p7b_fsq_bigdata_step47023
3i51_3i51_conf0,0.0484466662606226,1.0,1000,10,0,ref,qwen_1p7b_fsq_bigdata_step47023
3ibi_3ibi_conf0,0.6658436529121424,1.0,993,13,8,ref,qwen_1p7b_fsq_bigdata_step47023
3ibl_3ibl_conf0,0.7802032199303136,0.0,966,18,11,ref,qwen_1p7b_fsq_bigdata_step47023
3ibu_3ibu_conf0,0.7231665810148643,1.0,990,15,10,ref,qwen_1p7b_fsq_bigdata_step47023
3igp_3igp_conf0,0.3143238789614102,1.0,1000,18,3,ref,qwen_1p7b_fsq_bigdata_step47023
3ime_3ime_conf0,0.0858269807780138,1.0,1000,12,1,ref,qwen_1p7b_fsq_bigdata_step47023
3iof_3iof_conf0,0.4043966218709813,1.0,950,18,6,ref,qwen_1p7b_fsq_bigdata_step47023
3iog_3iog_conf0,0.1065744052740542,1.0,969,14,2,ref,qwen_1p7b_fsq_bigdata_step47023
3ip8_3ip8_conf0,0.0993191560313319,1.0,1000,11,2,ref,qwen_1p7b_fsq_bigdata_step47023
3iub_3iub_conf0,0.6773075194715202,1.0,968,24,4,ref,qwen_1p7b_fsq_bigdata_step47023
3iue_3iue_conf0,0.3921707715982655,1.0,938,28,6,ref,qwen_1p7b_fsq_bigdata_step47023
3ivx_3ivx_conf0,0.7392083515916906,1.0,945,30,6,ref,qwen_1p7b_fsq_bigdata_step47023
3iw5_3iw5_conf0,1.6085216347384472,0.0,879,39,8,ref,qwen_1p7b_fsq_bigdata_step47023
3k8q_3k8q_conf0,0.3078688523640971,1.0,993,17,5,ref,qwen_1p7b_fsq_bigdata_step47023
3k97_3k97_conf0,0.2675816272363415,1.0,928,23,2,ref,qwen_1p7b_fsq_bigdata_step47023
3kgq_3kgq_conf0,0.2216499176805534,1.0,993,13,5,ref,qwen_1p7b_fsq_bigdata_step47023
3kgt_3kgt_conf0,0.0807248721097921,1.0,1000,20,1,ref,qwen_1p7b_fsq_bigdata_step47023
3kgu_3kgu_conf0,0.0894661537751369,1.0,1000,20,1,ref,qwen_1p7b_fsq_bigdata_step47023
3kku_3kku_conf0,0.76234654499806,0.0,979,23,6,ref,qwen_1p7b_fsq_bigdata_step47023
3kmx_3kmx_conf0,0.2750100674034839,1.0,1000,17,6,ref,qwen_1p7b_fsq_bigdata_step47023
3kmy_3kmy_conf0,0.2694601977851468,1.0,999,16,3,ref,qwen_1p7b_fsq_bigdata_step47023
3l0v_3l0v_conf0,0.1556899256948299,1.0,924,21,3,ref,qwen_1p7b_fsq_bigdata_step47023
3l3l_3l3l_conf0,0.1538921455625416,1.0,996,19,2,ref,qwen_1p7b_fsq_bigdata_step47023
3l59_3l59_conf0,0.0882227084069852,1.0,1000,17,2,ref,qwen_1p7b_fsq_bigdata_step47023
3lgs_3lgs_conf0,0.157003743575739,1.0,963,17,1,ref,qwen_1p7b_fsq_bigdata_step47023
3lk8_3lk8_conf0,0.2922701452164555,1.0,966,17,5,ref,qwen_1p7b_fsq_bigdata_step47023
3m35_3m35_conf0,0.8645944798645046,0.0,955,37,6,ref,qwen_1p7b_fsq_bigdata_step47023
3m36_3m36_conf0,0.8594217206555427,0.0,955,37,6,ref,qwen_1p7b_fsq_bigdata_step47023
3m37_3m37_conf0,0.5770622836979449,1.0,961,37,6,ref,qwen_1p7b_fsq_bigdata_step47023
3m3x_3m3x_conf0,0.4969304779240351,1.0,980,24,7,ref,qwen_1p7b_fsq_bigdata_step47023
3m40_3m40_conf0,0.321642140886873,1.0,973,21,4,ref,qwen_1p7b_fsq_bigdata_step47023
3m5e_3m5e_conf0,0.5299324120835317,1.0,999,23,6,ref,qwen_1p7b_fsq_bigdata_step47023
3m67_3m67_conf0,0.967425385496114,0.0,990,28,5,ref,qwen_1p7b_fsq_bigdata_step47023
3m96_3m96_conf0,0.7284678304227875,1.0,998,25,5,ref,qwen_1p7b_fsq_bigdata_step47023
3mam_3mam_conf0,0.0650473318495294,1.0,1000,8,2,ref,qwen_1p7b_fsq_bigdata_step47023
3mdz_3mdz_conf0,0.2352711750324718,1.0,1000,16,3,ref,qwen_1p7b_fsq_bigdata_step47023
3mhl_3mhl_conf0,0.5298370698423648,1.0,976,23,6,ref,qwen_1p7b_fsq_bigdata_step47023
3mhm_3mhm_conf0,0.5576596103898689,1.0,968,29,8,ref,qwen_1p7b_fsq_bigdata_step47023
3mho_3mho_conf0,0.3625203161037305,1.0,994,22,5,ref,qwen_1p7b_fsq_bigdata_step47023
3mhw_3mhw_conf0,0.0871192595774404,1.0,1000,10,0,ref,qwen_1p7b_fsq_bigdata_step47023
3miy_3miy_conf0,0.5203940511625967,1.0,868,29,7,ref,qwen_1p7b_fsq_bigdata_step47023
3ml2_3ml2_conf0,0.5912788199583497,1.0,989,27,5,ref,qwen_1p7b_fsq_bigdata_step47023
3ml5_3ml5_conf0,0.1125561053272007,1.0,975,13,2,ref,qwen_1p7b_fsq_bigdata_step47023
3mmf_3mmf_conf0,0.1913314755706339,1.0,998,22,6,ref,qwen_1p7b_fsq_bigdata_step47023
3mna_3mna_conf0,0.5017300649539564,1.0,1000,24,6,ref,qwen_1p7b_fsq_bigdata_step47023
3ms9_3ms9_conf0,0.0635208855820603,1.0,1000,12,1,ref,qwen_1p7b_fsq_bigdata_step47023
3myq_3myq_conf0,0.438533596374959,1.0,975,28,5,ref,qwen_1p7b_fsq_bigdata_step47023
3mzc_3mzc_conf0,0.4098418202487778,1.0,880,19,3,ref,qwen_1p7b_fsq_bigdata_step47023
3n0n_3n0n_conf0,0.3104686294792403,1.0,935,25,3,ref,qwen_1p7b_fsq_bigdata_step47023
3n2p_3n2p_conf0,0.2704488630347746,1.0,809,23,4,ref,qwen_1p7b_fsq_bigdata_step47023
3n2v_3n2v_conf0,0.5342716721757202,1.0,946,24,7,ref,qwen_1p7b_fsq_bigdata_step47023
3n3j_3n3j_conf0,0.4354582568787375,1.0,950,23,4,ref,qwen_1p7b_fsq_bigdata_step47023
3n4b_3n4b_conf0,0.3537392391736839,1.0,726,21,3,ref,qwen_1p7b_fsq_bigdata_step47023
3n9r_3n9r_conf0,0.5038643818716195,1.0,992,15,7,ref,qwen_1p7b_fsq_bigdata_step47023
3nb5_3nb5_conf0,0.8513273145083776,0.0,991,24,6,ref,qwen_1p7b_fsq_bigdata_step47023
3nee_3nee_conf0,0.4329939238647917,1.0,999,24,6,ref,qwen_1p7b_fsq_bigdata_step47023
3nes_3nes_conf0,0.3864746728963355,1.0,999,24,6,ref,qwen_1p7b_fsq_bigdata_step47023
3ni5_3ni5_conf0,0.970942958551994,0.0,977,30,11,ref,qwen_1p7b_fsq_bigdata_step47023
3npc_3npc_conf0,0.4837206751108615,1.0,982,39,7,ref,qwen_1p7b_fsq_bigdata_step47023
3o5x_3o5x_conf0,1.0719938923898384,0.0,939,42,8,ref,qwen_1p7b_fsq_bigdata_step47023
3o84_3o84_conf0,0.2920803726769563,1.0,999,25,4,ref,qwen_1p7b_fsq_bigdata_step47023
3o8p_3o8p_conf0,0.3321363299303611,1.0,816,21,2,ref,qwen_1p7b_fsq_bigdata_step47023
3oaf_3oaf_conf0,0.3116368096239553,1.0,997,22,3,ref,qwen_1p7b_fsq_bigdata_step47023
3ocp_3ocp_conf0,0.1326246364419993,1.0,991,22,1,ref,qwen_1p7b_fsq_bigdata_step47023
3ovn_3ovn_conf0,0.0622211905474923,1.0,1000,12,1,ref,qwen_1p7b_fsq_bigdata_step47023
3oy0_3oy0_conf0,0.4128204825370269,1.0,986,21,5,ref,qwen_1p7b_fsq_bigdata_step47023
3p3r_3p3r_conf0,0.3295554098502539,1.0,994,20,3,ref,qwen_1p7b_fsq_bigdata_step47023
3p3t_3p3t_conf0,0.3471808479326864,1.0,992,18,5,ref,qwen_1p7b_fsq_bigdata_step47023
3p58_3p58_conf0,0.1690415692700617,1.0,1000,12,2,ref,qwen_1p7b_fsq_bigdata_step47023
3p5l_3p5l_conf0,0.1733279112947347,1.0,998,17,1,ref,qwen_1p7b_fsq_bigdata_step47023
3pb7_3pb7_conf0,1.250493291582853,0.0,987,22,7,ref,qwen_1p7b_fsq_bigdata_step47023
3pb8_3pb8_conf0,0.1977435124175278,1.0,999,11,3,ref,qwen_1p7b_fsq_bigdata_step47023
3pb9_3pb9_conf0,0.0848544300403754,1.0,1000,12,2,ref,qwen_1p7b_fsq_bigdata_step47023
3pce_3pce_conf0,0.0692776892149988,1.0,1000,11,2,ref,qwen_1p7b_fsq_bigdata_step47023
3pcg_3pcg_conf0,0.0722408359599046,1.0,1000,11,2,ref,qwen_1p7b_fsq_bigdata_step47023
3pcn_3pcn_conf0,0.0922540137089099,1.0,1000,12,2,ref,qwen_1p7b_fsq_bigdata_step47023
3pe1_3pe1_conf0,0.1346149445715553,1.0,1000,25,3,ref,qwen_1p7b_fsq_bigdata_step47023
3po6_3po6_conf0,0.212464933985982,1.0,988,19,3,ref,qwen_1p7b_fsq_bigdata_step47023
3ppm_3ppm_conf0,0.5781473551154697,1.0,984,25,9,ref,qwen_1p7b_fsq_bigdata_step47023
3ppp_3ppp_conf0,0.0549406404625786,1.0,1000,8,2,ref,qwen_1p7b_fsq_bigdata_step47023
3ppq_3ppq_conf0,0.1026436544982836,1.0,1000,7,2,ref,qwen_1p7b_fsq_bigdata_step47023
3pwd_3pwd_conf0,0.0556915809120259,1.0,1000,20,1,ref,qwen_1p7b_fsq_bigdata_step47023
3q2j_3q2j_conf0,0.6289264027191812,1.0,1000,18,4,ref,qwen_1p7b_fsq_bigdata_step47023
3q6w_3q6w_conf0,1.1646355743525645,0.0,923,39,7,ref,qwen_1p7b_fsq_bigdata_step47023
3qdd_3qdd_conf0,0.1641084204039677,1.0,992,22,3,ref,qwen_1p7b_fsq_bigdata_step47023
3r16_3r16_conf0,0.3082341573407682,1.0,985,19,4,ref,qwen_1p7b_fsq_bigdata_step47023
3r17_3r17_conf0,0.4242909303461746,1.0,996,20,4,ref,qwen_1p7b_fsq_bigdata_step47023
3r4m_3r4m_conf0,0.1093366587523219,1.0,1000,16,2,ref,qwen_1p7b_fsq_bigdata_step47023
3r4n_3r4n_conf0,0.3095990902730014,1.0,983,23,5,ref,qwen_1p7b_fsq_bigdata_step47023
3r6u_3r6u_conf0,0.0908453902437859,1.0,1000,7,2,ref,qwen_1p7b_fsq_bigdata_step47023
3rbu_3rbu_conf0,0.4829368792323796,1.0,848,14,6,ref,qwen_1p7b_fsq_bigdata_step47023
3rf4_3rf4_conf0,0.4407793860753635,1.0,992,21,5,ref,qwen_1p7b_fsq_bigdata_step47023
3rf5_3rf5_conf0,0.142738382633255,1.0,997,16,4,ref,qwen_1p7b_fsq_bigdata_step47023
3rlb_3rlb_conf0,0.5412166331136461,1.0,970,18,4,ref,qwen_1p7b_fsq_bigdata_step47023
3rlp_3rlp_conf0,0.0817126373848103,1.0,1000,18,2,ref,qwen_1p7b_fsq_bigdata_step47023
3rlq_3rlq_conf0,0.1022105237818062,1.0,974,22,2,ref,qwen_1p7b_fsq_bigdata_step47023
3roc_3roc_conf0,0.7533287229653308,0.0,976,31,7,ref,qwen_1p7b_fsq_bigdata_step47023
3ru1_3ru1_conf0,0.4242516426267169,1.0,989,23,5,ref,qwen_1p7b_fsq_bigdata_step47023
3ryv_3ryv_conf0,0.0954651453708751,1.0,1000,15,3,ref,qwen_1p7b_fsq_bigdata_step47023
3ryx_3ryx_conf0,0.3704877556636428,1.0,950,21,4,ref,qwen_1p7b_fsq_bigdata_step47023
3ryy_3ryy_conf0,0.2531589728778179,1.0,999,16,4,ref,qwen_1p7b_fsq_bigdata_step47023
3ryz_3ryz_conf0,0.3664522299603402,1.0,972,24,5,ref,qwen_1p7b_fsq_bigdata_step47023
3rz0_3rz0_conf0,0.4480028162743379,1.0,1000,17,5,ref,qwen_1p7b_fsq_bigdata_step47023
3rz8_3rz8_conf0,0.6215100069166113,1.0,999,19,7,ref,qwen_1p7b_fsq_bigdata_step47023
3s0b_3s0b_conf0,0.1207136463244002,1.0,1000,17,2,ref,qwen_1p7b_fsq_bigdata_step47023
3s0e_3s0e_conf0,0.0563537141855982,1.0,1000,12,3,ref,qwen_1p7b_fsq_bigdata_step47023
3s71_3s71_conf0,0.0642476179698001,1.0,1000,13,1,ref,qwen_1p7b_fsq_bigdata_step47023
3s73_3s73_conf0,0.0749789861685298,1.0,1000,13,1,ref,qwen_1p7b_fsq_bigdata_step47023
3s76_3s76_conf0,0.0666295212156268,1.0,1000,9,1,ref,qwen_1p7b_fsq_bigdata_step47023
3s78_3s78_conf0,0.0671505457082979,1.0,1000,9,1,ref,qwen_1p7b_fsq_bigdata_step47023
3std_3std_conf0,0.5215260474079001,1.0,977,28,6,ref,qwen_1p7b_fsq_bigdata_step47023
3sww_3sww_conf0,0.2353306832042476,1.0,987,25,5,ref,qwen_1p7b_fsq_bigdata_step47023
3sxf_3sxf_conf0,0.1078828006702204,1.0,993,26,4,ref,qwen_1p7b_fsq_bigdata_step47023
3t3u_3t3u_conf0,0.2510445274362244,1.0,987,29,4,ref,qwen_1p7b_fsq_bigdata_step47023
3t5u_3t5u_conf0,0.0669196371767368,1.0,1000,11,2,ref,qwen_1p7b_fsq_bigdata_step47023
3tf6_3tf6_conf0,0.0354814283609413,1.0,1000,11,1,ref,qwen_1p7b_fsq_bigdata_step47023
3th9_3th9_conf0,1.0285892874643532,0.0,634,34,6,ref,qwen_1p7b_fsq_bigdata_step47023
3u10_3u10_conf0,0.2251577076390559,1.0,991,22,1,ref,qwen_1p7b_fsq_bigdata_step47023
3u90_3u90_conf0,0.5867093330122387,1.0,967,17,12,ref,qwen_1p7b_fsq_bigdata_step47023
3u92_3u92_conf0,0.2349574284929295,1.0,792,15,4,ref,qwen_1p7b_fsq_bigdata_step47023
3ucj_3ucj_conf0,0.1688779437638511,1.0,975,13,2,ref,qwen_1p7b_fsq_bigdata_step47023
3udd_3udd_conf0,0.7481728194393377,1.0,986,29,7,ref,qwen_1p7b_fsq_bigdata_step47023
3ug2_3ug2_conf0,0.4124303569771677,1.0,992,31,8,ref,qwen_1p7b_fsq_bigdata_step47023
3uj9_3uj9_conf0,0.1011951633930362,1.0,998,11,4,ref,qwen_1p7b_fsq_bigdata_step47023
3ujc_3ujc_conf0,0.1194623973907592,1.0,998,11,4,ref,qwen_1p7b_fsq_bigdata_step47023
3ujd_3ujd_conf0,0.1123971183242609,1.0,998,11,4,ref,qwen_1p7b_fsq_bigdata_step47023
3uod_3uod_conf0,0.4350390444436147,1.0,977,27,5,ref,qwen_1p7b_fsq_bigdata_step47023
3uu1_3uu1_conf0,0.0378814191711599,1.0,999,12,1,ref,qwen_1p7b_fsq_bigdata_step47023
3uxk_3uxk_conf0,0.1136008134014435,1.0,998,10,1,ref,qwen_1p7b_fsq_bigdata_step47023
3v3q_3v3q_conf0,1.1007567280366972,0.0,933,27,13,ref,qwen_1p7b_fsq_bigdata_step47023
3v51_3v51_conf0,0.4029551082483845,1.0,996,32,5,ref,qwen_1p7b_fsq_bigdata_step47023
3v5p_3v5p_conf0,0.2462661631008461,1.0,998,26,4,ref,qwen_1p7b_fsq_bigdata_step47023
3v7x_3v7x_conf0,0.6265084255364111,1.0,988,25,7,ref,qwen_1p7b_fsq_bigdata_step47023
3vbd_3vbd_conf0,0.6939810665131418,1.0,987,22,3,ref,qwen_1p7b_fsq_bigdata_step47023
3vhk_3vhk_conf0,0.4557551826145806,1.0,999,22,5,ref,qwen_1p7b_fsq_bigdata_step47023
3vw1_3vw1_conf0,0.3935535128492136,1.0,1000,28,6,ref,qwen_1p7b_fsq_bigdata_step47023
3w5n_3w5n_conf0,0.1603971383053285,1.0,943,11,0,ref,qwen_1p7b_fsq_bigdata_step47023
3wha_3wha_conf0,0.4628649844640611,1.0,997,28,6,ref,qwen_1p7b_fsq_bigdata_step47023
3wtn_3wtn_conf0,0.1726840238476522,1.0,1000,14,2,ref,qwen_1p7b_fsq_bigdata_step47023
3wto_3wto_conf0,0.2543455232115116,1.0,1000,14,2,ref,qwen_1p7b_fsq_bigdata_step47023
3zbx_3zbx_conf0,0.1174831472492722,1.0,1000,27,3,ref,qwen_1p7b_fsq_bigdata_step47023
3zi8_3zi8_conf0,0.0481160039816187,1.0,987,10,0,ref,qwen_1p7b_fsq_bigdata_step47023
3zlr_3zlr_conf0,0.7839851410852329,0.0,934,41,10,ref,qwen_1p7b_fsq_bigdata_step47023
3zxz_3zxz_conf0,0.1806224257018884,1.0,998,28,5,ref,qwen_1p7b_fsq_bigdata_step47023
456c_456c_conf0,0.5955461302633254,1.0,970,28,6,ref,qwen_1p7b_fsq_bigdata_step47023
4a4v_4a4v_conf0,0.4951077920354635,1.0,994,22,8,ref,qwen_1p7b_fsq_bigdata_step47023
4a4w_4a4w_conf0,0.95257355373315,0.0,764,30,10,ref,qwen_1p7b_fsq_bigdata_step47023
4a6l_4a6l_conf0,0.8644338139780545,0.0,997,30,3,ref,qwen_1p7b_fsq_bigdata_step47023
4ab9_4ab9_conf0,0.1445299139006081,1.0,1000,11,1,ref,qwen_1p7b_fsq_bigdata_step47023
4abb_4abb_conf0,0.0594489613889508,1.0,1000,11,1,ref,qwen_1p7b_fsq_bigdata_step47023
4abe_4abe_conf0,0.1551891175603794,1.0,1000,13,2,ref,qwen_1p7b_fsq_bigdata_step47023
4abf_4abf_conf0,0.0994547565771939,1.0,1000,12,1,ref,qwen_1p7b_fsq_bigdata_step47023
4acc_4acc_conf0,0.5640670829622938,1.0,988,31,8,ref,qwen_1p7b_fsq_bigdata_step47023
4aci_4aci_conf0,0.1790207502999951,1.0,993,13,5,ref,qwen_1p7b_fsq_bigdata_step47023
4ag8_4ag8_conf0,0.4803950958502347,1.0,962,28,5,ref,qwen_1p7b_fsq_bigdata_step47023
4ahu_4ahu_conf0,0.0373829734714993,1.0,1000,12,1,ref,qwen_1p7b_fsq_bigdata_step47023
4ai5_4ai5_conf0,0.0459055491329593,1.0,1000,11,0,ref,qwen_1p7b_fsq_bigdata_step47023
4aia_4aia_conf0,0.0423156464482857,1.0,1000,11,0,ref,qwen_1p7b_fsq_bigdata_step47023
4aj4_4aj4_conf0,0.5444647453993172,1.0,989,21,7,ref,qwen_1p7b_fsq_bigdata_step47023
4aje_4aje_conf0,0.2207865144483804,1.0,1000,15,4,ref,qwen_1p7b_fsq_bigdata_step47023
4aji_4aji_conf0,0.2848387247856118,1.0,999,18,6,ref,qwen_1p7b_fsq_bigdata_step47023
4ajl_4ajl_conf0,0.4419539948447418,1.0,999,21,5,ref,qwen_1p7b_fsq_bigdata_step47023
4aoi_4aoi_conf0,0.2120784138785623,1.0,993,27,3,ref,qwen_1p7b_fsq_bigdata_step47023
4ap7_4ap7_conf0,0.1288795392143706,1.0,1000,24,3,ref,qwen_1p7b_fsq_bigdata_step47023
4aq4_4aq4_conf0,0.1292899948260757,1.0,937,10,4,ref,qwen_1p7b_fsq_bigdata_step47023
4ara_4ara_conf0,0.8604606469200787,0.0,995,25,7,ref,qwen_1p7b_fsq_bigdata_step47023
4asd_4asd_conf0,0.2404061873066245,1.0,840,32,5,ref,qwen_1p7b_fsq_bigdata_step47023
4b32_4b32_conf0,0.0287012353153018,1.0,1000,11,0,ref,qwen_1p7b_fsq_bigdata_step47023
4b33_4b33_conf0,0.0333632821719985,1.0,1000,11,0,ref,qwen_1p7b_fsq_bigdata_step47023
4b3c_4b3c_conf0,0.0389611511219214,1.0,1000,10,0,ref,qwen_1p7b_fsq_bigdata_step47023
4b3d_4b3d_conf0,0.0413533368554194,1.0,1000,10,0,ref,qwen_1p7b_fsq_bigdata_step47023
4b76_4b76_conf0,0.0853085376721552,1.0,1000,17,3,ref,qwen_1p7b_fsq_bigdata_step47023
4bck_4bck_conf0,0.4122365108127471,1.0,984,27,5,ref,qwen_1p7b_fsq_bigdata_step47023
4bcm_4bcm_conf0,0.5155018942216801,1.0,962,33,6,ref,qwen_1p7b_fsq_bigdata_step47023
4bco_4bco_conf0,1.135613464352662,0.0,983,33,5,ref,qwen_1p7b_fsq_bigdata_step47023
4bf1_4bf1_conf0,0.312797578887832,1.0,1000,24,3,ref,qwen_1p7b_fsq_bigdata_step47023
4bf6_4bf6_conf0,0.2515231034570791,1.0,1000,22,3,ref,qwen_1p7b_fsq_bigdata_step47023
4bps_4bps_conf0,0.175228163581767,1.0,1000,14,4,ref,qwen_1p7b_fsq_bigdata_step47023
4bqg_4bqg_conf0,0.1661279233961009,1.0,1000,17,2,ref,qwen_1p7b_fsq_bigdata_step47023
4btk_4btk_conf0,0.1775564930043162,1.0,1000,22,4,ref,qwen_1p7b_fsq_bigdata_step47023
4cfl_4cfl_conf0,0.1004810676752534,1.0,1000,23,2,ref,qwen_1p7b_fsq_bigdata_step47023
4d7b_4d7b_conf0,0.1811400309934188,1.0,1000,20,3,ref,qwen_1p7b_fsq_bigdata_step47023
4der_4der_conf0,0.162742270308503,1.0,1000,20,1,ref,qwen_1p7b_fsq_bigdata_step47023
4det_4det_conf0,0.2164415535383092,1.0,1000,21,1,ref,qwen_1p7b_fsq_bigdata_step47023
4dff_4dff_conf0,0.2733469226020451,1.0,999,22,3,ref,qwen_1p7b_fsq_bigdata_step47023
4dhl_4dhl_conf0,0.117062359114398,1.0,1000,15,2,ref,qwen_1p7b_fsq_bigdata_step47023
4dkr_4dkr_conf0,0.1635724832047391,1.0,928,27,3,ref,qwen_1p7b_fsq_bigdata_step47023
4dst_4dst_conf0,0.038891728928054,1.0,976,15,2,ref,qwen_1p7b_fsq_bigdata_step47023
4dsy_4dsy_conf0,0.1424371725374896,1.0,1000,15,2,ref,qwen_1p7b_fsq_bigdata_step47023
4duh_4duh_conf0,0.2944776748121351,1.0,866,26,6,ref,qwen_1p7b_fsq_bigdata_step47023
4e0x_4e0x_conf0,0.2634130908584381,1.0,792,15,4,ref,qwen_1p7b_fsq_bigdata_step47023
4e3g_4e3g_conf0,0.0614970126103573,1.0,1000,10,1,ref,qwen_1p7b_fsq_bigdata_step47023
4e4l_4e4l_conf0,0.1758379992259701,1.0,993,23,2,ref,qwen_1p7b_fsq_bigdata_step47023
4e70_4e70_conf0,0.0684590049390143,1.0,993,13,3,ref,qwen_1p7b_fsq_bigdata_step47023
4e9u_4e9u_conf0,0.5842859658964827,1.0,1000,19,6,ref,qwen_1p7b_fsq_bigdata_step47023
4ehz_4ehz_conf0,0.0501310071856783,1.0,1000,19,1,ref,qwen_1p7b_fsq_bigdata_step47023
4ej8_4ej8_conf0,0.0354477084236367,1.0,1000,12,1,ref,qwen_1p7b_fsq_bigdata_step47023
4ejl_4ejl_conf0,0.0901979045207598,1.0,998,14,3,ref,qwen_1p7b_fsq_bigdata_step47023
4en4_4en4_conf0,0.1650913944718993,1.0,1000,13,3,ref,qwen_1p7b_fsq_bigdata_step47023
4f39_4f39_conf0,0.2792118839613693,1.0,792,15,4,ref,qwen_1p7b_fsq_bigdata_step47023
4f6w_4f6w_conf0,1.1335147794776212,0.0,950,47,7,ref,qwen_1p7b_fsq_bigdata_step47023
4f9y_4f9y_conf0,0.1019702880276438,1.0,985,25,3,ref,qwen_1p7b_fsq_bigdata_step47023
4fai_4fai_conf0,1.302682224738389,0.0,987,22,7,ref,qwen_1p7b_fsq_bigdata_step47023
4fcq_4fcq_conf0,0.1465157723009811,1.0,989,21,2,ref,qwen_1p7b_fsq_bigdata_step47023
4few_4few_conf0,0.1234730655193523,1.0,1000,21,1,ref,qwen_1p7b_fsq_bigdata_step47023
4fht_4fht_conf0,0.0233505847161539,1.0,1000,11,1,ref,qwen_1p7b_fsq_bigdata_step47023
4g95_4g95_conf0,0.1934221655565243,1.0,997,22,3,ref,qwen_1p7b_fsq_bigdata_step47023
4ge1_4ge1_conf0,0.0583729498771548,1.0,1000,12,2,ref,qwen_1p7b_fsq_bigdata_step47023
4gg7_4gg7_conf0,0.4575266159078436,1.0,985,36,6,ref,qwen_1p7b_fsq_bigdata_step47023
4ghi_4ghi_conf0,0.2860574543431332,1.0,994,21,3,ref,qwen_1p7b_fsq_bigdata_step47023
4gih_4gih_conf0,0.2160059428691274,1.0,918,23,4,ref,qwen_1p7b_fsq_bigdata_step47023
4gii_4gii_conf0,0.2333649626159633,1.0,936,25,4,ref,qwen_1p7b_fsq_bigdata_step47023
4gkh_4gkh_conf0,0.12832127204822,1.0,991,24,1,ref,qwen_1p7b_fsq_bigdata_step47023
4gki_4gki_conf0,0.1794814352652077,1.0,982,25,2,ref,qwen_1p7b_fsq_bigdata_step47023
4gny_4gny_conf0,0.3522443757912651,1.0,967,17,12,ref,qwen_1p7b_fsq_bigdata_step47023
4gqr_4gqr_conf0,0.2128709924487681,1.0,1000,23,1,ref,qwen_1p7b_fsq_bigdata_step47023
4gu6_4gu6_conf0,0.7872245697423802,0.0,726,31,6,ref,qwen_1p7b_fsq_bigdata_step47023
4gu9_4gu9_conf0,0.0532464793903562,1.0,998,17,2,ref,qwen_1p7b_fsq_bigdata_step47023
4h7q_4h7q_conf0,0.2923945214621004,1.0,1000,9,3,ref,qwen_1p7b_fsq_bigdata_step47023
4ht0_4ht0_conf0,0.8959818391507841,0.0,980,23,3,ref,qwen_1p7b_fsq_bigdata_step47023
4ht2_4ht2_conf0,0.2123619681353672,1.0,980,23,3,ref,qwen_1p7b_fsq_bigdata_step47023
4hu1_4hu1_conf0,0.3612267309289961,1.0,990,20,4,ref,qwen_1p7b_fsq_bigdata_step47023
4hw3_4hw3_conf0,0.2090709457044951,1.0,987,25,6,ref,qwen_1p7b_fsq_bigdata_step47023
4i7m_4i7m_conf0,0.1111029441656658,1.0,999,10,2,ref,qwen_1p7b_fsq_bigdata_step47023
4i8n_4i8n_conf0,0.70597199786433,1.0,915,34,7,ref,qwen_1p7b_fsq_bigdata_step47023
4i8x_4i8x_conf0,0.0929192894327782,1.0,1000,15,2,ref,qwen_1p7b_fsq_bigdata_step47023
4i9h_4i9h_conf0,2.2605453164944644,0.0,558,51,17,ref,qwen_1p7b_fsq_bigdata_step47023
4i9u_4i9u_conf0,0.608814143932367,1.0,979,23,6,ref,qwen_1p7b_fsq_bigdata_step47023
4ih3_4ih3_conf0,0.0786397466798376,1.0,1000,12,2,ref,qwen_1p7b_fsq_bigdata_step47023
4ih6_4ih6_conf0,0.3500896852905117,1.0,993,21,3,ref,qwen_1p7b_fsq_bigdata_step47023
4ij1_4ij1_conf0,0.1292995945123014,1.0,989,19,4,ref,qwen_1p7b_fsq_bigdata_step47023
4itp_4itp_conf0,0.6070535636286585,1.0,998,21,5,ref,qwen_1p7b_fsq_bigdata_step47023
4iue_4iue_conf0,0.0423396374867722,1.0,1000,19,1,ref,qwen_1p7b_fsq_bigdata_step47023
4iuo_4iuo_conf0,0.0826117013693421,1.0,532,13,1,ref,qwen_1p7b_fsq_bigdata_step47023
4iwz_4iwz_conf0,0.3106558226334573,1.0,832,18,4,ref,qwen_1p7b_fsq_bigdata_step47023
4j22_4j22_conf0,0.4402744496355254,1.0,994,30,5,ref,qwen_1p7b_fsq_bigdata_step47023
4jh0_4jh0_conf0,0.2856644705988547,1.0,994,27,4,ref,qwen_1p7b_fsq_bigdata_step47023
4jkw_4jkw_conf0,0.6033512618045362,1.0,949,14,6,ref,qwen_1p7b_fsq_bigdata_step47023
4jn2_4jn2_conf0,0.6938376172741656,1.0,981,35,9,ref,qwen_1p7b_fsq_bigdata_step47023
4jsa_4jsa_conf0,0.0864296763818927,1.0,1000,10,1,ref,qwen_1p7b_fsq_bigdata_step47023
4jx9_4jx9_conf0,0.592284147658313,1.0,947,17,2,ref,qwen_1p7b_fsq_bigdata_step47023
4jyt_4jyt_conf0,1.2034663693944814,0.0,935,40,9,ref,qwen_1p7b_fsq_bigdata_step47023
4jz1_4jz1_conf0,0.6155593440013531,1.0,951,37,9,ref,qwen_1p7b_fsq_bigdata_step47023
4k0y_4k0y_conf0,0.1963118893873386,1.0,1000,26,3,ref,qwen_1p7b_fsq_bigdata_step47023
4k3n_4k3n_conf0,0.1368866516343342,1.0,995,17,3,ref,qwen_1p7b_fsq_bigdata_step47023
4k5p_4k5p_conf0,0.2911210045688118,1.0,999,15,3,ref,qwen_1p7b_fsq_bigdata_step47023
4k6i_4k6i_conf0,0.1609608887034785,1.0,994,26,3,ref,qwen_1p7b_fsq_bigdata_step47023
4k7i_4k7i_conf0,0.0327937949689862,1.0,1000,8,0,ref,qwen_1p7b_fsq_bigdata_step47023
4k7n_4k7n_conf0,0.0418414715229691,1.0,1000,9,0,ref,qwen_1p7b_fsq_bigdata_step47023
4k7o_4k7o_conf0,0.1984680317093529,1.0,1000,12,0,ref,qwen_1p7b_fsq_bigdata_step47023
4k9y_4k9y_conf0,0.4619796277972355,1.0,945,36,4,ref,qwen_1p7b_fsq_bigdata_step47023
4kao_4kao_conf0,0.2900112101134739,1.0,958,32,4,ref,qwen_1p7b_fsq_bigdata_step47023
4kif_4kif_conf0,0.1516288461637895,1.0,1000,12,3,ref,qwen_1p7b_fsq_bigdata_step47023
4km0_4km0_conf0,0.1089909076073719,1.0,999,17,2,ref,qwen_1p7b_fsq_bigdata_step47023
4km2_4km2_conf0,0.2349907277493027,1.0,1000,21,5,ref,qwen_1p7b_fsq_bigdata_step47023
4kni_4kni_conf0,0.6521308111651376,1.0,993,23,5,ref,qwen_1p7b_fsq_bigdata_step47023
4knj_4knj_conf0,0.2582161155206517,1.0,980,21,5,ref,qwen_1p7b_fsq_bigdata_step47023
4knm_4knm_conf0,0.6625365036317434,1.0,993,23,5,ref,qwen_1p7b_fsq_bigdata_step47023
4knn_4knn_conf0,0.7647707174607606,0.0,980,21,5,ref,qwen_1p7b_fsq_bigdata_step47023
4kp5_4kp5_conf0,0.3788706584712586,1.0,980,21,5,ref,qwen_1p7b_fsq_bigdata_step47023
4kp8_4kp8_conf0,0.6102277013370586,1.0,977,20,5,ref,qwen_1p7b_fsq_bigdata_step47023
4kwf_4kwf_conf0,0.1403319499153782,1.0,1000,18,2,ref,qwen_1p7b_fsq_bigdata_step47023
4kwg_4kwg_conf0,0.0401166260600611,1.0,1000,13,0,ref,qwen_1p7b_fsq_bigdata_step47023
4kyh_4kyh_conf0,0.3703012206776623,1.0,998,29,4,ref,qwen_1p7b_fsq_bigdata_step47023
4kyk_4kyk_conf0,0.1356527948181053,1.0,999,25,4,ref,qwen_1p7b_fsq_bigdata_step47023
4l2l_4l2l_conf0,0.1988138606874022,1.0,1000,19,3,ref,qwen_1p7b_fsq_bigdata_step47023
4lko_4lko_conf0,0.3346810849896892,1.0,993,25,5,ref,qwen_1p7b_fsq_bigdata_step47023
4llj_4llj_conf0,0.0477492599443035,1.0,1000,11,0,ref,qwen_1p7b_fsq_bigdata_step47023
4llp_4llp_conf0,0.0251121035405225,1.0,1000,9,0,ref,qwen_1p7b_fsq_bigdata_step47023
4lm2_4lm2_conf0,0.0780956999504056,1.0,1000,12,1,ref,qwen_1p7b_fsq_bigdata_step47023
4lm3_4lm3_conf0,0.1101587831874488,1.0,1000,13,1,ref,qwen_1p7b_fsq_bigdata_step47023
4loo_4loo_conf0,0.1544463128837243,1.0,1000,25,3,ref,qwen_1p7b_fsq_bigdata_step47023
4lrr_4lrr_conf0,0.3722204712420516,1.0,922,25,3,ref,qwen_1p7b_fsq_bigdata_step47023
4luz_4luz_conf0,0.7800504348247771,0.0,998,37,8,ref,qwen_1p7b_fsq_bigdata_step47023
4lxd_4lxd_conf0,0.6811477025772503,1.0,949,48,10,ref,qwen_1p7b_fsq_bigdata_step47023
4lxz_4lxz_conf0,0.1316070951379032,1.0,994,19,8,ref,qwen_1p7b_fsq_bigdata_step47023
4ly1_4ly1_conf0,0.144101747953753,1.0,998,25,4,ref,qwen_1p7b_fsq_bigdata_step47023
4lyw_4lyw_conf0,0.6090695436595772,1.0,994,29,8,ref,qwen_1p7b_fsq_bigdata_step47023
4lzr_4lzr_conf0,0.5675455192068479,1.0,790,29,5,ref,qwen_1p7b_fsq_bigdata_step47023
4m0r_4m0r_conf0,0.2606615266887665,1.0,949,29,7,ref,qwen_1p7b_fsq_bigdata_step47023
4m14_4m14_conf0,0.3170276826916044,1.0,868,26,5,ref,qwen_1p7b_fsq_bigdata_step47023
4m2r_4m2r_conf0,0.5196214010880883,1.0,967,23,7,ref,qwen_1p7b_fsq_bigdata_step47023
4m2v_4m2v_conf0,0.452679953188802,1.0,967,23,7,ref,qwen_1p7b_fsq_bigdata_step47023
4m6u_4m6u_conf0,0.0877926588133647,1.0,1000,8,2,ref,qwen_1p7b_fsq_bigdata_step47023
4m8e_4m8e_conf0,0.4997130186714536,1.0,941,23,4,ref,qwen_1p7b_fsq_bigdata_step47023
4mmm_4mmm_conf0,0.0501292342811224,1.0,1000,14,1,ref,qwen_1p7b_fsq_bigdata_step47023
4mo8_4mo8_conf0,0.7181395746201432,1.0,903,16,5,ref,qwen_1p7b_fsq_bigdata_step47023
4mr3_4mr3_conf0,0.079048788069275,1.0,999,24,3,ref,qwen_1p7b_fsq_bigdata_step47023
4mr6_4mr6_conf0,0.1391114896216798,1.0,985,27,6,ref,qwen_1p7b_fsq_bigdata_step47023
4mre_4mre_conf0,0.0438095055307333,1.0,1000,9,0,ref,qwen_1p7b_fsq_bigdata_step47023
4mrg_4mrg_conf0,0.0404571092042239,1.0,1000,11,0,ref,qwen_1p7b_fsq_bigdata_step47023
4mrw_4mrw_conf0,0.0224766778054952,1.0,1000,12,0,ref,qwen_1p7b_fsq_bigdata_step47023
4mrz_4mrz_conf0,0.043569582194364,1.0,1000,11,1,ref,qwen_1p7b_fsq_bigdata_step47023
4msc_4msc_conf0,0.2773056240800125,1.0,999,22,3,ref,qwen_1p7b_fsq_bigdata_step47023
4msn_4msn_conf0,0.0489265457435917,1.0,1000,13,1,ref,qwen_1p7b_fsq_bigdata_step47023
4n9c_4n9c_conf0,0.0259054211801804,1.0,1000,12,1,ref,qwen_1p7b_fsq_bigdata_step47023
4nbl_4nbl_conf0,0.2052503981527619,1.0,987,22,4,ref,qwen_1p7b_fsq_bigdata_step47023
4nl1_4nl1_conf0,0.1168412907824787,1.0,1000,13,2,ref,qwen_1p7b_fsq_bigdata_step47023
4np3_4np3_conf0,0.0748824350965362,1.0,1000,18,2,ref,qwen_1p7b_fsq_bigdata_step47023
4nuc_4nuc_conf0,0.3123289870027243,1.0,999,27,5,ref,qwen_1p7b_fsq_bigdata_step47023
4nvp_4nvp_conf0,0.1746933460759621,1.0,986,22,1,ref,qwen_1p7b_fsq_bigdata_step47023
4o09_4o09_conf0,0.241985328235438,1.0,972,28,3,ref,qwen_1p7b_fsq_bigdata_step47023
4o0b_4o0b_conf0,0.2543673865093445,1.0,909,29,2,ref,qwen_1p7b_fsq_bigdata_step47023
4o0x_4o0x_conf0,0.2477446072236862,1.0,1000,26,1,ref,qwen_1p7b_fsq_bigdata_step47023
4o0y_4o0y_conf0,0.178254902196612,1.0,982,25,3,ref,qwen_1p7b_fsq_bigdata_step47023
4o2b_4o2b_conf0,0.2631813067780991,1.0,790,29,5,ref,qwen_1p7b_fsq_bigdata_step47023
4o2p_4o2p_conf0,0.7858346608526237,0.0,791,34,9,ref,qwen_1p7b_fsq_bigdata_step47023
4o3f_4o3f_conf0,0.3679576274855508,1.0,980,28,4,ref,qwen_1p7b_fsq_bigdata_step47023
4o61_4o61_conf0,0.2279540508443471,1.0,993,13,5,ref,qwen_1p7b_fsq_bigdata_step47023
4oak_4oak_conf0,0.1560569555034721,1.0,980,11,3,ref,qwen_1p7b_fsq_bigdata_step47023
4oct_4oct_conf0,0.1940744741837793,1.0,997,10,4,ref,qwen_1p7b_fsq_bigdata_step47023
4oks_4oks_conf0,0.5673189579370962,1.0,990,33,7,ref,qwen_1p7b_fsq_bigdata_step47023
4owv_4owv_conf0,0.033631688502018,1.0,1000,10,1,ref,qwen_1p7b_fsq_bigdata_step47023
4p5z_4p5z_conf0,0.4079847212644354,1.0,812,37,4,ref,qwen_1p7b_fsq_bigdata_step47023
4poh_4poh_conf0,0.4499499923027455,1.0,941,23,4,ref,qwen_1p7b_fsq_bigdata_step47023
4pop_4pop_conf0,0.2059387079994373,1.0,991,17,3,ref,qwen_1p7b_fsq_bigdata_step47023
4pp3_4pp3_conf0,0.3659948054659794,1.0,961,23,4,ref,qwen_1p7b_fsq_bigdata_step47023
4pp5_4pp5_conf0,0.4640393419247044,1.0,957,23,4,ref,qwen_1p7b_fsq_bigdata_step47023
4pvy_4pvy_conf0,0.4725911915195692,1.0,1000,26,7,ref,qwen_1p7b_fsq_bigdata_step47023
4q08_4q08_conf0,0.7382519094139199,1.0,937,26,6,ref,qwen_1p7b_fsq_bigdata_step47023
4q09_4q09_conf0,0.672558794930074,1.0,941,28,6,ref,qwen_1p7b_fsq_bigdata_step47023
4q19_4q19_conf0,0.5293691927939653,1.0,992,27,7,ref,qwen_1p7b_fsq_bigdata_step47023
4q7p_4q7p_conf0,0.0249209478007406,1.0,1000,9,0,ref,qwen_1p7b_fsq_bigdata_step47023
4q7s_4q7s_conf0,0.0322303911049567,1.0,1000,9,0,ref,qwen_1p7b_fsq_bigdata_step47023
4q7v_4q7v_conf0,0.0316683743492193,1.0,1000,9,0,ref,qwen_1p7b_fsq_bigdata_step47023
4q7w_4q7w_conf0,0.0412647181324489,1.0,1000,9,0,ref,qwen_1p7b_fsq_bigdata_step47023
4q81_4q81_conf0,0.0357626635566612,1.0,998,10,0,ref,qwen_1p7b_fsq_bigdata_step47023
4q83_4q83_conf0,0.0592246027792496,1.0,1000,12,0,ref,qwen_1p7b_fsq_bigdata_step47023
4q87_4q87_conf0,0.0530405043872009,1.0,1000,12,0,ref,qwen_1p7b_fsq_bigdata_step47023
4qb3_4qb3_conf0,0.4489272987842305,1.0,987,22,5,ref,qwen_1p7b_fsq_bigdata_step47023
4qem_4qem_conf0,0.0796095565201251,1.0,999,12,2,ref,qwen_1p7b_fsq_bigdata_step47023
4qer_4qer_conf0,0.2328196927514033,1.0,1000,17,2,ref,qwen_1p7b_fsq_bigdata_step47023
4qjw_4qjw_conf0,0.610045107889038,1.0,954,27,7,ref,qwen_1p7b_fsq_bigdata_step47023
4qjx_4qjx_conf0,0.6276216944286899,1.0,954,27,7,ref,qwen_1p7b_fsq_bigdata_step47023
4qp2_4qp2_conf0,0.0206097787682932,1.0,1000,11,0,ref,qwen_1p7b_fsq_bigdata_step47023
4qsv_4qsv_conf0,0.1815579892068574,1.0,998,17,2,ref,qwen_1p7b_fsq_bigdata_step47023
4qtl_4qtl_conf0,0.5907394274395744,1.0,954,27,7,ref,qwen_1p7b_fsq_bigdata_step47023
4qxo_4qxo_conf0,0.1134549842550141,1.0,1000,21,2,ref,qwen_1p7b_fsq_bigdata_step47023
4r0a_4r0a_conf0,0.1347967624647151,1.0,947,17,2,ref,qwen_1p7b_fsq_bigdata_step47023
4r4c_4r4c_conf0,0.3659322335480586,1.0,968,41,8,ref,qwen_1p7b_fsq_bigdata_step47023
4r4o_4r4o_conf0,0.6322307053176177,1.0,930,40,8,ref,qwen_1p7b_fsq_bigdata_step47023
4r4t_4r4t_conf0,0.6033995899962714,1.0,904,40,8,ref,qwen_1p7b_fsq_bigdata_step47023
4r76_4r76_conf0,0.4885448635505777,1.0,851,26,5,ref,qwen_1p7b_fsq_bigdata_step47023
4rak_4rak_conf0,0.5789973099947747,1.0,904,35,6,ref,qwen_1p7b_fsq_bigdata_step47023
4rfc_4rfc_conf0,0.879873821190908,0.0,954,23,7,ref,qwen_1p7b_fsq_bigdata_step47023
4rfd_4rfd_conf0,0.1682685949768849,1.0,996,16,6,ref,qwen_1p7b_fsq_bigdata_step47023
4rj8_4rj8_conf0,0.5872187099176464,1.0,992,29,5,ref,qwen_1p7b_fsq_bigdata_step47023
4rlu_4rlu_conf0,0.1057889171214526,1.0,999,19,3,ref,qwen_1p7b_fsq_bigdata_step47023
4rpn_4rpn_conf0,0.0295055577131127,1.0,1000,12,0,ref,qwen_1p7b_fsq_bigdata_step47023
4rpo_4rpo_conf0,0.0309791748038728,1.0,1000,10,0,ref,qwen_1p7b_fsq_bigdata_step47023
4rqk_4rqk_conf0,0.3130880034334692,1.0,987,23,3,ref,qwen_1p7b_fsq_bigdata_step47023
4rux_4rux_conf0,0.1607110722512653,1.0,1000,14,4,ref,qwen_1p7b_fsq_bigdata_step47023
4ruy_4ruy_conf0,0.1638989910684717,1.0,1000,14,4,ref,qwen_1p7b_fsq_bigdata_step47023
4ruz_4ruz_conf0,0.0933727576058998,1.0,1000,13,3,ref,qwen_1p7b_fsq_bigdata_step47023
4rvr_4rvr_conf0,0.4389635835697294,1.0,935,26,6,ref,qwen_1p7b_fsq_bigdata_step47023
4rwj_4rwj_conf0,0.5698351269506013,1.0,904,34,8,ref,qwen_1p7b_fsq_bigdata_step47023
4tjz_4tjz_conf0,0.220419089598366,1.0,981,12,7,ref,qwen_1p7b_fsq_bigdata_step47023
4tqn_4tqn_conf0,0.3365576029356677,1.0,985,24,6,ref,qwen_1p7b_fsq_bigdata_step47023
4tte_4tte_conf0,0.2341667173144296,1.0,998,18,2,ref,qwen_1p7b_fsq_bigdata_step47023
4u1b_4u1b_conf0,0.4088695730640128,1.0,962,13,6,ref,qwen_1p7b_fsq_bigdata_step47023
4u43_4u43_conf0,0.1545935672871579,1.0,1000,16,2,ref,qwen_1p7b_fsq_bigdata_step47023
4u54_4u54_conf0,0.1066275455179014,1.0,1000,15,3,ref,qwen_1p7b_fsq_bigdata_step47023
4u69_4u69_conf0,0.2708276217170727,1.0,984,11,4,ref,qwen_1p7b_fsq_bigdata_step47023
4u6w_4u6w_conf0,0.4924556262217652,1.0,962,13,6,ref,qwen_1p7b_fsq_bigdata_step47023
4u70_4u70_conf0,0.2405526825253272,1.0,995,13,3,ref,qwen_1p7b_fsq_bigdata_step47023
4u73_4u73_conf0,0.1869595898577587,1.0,995,12,2,ref,qwen_1p7b_fsq_bigdata_step47023
4ucc_4ucc_conf0,0.134842775124526,1.0,919,20,4,ref,qwen_1p7b_fsq_bigdata_step47023
4umb_4umb_conf0,0.1463892316907166,1.0,992,10,3,ref,qwen_1p7b_fsq_bigdata_step47023
4unp_4unp_conf0,0.1023545246507684,1.0,999,15,2,ref,qwen_1p7b_fsq_bigdata_step47023
4up5_4up5_conf0,0.0430728810334047,1.0,999,12,1,ref,qwen_1p7b_fsq_bigdata_step47023
4urz_4urz_conf0,0.1522108409719474,1.0,997,17,2,ref,qwen_1p7b_fsq_bigdata_step47023
4uye_4uye_conf0,0.2091071347368241,1.0,929,29,4,ref,qwen_1p7b_fsq_bigdata_step47023
4v24_4v24_conf0,0.691576193278609,1.0,928,33,9,ref,qwen_1p7b_fsq_bigdata_step47023
4wa9_4wa9_conf0,0.204298523979588,1.0,962,28,5,ref,qwen_1p7b_fsq_bigdata_step47023
4wkb_4wkb_conf0,0.7531945597228189,0.0,992,20,4,ref,qwen_1p7b_fsq_bigdata_step47023
4wkn_4wkn_conf0,0.7829603767846814,0.0,992,20,4,ref,qwen_1p7b_fsq_bigdata_step47023
4wov_4wov_conf0,0.5424339071712182,1.0,994,28,6,ref,qwen_1p7b_fsq_bigdata_step47023
4wrb_4wrb_conf0,0.2789420553905077,1.0,1000,27,6,ref,qwen_1p7b_fsq_bigdata_step47023
4x24_4x24_conf0,0.841368080132214,0.0,1000,20,4,ref,qwen_1p7b_fsq_bigdata_step47023
4x8u_4x8u_conf0,0.0378212560728989,1.0,1000,13,1,ref,qwen_1p7b_fsq_bigdata_step47023
4xip_4xip_conf0,0.1873589075039419,1.0,1000,22,2,ref,qwen_1p7b_fsq_bigdata_step47023
4xiq_4xiq_conf0,0.2225276002307492,1.0,999,25,1,ref,qwen_1p7b_fsq_bigdata_step47023
4xir_4xir_conf0,0.5152968072982326,1.0,938,29,3,ref,qwen_1p7b_fsq_bigdata_step47023
4xmb_4xmb_conf0,0.7434164140524554,1.0,867,42,12,ref,qwen_1p7b_fsq_bigdata_step47023
4y2q_4y2q_conf0,0.1538336327229137,1.0,984,16,1,ref,qwen_1p7b_fsq_bigdata_step47023
4y4j_4y4j_conf0,0.0404788225244934,1.0,989,12,2,ref,qwen_1p7b_fsq_bigdata_step47023
4ygf_4ygf_conf0,0.1121077548389382,1.0,975,13,2,ref,qwen_1p7b_fsq_bigdata_step47023
4yhm_4yhm_conf0,0.9426350054700524,0.0,981,35,9,ref,qwen_1p7b_fsq_bigdata_step47023
4yho_4yho_conf0,0.8822426046568246,0.0,981,35,9,ref,qwen_1p7b_fsq_bigdata_step47023
4ykk_4ykk_conf0,0.0652870194332393,1.0,1000,7,2,ref,qwen_1p7b_fsq_bigdata_step47023
4ymq_4ymq_conf0,1.1583425957155151,0.0,948,40,10,ref,qwen_1p7b_fsq_bigdata_step47023
4yx4_4yx4_conf0,0.0418947646449674,1.0,1000,10,1,ref,qwen_1p7b_fsq_bigdata_step47023
4yxi_4yxi_conf0,0.0358380367257507,1.0,1000,11,1,ref,qwen_1p7b_fsq_bigdata_step47023
4yyt_4yyt_conf0,0.1525851226272313,1.0,999,13,3,ref,qwen_1p7b_fsq_bigdata_step47023
4yzu_4yzu_conf0,0.324051269706456,1.0,978,27,5,ref,qwen_1p7b_fsq_bigdata_step47023
4z0q_4z0q_conf0,0.2986791874864815,1.0,1000,22,2,ref,qwen_1p7b_fsq_bigdata_step47023
4z1e_4z1e_conf0,0.4080486650990781,1.0,999,24,3,ref,qwen_1p7b_fsq_bigdata_step47023
4z1j_4z1j_conf0,0.3289590889539199,1.0,1000,22,2,ref,qwen_1p7b_fsq_bigdata_step47023
4z1k_4z1k_conf0,0.2814468942621134,1.0,1000,24,2,ref,qwen_1p7b_fsq_bigdata_step47023
4z93_4z93_conf0,0.2865519003429663,1.0,899,31,4,ref,qwen_1p7b_fsq_bigdata_step47023
4zbi_4zbi_conf0,0.3799646728643306,1.0,974,29,6,ref,qwen_1p7b_fsq_bigdata_step47023
4zo5_4zo5_conf0,0.5442133603813315,1.0,831,36,7,ref,qwen_1p7b_fsq_bigdata_step47023
4zx3_4zx3_conf0,0.3200521624281074,1.0,866,19,3,ref,qwen_1p7b_fsq_bigdata_step47023
4zx4_4zx4_conf0,0.5040282752281582,1.0,909,27,4,ref,qwen_1p7b_fsq_bigdata_step47023
4zzx_4zzx_conf0,0.3034401619994985,1.0,987,18,5,ref,qwen_1p7b_fsq_bigdata_step47023
4zzz_4zzz_conf0,0.348300816263147,1.0,987,18,5,ref,qwen_1p7b_fsq_bigdata_step47023
5a5q_5a5q_conf0,0.0665437226282098,1.0,1000,19,2,ref,qwen_1p7b_fsq_bigdata_step47023
5aan_5aan_conf0,0.6226181862520355,1.0,995,24,3,ref,qwen_1p7b_fsq_bigdata_step47023
5am6_5am6_conf0,0.2488001650938275,1.0,984,29,2,ref,qwen_1p7b_fsq_bigdata_step47023
5am7_5am7_conf0,0.2730181363884506,1.0,984,29,2,ref,qwen_1p7b_fsq_bigdata_step47023
5ant_5ant_conf0,0.4939065355234945,1.0,995,24,7,ref,qwen_1p7b_fsq_bigdata_step47023
5anv_5anv_conf0,0.5720047785750754,1.0,872,27,5,ref,qwen_1p7b_fsq_bigdata_step47023
5aoj_5aoj_conf0,0.0737763453143529,1.0,1000,17,2,ref,qwen_1p7b_fsq_bigdata_step47023
5aut_5aut_conf0,0.1113704747064314,1.0,975,21,3,ref,qwen_1p7b_fsq_bigdata_step47023
5boj_5boj_conf0,0.2449754645073184,1.0,989,18,6,ref,qwen_1p7b_fsq_bigdata_step47023
5btx_5btx_conf0,0.1318330486936932,1.0,975,22,1,ref,qwen_1p7b_fsq_bigdata_step47023
5c1w_5c1w_conf0,0.0857424615792631,1.0,1000,12,1,ref,qwen_1p7b_fsq_bigdata_step47023
5c2a_5c2a_conf0,0.3707571383773708,1.0,992,20,4,ref,qwen_1p7b_fsq_bigdata_step47023
5c3p_5c3p_conf0,0.0712380117791237,1.0,997,10,4,ref,qwen_1p7b_fsq_bigdata_step47023
5c5t_5c5t_conf0,0.062876546400455,1.0,997,10,4,ref,qwen_1p7b_fsq_bigdata_step47023
5c8n_5c8n_conf0,0.5322618281922721,1.0,985,31,7,ref,qwen_1p7b_fsq_bigdata_step47023
5cap_5cap_conf0,0.8036655654031395,0.0,947,29,7,ref,qwen_1p7b_fsq_bigdata_step47023
5cbs_5cbs_conf0,0.2855364283081947,1.0,993,19,4,ref,qwen_1p7b_fsq_bigdata_step47023
5cep_5cep_conf0,0.2224163881425918,1.0,997,25,4,ref,qwen_1p7b_fsq_bigdata_step47023
5cjf_5cjf_conf0,0.2179964244642553,1.0,1000,25,4,ref,qwen_1p7b_fsq_bigdata_step47023
5cp5_5cp5_conf0,0.3362901013388518,1.0,995,26,4,ref,qwen_1p7b_fsq_bigdata_step47023
5cqt_5cqt_conf0,0.2016765822823397,1.0,998,25,4,ref,qwen_1p7b_fsq_bigdata_step47023
5cs6_5cs6_conf0,0.2227967336355557,1.0,1000,13,4,ref,qwen_1p7b_fsq_bigdata_step47023
5csp_5csp_conf0,0.0325336330005412,1.0,1000,11,1,ref,qwen_1p7b_fsq_bigdata_step47023
5cu4_5cu4_conf0,1.1004854941855124,0.0,806,34,11,ref,qwen_1p7b_fsq_bigdata_step47023
5cy9_5cy9_conf0,0.253944323486182,1.0,996,23,6,ref,qwen_1p7b_fsq_bigdata_step47023
5d0c_5d0c_conf0,0.5697640838188106,1.0,965,29,5,ref,qwen_1p7b_fsq_bigdata_step47023
5d0r_5d0r_conf0,0.1253170543881595,1.0,992,19,2,ref,qwen_1p7b_fsq_bigdata_step47023
5d24_5d24_conf0,0.7736815540594435,0.0,1000,25,7,ref,qwen_1p7b_fsq_bigdata_step47023
5d25_5d25_conf0,0.4005041198070999,1.0,950,28,7,ref,qwen_1p7b_fsq_bigdata_step47023
5d26_5d26_conf0,0.6927477356584265,1.0,987,29,8,ref,qwen_1p7b_fsq_bigdata_step47023
5d3h_5d3h_conf0,0.6251955514958834,1.0,991,30,9,ref,qwen_1p7b_fsq_bigdata_step47023
5d3j_5d3j_conf0,0.6679139857170378,1.0,999,28,8,ref,qwen_1p7b_fsq_bigdata_step47023
5d3l_5d3l_conf0,0.6163143992964208,1.0,978,30,8,ref,qwen_1p7b_fsq_bigdata_step47023
5d3n_5d3n_conf0,0.4506133293799869,1.0,998,26,6,ref,qwen_1p7b_fsq_bigdata_step47023
5d3t_5d3t_conf0,0.6628471940858076,1.0,997,25,6,ref,qwen_1p7b_fsq_bigdata_step47023
5d45_5d45_conf0,0.3007572689873571,1.0,982,29,6,ref,qwen_1p7b_fsq_bigdata_step47023
5d47_5d47_conf0,0.4542737759366863,1.0,982,31,7,ref,qwen_1p7b_fsq_bigdata_step47023
5d48_5d48_conf0,0.5267832317158062,1.0,970,34,8,ref,qwen_1p7b_fsq_bigdata_step47023
5dh4_5dh4_conf0,0.1856221637684187,1.0,992,19,3,ref,qwen_1p7b_fsq_bigdata_step47023
5dq8_5dq8_conf0,0.3034032981235601,1.0,997,20,3,ref,qwen_1p7b_fsq_bigdata_step47023
5dqe_5dqe_conf0,0.1507145517540052,1.0,998,17,3,ref,qwen_1p7b_fsq_bigdata_step47023
5dx4_5dx4_conf0,0.2702943794960774,1.0,980,28,5,ref,qwen_1p7b_fsq_bigdata_step47023
5dyo_5dyo_conf0,0.1058324502268281,1.0,993,25,2,ref,qwen_1p7b_fsq_bigdata_step47023
5e28_5e28_conf0,0.0765088813552634,1.0,1000,17,2,ref,qwen_1p7b_fsq_bigdata_step47023
5e2k_5e2k_conf0,0.0843906223817125,1.0,1000,17,2,ref,qwen_1p7b_fsq_bigdata_step47023
5e2l_5e2l_conf0,0.1279942993475508,1.0,998,12,3,ref,qwen_1p7b_fsq_bigdata_step47023
5e2r_5e2r_conf0,0.2853398451053067,1.0,1000,25,4,ref,qwen_1p7b_fsq_bigdata_step47023
5e2s_5e2s_conf0,0.2418918222520688,1.0,1000,19,3,ref,qwen_1p7b_fsq_bigdata_step47023
5e73_5e73_conf0,0.1518760433608099,1.0,968,24,2,ref,qwen_1p7b_fsq_bigdata_step47023
5e74_5e74_conf0,0.293518196939228,1.0,892,33,3,ref,qwen_1p7b_fsq_bigdata_step47023
5e7n_5e7n_conf0,0.4625833171648912,1.0,971,30,6,ref,qwen_1p7b_fsq_bigdata_step47023
5edb_5edb_conf0,0.082165632150307,1.0,1000,21,2,ref,qwen_1p7b_fsq_bigdata_step47023
5edc_5edc_conf0,0.2751399627827848,1.0,999,26,3,ref,qwen_1p7b_fsq_bigdata_step47023
5eei_5eei_conf0,0.4809284034023875,1.0,994,19,8,ref,qwen_1p7b_fsq_bigdata_step47023
5ef7_5ef7_conf0,0.4147460209586469,1.0,978,23,6,ref,qwen_1p7b_fsq_bigdata_step47023
5ehr_5ehr_conf0,0.2185474961403234,1.0,996,23,2,ref,qwen_1p7b_fsq_bigdata_step47023
5eis_5eis_conf0,0.0986519302084398,1.0,999,21,3,ref,qwen_1p7b_fsq_bigdata_step47023
5elw_5elw_conf0,0.1683799735404449,1.0,966,13,4,ref,qwen_1p7b_fsq_bigdata_step47023
5ep7_5ep7_conf0,0.2065399614943184,1.0,998,20,3,ref,qwen_1p7b_fsq_bigdata_step47023
5eq1_5eq1_conf0,0.0684417784410608,1.0,998,13,0,ref,qwen_1p7b_fsq_bigdata_step47023
5etb_5etb_conf0,0.1224844928251852,1.0,1000,13,1,ref,qwen_1p7b_fsq_bigdata_step47023
5eu1_5eu1_conf0,0.2043102049325739,1.0,988,26,5,ref,qwen_1p7b_fsq_bigdata_step47023
5ewk_5ewk_conf0,0.3184802278199641,1.0,999,22,3,ref,qwen_1p7b_fsq_bigdata_step47023
5f1h_5f1h_conf0,0.1831812655305804,1.0,996,26,5,ref,qwen_1p7b_fsq_bigdata_step47023
5f25_5f25_conf0,0.1039032435841136,1.0,1000,18,2,ref,qwen_1p7b_fsq_bigdata_step47023
5f2p_5f2p_conf0,0.0310020804983028,1.0,1000,15,1,ref,qwen_1p7b_fsq_bigdata_step47023
5fbi_5fbi_conf0,0.5380105272100796,1.0,1000,23,5,ref,qwen_1p7b_fsq_bigdata_step47023
5fdc_5fdc_conf0,0.1626045045444583,1.0,947,15,3,ref,qwen_1p7b_fsq_bigdata_step47023
5fe7_5fe7_conf0,0.0887586179342016,1.0,999,14,2,ref,qwen_1p7b_fsq_bigdata_step47023
5fl4_5fl4_conf0,0.4066399575265569,1.0,1000,24,3,ref,qwen_1p7b_fsq_bigdata_step47023
5fl5_5fl5_conf0,0.3789063354963758,1.0,1000,22,4,ref,qwen_1p7b_fsq_bigdata_step47023
5fl6_5fl6_conf0,0.2076304645428835,1.0,999,21,3,ref,qwen_1p7b_fsq_bigdata_step47023
5flt_5flt_conf0,0.0988252991582466,1.0,1000,16,3,ref,qwen_1p7b_fsq_bigdata_step47023
5g1z_5g1z_conf0,0.3896841817599355,1.0,974,22,6,ref,qwen_1p7b_fsq_bigdata_step47023
5g2b_5g2b_conf0,0.5962180651858818,1.0,763,39,7,ref,qwen_1p7b_fsq_bigdata_step47023
5gj9_5gj9_conf0,0.0234739816294564,1.0,1000,9,1,ref,qwen_1p7b_fsq_bigdata_step47023
5gja_5gja_conf0,0.0378521806242537,1.0,1000,9,1,ref,qwen_1p7b_fsq_bigdata_step47023
5gmh_5gmh_conf0,0.2168284853511731,1.0,828,23,5,ref,qwen_1p7b_fsq_bigdata_step47023
5gmn_5gmn_conf0,0.3298334669566954,1.0,999,25,3,ref,qwen_1p7b_fsq_bigdata_step47023
5gsa_5gsa_conf0,0.1963282948869529,1.0,996,26,5,ref,qwen_1p7b_fsq_bigdata_step47023
5h1u_5h1u_conf0,0.0514386321051803,1.0,1000,13,1,ref,qwen_1p7b_fsq_bigdata_step47023
5h85_5h85_conf0,0.3032313205224882,1.0,842,22,3,ref,qwen_1p7b_fsq_bigdata_step47023
5ha1_5ha1_conf0,0.5614702284622053,1.0,975,21,5,ref,qwen_1p7b_fsq_bigdata_step47023
5hbs_5hbs_conf0,0.2762146647844648,1.0,982,21,5,ref,qwen_1p7b_fsq_bigdata_step47023
5hcv_5hcv_conf0,0.3010104206273398,1.0,995,28,1,ref,qwen_1p7b_fsq_bigdata_step47023
5hcy_5hcy_conf0,0.4601987044410069,1.0,982,39,8,ref,qwen_1p7b_fsq_bigdata_step47023
5his_5his_conf0,0.0286048702507288,1.0,1000,9,1,ref,qwen_1p7b_fsq_bigdata_step47023
5hrv_5hrv_conf0,0.048402436565141,1.0,1000,16,1,ref,qwen_1p7b_fsq_bigdata_step47023
5hvs_5hvs_conf0,0.2865940286128218,1.0,1000,33,5,ref,qwen_1p7b_fsq_bigdata_step47023
5hz5_5hz5_conf0,0.0900604140696844,1.0,1000,28,3,ref,qwen_1p7b_fsq_bigdata_step47023
5hz8_5hz8_conf0,0.1493272806079728,1.0,1000,27,3,ref,qwen_1p7b_fsq_bigdata_step47023
5hz9_5hz9_conf0,0.0560401640348557,1.0,1000,21,2,ref,qwen_1p7b_fsq_bigdata_step47023
5i29_5i29_conf0,0.1980493659868148,1.0,1000,22,2,ref,qwen_1p7b_fsq_bigdata_step47023
5i3a_5i3a_conf0,0.0192446950322399,1.0,1000,8,0,ref,qwen_1p7b_fsq_bigdata_step47023
5i3x_5i3x_conf0,1.3627573928014984,0.0,834,44,9,ref,qwen_1p7b_fsq_bigdata_step47023
5i3y_5i3y_conf0,1.248246327599037,0.0,887,46,11,ref,qwen_1p7b_fsq_bigdata_step47023
5i7x_5i7x_conf0,0.5274519958840272,1.0,1000,22,2,ref,qwen_1p7b_fsq_bigdata_step47023
5i7y_5i7y_conf0,0.440653848107663,1.0,999,25,4,ref,qwen_1p7b_fsq_bigdata_step47023
5i80_5i80_conf0,0.2896404521788142,1.0,1000,22,2,ref,qwen_1p7b_fsq_bigdata_step47023
5i88_5i88_conf0,0.356198882972071,1.0,999,25,4,ref,qwen_1p7b_fsq_bigdata_step47023
5i9y_5i9y_conf0,0.483506744834149,1.0,987,33,7,ref,qwen_1p7b_fsq_bigdata_step47023
5ia0_5ia0_conf0,0.2619919694411272,1.0,1000,37,6,ref,qwen_1p7b_fsq_bigdata_step47023
5ia1_5ia1_conf0,0.2341071874986937,1.0,999,34,4,ref,qwen_1p7b_fsq_bigdata_step47023
5ia2_5ia2_conf0,0.165567520482919,1.0,951,31,3,ref,qwen_1p7b_fsq_bigdata_step47023
5ia3_5ia3_conf0,0.1589033189096757,1.0,996,29,4,ref,qwen_1p7b_fsq_bigdata_step47023
5ia4_5ia4_conf0,0.5194217131478861,1.0,979,46,12,ref,qwen_1p7b_fsq_bigdata_step47023
5ie1_5ie1_conf0,0.7428054857187922,1.0,878,29,6,ref,qwen_1p7b_fsq_bigdata_step47023
5ih9_5ih9_conf0,0.3343559281332568,1.0,995,32,6,ref,qwen_1p7b_fsq_bigdata_step47023
5ihh_5ihh_conf0,0.1460310943431224,1.0,1000,22,2,ref,qwen_1p7b_fsq_bigdata_step47023
5ii2_5ii2_conf0,0.0690611341856203,1.0,1000,21,1,ref,qwen_1p7b_fsq_bigdata_step47023
5ikb_5ikb_conf0,0.2804382296833893,1.0,792,15,4,ref,qwen_1p7b_fsq_bigdata_step47023
5ime_5ime_conf0,0.2624779651236472,1.0,980,32,6,ref,qwen_1p7b_fsq_bigdata_step47023
5ivc_5ivc_conf0,0.3463005682275227,1.0,994,26,6,ref,qwen_1p7b_fsq_bigdata_step47023
5ive_5ive_conf0,0.0658637365287123,1.0,999,16,1,ref,qwen_1p7b_fsq_bigdata_step47023
5ivv_5ivv_conf0,0.0960975987110673,1.0,997,20,3,ref,qwen_1p7b_fsq_bigdata_step47023
5ivy_5ivy_conf0,0.2077751212423637,1.0,994,20,4,ref,qwen_1p7b_fsq_bigdata_step47023
5iwg_5iwg_conf0,0.1433003807412357,1.0,1000,23,3,ref,qwen_1p7b_fsq_bigdata_step47023
5j27_5j27_conf0,0.3001799805281013,1.0,815,29,6,ref,qwen_1p7b_fsq_bigdata_step47023
5j2x_5j2x_conf0,0.1194214214195014,1.0,907,22,2,ref,qwen_1p7b_fsq_bigdata_step47023
5j64_5j64_conf0,0.1663050857050689,1.0,911,21,2,ref,qwen_1p7b_fsq_bigdata_step47023
5j6l_5j6l_conf0,0.5468661297411175,1.0,810,29,6,ref,qwen_1p7b_fsq_bigdata_step47023
5j6m_5j6m_conf0,0.6847709191579464,1.0,815,31,5,ref,qwen_1p7b_fsq_bigdata_step47023
5j6n_5j6n_conf0,0.2883404125157574,1.0,815,29,6,ref,qwen_1p7b_fsq_bigdata_step47023
5j7q_5j7q_conf0,0.1208671386379696,1.0,1000,17,1,ref,qwen_1p7b_fsq_bigdata_step47023
5j82_5j82_conf0,0.4274788540424996,1.0,842,29,5,ref,qwen_1p7b_fsq_bigdata_step47023
5j86_5j86_conf0,0.5802178097167398,1.0,779,31,5,ref,qwen_1p7b_fsq_bigdata_step47023
5j8m_5j8m_conf0,0.1923446347844308,1.0,907,22,2,ref,qwen_1p7b_fsq_bigdata_step47023
5j8u_5j8u_conf0,0.140468183077756,1.0,911,21,2,ref,qwen_1p7b_fsq_bigdata_step47023
5j8z_5j8z_conf0,0.8373786607360636,0.0,956,32,6,ref,qwen_1p7b_fsq_bigdata_step47023
5ji8_5ji8_conf0,0.0430427169232869,1.0,1000,13,1,ref,qwen_1p7b_fsq_bigdata_step47023
5jq5_5jq5_conf0,0.6470644282131587,1.0,948,29,7,ref,qwen_1p7b_fsq_bigdata_step47023
5jsj_5jsj_conf0,1.9511477055567648,0.0,852,50,13,ref,qwen_1p7b_fsq_bigdata_step47023
5jy3_5jy3_conf0,0.6910468732866413,1.0,681,40,7,ref,qwen_1p7b_fsq_bigdata_step47023
5k8s_5k8s_conf0,0.18863150120326,1.0,975,22,1,ref,qwen_1p7b_fsq_bigdata_step47023
5k9w_5k9w_conf0,0.1093706662985265,1.0,993,18,2,ref,qwen_1p7b_fsq_bigdata_step47023
5ka1_5ka1_conf0,0.1185235827999166,1.0,993,18,2,ref,qwen_1p7b_fsq_bigdata_step47023
5ka7_5ka7_conf0,0.1177555458422055,1.0,993,18,2,ref,qwen_1p7b_fsq_bigdata_step47023
5ka9_5ka9_conf0,0.1303314451723501,1.0,993,18,2,ref,qwen_1p7b_fsq_bigdata_step47023
5kad_5kad_conf0,0.1322879151459579,1.0,993,18,2,ref,qwen_1p7b_fsq_bigdata_step47023
5kh3_5kh3_conf0,0.1942007878533395,1.0,999,15,3,ref,qwen_1p7b_fsq_bigdata_step47023
5l3a_5l3a_conf0,0.1786390959859848,1.0,996,14,2,ref,qwen_1p7b_fsq_bigdata_step47023
5l4i_5l4i_conf0,0.0595187417235188,1.0,997,18,3,ref,qwen_1p7b_fsq_bigdata_step47023
5l4j_5l4j_conf0,0.1391040915363926,1.0,1000,17,2,ref,qwen_1p7b_fsq_bigdata_step47023
5l4m_5l4m_conf0,0.1113674289187195,1.0,955,14,3,ref,qwen_1p7b_fsq_bigdata_step47023
5l8a_5l8a_conf0,1.2561902159616978,0.0,983,35,8,ref,qwen_1p7b_fsq_bigdata_step47023
5ld8_5ld8_conf0,0.4596851017735663,1.0,1000,18,5,ref,qwen_1p7b_fsq_bigdata_step47023
5ljq_5ljq_conf0,0.4025888439401784,1.0,997,23,5,ref,qwen_1p7b_fsq_bigdata_step47023
5ljt_5ljt_conf0,0.3782633501459981,1.0,1000,23,5,ref,qwen_1p7b_fsq_bigdata_step47023
5llc_5llc_conf0,0.652736109668588,1.0,977,26,6,ref,qwen_1p7b_fsq_bigdata_step47023
5llg_5llg_conf0,0.2897927452337949,1.0,1000,14,4,ref,qwen_1p7b_fsq_bigdata_step47023
5llh_5llh_conf0,0.1937878917392272,1.0,998,24,3,ref,qwen_1p7b_fsq_bigdata_step47023
5lny_5lny_conf0,0.3927723338920508,1.0,975,34,4,ref,qwen_1p7b_fsq_bigdata_step47023
5ltn_5ltn_conf0,0.2775627964984728,1.0,995,14,4,ref,qwen_1p7b_fsq_bigdata_step47023
5lvq_5lvq_conf0,0.2526377276181848,1.0,991,17,3,ref,qwen_1p7b_fsq_bigdata_step47023
5lvr_5lvr_conf0,0.0725416586076852,1.0,996,15,2,ref,qwen_1p7b_fsq_bigdata_step47023
5lz4_5lz4_conf0,0.2170469808658185,1.0,984,20,4,ref,qwen_1p7b_fsq_bigdata_step47023
5lz5_5lz5_conf0,0.2629751750617063,1.0,936,25,5,ref,qwen_1p7b_fsq_bigdata_step47023
5meh_5meh_conf0,0.2223384710546991,1.0,927,11,1,ref,qwen_1p7b_fsq_bigdata_step47023
5mg2_5mg2_conf0,0.2758966433689935,1.0,996,32,4,ref,qwen_1p7b_fsq_bigdata_step47023
5mgf_5mgf_conf0,0.1264956456719081,1.0,933,13,3,ref,qwen_1p7b_fsq_bigdata_step47023
5mgk_5mgk_conf0,0.1801354408838214,1.0,933,13,3,ref,qwen_1p7b_fsq_bigdata_step47023
5mme_5mme_conf0,1.4239905942603706,0.0,999,27,7,ref,qwen_1p7b_fsq_bigdata_step47023
5mnn_5mnn_conf0,0.0584422173924868,1.0,1000,9,0,ref,qwen_1p7b_fsq_bigdata_step47023
5mod_5mod_conf0,0.1600230389613119,1.0,998,13,3,ref,qwen_1p7b_fsq_bigdata_step47023
5mpz_5mpz_conf0,0.0806361956994596,1.0,1000,14,1,ref,qwen_1p7b_fsq_bigdata_step47023
5mqe_5mqe_conf0,0.099152532378712,1.0,1000,10,1,ref,qwen_1p7b_fsq_bigdata_step47023
5msb_5msb_conf0,0.3120890605332747,1.0,990,20,4,ref,qwen_1p7b_fsq_bigdata_step47023
5mwh_5mwh_conf0,0.389933569616716,1.0,856,34,6,ref,qwen_1p7b_fsq_bigdata_step47023
5my8_5my8_conf0,0.3945849146501682,1.0,941,37,6,ref,qwen_1p7b_fsq_bigdata_step47023
5mz8_5mz8_conf0,0.0814890210176893,1.0,1000,8,3,ref,qwen_1p7b_fsq_bigdata_step47023
5n0e_5n0e_conf0,0.5994962162520646,1.0,683,30,3,ref,qwen_1p7b_fsq_bigdata_step47023
5n1s_5n1s_conf0,0.2621897973198251,1.0,1000,19,2,ref,qwen_1p7b_fsq_bigdata_step47023
5n24_5n24_conf0,0.1357815904407394,1.0,1000,18,2,ref,qwen_1p7b_fsq_bigdata_step47023
5n25_5n25_conf0,0.17287296900821,1.0,1000,16,2,ref,qwen_1p7b_fsq_bigdata_step47023
5n84_5n84_conf0,0.350010025028451,1.0,999,26,6,ref,qwen_1p7b_fsq_bigdata_step47023
5n93_5n93_conf0,0.2558038710881283,1.0,994,24,4,ref,qwen_1p7b_fsq_bigdata_step47023
5n9r_5n9r_conf0,0.7380613088765795,1.0,927,30,5,ref,qwen_1p7b_fsq_bigdata_step47023
5nbw_5nbw_conf0,0.0367075865853804,1.0,1000,21,0,ref,qwen_1p7b_fsq_bigdata_step47023
5nea_5nea_conf0,0.1387771030753339,1.0,999,16,2,ref,qwen_1p7b_fsq_bigdata_step47023
5nee_5nee_conf0,0.6685164685260139,1.0,999,22,3,ref,qwen_1p7b_fsq_bigdata_step47023
5ngz_5ngz_conf0,0.039295502528161,1.0,1000,11,1,ref,qwen_1p7b_fsq_bigdata_step47023
5nlk_5nlk_conf0,0.6111430637325512,1.0,976,33,8,ref,qwen_1p7b_fsq_bigdata_step47023
5nxi_5nxi_conf0,0.3027459093631687,1.0,1000,21,4,ref,qwen_1p7b_fsq_bigdata_step47023
5ny1_5ny1_conf0,0.6057244319317912,1.0,996,26,4,ref,qwen_1p7b_fsq_bigdata_step47023
5ny3_5ny3_conf0,0.7285758816276623,1.0,889,23,5,ref,qwen_1p7b_fsq_bigdata_step47023
5nya_5nya_conf0,0.0310176595032802,1.0,1000,10,1,ref,qwen_1p7b_fsq_bigdata_step47023
5o07_5o07_conf0,0.283997743301778,1.0,883,16,5,ref,qwen_1p7b_fsq_bigdata_step47023
5o1d_5o1d_conf0,0.2115722174920466,1.0,999,20,5,ref,qwen_1p7b_fsq_bigdata_step47023
5o1f_5o1f_conf0,0.2566397760013708,1.0,998,21,6,ref,qwen_1p7b_fsq_bigdata_step47023
5o1h_5o1h_conf0,0.1789602056112604,1.0,1000,20,5,ref,qwen_1p7b_fsq_bigdata_step47023
5o2d_5o2d_conf0,0.196736392483875,1.0,954,24,3,ref,qwen_1p7b_fsq_bigdata_step47023
5o5a_5o5a_conf0,0.5421553260353151,1.0,969,30,5,ref,qwen_1p7b_fsq_bigdata_step47023
5oh3_5oh3_conf0,0.0739868991209648,1.0,897,10,1,ref,qwen_1p7b_fsq_bigdata_step47023
5oku_5oku_conf0,0.1158628149695415,1.0,1000,10,5,ref,qwen_1p7b_fsq_bigdata_step47023
5op4_5op4_conf0,0.3849509328077906,1.0,980,31,6,ref,qwen_1p7b_fsq_bigdata_step47023
5op5_5op5_conf0,0.2083383353972177,1.0,944,23,2,ref,qwen_1p7b_fsq_bigdata_step47023
5oq8_5oq8_conf0,0.345880747861322,1.0,995,30,6,ref,qwen_1p7b_fsq_bigdata_step47023
5oqu_5oqu_conf0,0.1080729397898396,1.0,999,17,3,ref,qwen_1p7b_fsq_bigdata_step47023
5orh_5orh_conf0,0.053904250126929,1.0,1000,16,2,ref,qwen_1p7b_fsq_bigdata_step47023
5orj_5orj_conf0,0.2332953433847771,1.0,985,17,3,ref,qwen_1p7b_fsq_bigdata_step47023
5ork_5ork_conf0,0.1413801396880191,1.0,999,16,2,ref,qwen_1p7b_fsq_bigdata_step47023
5orv_5orv_conf0,0.1727963218838359,1.0,1000,11,3,ref,qwen_1p7b_fsq_bigdata_step47023
5os5_5os5_conf0,0.0458217525453255,1.0,1000,15,2,ref,qwen_1p7b_fsq_bigdata_step47023
5os7_5os7_conf0,0.2196678857273236,1.0,999,18,3,ref,qwen_1p7b_fsq_bigdata_step47023
5ov8_5ov8_conf0,0.5354164944295687,1.0,921,33,6,ref,qwen_1p7b_fsq_bigdata_step47023
5qa8_5qa8_conf0,0.0716994778074941,1.0,1000,16,2,ref,qwen_1p7b_fsq_bigdata_step47023
5qal_5qal_conf0,0.0615350390187957,1.0,1000,18,3,ref,qwen_1p7b_fsq_bigdata_step47023
5qay_5qay_conf0,0.1160486372616582,1.0,999,15,2,ref,qwen_1p7b_fsq_bigdata_step47023
5sym_5sym_conf0,0.8114749228766909,0.0,993,28,4,ref,qwen_1p7b_fsq_bigdata_step47023
5sz0_5sz0_conf0,0.1900003399891529,1.0,1000,16,2,ref,qwen_1p7b_fsq_bigdata_step47023
5sz1_5sz1_conf0,0.198282919204911,1.0,1000,17,2,ref,qwen_1p7b_fsq_bigdata_step47023
5sz2_5sz2_conf0,0.1306387971340254,1.0,1000,18,3,ref,qwen_1p7b_fsq_bigdata_step47023
5sz3_5sz3_conf0,0.3503910482770666,1.0,1000,20,2,ref,qwen_1p7b_fsq_bigdata_step47023
5sz4_5sz4_conf0,0.0895277035125468,1.0,1000,16,2,ref,qwen_1p7b_fsq_bigdata_step47023
5sz5_5sz5_conf0,0.1646590142072977,1.0,1000,17,2,ref,qwen_1p7b_fsq_bigdata_step47023
5sz6_5sz6_conf0,0.2662043843808988,1.0,1000,18,3,ref,qwen_1p7b_fsq_bigdata_step47023
5sz7_5sz7_conf0,0.1737280266962607,1.0,1000,20,2,ref,qwen_1p7b_fsq_bigdata_step47023
5t8o_5t8o_conf0,0.2091650425890845,1.0,994,23,1,ref,qwen_1p7b_fsq_bigdata_step47023
5t8p_5t8p_conf0,0.0762671500343103,1.0,999,17,1,ref,qwen_1p7b_fsq_bigdata_step47023
5tcy_5tcy_conf0,0.828558634697451,0.0,971,27,8,ref,qwen_1p7b_fsq_bigdata_step47023
5tt3_5tt3_conf0,0.3346765076207696,1.0,1000,16,3,ref,qwen_1p7b_fsq_bigdata_step47023
5u11_5u11_conf0,0.2184220271250421,1.0,1000,17,3,ref,qwen_1p7b_fsq_bigdata_step47023
5u12_5u12_conf0,0.2923521743399287,1.0,993,20,3,ref,qwen_1p7b_fsq_bigdata_step47023
5u28_5u28_conf0,0.2368820019266168,1.0,1000,26,2,ref,qwen_1p7b_fsq_bigdata_step47023
5u49_5u49_conf0,0.1726941554836193,1.0,994,18,2,ref,qwen_1p7b_fsq_bigdata_step47023
5u4b_5u4b_conf0,0.1311167174609369,1.0,999,18,3,ref,qwen_1p7b_fsq_bigdata_step47023
5u4d_5u4d_conf0,0.1032404840750585,1.0,997,19,3,ref,qwen_1p7b_fsq_bigdata_step47023
5uez_5uez_conf0,0.2278756189527765,1.0,985,23,4,ref,qwen_1p7b_fsq_bigdata_step47023
5uf0_5uf0_conf0,0.056346767096777,1.0,1000,16,2,ref,qwen_1p7b_fsq_bigdata_step47023
5ufp_5ufp_conf0,0.4469022795722324,1.0,764,28,4,ref,qwen_1p7b_fsq_bigdata_step47023
5ula_5ula_conf0,0.2858344926264418,1.0,981,26,5,ref,qwen_1p7b_fsq_bigdata_step47023
5uln_5uln_conf0,0.3384639255466078,1.0,1000,21,3,ref,qwen_1p7b_fsq_bigdata_step47023
5uoo_5uoo_conf0,0.2983980040795495,1.0,908,33,3,ref,qwen_1p7b_fsq_bigdata_step47023
5ut6_5ut6_conf0,0.1600097238812514,1.0,1000,23,4,ref,qwen_1p7b_fsq_bigdata_step47023
5v82_5v82_conf0,0.1294464441954454,1.0,969,30,3,ref,qwen_1p7b_fsq_bigdata_step47023
5vcv_5vcv_conf0,0.4485754668382472,1.0,987,33,7,ref,qwen_1p7b_fsq_bigdata_step47023
5vcw_5vcw_conf0,0.370305716528597,1.0,969,33,8,ref,qwen_1p7b_fsq_bigdata_step47023
5vd0_5vd0_conf0,0.47076594988667,1.0,950,37,7,ref,qwen_1p7b_fsq_bigdata_step47023
5vd1_5vd1_conf0,0.3347582408219655,1.0,998,34,4,ref,qwen_1p7b_fsq_bigdata_step47023
5vd2_5vd2_conf0,0.4393738072161625,1.0,984,34,6,ref,qwen_1p7b_fsq_bigdata_step47023
5vja_5vja_conf0,0.3134152318410572,1.0,965,23,4,ref,qwen_1p7b_fsq_bigdata_step47023
5vkc_5vkc_conf0,1.2034271317063368,0.0,661,57,13,ref,qwen_1p7b_fsq_bigdata_step47023
5vl2_5vl2_conf0,0.1410268714671117,1.0,836,19,2,ref,qwen_1p7b_fsq_bigdata_step47023
5vm0_5vm0_conf0,0.133649036683321,1.0,836,19,2,ref,qwen_1p7b_fsq_bigdata_step47023
5vyy_5vyy_conf0,0.601307372432867,1.0,962,27,6,ref,qwen_1p7b_fsq_bigdata_step47023
5w1e_5w1e_conf0,0.0214099962854689,1.0,1000,10,1,ref,qwen_1p7b_fsq_bigdata_step47023
5wbo_5wbo_conf0,0.1811195602958185,1.0,1000,16,1,ref,qwen_1p7b_fsq_bigdata_step47023
5wcm_5wcm_conf0,0.0718124792725819,1.0,1000,13,2,ref,qwen_1p7b_fsq_bigdata_step47023
5wgp_5wgp_conf0,0.1215150123281269,1.0,1000,10,0,ref,qwen_1p7b_fsq_bigdata_step47023
5wij_5wij_conf0,0.5104405061746821,1.0,994,31,8,ref,qwen_1p7b_fsq_bigdata_step47023
5win_5win_conf0,0.3256224967479316,1.0,968,27,4,ref,qwen_1p7b_fsq_bigdata_step47023
5wqc_5wqc_conf0,1.0611299504681118,0.0,862,32,9,ref,qwen_1p7b_fsq_bigdata_step47023
5wuk_5wuk_conf0,0.330391194452897,1.0,996,26,5,ref,qwen_1p7b_fsq_bigdata_step47023
5wyx_5wyx_conf0,0.1329963395712494,1.0,1000,19,2,ref,qwen_1p7b_fsq_bigdata_step47023
5wyz_5wyz_conf0,0.0691832274331855,1.0,1000,19,1,ref,qwen_1p7b_fsq_bigdata_step47023
5xmx_5xmx_conf0,0.8482326380529959,0.0,815,32,10,ref,qwen_1p7b_fsq_bigdata_step47023
5xpi_5xpi_conf0,0.6868912185973965,1.0,978,26,8,ref,qwen_1p7b_fsq_bigdata_step47023
5y12_5y12_conf0,0.5162310032762312,1.0,979,23,8,ref,qwen_1p7b_fsq_bigdata_step47023
5y13_5y13_conf0,0.6210146608867807,1.0,991,22,7,ref,qwen_1p7b_fsq_bigdata_step47023
5y8y_5y8y_conf0,0.2083952423961567,1.0,964,25,5,ref,qwen_1p7b_fsq_bigdata_step47023
5y94_5y94_conf0,0.2835904170586942,1.0,971,25,5,ref,qwen_1p7b_fsq_bigdata_step47023
5ya5_5ya5_conf0,0.3473940113863286,1.0,1000,26,4,ref,qwen_1p7b_fsq_bigdata_step47023
5yas_5yas_conf0,0.066474254807853,1.0,1000,11,0,ref,qwen_1p7b_fsq_bigdata_step47023
5yl2_5yl2_conf0,0.3405705515472401,1.0,986,27,5,ref,qwen_1p7b_fsq_bigdata_step47023
5z7b_5z7b_conf0,0.0686251297415833,1.0,999,12,2,ref,qwen_1p7b_fsq_bigdata_step47023
5za7_5za7_conf0,0.2684535075153528,1.0,614,21,2,ref,qwen_1p7b_fsq_bigdata_step47023
5za8_5za8_conf0,0.3125923783250054,1.0,468,26,3,ref,qwen_1p7b_fsq_bigdata_step47023
5za9_5za9_conf0,0.4181487394225359,1.0,639,29,3,ref,qwen_1p7b_fsq_bigdata_step47023
5zae_5zae_conf0,0.4622353775080953,1.0,581,25,3,ref,qwen_1p7b_fsq_bigdata_step47023
5zag_5zag_conf0,0.3168838532047894,1.0,598,26,3,ref,qwen_1p7b_fsq_bigdata_step47023
5zaj_5zaj_conf0,0.4907422166939897,1.0,473,30,5,ref,qwen_1p7b_fsq_bigdata_step47023
5zc5_5zc5_conf0,0.4216485629750278,1.0,646,30,3,ref,qwen_1p7b_fsq_bigdata_step47023
5zni_5zni_conf0,0.2918401267680185,1.0,960,26,2,ref,qwen_1p7b_fsq_bigdata_step47023
6abx_6abx_conf0,0.2837297143744783,1.0,993,13,5,ref,qwen_1p7b_fsq_bigdata_step47023
6ajv_6ajv_conf0,0.1397430880923121,1.0,991,19,4,ref,qwen_1p7b_fsq_bigdata_step47023
6ajz_6ajz_conf0,0.3844193736313281,1.0,790,29,5,ref,qwen_1p7b_fsq_bigdata_step47023
6ayq_6ayq_conf0,0.7712697079484988,0.0,992,20,4,ref,qwen_1p7b_fsq_bigdata_step47023
6b1k_6b1k_conf0,0.0415219945450404,1.0,1000,24,2,ref,qwen_1p7b_fsq_bigdata_step47023
6b4d_6b4d_conf0,0.2328544613235968,1.0,1000,20,3,ref,qwen_1p7b_fsq_bigdata_step47023
6b4l_6b4l_conf0,0.2640782038893349,1.0,980,26,6,ref,qwen_1p7b_fsq_bigdata_step47023
6b4u_6b4u_conf0,0.908241934460454,0.0,703,41,10,ref,qwen_1p7b_fsq_bigdata_step47023
6b59_6b59_conf0,0.5897982058531686,1.0,999,26,6,ref,qwen_1p7b_fsq_bigdata_step47023
6b7b_6b7b_conf0,0.0740493403882306,1.0,1000,12,1,ref,qwen_1p7b_fsq_bigdata_step47023
6b98_6b98_conf0,0.0364473105434298,1.0,1000,13,1,ref,qwen_1p7b_fsq_bigdata_step47023
6c7q_6c7q_conf0,0.487231428241568,1.0,961,34,4,ref,qwen_1p7b_fsq_bigdata_step47023
6c7w_6c7w_conf0,0.4686431045525621,1.0,806,23,4,ref,qwen_1p7b_fsq_bigdata_step47023
6cbg_6cbg_conf0,0.0511419182848026,1.0,1000,14,2,ref,qwen_1p7b_fsq_bigdata_step47023
6ce6_6ce6_conf0,0.4274981757640709,1.0,990,22,6,ref,qwen_1p7b_fsq_bigdata_step47023
6ced_6ced_conf0,0.063816090579295,1.0,1000,17,3,ref,qwen_1p7b_fsq_bigdata_step47023
6cjs_6cjs_conf0,0.3544634863272924,1.0,976,34,7,ref,qwen_1p7b_fsq_bigdata_step47023
6ckr_6ckr_conf0,0.4062005908161726,1.0,995,29,4,ref,qwen_1p7b_fsq_bigdata_step47023
6cks_6cks_conf0,0.4080294392493493,1.0,988,31,5,ref,qwen_1p7b_fsq_bigdata_step47023
6cn5_6cn5_conf0,0.7753435464169837,0.0,1000,35,4,ref,qwen_1p7b_fsq_bigdata_step47023
6csp_6csp_conf0,0.1206600426712744,1.0,979,10,1,ref,qwen_1p7b_fsq_bigdata_step47023
6csq_6csq_conf0,0.0881152237643093,1.0,999,10,1,ref,qwen_1p7b_fsq_bigdata_step47023
6csr_6csr_conf0,0.0355988158861153,1.0,998,10,1,ref,qwen_1p7b_fsq_bigdata_step47023
6css_6css_conf0,0.1600140860970113,1.0,949,9,1,ref,qwen_1p7b_fsq_bigdata_step47023
6d15_6d15_conf0,0.1026776117166871,1.0,999,18,2,ref,qwen_1p7b_fsq_bigdata_step47023
6d16_6d16_conf0,0.1672936862458275,1.0,998,18,3,ref,qwen_1p7b_fsq_bigdata_step47023
6d17_6d17_conf0,0.1289354858668732,1.0,979,19,2,ref,qwen_1p7b_fsq_bigdata_step47023
6d18_6d18_conf0,0.1158318971050311,1.0,994,18,2,ref,qwen_1p7b_fsq_bigdata_step47023
6d19_6d19_conf0,0.1043336812458528,1.0,979,18,2,ref,qwen_1p7b_fsq_bigdata_step47023
6d1a_6d1a_conf0,0.1515200230940594,1.0,999,18,2,ref,qwen_1p7b_fsq_bigdata_step47023
6d1b_6d1b_conf0,0.1256210735818749,1.0,998,18,3,ref,qwen_1p7b_fsq_bigdata_step47023
6d1d_6d1d_conf0,0.0926880111734908,1.0,994,18,2,ref,qwen_1p7b_fsq_bigdata_step47023
6d1g_6d1g_conf0,0.0834499883824125,1.0,979,18,2,ref,qwen_1p7b_fsq_bigdata_step47023
6d1h_6d1h_conf0,0.1083140031292627,1.0,1000,16,2,ref,qwen_1p7b_fsq_bigdata_step47023
6d1i_6d1i_conf0,0.1030598829243728,1.0,1000,17,2,ref,qwen_1p7b_fsq_bigdata_step47023
6d1j_6d1j_conf0,0.0794693439505484,1.0,994,18,2,ref,qwen_1p7b_fsq_bigdata_step47023
6d1k_6d1k_conf0,0.0616100578287217,1.0,995,15,2,ref,qwen_1p7b_fsq_bigdata_step47023
6d55_6d55_conf0,0.3824503562294971,1.0,984,34,4,ref,qwen_1p7b_fsq_bigdata_step47023
6d56_6d56_conf0,0.3270303011993052,1.0,992,34,4,ref,qwen_1p7b_fsq_bigdata_step47023
6d5e_6d5e_conf0,0.3525101858600608,1.0,938,33,5,ref,qwen_1p7b_fsq_bigdata_step47023
6d5g_6d5g_conf0,0.3118650953505563,1.0,995,32,4,ref,qwen_1p7b_fsq_bigdata_step47023
6d5h_6d5h_conf0,0.3598419796537607,1.0,992,33,4,ref,qwen_1p7b_fsq_bigdata_step47023
6d5j_6d5j_conf0,0.1976073034816025,1.0,999,26,3,ref,qwen_1p7b_fsq_bigdata_step47023
6dar_6dar_conf0,0.8121671033636447,0.0,948,30,7,ref,qwen_1p7b_fsq_bigdata_step47023
6dd0_6dd0_conf0,0.196013779779324,1.0,915,18,2,ref,qwen_1p7b_fsq_bigdata_step47023
6dl2_6dl2_conf0,0.2451423958101887,1.0,1000,22,2,ref,qwen_1p7b_fsq_bigdata_step47023
6dq4_6dq4_conf0,0.6849387996940095,1.0,996,29,6,ref,qwen_1p7b_fsq_bigdata_step47023
6dyn_6dyn_conf0,0.1501822800128353,1.0,1000,8,2,ref,qwen_1p7b_fsq_bigdata_step47023
6dyr_6dyr_conf0,0.4054102794741589,1.0,1000,13,5,ref,qwen_1p7b_fsq_bigdata_step47023
6dzx_6dzx_conf0,0.2035145925477238,1.0,977,9,4,ref,qwen_1p7b_fsq_bigdata_step47023
6e1z_6e1z_conf0,0.080403746630817,1.0,1000,14,3,ref,qwen_1p7b_fsq_bigdata_step47023
6ebe_6ebe_conf0,0.3592485999282532,1.0,852,28,4,ref,qwen_1p7b_fsq_bigdata_step47023
6ecz_6ecz_conf0,0.4764174144622135,1.0,915,29,4,ref,qwen_1p7b_fsq_bigdata_step47023
6eed_6eed_conf0,0.4314353961563253,1.0,892,30,6,ref,qwen_1p7b_fsq_bigdata_step47023
6eeo_6eeo_conf0,0.7202507527319874,1.0,808,26,4,ref,qwen_1p7b_fsq_bigdata_step47023
6eif_6eif_conf0,0.3715949170235539,1.0,1000,25,3,ref,qwen_1p7b_fsq_bigdata_step47023
6eiq_6eiq_conf0,0.4322511798503523,1.0,999,30,6,ref,qwen_1p7b_fsq_bigdata_step47023
6eis_6eis_conf0,0.1837753926743731,1.0,942,31,2,ref,qwen_1p7b_fsq_bigdata_step47023
6eiz_6eiz_conf0,0.56685966427512,1.0,958,16,7,ref,qwen_1p7b_fsq_bigdata_step47023
6el5_6el5_conf0,0.6841565981383807,1.0,978,30,8,ref,qwen_1p7b_fsq_bigdata_step47023
6elp_6elp_conf0,0.5068877376776467,1.0,798,28,5,ref,qwen_1p7b_fsq_bigdata_step47023
6ep4_6ep4_conf0,0.5727580862740944,1.0,987,18,11,ref,qwen_1p7b_fsq_bigdata_step47023
6epa_6epa_conf0,0.4910463308799607,1.0,923,26,5,ref,qwen_1p7b_fsq_bigdata_step47023
6eq2_6eq2_conf0,0.0319313759253338,1.0,1000,10,0,ref,qwen_1p7b_fsq_bigdata_step47023
6eq3_6eq3_conf0,0.1780569641408916,1.0,1000,16,2,ref,qwen_1p7b_fsq_bigdata_step47023
6eq5_6eq5_conf0,0.0335619051192812,1.0,1000,10,0,ref,qwen_1p7b_fsq_bigdata_step47023
6eq7_6eq7_conf0,0.0619005517539698,1.0,1000,17,1,ref,qwen_1p7b_fsq_bigdata_step47023
6eqp_6eqp_conf0,0.3832321755607237,1.0,952,22,5,ref,qwen_1p7b_fsq_bigdata_step47023
6ey8_6ey8_conf0,0.3683471016793407,1.0,959,29,5,ref,qwen_1p7b_fsq_bigdata_step47023
6ey9_6ey9_conf0,0.901059266337194,0.0,894,30,5,ref,qwen_1p7b_fsq_bigdata_step47023
6eya_6eya_conf0,0.6403623939118479,1.0,927,31,4,ref,qwen_1p7b_fsq_bigdata_step47023
6f20_6f20_conf0,0.1500655778825834,1.0,999,14,2,ref,qwen_1p7b_fsq_bigdata_step47023
6f3b_6f3b_conf0,0.5152582340934626,1.0,945,23,4,ref,qwen_1p7b_fsq_bigdata_step47023
6faf_6faf_conf0,0.5897288556847373,1.0,951,23,3,ref,qwen_1p7b_fsq_bigdata_step47023
6fag_6fag_conf0,0.7023793582944078,1.0,857,23,4,ref,qwen_1p7b_fsq_bigdata_step47023
6fba_6fba_conf0,0.0268390559297502,1.0,1000,12,0,ref,qwen_1p7b_fsq_bigdata_step47023
6fe0_6fe0_conf0,0.5512645409139617,1.0,937,26,6,ref,qwen_1p7b_fsq_bigdata_step47023
6fe1_6fe1_conf0,0.6792016934094813,1.0,941,28,6,ref,qwen_1p7b_fsq_bigdata_step47023
6fnf_6fnf_conf0,0.8782726539882353,0.0,927,37,5,ref,qwen_1p7b_fsq_bigdata_step47023
6fni_6fni_conf0,0.8921950523622837,0.0,927,37,5,ref,qwen_1p7b_fsq_bigdata_step47023
6fo5_6fo5_conf0,1.0108113396283338,0.0,962,37,7,ref,qwen_1p7b_fsq_bigdata_step47023
6fs1_6fs1_conf0,1.373823803830606,0.0,788,43,11,ref,qwen_1p7b_fsq_bigdata_step47023
6fsy_6fsy_conf0,0.2786696445135159,1.0,997,22,3,ref,qwen_1p7b_fsq_bigdata_step47023
6ftz_6ftz_conf0,0.290549365199506,1.0,991,23,4,ref,qwen_1p7b_fsq_bigdata_step47023
6fuj_6fuj_conf0,0.9723182327180512,0.0,1000,21,5,ref,qwen_1p7b_fsq_bigdata_step47023
6fz4_6fz4_conf0,0.1908417879901117,1.0,860,27,2,ref,qwen_1p7b_fsq_bigdata_step47023
6g27_6g27_conf0,0.0892153304487774,1.0,1000,20,2,ref,qwen_1p7b_fsq_bigdata_step47023
6g2b_6g2b_conf0,0.0678956291099922,1.0,1000,18,2,ref,qwen_1p7b_fsq_bigdata_step47023
6g2o_6g2o_conf0,0.2332325620724406,1.0,926,27,3,ref,qwen_1p7b_fsq_bigdata_step47023
6g34_6g34_conf0,0.1061172901252194,1.0,942,20,2,ref,qwen_1p7b_fsq_bigdata_step47023
6g39_6g39_conf0,0.1358093893982327,1.0,942,20,2,ref,qwen_1p7b_fsq_bigdata_step47023
6g3a_6g3a_conf0,0.1259772559723639,1.0,942,20,2,ref,qwen_1p7b_fsq_bigdata_step47023
6g5l_6g5l_conf0,0.431194704585952,1.0,988,24,6,ref,qwen_1p7b_fsq_bigdata_step47023
6g5u_6g5u_conf0,0.4632911970017401,1.0,1000,19,5,ref,qwen_1p7b_fsq_bigdata_step47023
6g6t_6g6t_conf0,0.2299986543238612,1.0,1000,19,5,ref,qwen_1p7b_fsq_bigdata_step47023
6g7a_6g7a_conf0,0.3545035846473491,1.0,992,25,7,ref,qwen_1p7b_fsq_bigdata_step47023
6g9i_6g9i_conf0,0.2178089446339468,1.0,986,22,4,ref,qwen_1p7b_fsq_bigdata_step47023
6gdy_6gdy_conf0,0.1754860137938039,1.0,997,10,4,ref,qwen_1p7b_fsq_bigdata_step47023
6gl9_6gl9_conf0,0.2067642130041701,1.0,956,28,3,ref,qwen_1p7b_fsq_bigdata_step47023
6gla_6gla_conf0,0.3504137314916956,1.0,965,27,3,ref,qwen_1p7b_fsq_bigdata_step47023
6glb_6glb_conf0,0.4160511236010933,1.0,965,27,4,ref,qwen_1p7b_fsq_bigdata_step47023
6gnm_6gnm_conf0,0.0457585133966868,1.0,992,18,2,ref,qwen_1p7b_fsq_bigdata_step47023
6gnr_6gnr_conf0,0.0876876727035913,1.0,997,18,3,ref,qwen_1p7b_fsq_bigdata_step47023
6gnw_6gnw_conf0,0.1087943127921073,1.0,967,14,3,ref,qwen_1p7b_fsq_bigdata_step47023
6got_6got_conf0,0.5647068964011868,1.0,997,19,5,ref,qwen_1p7b_fsq_bigdata_step47023
6gue_6gue_conf0,0.2308250557497091,1.0,999,26,5,ref,qwen_1p7b_fsq_bigdata_step47023
6guh_6guh_conf0,0.2777216677291844,1.0,999,26,5,ref,qwen_1p7b_fsq_bigdata_step47023
6gvf_6gvf_conf0,0.0917502069832544,1.0,980,23,2,ref,qwen_1p7b_fsq_bigdata_step47023
6h29_6h29_conf0,0.0869964649513775,1.0,997,11,2,ref,qwen_1p7b_fsq_bigdata_step47023
6h33_6h33_conf0,0.5520797812038115,1.0,998,25,3,ref,qwen_1p7b_fsq_bigdata_step47023
6h34_6h34_conf0,0.296818706145781,1.0,1000,26,4,ref,qwen_1p7b_fsq_bigdata_step47023
6h36_6h36_conf0,0.2895591621161707,1.0,1000,24,3,ref,qwen_1p7b_fsq_bigdata_step47023
6h38_6h38_conf0,0.3324538237792867,1.0,1000,26,4,ref,qwen_1p7b_fsq_bigdata_step47023
6h8s_6h8s_conf0,0.3633927475752522,1.0,977,20,2,ref,qwen_1p7b_fsq_bigdata_step47023
6haz_6haz_conf0,0.1634947934149788,1.0,975,20,2,ref,qwen_1p7b_fsq_bigdata_step47023
6hd6_6hd6_conf0,0.7964976281406079,0.0,1000,27,5,ref,qwen_1p7b_fsq_bigdata_step47023
6hk3_6hk3_conf0,0.2799166519750548,1.0,996,34,6,ref,qwen_1p7b_fsq_bigdata_step47023
6hk4_6hk4_conf0,0.536887442674013,1.0,991,31,5,ref,qwen_1p7b_fsq_bigdata_step47023
6hke_6hke_conf0,0.1667711430052683,1.0,990,9,3,ref,qwen_1p7b_fsq_bigdata_step47023
6hoq_6hoq_conf0,0.0682156423345534,1.0,996,14,3,ref,qwen_1p7b_fsq_bigdata_step47023
6hrq_6hrq_conf0,0.56960140098913,1.0,998,23,5,ref,qwen_1p7b_fsq_bigdata_step47023
6hsh_6hsh_conf0,0.3275719924482034,1.0,999,29,6,ref,qwen_1p7b_fsq_bigdata_step47023
6htg_6htg_conf0,0.1700268924960559,1.0,996,20,3,ref,qwen_1p7b_fsq_bigdata_step47023
6i0z_6i0z_conf0,0.0892166308966749,1.0,990,13,1,ref,qwen_1p7b_fsq_bigdata_step47023
6i11_6i11_conf0,0.3380162681938097,1.0,1000,27,4,ref,qwen_1p7b_fsq_bigdata_step47023
6i12_6i12_conf0,0.3387918020969973,1.0,996,28,4,ref,qwen_1p7b_fsq_bigdata_step47023
6i13_6i13_conf0,0.4647046838365963,1.0,991,28,4,ref,qwen_1p7b_fsq_bigdata_step47023
6i14_6i14_conf0,0.5050571818152417,1.0,996,29,4,ref,qwen_1p7b_fsq_bigdata_step47023
6i18_6i18_conf0,0.4484600020383374,1.0,950,34,5,ref,qwen_1p7b_fsq_bigdata_step47023
6i61_6i61_conf0,0.0889823859263455,1.0,998,18,3,ref,qwen_1p7b_fsq_bigdata_step47023
6i62_6i62_conf0,0.1800865401644948,1.0,998,19,2,ref,qwen_1p7b_fsq_bigdata_step47023
6i63_6i63_conf0,0.0621197583097966,1.0,1000,17,2,ref,qwen_1p7b_fsq_bigdata_step47023
6i64_6i64_conf0,0.0863308587105131,1.0,1000,16,2,ref,qwen_1p7b_fsq_bigdata_step47023
6i65_6i65_conf0,0.0650800680002645,1.0,1000,10,1,ref,qwen_1p7b_fsq_bigdata_step47023
6iiu_6iiu_conf0,0.5747913054141978,1.0,738,29,6,ref,qwen_1p7b_fsq_bigdata_step47023
6j1l_6j1l_conf0,0.7557806167186696,0.0,997,38,7,ref,qwen_1p7b_fsq_bigdata_step47023
6k3l_6k3l_conf0,0.1204186585749056,1.0,1000,25,3,ref,qwen_1p7b_fsq_bigdata_step47023
6mdu_6mdu_conf0,0.8367286918752509,0.0,999,25,4,ref,qwen_1p7b_fsq_bigdata_step47023
6mg5_6mg5_conf0,0.0977055732149683,1.0,1000,17,3,ref,qwen_1p7b_fsq_bigdata_step47023
6mh1_6mh1_conf0,0.3325816006683516,1.0,891,33,5,ref,qwen_1p7b_fsq_bigdata_step47023
6mh7_6mh7_conf0,0.3967405955660533,1.0,880,33,5,ref,qwen_1p7b_fsq_bigdata_step47023
6mnc_6mnc_conf0,0.067177120513837,1.0,987,20,0,ref,qwen_1p7b_fsq_bigdata_step47023
6n0j_6n0j_conf0,0.5574693425576434,1.0,889,31,4,ref,qwen_1p7b_fsq_bigdata_step47023
6n78_6n78_conf0,0.2898056795225486,1.0,810,29,5,ref,qwen_1p7b_fsq_bigdata_step47023
6n7a_6n7a_conf0,0.2672317617625323,1.0,932,28,4,ref,qwen_1p7b_fsq_bigdata_step47023
6n7b_6n7b_conf0,0.1893971790804069,1.0,979,27,4,ref,qwen_1p7b_fsq_bigdata_step47023
6n8x_6n8x_conf0,0.2705486542407643,1.0,998,27,8,ref,qwen_1p7b_fsq_bigdata_step47023
6ncn_6ncn_conf0,0.131739113634651,1.0,1000,14,2,ref,qwen_1p7b_fsq_bigdata_step47023
6nco_6nco_conf0,0.244543148815613,1.0,999,24,4,ref,qwen_1p7b_fsq_bigdata_step47023
6o0k_6o0k_conf0,1.4937536736214352,0.0,637,61,13,ref,qwen_1p7b_fsq_bigdata_step47023
6o0m_6o0m_conf0,1.3864581971519734,0.0,637,61,13,ref,qwen_1p7b_fsq_bigdata_step47023
6o0p_6o0p_conf0,1.3829526321304022,0.0,637,61,13,ref,qwen_1p7b_fsq_bigdata_step47023
6o5t_6o5t_conf0,0.1163349312325958,1.0,945,18,2,ref,qwen_1p7b_fsq_bigdata_step47023
6o94_6o94_conf0,0.553040386662352,1.0,948,36,5,ref,qwen_1p7b_fsq_bigdata_step47023
6odz_6odz_conf0,0.5072729608241727,1.0,958,25,4,ref,qwen_1p7b_fsq_bigdata_step47023
6oe0_6oe0_conf0,0.3237035302167986,1.0,975,27,4,ref,qwen_1p7b_fsq_bigdata_step47023
6oe1_6oe1_conf0,0.396823477556486,1.0,959,26,4,ref,qwen_1p7b_fsq_bigdata_step47023
6olx_6olx_conf0,0.2758485650929874,1.0,998,27,8,ref,qwen_1p7b_fsq_bigdata_step47023
6ooy_6ooy_conf0,0.1259664236870463,1.0,999,20,3,ref,qwen_1p7b_fsq_bigdata_step47023
6p3t_6p3t_conf0,0.2185254326089457,1.0,1000,27,3,ref,qwen_1p7b_fsq_bigdata_step47023
6p3v_6p3v_conf0,0.524993166249317,1.0,999,23,6,ref,qwen_1p7b_fsq_bigdata_step47023
6p85_6p85_conf0,0.4222067846158042,1.0,980,25,5,ref,qwen_1p7b_fsq_bigdata_step47023
6p88_6p88_conf0,0.8742834830079447,0.0,450,27,4,ref,qwen_1p7b_fsq_bigdata_step47023
6pia_6pia_conf0,0.8659550584887666,0.0,999,14,9,ref,qwen_1p7b_fsq_bigdata_step47023
6pl1_6pl1_conf0,0.638619596604647,1.0,731,33,5,ref,qwen_1p7b_fsq_bigdata_step47023
6qas_6qas_conf0,0.4532466719001526,1.0,984,34,6,ref,qwen_1p7b_fsq_bigdata_step47023
6ql1_6ql1_conf0,0.2613213097322679,1.0,980,23,3,ref,qwen_1p7b_fsq_bigdata_step47023
6ql2_6ql2_conf0,0.0788791266499571,1.0,1000,16,3,ref,qwen_1p7b_fsq_bigdata_step47023
6qmj_6qmj_conf0,0.8576460065000825,0.0,866,36,9,ref,qwen_1p7b_fsq_bigdata_step47023
6qmk_6qmk_conf0,0.9267368619234286,0.0,861,38,7,ref,qwen_1p7b_fsq_bigdata_step47023
6qpl_6qpl_conf0,0.8224171743031324,0.0,1000,25,8,ref,qwen_1p7b_fsq_bigdata_step47023
6qqq_6qqq_conf0,0.5418266983902639,1.0,998,23,5,ref,qwen_1p7b_fsq_bigdata_step47023
6qqv_6qqv_conf0,0.5529270209298752,1.0,1000,24,3,ref,qwen_1p7b_fsq_bigdata_step47023
6qr1_6qr1_conf0,0.2724024814083144,1.0,999,25,3,ref,qwen_1p7b_fsq_bigdata_step47023
6qrc_6qrc_conf0,0.3205003539418768,1.0,1000,24,4,ref,qwen_1p7b_fsq_bigdata_step47023
6r11_6r11_conf0,0.0625007948776019,1.0,980,19,1,ref,qwen_1p7b_fsq_bigdata_step47023
6r18_6r18_conf0,0.293492407978932,1.0,873,20,4,ref,qwen_1p7b_fsq_bigdata_step47023
6r9u_6r9u_conf0,0.155680580311877,1.0,989,18,1,ref,qwen_1p7b_fsq_bigdata_step47023
6r9x_6r9x_conf0,0.3237775145574038,1.0,994,18,3,ref,qwen_1p7b_fsq_bigdata_step47023
6rih_6rih_conf0,0.1395365814663088,1.0,999,18,3,ref,qwen_1p7b_fsq_bigdata_step47023
6s57_6s57_conf0,0.8075651636917366,0.0,979,30,5,ref,qwen_1p7b_fsq_bigdata_step47023
6t1i_6t1i_conf0,0.5497957725612471,1.0,995,27,5,ref,qwen_1p7b_fsq_bigdata_step47023
6t1j_6t1j_conf0,0.8646375112409105,0.0,994,29,5,ref,qwen_1p7b_fsq_bigdata_step47023
6t1l_6t1l_conf0,1.2748587970745986,0.0,999,28,7,ref,qwen_1p7b_fsq_bigdata_step47023
6u5y_6u5y_conf0,0.5467969267107164,1.0,897,30,5,ref,qwen_1p7b_fsq_bigdata_step47023
6u6w_6u6w_conf0,0.2135671041294488,1.0,971,21,4,ref,qwen_1p7b_fsq_bigdata_step47023
6u8b_6u8b_conf0,0.2037243184222181,1.0,986,24,5,ref,qwen_1p7b_fsq_bigdata_step47023
6u8o_6u8o_conf0,0.2382976942674479,1.0,902,25,4,ref,qwen_1p7b_fsq_bigdata_step47023
6ugn_6ugn_conf0,0.0877272088857044,1.0,1000,15,0,ref,qwen_1p7b_fsq_bigdata_step47023
6uh0_6uh0_conf0,0.0697115664969564,1.0,1000,14,0,ref,qwen_1p7b_fsq_bigdata_step47023
966c_966c_conf0,0.689012788025246,1.0,961,27,6,ref,qwen_1p7b_fsq_bigdata_step47023
1ado_1ado_conf0,0.4291009760850384,1.0,999,10,4,ref,loqi_raw
1ai4_1ai4_conf0,0.2019298626650265,1.0,1000,12,2,ref,loqi_raw
1ai5_1ai5_conf0,0.1787372252381552,1.0,1000,13,3,ref,loqi_raw
1azm_1azm_conf0,0.2701882261522396,1.0,1000,13,2,ref,loqi_raw
1bjv_1bjv_conf0,0.4355258090516476,1.0,1000,26,5,ref,loqi_raw
1bm7_1bm7_conf0,0.134840404500823,1.0,1000,20,3,ref,loqi_raw
1bnn_1bnn_conf0,0.266936553694953,1.0,1000,23,3,ref,loqi_raw
1bty_1bty_conf0,0.0502986020967695,1.0,1000,9,1,ref,loqi_raw
1bzj_1bzj_conf0,0.1003959615603286,1.0,1000,20,3,ref,loqi_raw
1c1v_1c1v_conf0,0.5793264391672133,1.0,1000,25,4,ref,loqi_raw
1c5n_1c5n_conf0,0.1017483492422717,1.0,1000,13,1,ref,loqi_raw
1c5o_1c5o_conf0,0.046682616611668,1.0,1000,9,1,ref,loqi_raw
1c5p_1c5p_conf0,0.0428532528592204,1.0,1000,9,1,ref,loqi_raw
1c5q_1c5q_conf0,0.10440745772389,1.0,1000,13,1,ref,loqi_raw
1c5x_1c5x_conf0,0.0671026053573457,1.0,1000,13,1,ref,loqi_raw
1c83_1c83_conf0,0.1902189181919717,1.0,1000,18,2,ref,loqi_raw
1c84_1c84_conf0,0.3599405204879785,1.0,999,19,2,ref,loqi_raw
1c86_1c86_conf0,0.2607876290138428,1.0,996,18,2,ref,loqi_raw
1c87_1c87_conf0,0.22026824101812,1.0,998,18,2,ref,loqi_raw
1c88_1c88_conf0,0.2167965824240714,1.0,995,18,2,ref,loqi_raw
1cbx_1cbx_conf0,0.3540432036440595,1.0,997,15,5,ref,loqi_raw
1ceb_1ceb_conf0,0.2692881633414115,1.0,545,11,2,ref,loqi_raw
1ciz_1ciz_conf0,1.8909170289413335,0.0,1000,36,8,ref,loqi_raw
1cnw_1cnw_conf0,3.087296360409533,0.0,1000,26,12,ref,loqi_raw
1d3d_1d3d_conf0,1.0750740323476622,0.0,1000,38,9,ref,loqi_raw
1d4p_1d4p_conf0,0.577930800736155,1.0,1000,27,4,ref,loqi_raw
1drj_1drj_conf0,0.0228204263866391,1.0,986,10,0,ref,loqi_raw
1drk_1drk_conf0,0.0317841004017176,1.0,975,10,0,ref,loqi_raw
1dzk_1dzk_conf0,0.4331231446688522,1.0,1000,12,3,ref,loqi_raw
1e1v_1e1v_conf0,0.1931583233175586,1.0,1000,18,3,ref,loqi_raw
1e1x_1e1x_conf0,0.1740465532946922,1.0,1000,18,4,ref,loqi_raw
1e4h_1e4h_conf0,0.0721365223296177,1.0,1000,12,0,ref,loqi_raw
1ecv_1ecv_conf0,0.2292480929019167,1.0,1000,16,2,ref,loqi_raw
1efy_1efy_conf0,0.1268704962757368,1.0,1000,20,3,ref,loqi_raw
1enu_1enu_conf0,0.0390538494780942,1.0,1000,13,0,ref,loqi_raw
1eoc_1eoc_conf0,0.0366283743275253,1.0,1000,11,1,ref,loqi_raw
1f57_1f57_conf0,0.0482081769895709,1.0,994,7,2,ref,loqi_raw
1f5k_1f5k_conf0,0.0234444527633427,1.0,1000,9,1,ref,loqi_raw
1f5l_1f5l_conf0,0.1159332463565403,1.0,703,15,1,ref,loqi_raw
1fcx_1fcx_conf0,0.465079495347177,1.0,1000,29,3,ref,loqi_raw
1fcy_1fcy_conf0,0.1557684701485398,1.0,1000,29,3,ref,loqi_raw
1fcz_1fcz_conf0,0.5744684462374289,1.0,1000,27,4,ref,loqi_raw
1fkh_1fkh_conf0,0.9584648038362232,0.0,996,33,9,ref,loqi_raw
1flr_1flr_conf0,0.1658425785908986,1.0,1000,25,2,ref,loqi_raw
1fv0_1fv0_conf0,0.3457331755072895,1.0,999,26,3,ref,loqi_raw
1g4o_1g4o_conf0,0.3791208659152499,1.0,1000,20,4,ref,loqi_raw
1g98_1g98_conf0,0.1377504780665002,1.0,915,15,6,ref,loqi_raw
1gfy_1gfy_conf0,0.2409078666276675,1.0,998,18,2,ref,loqi_raw
1ghw_1ghw_conf0,0.16529012520604,1.0,1000,19,2,ref,loqi_raw
1gi1_1gi1_conf0,0.203113215749415,1.0,1000,19,2,ref,loqi_raw
1gj6_1gj6_conf0,0.1970713687111221,1.0,1000,26,3,ref,loqi_raw
1gx8_1gx8_conf0,0.6620136008768549,1.0,1000,21,5,ref,loqi_raw
1gyx_1gyx_conf0,0.0952980990808754,1.0,1000,9,1,ref,loqi_raw
1h1s_1h1s_conf0,0.2940041384660921,1.0,1000,28,6,ref,loqi_raw
1h2k_1h2k_conf0,0.0904603848434104,1.0,993,10,2,ref,loqi_raw
1h4w_1h4w_conf0,0.0507655144464681,1.0,1000,9,1,ref,loqi_raw
1i2s_1i2s_conf0,0.1947259163944603,1.0,1000,13,5,ref,loqi_raw
1igb_1igb_conf0,0.2045656839692474,1.0,1000,14,3,ref,loqi_raw
1iih_1iih_conf0,0.220898567866902,1.0,979,11,4,ref,loqi_raw
1j14_1j14_conf0,0.0176624748510205,1.0,1000,9,1,ref,loqi_raw
1j16_1j16_conf0,0.0319113109304655,1.0,1000,9,1,ref,loqi_raw
1j17_1j17_conf0,0.222604792910414,1.0,1000,34,4,ref,loqi_raw
1jsv_1jsv_conf0,0.2130436316179881,1.0,1000,18,3,ref,loqi_raw
1kv1_1kv1_conf0,0.2335969933600946,1.0,1000,21,2,ref,loqi_raw
1lgw_1lgw_conf0,0.0344810231395833,1.0,1000,8,0,ref,loqi_raw
1lpk_1lpk_conf0,1.4743856204749326,0.0,1000,32,7,ref,loqi_raw
1lpz_1lpz_conf0,1.556850027786271,0.0,1000,32,6,ref,loqi_raw
1lrh_1lrh_conf0,0.2591338232298221,1.0,1000,14,2,ref,loqi_raw
1m2p_1m2p_conf0,0.0939788062430432,1.0,1000,21,1,ref,loqi_raw
1m2q_1m2q_conf0,0.0951614656740266,1.0,1000,20,1,ref,loqi_raw
1m2r_1m2r_conf0,0.0713335733048432,1.0,999,20,0,ref,loqi_raw
1mu6_1mu6_conf0,0.7961519533468885,0.0,1000,31,8,ref,loqi_raw
1mu8_1mu8_conf0,0.6462590392785654,1.0,1000,32,8,ref,loqi_raw
1n0s_1n0s_conf0,0.0722525645065622,1.0,1000,25,2,ref,loqi_raw
1n46_1n46_conf0,0.2622902997858427,1.0,1000,27,4,ref,loqi_raw
1n4h_1n4h_conf0,0.2503179440220042,1.0,1000,22,5,ref,loqi_raw
1n5r_1n5r_conf0,0.4591792832444506,1.0,997,31,7,ref,loqi_raw
1ndw_1ndw_conf0,0.1720186780256894,1.0,1000,19,6,ref,loqi_raw
1ndy_1ndy_conf0,0.2380287986841209,1.0,1000,23,6,ref,loqi_raw
1nfu_1nfu_conf0,1.2733937177536574,0.0,1000,30,5,ref,loqi_raw
1nfx_1nfx_conf0,0.4639327178872479,1.0,1000,33,6,ref,loqi_raw
1nl9_1nl9_conf0,1.5124773441659352,0.0,999,39,11,ref,loqi_raw
1no6_1no6_conf0,0.2916222956525994,1.0,1000,25,3,ref,loqi_raw
1nq7_1nq7_conf0,0.3005871335980318,1.0,1000,25,4,ref,loqi_raw
1o2h_1o2h_conf0,0.3056583055447013,1.0,1000,25,4,ref,loqi_raw
1o2j_1o2j_conf0,0.3362448927682762,1.0,1000,24,5,ref,loqi_raw
1o2o_1o2o_conf0,0.2800151510068843,1.0,1000,25,5,ref,loqi_raw
1o35_1o35_conf0,0.2184019780981248,1.0,1000,20,2,ref,loqi_raw
1o3d_1o3d_conf0,0.2098526457320552,1.0,1000,25,3,ref,loqi_raw
1o3i_1o3i_conf0,0.1690442225711844,1.0,1000,21,2,ref,loqi_raw
1o3j_1o3j_conf0,0.2658601104700744,1.0,1000,21,2,ref,loqi_raw
1o5e_1o5e_conf0,0.2804200091575335,1.0,1000,26,3,ref,loqi_raw
1oba_1oba_conf0,0.3398026619345772,1.0,1000,7,2,ref,loqi_raw
1ogd_1ogd_conf0,0.0292789744912367,1.0,989,10,0,ref,loqi_raw
1ols_1ols_conf0,1.16087734883736,0.0,1000,26,8,ref,loqi_raw
1olu_1olu_conf0,1.8249548839742928,0.0,1000,26,8,ref,loqi_raw
1olx_1olx_conf0,1.7620875171885588,0.0,996,26,8,ref,loqi_raw
1om1_1om1_conf0,0.5158611478356049,1.0,999,22,2,ref,loqi_raw
1onz_1onz_conf0,0.3062466377401546,1.0,1000,26,3,ref,loqi_raw
1oss_1oss_conf0,0.0367655867161323,1.0,1000,9,1,ref,loqi_raw
1owe_1owe_conf0,0.1933331567569962,1.0,1000,22,3,ref,loqi_raw
1oxr_1oxr_conf0,0.2880709356680516,1.0,1000,13,2,ref,loqi_raw
1p57_1p57_conf0,0.1901494917706133,1.0,1000,19,2,ref,loqi_raw
1pb8_1pb8_conf0,0.0281705834114693,1.0,997,7,2,ref,loqi_raw
1pbq_1pbq_conf0,0.067273098736454,1.0,1000,16,1,ref,loqi_raw
1ppc_1ppc_conf0,0.7380944120761259,1.0,998,37,9,ref,loqi_raw
1pxo_1pxo_conf0,0.5673201877176434,1.0,1000,23,4,ref,loqi_raw
1pxp_1pxp_conf0,0.2440204540512591,1.0,1000,23,4,ref,loqi_raw
1q5k_1q5k_conf0,0.4572538821170362,1.0,898,21,5,ref,loqi_raw
1q7a_1q7a_conf0,0.5172639936461624,1.0,998,24,5,ref,loqi_raw
1qb6_1qb6_conf0,1.9588691611814248,0.0,1000,29,6,ref,loqi_raw
1ql7_1ql7_conf0,0.448655900772757,1.0,1000,34,4,ref,loqi_raw
1ql9_1ql9_conf0,0.300651722957257,1.0,1000,34,4,ref,loqi_raw
1qy1_1qy1_conf0,0.0896297251503233,1.0,1000,12,3,ref,loqi_raw
1qy2_1qy2_conf0,0.0778667024840515,1.0,1000,11,2,ref,loqi_raw
1r9l_1r9l_conf0,0.0568466592837373,1.0,1000,8,2,ref,loqi_raw
1rbp_1rbp_conf0,0.1370224346545293,1.0,1000,21,5,ref,loqi_raw
1rd4_1rd4_conf0,0.8087034342722897,0.0,1000,34,7,ref,loqi_raw
1rmz_1rmz_conf0,0.4742407070588282,1.0,998,21,7,ref,loqi_raw
1ro6_1ro6_conf0,0.1281828824992076,1.0,998,20,4,ref,loqi_raw
1rtf_1rtf_conf0,0.0199490407113324,1.0,1000,9,1,ref,loqi_raw
1s39_1s39_conf0,0.0562150659468092,1.0,1000,12,0,ref,loqi_raw
1sqo_1sqo_conf0,0.1598898579568869,1.0,1000,20,3,ref,loqi_raw
1sv3_1sv3_conf0,0.048456830709658,1.0,1000,11,2,ref,loqi_raw
1sw2_1sw2_conf0,0.0691446082005683,1.0,1000,8,2,ref,loqi_raw
1t4v_1t4v_conf0,1.2951196214032556,0.0,1000,27,10,ref,loqi_raw
1td7_1td7_conf0,0.1885694750061194,1.0,1000,20,3,ref,loqi_raw
1tkb_1tkb_conf0,1.2058967610472329,0.0,999,26,8,ref,loqi_raw
1tlp_1tlp_conf0,1.3166404543578454,0.0,962,37,11,ref,loqi_raw
1tng_1tng_conf0,0.0495092146913407,1.0,1000,8,1,ref,loqi_raw
1tnh_1tnh_conf0,0.0962869227527794,1.0,1000,9,1,ref,loqi_raw
1tni_1tni_conf0,0.4917450707190152,1.0,1000,11,4,ref,loqi_raw
1ttm_1ttm_conf0,0.3356216694983646,1.0,1000,21,2,ref,loqi_raw
1u1w_1u1w_conf0,0.0411587073688467,1.0,1000,11,1,ref,loqi_raw
1u71_1u71_conf0,0.4191021752912441,1.0,1000,24,4,ref,loqi_raw
1usn_1usn_conf0,0.165499400161526,1.0,926,27,5,ref,loqi_raw
1utj_1utj_conf0,0.1654471099801048,1.0,1000,8,1,ref,loqi_raw
1utm_1utm_conf0,0.1831852954774974,1.0,1000,9,2,ref,loqi_raw
1utn_1utn_conf0,0.097042626784702,1.0,1000,8,1,ref,loqi_raw
1uv6_1uv6_conf0,0.697904307423729,1.0,1000,10,3,ref,loqi_raw
1uvt_1uvt_conf0,1.0335485778088491,0.0,1000,27,8,ref,loqi_raw
1v11_1v11_conf0,1.691849171423764,0.0,999,26,8,ref,loqi_raw
1v16_1v16_conf0,1.5734699862543806,0.0,1000,26,8,ref,loqi_raw
1v1m_1v1m_conf0,1.4501416372274685,0.0,1000,26,8,ref,loqi_raw
1v2j_1v2j_conf0,0.0682658846917328,1.0,1000,9,1,ref,loqi_raw
1v2k_1v2k_conf0,0.2191816385782335,1.0,1000,34,4,ref,loqi_raw
1v2l_1v2l_conf0,0.064997659715054,1.0,1000,9,1,ref,loqi_raw
1v2s_1v2s_conf0,0.0684329274223264,1.0,1000,9,1,ref,loqi_raw
1v2u_1v2u_conf0,0.0711710048742528,1.0,1000,9,1,ref,loqi_raw
1wht_1wht_conf0,0.2118536128072416,1.0,999,15,5,ref,loqi_raw
1xbo_1xbo_conf0,0.5520113919984648,1.0,997,31,8,ref,loqi_raw
1xk9_1xk9_conf0,1.332217405849382,0.0,1000,22,3,ref,loqi_raw
1xpz_1xpz_conf0,0.2157971982453331,1.0,1000,26,6,ref,loqi_raw
1xq0_1xq0_conf0,0.2990228830196014,1.0,1000,27,6,ref,loqi_raw
1xug_1xug_conf0,0.7478795263086053,1.0,1000,25,4,ref,loqi_raw
1y1z_1y1z_conf0,0.0471613601564853,1.0,1000,8,1,ref,loqi_raw
1y20_1y20_conf0,0.040569868649937,1.0,1000,7,1,ref,loqi_raw
1y6q_1y6q_conf0,0.5480779424389179,1.0,1000,20,4,ref,loqi_raw
1yda_1yda_conf0,0.1773583177844878,1.0,1000,13,2,ref,loqi_raw
1ydb_1ydb_conf0,0.0886576060380075,1.0,1000,13,2,ref,loqi_raw
1ydd_1ydd_conf0,0.0744829298851713,1.0,1000,13,2,ref,loqi_raw
1yds_1yds_conf0,0.2969235607011173,1.0,1000,18,5,ref,loqi_raw
1z9y_1z9y_conf0,0.2710764057325889,1.0,1000,21,5,ref,loqi_raw
1zc9_1zc9_conf0,0.382436591003351,1.0,993,16,4,ref,loqi_raw
1zdp_1zdp_conf0,0.4169002157245663,1.0,1000,17,6,ref,loqi_raw
1zfq_1zfq_conf0,0.0560861003132718,1.0,1000,14,1,ref,loqi_raw
1zge_1zge_conf0,0.0837596827479129,1.0,1000,13,1,ref,loqi_raw
1zoe_1zoe_conf0,0.0890737454048723,1.0,1000,16,1,ref,loqi_raw
1zog_1zog_conf0,0.0888237355917815,1.0,1000,15,1,ref,loqi_raw
2afw_2afw_conf0,1.0119056879302577,0.0,1000,11,3,ref,loqi_raw
2afx_2afx_conf0,0.1105215340430675,1.0,1000,12,2,ref,loqi_raw
2aj8_2aj8_conf0,0.2179394716634482,1.0,1000,26,3,ref,loqi_raw
2ans_2ans_conf0,0.1784705497323336,1.0,1000,21,3,ref,loqi_raw
2ax9_2ax9_conf0,0.1676241783093327,1.0,1000,21,4,ref,loqi_raw
2ayr_2ayr_conf0,0.7556448178063087,0.0,1000,37,8,ref,loqi_raw
2b4l_2b4l_conf0,0.0375736645867621,1.0,1000,8,2,ref,loqi_raw
2b9a_2b9a_conf0,0.3442744694291327,1.0,1000,17,2,ref,loqi_raw
2baj_2baj_conf0,0.1472918391724692,1.0,1000,27,3,ref,loqi_raw
2bak_2bak_conf0,0.8231040306752179,0.0,1000,43,10,ref,loqi_raw
2bo4_2bo4_conf0,0.3613065732705834,1.0,1000,13,5,ref,loqi_raw
2brm_2brm_conf0,0.1992632433489161,1.0,1000,25,5,ref,loqi_raw
2buv_2buv_conf0,0.4181117007895631,1.0,1000,11,1,ref,loqi_raw
2bza_2bza_conf0,0.1075068112221282,1.0,1000,8,1,ref,loqi_raw
2c1p_2c1p_conf0,0.1276791368414915,1.0,979,24,5,ref,loqi_raw
2c97_2c97_conf0,1.088492982776462,0.0,1000,18,6,ref,loqi_raw
2cc7_2cc7_conf0,0.0406789651733048,1.0,999,18,0,ref,loqi_raw
2cgr_2cgr_conf0,0.4659049444870395,1.0,829,29,6,ref,loqi_raw
2csn_2csn_conf0,0.3373023614544218,1.0,1000,18,4,ref,loqi_raw
2dri_2dri_conf0,0.0158185728373864,1.0,985,10,0,ref,loqi_raw
2dw7_2dw7_conf0,0.1506439006059345,1.0,935,10,3,ref,loqi_raw
2e2r_2e2r_conf0,0.0734402499342369,1.0,1000,17,2,ref,loqi_raw
2exm_2exm_conf0,0.344668600809379,1.0,1000,15,3,ref,loqi_raw
2ez7_2ez7_conf0,0.1570661905590259,1.0,1000,11,3,ref,loqi_raw
2f7i_2f7i_conf0,0.1921438863706311,1.0,1000,17,2,ref,loqi_raw
2fpz_2fpz_conf0,0.0330552945117857,1.0,1000,10,0,ref,loqi_raw
2fw6_2fw6_conf0,0.1836336712624456,1.0,1000,13,5,ref,loqi_raw
2fx6_2fx6_conf0,0.0750077257123097,1.0,1000,10,0,ref,loqi_raw
2g5u_2g5u_conf0,0.103086062658646,1.0,1000,18,1,ref,loqi_raw
2gkl_2gkl_conf0,0.1583253946990405,1.0,1000,12,2,ref,loqi_raw
2glp_2glp_conf0,1.6986826674073026,0.0,1000,21,3,ref,loqi_raw
2gvj_2gvj_conf0,1.5371404656218228,0.0,1000,29,8,ref,loqi_raw
2h4g_2h4g_conf0,0.1578469936392877,1.0,1000,21,5,ref,loqi_raw
2h4k_2h4k_conf0,0.1516687562533398,1.0,1000,20,5,ref,loqi_raw
2h4n_2h4n_conf0,0.0988032420984193,1.0,1000,13,2,ref,loqi_raw
2h6b_2h6b_conf0,0.0967981168918085,1.0,1000,12,2,ref,loqi_raw
2ha3_2ha3_conf0,0.1368060809007921,1.0,1000,7,2,ref,loqi_raw
2hjb_2hjb_conf0,0.2049409097659474,1.0,1000,10,2,ref,loqi_raw
2hoc_2hoc_conf0,0.9088323687216738,0.0,1000,22,4,ref,loqi_raw
2hxm_2hxm_conf0,0.6373536673229597,1.0,1000,25,8,ref,loqi_raw
2i19_2i19_conf0,0.3833479601120602,1.0,1000,17,5,ref,loqi_raw
2i6b_2i6b_conf0,0.4669128031749554,1.0,1000,30,3,ref,loqi_raw
2i80_2i80_conf0,0.3366513252448069,1.0,1000,18,3,ref,loqi_raw
2iko_2iko_conf0,0.3700279696938295,1.0,1000,26,5,ref,loqi_raw
2iuz_2iuz_conf0,2.11634497192282,0.0,1000,28,3,ref,loqi_raw
2jew_2jew_conf0,0.4445295519308845,1.0,992,17,8,ref,loqi_raw
2jfz_2jfz_conf0,0.2303111778805757,1.0,1000,33,5,ref,loqi_raw
2nn1_2nn1_conf0,0.768550824359667,0.0,1000,15,4,ref,loqi_raw
2nnd_2nnd_conf0,0.1107813094642519,1.0,1000,12,3,ref,loqi_raw
2nta_2nta_conf0,0.1886116211977532,1.0,1000,20,2,ref,loqi_raw
2o0u_2o0u_conf0,0.4264862533475819,1.0,999,34,5,ref,loqi_raw
2ojj_2ojj_conf0,0.3197314583516734,1.0,999,31,6,ref,loqi_raw
2ot1_2ot1_conf0,0.3967228782359537,1.0,1000,25,4,ref,loqi_raw
2p16_2p16_conf0,0.2565591335971544,1.0,1000,34,5,ref,loqi_raw
2p7a_2p7a_conf0,0.0498474495558311,1.0,1000,9,0,ref,loqi_raw
2p7g_2p7g_conf0,0.1059852965183876,1.0,1000,17,2,ref,loqi_raw
2p7z_2p7z_conf0,0.2693048662437995,1.0,998,29,8,ref,loqi_raw
2pou_2pou_conf0,0.0448788991818365,1.0,1000,16,2,ref,loqi_raw
2pov_2pov_conf0,0.0702269789759635,1.0,1000,16,2,ref,loqi_raw
2pow_2pow_conf0,0.0816645221354563,1.0,1000,19,2,ref,loqi_raw
2pql_2pql_conf0,0.2192882517533435,1.0,1000,12,2,ref,loqi_raw
2pu2_2pu2_conf0,0.1938180956656057,1.0,1000,26,5,ref,loqi_raw
2pvh_2pvh_conf0,0.4075789807335329,1.0,1000,23,4,ref,loqi_raw
2pvj_2pvj_conf0,0.1178347504258086,1.0,1000,26,5,ref,loqi_raw
2pvk_2pvk_conf0,0.1648085318441388,1.0,1000,27,5,ref,loqi_raw
2pvl_2pvl_conf0,0.2329565897133806,1.0,1000,26,4,ref,loqi_raw
2pvm_2pvm_conf0,0.8506184789627657,0.0,1000,26,6,ref,loqi_raw
2q1q_2q1q_conf0,0.3329027297654538,1.0,1000,18,2,ref,loqi_raw
2q7q_2q7q_conf0,0.0863611842259836,1.0,1000,9,1,ref,loqi_raw
2qbs_2qbs_conf0,0.4690074104943502,1.0,1000,27,7,ref,loqi_raw
2qdt_2qdt_conf0,0.1897105216259969,1.0,1000,11,4,ref,loqi_raw
2qg2_2qg2_conf0,0.2263006437123245,1.0,1000,24,2,ref,loqi_raw
2qm9_2qm9_conf0,0.9227187776614584,0.0,872,31,5,ref,loqi_raw
2qpq_2qpq_conf0,0.1566876951615068,1.0,1000,13,5,ref,loqi_raw
2qrl_2qrl_conf0,0.0507458205917798,1.0,994,10,2,ref,loqi_raw
2qtt_2qtt_conf0,0.4546569188806792,1.0,995,19,2,ref,loqi_raw
2r2m_2r2m_conf0,1.120034745310929,0.0,993,30,10,ref,loqi_raw
2ra0_2ra0_conf0,0.5765937879261974,1.0,1000,39,6,ref,loqi_raw
2ra6_2ra6_conf0,0.0239269393049977,1.0,1000,9,1,ref,loqi_raw
2rcb_2rcb_conf0,0.0438618937690369,1.0,998,7,2,ref,loqi_raw
2reg_2reg_conf0,0.0395542272155736,1.0,1000,7,2,ref,loqi_raw
2rfh_2rfh_conf0,0.682134478635133,1.0,999,15,5,ref,loqi_raw
2rin_2rin_conf0,0.5664721263520677,1.0,1000,10,3,ref,loqi_raw
2rkd_2rkd_conf0,0.1302042429845276,1.0,1000,9,3,ref,loqi_raw
2uwd_2uwd_conf0,0.1718734142646151,1.0,1000,27,5,ref,loqi_raw
2uxi_2uxi_conf0,0.2478298639691436,1.0,1000,20,4,ref,loqi_raw
2uy5_2uy5_conf0,0.1341540301318121,1.0,1000,16,3,ref,loqi_raw
2uyn_2uyn_conf0,0.0576400802749117,1.0,1000,7,2,ref,loqi_raw
2uyq_2uyq_conf0,0.129215148542956,1.0,998,17,1,ref,loqi_raw
2v57_2v57_conf0,0.036416085005716,1.0,1000,16,0,ref,loqi_raw
2v58_2v58_conf0,0.090873494793794,1.0,1000,20,1,ref,loqi_raw
2v59_2v59_conf0,0.1409051367389465,1.0,1000,22,3,ref,loqi_raw
2vba_2vba_conf0,0.0776134347303468,1.0,1000,16,3,ref,loqi_raw
2vnp_2vnp_conf0,0.8041411774206942,0.0,999,14,6,ref,loqi_raw
2vuk_2vuk_conf0,0.0715580590816672,1.0,1000,18,3,ref,loqi_raw
2vvv_2vvv_conf0,0.5590693083038046,1.0,1000,32,6,ref,loqi_raw
2w9h_2w9h_conf0,0.2943888818723179,1.0,1000,21,5,ref,loqi_raw
2weh_2weh_conf0,0.0760794397824017,1.0,1000,11,1,ref,loqi_raw
2wej_2wej_conf0,0.0605208780286123,1.0,1000,10,1,ref,loqi_raw
2wnj_2wnj_conf0,0.3425970061221095,1.0,998,23,4,ref,loqi_raw
2wor_2wor_conf0,0.0940443707947011,1.0,1000,21,3,ref,loqi_raw
2wos_2wos_conf0,0.0833019797513939,1.0,1000,21,3,ref,loqi_raw
2xdk_2xdk_conf0,0.1963783059033239,1.0,1000,13,1,ref,loqi_raw
2xdx_2xdx_conf0,0.1446228593707618,1.0,1000,16,2,ref,loqi_raw
2xht_2xht_conf0,0.0924790315998398,1.0,1000,19,1,ref,loqi_raw
2xj2_2xj2_conf0,0.1881040241655462,1.0,1000,25,4,ref,loqi_raw
2xjg_2xjg_conf0,0.2676924801645606,1.0,1000,23,3,ref,loqi_raw
2xjj_2xjj_conf0,0.1463892250485541,1.0,1000,23,1,ref,loqi_raw
2xn3_2xn3_conf0,0.176473478529013,1.0,1000,18,3,ref,loqi_raw
2xn5_2xn5_conf0,0.2193629441547232,1.0,1000,21,5,ref,loqi_raw
2xp7_2xp7_conf0,0.2121673586153712,1.0,1000,17,3,ref,loqi_raw
2y8c_2y8c_conf0,0.8377842749566946,0.0,994,38,12,ref,loqi_raw
2yi0_2yi0_conf0,0.123354669492118,1.0,1000,22,3,ref,loqi_raw
2yi7_2yi7_conf0,0.1437351401011624,1.0,1000,23,4,ref,loqi_raw
2yix_2yix_conf0,1.4916253870674048,0.0,1000,26,6,ref,loqi_raw
2yz3_2yz3_conf0,0.6999678111535866,1.0,996,15,6,ref,loqi_raw
2z1w_2z1w_conf0,0.0567506936344979,1.0,1000,15,3,ref,loqi_raw
2za0_2za0_conf0,0.1315320531644198,1.0,1000,22,3,ref,loqi_raw
2za5_2za5_conf0,0.6359139925182979,1.0,1000,31,2,ref,loqi_raw
2zcs_2zcs_conf0,0.4609669815330045,1.0,998,24,7,ref,loqi_raw
3acx_3acx_conf0,0.6442531680787267,1.0,1000,23,9,ref,loqi_raw
3ai8_3ai8_conf0,0.1854931573770149,1.0,1000,14,1,ref,loqi_raw
3ao2_3ao2_conf0,0.2829259506456947,1.0,1000,17,1,ref,loqi_raw
3aqt_3aqt_conf0,0.0390648756257675,1.0,1000,8,0,ref,loqi_raw
3arx_3arx_conf0,0.612303842533834,1.0,1000,22,7,ref,loqi_raw
3b24_3b24_conf0,0.3382547946887396,1.0,1000,11,2,ref,loqi_raw
3b25_3b25_conf0,0.2076716158106376,1.0,1000,18,2,ref,loqi_raw
3b26_3b26_conf0,0.0662364721145069,1.0,1000,21,1,ref,loqi_raw
3b66_3b66_conf0,0.3101987262008759,1.0,1000,29,6,ref,loqi_raw
3b7j_3b7j_conf0,0.0603732000300215,1.0,1000,13,0,ref,loqi_raw
3b92_3b92_conf0,0.5402856517404274,1.0,1000,18,6,ref,loqi_raw
3bgc_3bgc_conf0,0.528015478550858,1.0,1000,41,14,ref,loqi_raw
3bgq_3bgq_conf0,0.2113264324282613,1.0,1000,26,3,ref,loqi_raw
3bl0_3bl0_conf0,0.1268552561432238,1.0,1000,13,3,ref,loqi_raw
3bl1_3bl1_conf0,1.2386912656802047,0.0,1000,24,3,ref,loqi_raw
3bqc_3bqc_conf0,0.059118451471266,1.0,1000,20,0,ref,loqi_raw
3bra_3bra_conf0,0.1514747200995474,1.0,1000,10,2,ref,loqi_raw
3brn_3brn_conf0,0.1647895368655525,1.0,1000,13,2,ref,loqi_raw
3buf_3buf_conf0,0.0325065015627686,1.0,999,11,2,ref,loqi_raw
3bug_3bug_conf0,0.2653287343434107,1.0,1000,12,3,ref,loqi_raw
3buh_3buh_conf0,0.3034816020860791,1.0,1000,16,3,ref,loqi_raw
3bxe_3bxe_conf0,0.1059656166441089,1.0,996,10,4,ref,loqi_raw
3c2o_3c2o_conf0,0.1095808539499374,1.0,1000,12,2,ref,loqi_raw
3c2r_3c2r_conf0,0.0984673161042409,1.0,1000,12,2,ref,loqi_raw
3c39_3c39_conf0,0.0851625181105314,1.0,993,11,4,ref,loqi_raw
3c4h_3c4h_conf0,0.05670306220467,1.0,1000,12,0,ref,loqi_raw
3c79_3c79_conf0,0.3901257943990308,1.0,1000,17,4,ref,loqi_raw
3c84_3c84_conf0,0.1087160239786347,1.0,1000,16,2,ref,loqi_raw
3cf8_3cf8_conf0,0.2035328863077515,1.0,1000,22,1,ref,loqi_raw
3cfn_3cfn_conf0,0.2841606593694553,1.0,1000,21,3,ref,loqi_raw
3cj5_3cj5_conf0,0.5270119228589911,1.0,998,30,5,ref,loqi_raw
3cs7_3cs7_conf0,0.3787329457797256,1.0,1000,37,6,ref,loqi_raw
3cz1_3cz1_conf0,0.5902708324628594,1.0,1000,14,5,ref,loqi_raw
3czv_3czv_conf0,0.1146344741609673,1.0,999,13,2,ref,loqi_raw
3d0b_3d0b_conf0,0.2452127301387984,1.0,1000,28,6,ref,loqi_raw
3d78_3d78_conf0,0.4754012551714064,1.0,1000,14,5,ref,loqi_raw
3d83_3d83_conf0,0.8048747385840282,0.0,1000,35,7,ref,loqi_raw
3d8w_3d8w_conf0,0.3418302253130829,1.0,1000,19,4,ref,loqi_raw
3d9z_3d9z_conf0,0.2420574824476875,1.0,1000,16,2,ref,loqi_raw
3dbu_3dbu_conf0,0.3469976978717507,1.0,1000,19,4,ref,loqi_raw
3dc3_3dc3_conf0,0.1350274400650269,1.0,1000,13,2,ref,loqi_raw
3dcc_3dcc_conf0,0.1727406794009844,1.0,1000,16,2,ref,loqi_raw
3dd8_3dd8_conf0,0.516296064349503,1.0,1000,24,4,ref,loqi_raw
3dnd_3dnd_conf0,0.2145283239575045,1.0,1000,13,2,ref,loqi_raw
3e5u_3e5u_conf0,0.0669144357397904,1.0,1000,12,2,ref,loqi_raw
3ebo_3ebo_conf0,0.0934161737577888,1.0,1000,19,1,ref,loqi_raw
3ed0_3ed0_conf0,0.081037620153713,1.0,1000,20,0,ref,loqi_raw
3eko_3eko_conf0,0.204664591427706,1.0,1000,16,1,ref,loqi_raw
3ekr_3ekr_conf0,0.2168702720579917,1.0,993,22,2,ref,loqi_raw
3eqr_3eqr_conf0,0.4494213661330737,1.0,1000,38,9,ref,loqi_raw
3exh_3exh_conf0,1.7801437619355358,0.0,999,26,8,ref,loqi_raw
3f18_3f18_conf0,0.5685745229795376,1.0,999,19,6,ref,loqi_raw
3f19_3f19_conf0,0.4143753150257834,1.0,1000,16,4,ref,loqi_raw
3f1a_3f1a_conf0,0.1983138345444568,1.0,1000,15,4,ref,loqi_raw
3f33_3f33_conf0,0.2390262716961689,1.0,1000,13,2,ref,loqi_raw
3f37_3f37_conf0,0.0183695722342266,1.0,1000,9,0,ref,loqi_raw
3f78_3f78_conf0,0.1137240821329371,1.0,985,10,2,ref,loqi_raw
3ffp_3ffp_conf0,0.1301498182731606,1.0,1000,18,2,ref,loqi_raw
3fhb_3fhb_conf0,0.1905770709522857,1.0,1000,10,1,ref,loqi_raw
3fj7_3fj7_conf0,0.1211634408403195,1.0,988,10,3,ref,loqi_raw
3fjg_3fjg_conf0,0.1163220505304124,1.0,988,11,4,ref,loqi_raw
3fl5_3fl5_conf0,0.033764046647845,1.0,1000,20,0,ref,loqi_raw
3fql_3fql_conf0,0.3748540778608811,1.0,1000,31,7,ref,loqi_raw
3g0i_3g0i_conf0,0.4260021511189762,1.0,1000,10,5,ref,loqi_raw
3g2y_3g2y_conf0,0.1146932135683087,1.0,1000,14,2,ref,loqi_raw
3gcu_3gcu_conf0,0.9496990404979646,0.0,1000,38,5,ref,loqi_raw
3gy2_3gy2_conf0,0.4481936864374507,1.0,1000,21,5,ref,loqi_raw
3gy3_3gy3_conf0,0.6967385127923275,1.0,1000,25,10,ref,loqi_raw
3gy7_3gy7_conf0,0.0361413272608611,1.0,1000,9,1,ref,loqi_raw
3h1x_3h1x_conf0,0.923949792292612,0.0,1000,25,4,ref,loqi_raw
3h30_3h30_conf0,0.2251703070369907,1.0,998,20,2,ref,loqi_raw
3h78_3h78_conf0,0.119105937415351,1.0,1000,10,1,ref,loqi_raw
3hig_3hig_conf0,0.2848762707120221,1.0,1000,21,5,ref,loqi_raw
3hll_3hll_conf0,0.4213256806683474,1.0,1000,30,5,ref,loqi_raw
3hp9_3hp9_conf0,0.2710393923780719,1.0,1000,23,4,ref,loqi_raw
3hs4_3hs4_conf0,0.1161181621177543,1.0,1000,13,2,ref,loqi_raw
3hww_3hww_conf0,0.2924516111121829,1.0,1000,10,4,ref,loqi_raw
3i51_3i51_conf0,0.0451772525551004,1.0,1000,10,0,ref,loqi_raw
3ibi_3ibi_conf0,0.6794526817382713,1.0,1000,13,8,ref,loqi_raw
3ibl_3ibl_conf0,0.8166986471640827,0.0,1000,18,11,ref,loqi_raw
3ibu_3ibu_conf0,0.7548421662053176,0.0,1000,15,10,ref,loqi_raw
3igp_3igp_conf0,0.350174288356466,1.0,1000,18,3,ref,loqi_raw
3ime_3ime_conf0,0.1614007437569742,1.0,1000,12,1,ref,loqi_raw
3iof_3iof_conf0,0.3597261181228332,1.0,1000,18,6,ref,loqi_raw
3iog_3iog_conf0,0.1516106756011483,1.0,997,14,2,ref,loqi_raw
3ip8_3ip8_conf0,0.1139055429480979,1.0,1000,11,2,ref,loqi_raw
3iub_3iub_conf0,0.1725289643504515,1.0,999,24,4,ref,loqi_raw
3iue_3iue_conf0,0.4382751482567264,1.0,1000,28,6,ref,loqi_raw
3ivx_3ivx_conf0,0.8206008606757585,0.0,1000,30,6,ref,loqi_raw
3iw5_3iw5_conf0,0.8825471578255086,0.0,1000,39,8,ref,loqi_raw
3k8q_3k8q_conf0,0.3052393993069132,1.0,1000,17,5,ref,loqi_raw
3k97_3k97_conf0,0.2966279780546732,1.0,993,23,2,ref,loqi_raw
3kgq_3kgq_conf0,0.2957538702898866,1.0,1000,13,5,ref,loqi_raw
3kgt_3kgt_conf0,0.1024200171535886,1.0,1000,20,1,ref,loqi_raw
3kgu_3kgu_conf0,0.1367623895085745,1.0,1000,20,1,ref,loqi_raw
3kku_3kku_conf0,0.6185775959797296,1.0,1000,23,6,ref,loqi_raw
3kmx_3kmx_conf0,0.9067896014746138,0.0,1000,17,6,ref,loqi_raw
3kmy_3kmy_conf0,0.2898748317704549,1.0,1000,16,3,ref,loqi_raw
3l0v_3l0v_conf0,0.2226013900631222,1.0,980,21,3,ref,loqi_raw
3l3l_3l3l_conf0,0.1211916373048571,1.0,1000,19,2,ref,loqi_raw
3l59_3l59_conf0,0.0708044757430961,1.0,1000,17,2,ref,loqi_raw
3lgs_3lgs_conf0,0.426835964646101,1.0,999,17,1,ref,loqi_raw
3lk8_3lk8_conf0,0.4959849742341699,1.0,1000,17,5,ref,loqi_raw
3m35_3m35_conf0,1.209639197154763,0.0,1000,37,6,ref,loqi_raw
3m36_3m36_conf0,0.9413951809195604,0.0,1000,37,6,ref,loqi_raw
3m37_3m37_conf0,0.8897782608075537,0.0,1000,37,6,ref,loqi_raw
3m3x_3m3x_conf0,2.112291943058429,0.0,1000,24,7,ref,loqi_raw
3m40_3m40_conf0,0.3416053928461975,1.0,1000,21,4,ref,loqi_raw
3m5e_3m5e_conf0,0.4435174485126126,1.0,1000,23,6,ref,loqi_raw
3m67_3m67_conf0,1.74280025387771,0.0,1000,28,5,ref,loqi_raw
3m96_3m96_conf0,1.5906940713861917,0.0,1000,25,5,ref,loqi_raw
3mam_3mam_conf0,0.0496709350120666,1.0,1000,8,2,ref,loqi_raw
3mdz_3mdz_conf0,0.2860898758888179,1.0,1000,16,3,ref,loqi_raw
3mhl_3mhl_conf0,0.7135845587463719,1.0,1000,23,6,ref,loqi_raw
3mhm_3mhm_conf0,0.5522130753706923,1.0,1000,29,8,ref,loqi_raw
3mho_3mho_conf0,0.3334673694362601,1.0,1000,22,5,ref,loqi_raw
3mhw_3mhw_conf0,0.1002986363614887,1.0,1000,10,0,ref,loqi_raw
3miy_3miy_conf0,0.448644395981965,1.0,1000,29,7,ref,loqi_raw
3ml2_3ml2_conf0,0.817213371242186,0.0,1000,27,5,ref,loqi_raw
3ml5_3ml5_conf0,0.0437868617112372,1.0,999,13,2,ref,loqi_raw
3mmf_3mmf_conf0,0.5604357461372544,1.0,1000,22,6,ref,loqi_raw
3mna_3mna_conf0,0.5010188113126218,1.0,1000,24,6,ref,loqi_raw
3ms9_3ms9_conf0,0.0679955199310594,1.0,1000,12,1,ref,loqi_raw
3myq_3myq_conf0,2.030634082914844,0.0,1000,28,5,ref,loqi_raw
3mzc_3mzc_conf0,0.4414630611900705,1.0,1000,19,3,ref,loqi_raw
3n0n_3n0n_conf0,1.1283847507888165,0.0,1000,25,3,ref,loqi_raw
3n2p_3n2p_conf0,0.2196227268355319,1.0,1000,23,4,ref,loqi_raw
3n2v_3n2v_conf0,0.3703571824867951,1.0,996,24,7,ref,loqi_raw
3n3j_3n3j_conf0,0.4059185741727346,1.0,1000,23,4,ref,loqi_raw
3n4b_3n4b_conf0,1.2590789397898765,0.0,1000,21,3,ref,loqi_raw
3n9r_3n9r_conf0,0.5478774050680271,1.0,998,15,7,ref,loqi_raw
3nb5_3nb5_conf0,2.917697163979132,0.0,1000,24,6,ref,loqi_raw
3nee_3nee_conf0,0.6233545909737905,1.0,1000,24,6,ref,loqi_raw
3nes_3nes_conf0,0.6112060908255689,1.0,1000,24,6,ref,loqi_raw
3ni5_3ni5_conf0,2.4284911287366158,0.0,1000,30,11,ref,loqi_raw
3npc_3npc_conf0,0.6244221724671619,1.0,1000,39,7,ref,loqi_raw
3o5x_3o5x_conf0,1.380860425937732,0.0,999,42,8,ref,loqi_raw
3o84_3o84_conf0,0.3036952957443323,1.0,1000,25,4,ref,loqi_raw
3o8p_3o8p_conf0,0.2028985138708861,1.0,1000,21,2,ref,loqi_raw
3oaf_3oaf_conf0,0.611172576639637,1.0,999,22,3,ref,loqi_raw
3ocp_3ocp_conf0,0.1192880514837247,1.0,800,22,1,ref,loqi_raw
3ovn_3ovn_conf0,0.1223656384890708,1.0,1000,12,1,ref,loqi_raw
3oy0_3oy0_conf0,0.4367754313858775,1.0,1000,21,5,ref,loqi_raw
3p3r_3p3r_conf0,0.3427615132683272,1.0,1000,20,3,ref,loqi_raw
3p3t_3p3t_conf0,0.535311581801962,1.0,1000,18,5,ref,loqi_raw
3p58_3p58_conf0,0.1563592965643321,1.0,1000,12,2,ref,loqi_raw
3p5l_3p5l_conf0,0.1271684058632703,1.0,1000,17,1,ref,loqi_raw
3pb7_3pb7_conf0,0.9207515861448988,0.0,1000,22,7,ref,loqi_raw
3pb8_3pb8_conf0,0.4651674844815988,1.0,1000,11,3,ref,loqi_raw
3pb9_3pb9_conf0,0.0799168401976836,1.0,1000,12,2,ref,loqi_raw
3pce_3pce_conf0,0.1121655683731851,1.0,1000,11,2,ref,loqi_raw
3pcg_3pcg_conf0,0.0474594200457936,1.0,1000,11,2,ref,loqi_raw
3pcn_3pcn_conf0,0.1180082168071084,1.0,1000,12,2,ref,loqi_raw
3pe1_3pe1_conf0,0.1389842979111875,1.0,1000,25,3,ref,loqi_raw
3po6_3po6_conf0,0.2559957431714207,1.0,1000,19,3,ref,loqi_raw
3ppm_3ppm_conf0,1.1442237957815973,0.0,1000,25,9,ref,loqi_raw
3ppp_3ppp_conf0,0.0546942638002634,1.0,1000,8,2,ref,loqi_raw
3ppq_3ppq_conf0,0.1017229881419913,1.0,1000,7,2,ref,loqi_raw
3pwd_3pwd_conf0,0.0655637026765865,1.0,1000,20,1,ref,loqi_raw
3q2j_3q2j_conf0,0.7216398487324226,1.0,1000,18,4,ref,loqi_raw
3q6w_3q6w_conf0,1.5118685876010138,0.0,1000,39,7,ref,loqi_raw
3qdd_3qdd_conf0,0.0925529585705842,1.0,1000,22,3,ref,loqi_raw
3r16_3r16_conf0,0.7827588962268889,0.0,1000,19,4,ref,loqi_raw
3r17_3r17_conf0,0.5777820359625188,1.0,1000,20,4,ref,loqi_raw
3r4m_3r4m_conf0,0.0610841034774785,1.0,1000,16,2,ref,loqi_raw
3r4n_3r4n_conf0,0.122521958647628,1.0,1000,23,5,ref,loqi_raw
3r6u_3r6u_conf0,0.0646660662633804,1.0,1000,7,2,ref,loqi_raw
3rbu_3rbu_conf0,0.4940212261621493,1.0,993,14,6,ref,loqi_raw
3rf4_3rf4_conf0,0.3960698478081242,1.0,1000,21,5,ref,loqi_raw
3rf5_3rf5_conf0,0.0855013818183758,1.0,1000,16,4,ref,loqi_raw
3rlb_3rlb_conf0,0.3767490179713778,1.0,1000,18,4,ref,loqi_raw
3rlp_3rlp_conf0,0.0814703154776372,1.0,1000,18,2,ref,loqi_raw
3rlq_3rlq_conf0,0.0994347847986055,1.0,1000,22,2,ref,loqi_raw
3roc_3roc_conf0,0.5757194984738478,1.0,1000,31,7,ref,loqi_raw
3ru1_3ru1_conf0,0.2016261177396372,1.0,999,23,5,ref,loqi_raw
3ryv_3ryv_conf0,0.1954487088971321,1.0,1000,15,3,ref,loqi_raw
3ryx_3ryx_conf0,0.6451388783953544,1.0,1000,21,4,ref,loqi_raw
3ryy_3ryy_conf0,0.1852388006168109,1.0,1000,16,4,ref,loqi_raw
3ryz_3ryz_conf0,0.3540619162274991,1.0,1000,24,5,ref,loqi_raw
3rz0_3rz0_conf0,0.4102347410037813,1.0,1000,17,5,ref,loqi_raw
3rz8_3rz8_conf0,0.6812156200163214,1.0,1000,19,7,ref,loqi_raw
3s0b_3s0b_conf0,0.1479289636509126,1.0,1000,17,2,ref,loqi_raw
3s0e_3s0e_conf0,0.0936706335998492,1.0,1000,12,3,ref,loqi_raw
3s71_3s71_conf0,0.0482292122069336,1.0,1000,13,1,ref,loqi_raw
3s73_3s73_conf0,0.0552255585027829,1.0,1000,13,1,ref,loqi_raw
3s76_3s76_conf0,0.0482851124651147,1.0,1000,9,1,ref,loqi_raw
3s78_3s78_conf0,0.0547993014656431,1.0,1000,9,1,ref,loqi_raw
3std_3std_conf0,0.2493462243692231,1.0,1000,28,6,ref,loqi_raw
3sww_3sww_conf0,0.1882442128535338,1.0,1000,25,5,ref,loqi_raw
3sxf_3sxf_conf0,0.2170970049925612,1.0,1000,26,4,ref,loqi_raw
3t3u_3t3u_conf0,0.1350143281546343,1.0,999,29,4,ref,loqi_raw
3t5u_3t5u_conf0,0.1344627666830126,1.0,1000,11,2,ref,loqi_raw
3tf6_3tf6_conf0,0.3732203386944889,1.0,1000,11,1,ref,loqi_raw
3th9_3th9_conf0,0.3198493471900699,1.0,941,34,6,ref,loqi_raw
3u10_3u10_conf0,0.1619883798267943,1.0,783,22,1,ref,loqi_raw
3u90_3u90_conf0,0.589290321217387,1.0,1000,17,12,ref,loqi_raw
3u92_3u92_conf0,0.190361224015994,1.0,987,15,4,ref,loqi_raw
3ucj_3ucj_conf0,0.1624162267930366,1.0,999,13,2,ref,loqi_raw
3udd_3udd_conf0,1.7503938015607574,0.0,1000,29,7,ref,loqi_raw
3ug2_3ug2_conf0,0.5043792595856196,1.0,1000,31,8,ref,loqi_raw
3uj9_3uj9_conf0,0.1046466022038658,1.0,1000,11,4,ref,loqi_raw
3ujc_3ujc_conf0,0.1306645529924083,1.0,1000,11,4,ref,loqi_raw
3ujd_3ujd_conf0,0.0915929224501862,1.0,1000,11,4,ref,loqi_raw
3uod_3uod_conf0,0.5592637486614976,1.0,1000,27,5,ref,loqi_raw
3uu1_3uu1_conf0,0.0293380948426975,1.0,1000,12,1,ref,loqi_raw
3uxk_3uxk_conf0,0.2126413681203495,1.0,1000,10,1,ref,loqi_raw
3v3q_3v3q_conf0,0.929178223806226,0.0,1000,27,13,ref,loqi_raw
3v51_3v51_conf0,0.3402574804665971,1.0,1000,32,5,ref,loqi_raw
3v5p_3v5p_conf0,0.2766392779291166,1.0,1000,26,4,ref,loqi_raw
3v7x_3v7x_conf0,2.500425797395049,0.0,1000,25,7,ref,loqi_raw
3vbd_3vbd_conf0,0.8260926210892587,0.0,1000,22,3,ref,loqi_raw
3vhk_3vhk_conf0,0.4743885195520248,1.0,1000,22,5,ref,loqi_raw
3vw1_3vw1_conf0,0.5527222018790247,1.0,1000,28,6,ref,loqi_raw
3w5n_3w5n_conf0,0.1357965913747707,1.0,986,11,0,ref,loqi_raw
3wha_3wha_conf0,0.4613241484022427,1.0,1000,28,6,ref,loqi_raw
3wtn_3wtn_conf0,0.3086761201606122,1.0,1000,14,2,ref,loqi_raw
3wto_3wto_conf0,0.2500923825030328,1.0,1000,14,2,ref,loqi_raw
3zbx_3zbx_conf0,0.2219152299909247,1.0,1000,27,3,ref,loqi_raw
3zi8_3zi8_conf0,0.0615832105718915,1.0,994,10,0,ref,loqi_raw
3zlr_3zlr_conf0,1.1881983260419404,0.0,1000,41,10,ref,loqi_raw
3zxz_3zxz_conf0,0.426385529827863,1.0,1000,28,5,ref,loqi_raw
456c_456c_conf0,0.5251882394760296,1.0,1000,28,6,ref,loqi_raw
4a4v_4a4v_conf0,0.6782947939223785,1.0,1000,22,8,ref,loqi_raw
4a4w_4a4w_conf0,1.402911875810574,0.0,970,30,10,ref,loqi_raw
4a6l_4a6l_conf0,0.8638770189701872,0.0,1000,30,3,ref,loqi_raw
4ab9_4ab9_conf0,0.2801388991722263,1.0,1000,11,1,ref,loqi_raw
4abb_4abb_conf0,0.074207501428958,1.0,1000,11,1,ref,loqi_raw
4abe_4abe_conf0,0.2667193083480822,1.0,1000,13,2,ref,loqi_raw
4abf_4abf_conf0,0.0750036641051138,1.0,1000,12,1,ref,loqi_raw
4acc_4acc_conf0,0.4416946522052295,1.0,1000,31,8,ref,loqi_raw
4aci_4aci_conf0,0.1791926286347308,1.0,1000,13,5,ref,loqi_raw
4ag8_4ag8_conf0,0.6793363800836567,1.0,1000,28,5,ref,loqi_raw
4ahu_4ahu_conf0,0.0434567722436948,1.0,1000,12,1,ref,loqi_raw
4ai5_4ai5_conf0,0.0627145894836996,1.0,1000,11,0,ref,loqi_raw
4aia_4aia_conf0,0.0588358913698199,1.0,1000,11,0,ref,loqi_raw
4aj4_4aj4_conf0,1.219776542217609,0.0,1000,21,7,ref,loqi_raw
4aje_4aje_conf0,0.2311198223210228,1.0,1000,15,4,ref,loqi_raw
4aji_4aji_conf0,0.2977315731430032,1.0,1000,18,6,ref,loqi_raw
4ajl_4ajl_conf0,0.3699909543936481,1.0,1000,21,5,ref,loqi_raw
4aoi_4aoi_conf0,0.2802742993495161,1.0,1000,27,3,ref,loqi_raw
4ap7_4ap7_conf0,0.1545145332422652,1.0,1000,24,3,ref,loqi_raw
4aq4_4aq4_conf0,0.0941802925801214,1.0,997,10,4,ref,loqi_raw
4ara_4ara_conf0,0.3092976348947523,1.0,1000,25,7,ref,loqi_raw
4asd_4asd_conf0,0.538596828497102,1.0,1000,32,5,ref,loqi_raw
4b32_4b32_conf0,0.0368484819381386,1.0,1000,11,0,ref,loqi_raw
4b33_4b33_conf0,0.0381884051985724,1.0,1000,11,0,ref,loqi_raw
4b3c_4b3c_conf0,0.0454981123561541,1.0,1000,10,0,ref,loqi_raw
4b3d_4b3d_conf0,0.0465128466843247,1.0,1000,10,0,ref,loqi_raw
4b76_4b76_conf0,0.1207554535963558,1.0,1000,17,3,ref,loqi_raw
4bck_4bck_conf0,0.524081030859876,1.0,1000,27,5,ref,loqi_raw
4bcm_4bcm_conf0,0.318915783634318,1.0,1000,33,6,ref,loqi_raw
4bco_4bco_conf0,1.4672942956479005,0.0,1000,33,5,ref,loqi_raw
4bf1_4bf1_conf0,0.1576974135316751,1.0,1000,24,3,ref,loqi_raw
4bf6_4bf6_conf0,0.128369117438345,1.0,1000,22,3,ref,loqi_raw
4bps_4bps_conf0,0.1311662739886981,1.0,1000,14,4,ref,loqi_raw
4bqg_4bqg_conf0,0.1494607723247865,1.0,1000,17,2,ref,loqi_raw
4btk_4btk_conf0,0.189783507832752,1.0,1000,22,4,ref,loqi_raw
4cfl_4cfl_conf0,0.0637604776290445,1.0,1000,23,2,ref,loqi_raw
4d7b_4d7b_conf0,0.1793533313000177,1.0,1000,20,3,ref,loqi_raw
4der_4der_conf0,0.4593751475624176,1.0,1000,20,1,ref,loqi_raw
4det_4det_conf0,0.2293380033357816,1.0,1000,21,1,ref,loqi_raw
4dff_4dff_conf0,0.1575973148233824,1.0,1000,22,3,ref,loqi_raw
4dhl_4dhl_conf0,0.2714871047373197,1.0,1000,15,2,ref,loqi_raw
4dkr_4dkr_conf0,0.1425664665767429,1.0,995,27,3,ref,loqi_raw
4dst_4dst_conf0,0.0593699417394975,1.0,1000,15,2,ref,loqi_raw
4dsy_4dsy_conf0,0.3803166425994068,1.0,1000,15,2,ref,loqi_raw
4duh_4duh_conf0,0.3316903527982814,1.0,997,26,6,ref,loqi_raw
4e0x_4e0x_conf0,0.0897951688095341,1.0,989,15,4,ref,loqi_raw
4e3g_4e3g_conf0,0.0781049865001878,1.0,1000,10,1,ref,loqi_raw
4e4l_4e4l_conf0,0.0894660270854059,1.0,1000,23,2,ref,loqi_raw
4e70_4e70_conf0,0.0746511146895361,1.0,1000,13,3,ref,loqi_raw
4e9u_4e9u_conf0,0.9327007451428134,0.0,1000,19,6,ref,loqi_raw
4ehz_4ehz_conf0,0.0524117302011015,1.0,1000,19,1,ref,loqi_raw
4ej8_4ej8_conf0,0.0403478971673258,1.0,1000,12,1,ref,loqi_raw
4ejl_4ejl_conf0,0.1127716671570295,1.0,1000,14,3,ref,loqi_raw
4en4_4en4_conf0,0.0828902510731754,1.0,1000,13,3,ref,loqi_raw
4f39_4f39_conf0,0.1431949294866267,1.0,992,15,4,ref,loqi_raw
4f6w_4f6w_conf0,0.9016534770369644,0.0,998,47,7,ref,loqi_raw
4f9y_4f9y_conf0,0.1107448145692641,1.0,1000,25,3,ref,loqi_raw
4fai_4fai_conf0,0.9554015436400932,0.0,1000,22,7,ref,loqi_raw
4fcq_4fcq_conf0,0.2591440575511435,1.0,1000,21,2,ref,loqi_raw
4few_4few_conf0,0.3408393887445668,1.0,1000,21,1,ref,loqi_raw
4fht_4fht_conf0,0.1708085821496159,1.0,1000,11,1,ref,loqi_raw
4g95_4g95_conf0,1.0878979211591375,0.0,1000,22,3,ref,loqi_raw
4ge1_4ge1_conf0,0.0638836135649765,1.0,1000,12,2,ref,loqi_raw
4gg7_4gg7_conf0,0.263016454284398,1.0,1000,36,6,ref,loqi_raw
4ghi_4ghi_conf0,0.0804900876779338,1.0,1000,21,3,ref,loqi_raw
4gih_4gih_conf0,0.2054850555895537,1.0,1000,23,4,ref,loqi_raw
4gii_4gii_conf0,0.2036403427838715,1.0,1000,25,4,ref,loqi_raw
4gkh_4gkh_conf0,0.2685699569000202,1.0,1000,24,1,ref,loqi_raw
4gki_4gki_conf0,0.1568516041767183,1.0,1000,25,2,ref,loqi_raw
4gny_4gny_conf0,0.6089304155495466,1.0,1000,17,12,ref,loqi_raw
4gqr_4gqr_conf0,0.2842577764512697,1.0,1000,23,1,ref,loqi_raw
4gu6_4gu6_conf0,0.7762695911644253,0.0,1000,31,6,ref,loqi_raw
4gu9_4gu9_conf0,0.1350140100191789,1.0,1000,17,2,ref,loqi_raw
4h7q_4h7q_conf0,0.2491727308170478,1.0,1000,9,3,ref,loqi_raw
4ht0_4ht0_conf0,1.2453576671425053,0.0,1000,23,3,ref,loqi_raw
4ht2_4ht2_conf0,0.4679922435802617,1.0,1000,23,3,ref,loqi_raw
4hu1_4hu1_conf0,0.2521111775924172,1.0,1000,20,4,ref,loqi_raw
4hw3_4hw3_conf0,0.2443225703247279,1.0,1000,25,6,ref,loqi_raw
4i7m_4i7m_conf0,0.1348105934763551,1.0,1000,10,2,ref,loqi_raw
4i8n_4i8n_conf0,1.10610897760647,0.0,1000,34,7,ref,loqi_raw
4i8x_4i8x_conf0,0.131073349170859,1.0,1000,15,2,ref,loqi_raw
4i9h_4i9h_conf0,2.251204114208747,0.0,735,51,17,ref,loqi_raw
4i9u_4i9u_conf0,0.2765727865725494,1.0,1000,23,6,ref,loqi_raw
4ih3_4ih3_conf0,0.5055095752222137,1.0,1000,12,2,ref,loqi_raw
4ih6_4ih6_conf0,0.1526120814318183,1.0,996,21,3,ref,loqi_raw
4ij1_4ij1_conf0,0.0940578190475983,1.0,1000,19,4,ref,loqi_raw
4itp_4itp_conf0,1.6571194511344502,0.0,1000,21,5,ref,loqi_raw
4iue_4iue_conf0,0.0618256926631117,1.0,1000,19,1,ref,loqi_raw
4iuo_4iuo_conf0,0.0517283112283649,1.0,472,13,1,ref,loqi_raw
4iwz_4iwz_conf0,0.2070727506752895,1.0,999,18,4,ref,loqi_raw
4j22_4j22_conf0,0.990532096326886,0.0,1000,30,5,ref,loqi_raw
4jh0_4jh0_conf0,0.2421969335565884,1.0,1000,27,4,ref,loqi_raw
4jkw_4jkw_conf0,0.5179112769292596,1.0,1000,14,6,ref,loqi_raw
4jn2_4jn2_conf0,0.5072030018281632,1.0,1000,35,9,ref,loqi_raw
4jsa_4jsa_conf0,0.0926233707903739,1.0,1000,10,1,ref,loqi_raw
4jx9_4jx9_conf0,0.4918511254638509,1.0,996,17,2,ref,loqi_raw
4jyt_4jyt_conf0,2.416417128564313,0.0,1000,40,9,ref,loqi_raw
4jz1_4jz1_conf0,1.920168141816988,0.0,1000,37,9,ref,loqi_raw
4k0y_4k0y_conf0,0.1832506456403214,1.0,1000,26,3,ref,loqi_raw
4k3n_4k3n_conf0,0.189300722324316,1.0,1000,17,3,ref,loqi_raw
4k5p_4k5p_conf0,0.2971042616837372,1.0,1000,15,3,ref,loqi_raw
4k6i_4k6i_conf0,0.2109179270841922,1.0,1000,26,3,ref,loqi_raw
4k7i_4k7i_conf0,0.0337563376999145,1.0,1000,8,0,ref,loqi_raw
4k7n_4k7n_conf0,0.0413207829906138,1.0,1000,9,0,ref,loqi_raw
4k7o_4k7o_conf0,0.2239270719609329,1.0,1000,12,0,ref,loqi_raw
4k9y_4k9y_conf0,0.3983378610920857,1.0,1000,36,4,ref,loqi_raw
4kao_4kao_conf0,0.3110008035069082,1.0,1000,32,4,ref,loqi_raw
4kif_4kif_conf0,0.2563471300735897,1.0,1000,12,3,ref,loqi_raw
4km0_4km0_conf0,0.1143720012645494,1.0,1000,17,2,ref,loqi_raw
4km2_4km2_conf0,0.2207542798834197,1.0,1000,21,5,ref,loqi_raw
4kni_4kni_conf0,0.7047392803703769,1.0,1000,23,5,ref,loqi_raw
4knj_4knj_conf0,0.5851984972829225,1.0,1000,21,5,ref,loqi_raw
4knm_4knm_conf0,1.056654258282466,0.0,1000,23,5,ref,loqi_raw
4knn_4knn_conf0,1.1903948667620166,0.0,1000,21,5,ref,loqi_raw
4kp5_4kp5_conf0,0.719068432499764,1.0,1000,21,5,ref,loqi_raw
4kp8_4kp8_conf0,1.1898359498466882,0.0,1000,20,5,ref,loqi_raw
4kwf_4kwf_conf0,0.1882692179583983,1.0,1000,18,2,ref,loqi_raw
4kwg_4kwg_conf0,0.0430637316692829,1.0,1000,13,0,ref,loqi_raw
4kyh_4kyh_conf0,0.1666676559162634,1.0,1000,29,4,ref,loqi_raw
4kyk_4kyk_conf0,0.1700807615229365,1.0,1000,25,4,ref,loqi_raw
4l2l_4l2l_conf0,0.2332331352858027,1.0,1000,19,3,ref,loqi_raw
4lko_4lko_conf0,0.4538772926631623,1.0,1000,25,5,ref,loqi_raw
4llj_4llj_conf0,0.0634680660594493,1.0,1000,11,0,ref,loqi_raw
4llp_4llp_conf0,0.0318367107324717,1.0,1000,9,0,ref,loqi_raw
4lm2_4lm2_conf0,0.0971895928665712,1.0,1000,12,1,ref,loqi_raw
4lm3_4lm3_conf0,0.1809404311232228,1.0,1000,13,1,ref,loqi_raw
4loo_4loo_conf0,0.1304636065739864,1.0,1000,25,3,ref,loqi_raw
4lrr_4lrr_conf0,2.2873826814377467,0.0,1000,25,3,ref,loqi_raw
4luz_4luz_conf0,1.0393672216498029,0.0,1000,37,8,ref,loqi_raw
4lxd_4lxd_conf0,0.4947939029728934,1.0,995,48,10,ref,loqi_raw
4lxz_4lxz_conf0,0.4283758657225675,1.0,1000,19,8,ref,loqi_raw
4ly1_4ly1_conf0,0.3231159807881922,1.0,1000,25,4,ref,loqi_raw
4lyw_4lyw_conf0,0.5522982007027313,1.0,1000,29,8,ref,loqi_raw
4lzr_4lzr_conf0,0.6497541763008912,1.0,998,29,5,ref,loqi_raw
4m0r_4m0r_conf0,0.3067889109669454,1.0,1000,29,7,ref,loqi_raw
4m14_4m14_conf0,0.2438873487437305,1.0,1000,26,5,ref,loqi_raw
4m2r_4m2r_conf0,0.7483664419064764,1.0,1000,23,7,ref,loqi_raw
4m2v_4m2v_conf0,0.7222956112852704,1.0,1000,23,7,ref,loqi_raw
4m6u_4m6u_conf0,0.2110789314185408,1.0,1000,8,2,ref,loqi_raw
4m8e_4m8e_conf0,0.3544017719860083,1.0,900,23,4,ref,loqi_raw
4mmm_4mmm_conf0,0.0443030444213864,1.0,1000,14,1,ref,loqi_raw
4mo8_4mo8_conf0,0.1178715903053402,1.0,1000,16,5,ref,loqi_raw
4mr3_4mr3_conf0,0.0895360230034366,1.0,1000,24,3,ref,loqi_raw
4mr6_4mr6_conf0,0.1844781152330836,1.0,1000,27,6,ref,loqi_raw
4mre_4mre_conf0,0.0452662860054067,1.0,1000,9,0,ref,loqi_raw
4mrg_4mrg_conf0,0.0410772767383294,1.0,1000,11,0,ref,loqi_raw
4mrw_4mrw_conf0,0.0344130169047777,1.0,1000,12,0,ref,loqi_raw
4mrz_4mrz_conf0,0.041105077101759,1.0,1000,11,1,ref,loqi_raw
4msc_4msc_conf0,0.337189955332786,1.0,1000,22,3,ref,loqi_raw
4msn_4msn_conf0,0.0424135437679606,1.0,1000,13,1,ref,loqi_raw
4n9c_4n9c_conf0,0.0495131284841227,1.0,1000,12,1,ref,loqi_raw
4nbl_4nbl_conf0,0.1270001216435002,1.0,1000,22,4,ref,loqi_raw
4nl1_4nl1_conf0,0.19743942702346,1.0,1000,13,2,ref,loqi_raw
4np3_4np3_conf0,0.0881363749480687,1.0,1000,18,2,ref,loqi_raw
4nuc_4nuc_conf0,0.4307807712405,1.0,999,27,5,ref,loqi_raw
4nvp_4nvp_conf0,0.1265993432767915,1.0,883,22,1,ref,loqi_raw
4o09_4o09_conf0,0.2003634235707118,1.0,1000,28,3,ref,loqi_raw
4o0b_4o0b_conf0,0.2326871157779969,1.0,1000,29,2,ref,loqi_raw
4o0x_4o0x_conf0,0.090041059832629,1.0,1000,26,1,ref,loqi_raw
4o0y_4o0y_conf0,0.1320292314796088,1.0,1000,25,3,ref,loqi_raw
4o2b_4o2b_conf0,0.1461095853738461,1.0,988,29,5,ref,loqi_raw
4o2p_4o2p_conf0,0.8000471437809686,0.0,984,34,9,ref,loqi_raw
4o3f_4o3f_conf0,0.2302279097044492,1.0,988,28,4,ref,loqi_raw
4o61_4o61_conf0,0.1635741631564216,1.0,1000,13,5,ref,loqi_raw
4oak_4oak_conf0,0.116065308940983,1.0,997,11,3,ref,loqi_raw
4oct_4oct_conf0,0.1441619373682374,1.0,1000,10,4,ref,loqi_raw
4oks_4oks_conf0,1.153004156898688,0.0,1000,33,7,ref,loqi_raw
4owv_4owv_conf0,0.0394427486444373,1.0,1000,10,1,ref,loqi_raw
4p5z_4p5z_conf0,0.362896228129287,1.0,1000,37,4,ref,loqi_raw
4poh_4poh_conf0,0.329394614490517,1.0,889,23,4,ref,loqi_raw
4pop_4pop_conf0,0.2301308723356842,1.0,1000,17,3,ref,loqi_raw
4pp3_4pp3_conf0,0.4123703049630535,1.0,950,23,4,ref,loqi_raw
4pp5_4pp5_conf0,0.3621758131507767,1.0,929,23,4,ref,loqi_raw
4pvy_4pvy_conf0,0.2965228997607051,1.0,1000,26,7,ref,loqi_raw
4q08_4q08_conf0,0.8102216533653286,0.0,1000,26,6,ref,loqi_raw
4q09_4q09_conf0,0.7302429744628421,1.0,1000,28,6,ref,loqi_raw
4q19_4q19_conf0,0.4865178988081604,1.0,1000,27,7,ref,loqi_raw
4q7p_4q7p_conf0,0.0441289813216355,1.0,1000,9,0,ref,loqi_raw
4q7s_4q7s_conf0,0.0455485316648484,1.0,1000,9,0,ref,loqi_raw
4q7v_4q7v_conf0,0.053121745188805,1.0,1000,9,0,ref,loqi_raw
4q7w_4q7w_conf0,0.0617644386601238,1.0,1000,9,0,ref,loqi_raw
4q81_4q81_conf0,0.0575665476698878,1.0,1000,10,0,ref,loqi_raw
4q83_4q83_conf0,0.0608044143645754,1.0,1000,12,0,ref,loqi_raw
4q87_4q87_conf0,0.0550584010182433,1.0,1000,12,0,ref,loqi_raw
4qb3_4qb3_conf0,0.4747014090352706,1.0,1000,22,5,ref,loqi_raw
4qem_4qem_conf0,0.2078231996099651,1.0,1000,12,2,ref,loqi_raw
4qer_4qer_conf0,0.3074938346943193,1.0,1000,17,2,ref,loqi_raw
4qjw_4qjw_conf0,0.5134034657059836,1.0,1000,27,7,ref,loqi_raw
4qjx_4qjx_conf0,0.7029962049294826,1.0,1000,27,7,ref,loqi_raw
4qp2_4qp2_conf0,0.0371354338291735,1.0,1000,11,0,ref,loqi_raw
4qsv_4qsv_conf0,0.1781304273555972,1.0,1000,17,2,ref,loqi_raw
4qtl_4qtl_conf0,0.839471455330181,0.0,1000,27,7,ref,loqi_raw
4qxo_4qxo_conf0,0.1100819015988385,1.0,1000,21,2,ref,loqi_raw
4r0a_4r0a_conf0,0.1092816251172126,1.0,999,17,2,ref,loqi_raw
4r4c_4r4c_conf0,0.49193336338289,1.0,1000,41,8,ref,loqi_raw
4r4o_4r4o_conf0,1.628182307343956,0.0,999,40,8,ref,loqi_raw
4r4t_4r4t_conf0,0.935060484245768,0.0,1000,40,8,ref,loqi_raw
4r76_4r76_conf0,0.550758682524748,1.0,1000,26,5,ref,loqi_raw
4rak_4rak_conf0,0.1526667726508494,1.0,1000,35,6,ref,loqi_raw
4rfc_4rfc_conf0,0.8650090718867061,0.0,1000,23,7,ref,loqi_raw
4rfd_4rfd_conf0,0.2946981688622761,1.0,1000,16,6,ref,loqi_raw
4rj8_4rj8_conf0,0.4140085761122911,1.0,1000,29,5,ref,loqi_raw
4rlu_4rlu_conf0,0.0735058148475304,1.0,1000,19,3,ref,loqi_raw
4rpn_4rpn_conf0,0.0563559940934984,1.0,1000,12,0,ref,loqi_raw
4rpo_4rpo_conf0,0.0291345208907294,1.0,1000,10,0,ref,loqi_raw
4rqk_4rqk_conf0,0.5862617239213126,1.0,1000,23,3,ref,loqi_raw
4rux_4rux_conf0,0.3018728050520294,1.0,1000,14,4,ref,loqi_raw
4ruy_4ruy_conf0,0.3628590894225882,1.0,1000,14,4,ref,loqi_raw
4ruz_4ruz_conf0,0.0973122365571064,1.0,1000,13,3,ref,loqi_raw
4rvr_4rvr_conf0,0.1946169129445762,1.0,1000,26,6,ref,loqi_raw
4rwj_4rwj_conf0,0.9696193538379444,0.0,1000,34,8,ref,loqi_raw
4tjz_4tjz_conf0,0.2993212744209785,1.0,1000,12,7,ref,loqi_raw
4tqn_4tqn_conf0,0.7331582462688562,1.0,1000,24,6,ref,loqi_raw
4tte_4tte_conf0,0.1484492724852852,1.0,1000,18,2,ref,loqi_raw
4u1b_4u1b_conf0,0.4919586545037177,1.0,999,13,6,ref,loqi_raw
4u43_4u43_conf0,0.1375918120373923,1.0,1000,16,2,ref,loqi_raw
4u54_4u54_conf0,0.1652915668927532,1.0,1000,15,3,ref,loqi_raw
4u69_4u69_conf0,0.3321098189239027,1.0,998,11,4,ref,loqi_raw
4u6w_4u6w_conf0,0.4541950638299619,1.0,999,13,6,ref,loqi_raw
4u70_4u70_conf0,0.2400219124571746,1.0,1000,13,3,ref,loqi_raw
4u73_4u73_conf0,0.1894695083036596,1.0,999,12,2,ref,loqi_raw
4ucc_4ucc_conf0,0.1301547598868773,1.0,1000,20,4,ref,loqi_raw
4umb_4umb_conf0,0.1251668783150042,1.0,990,10,3,ref,loqi_raw
4unp_4unp_conf0,0.1294231038049899,1.0,1000,15,2,ref,loqi_raw
4up5_4up5_conf0,0.1727959852774429,1.0,1000,12,1,ref,loqi_raw
4urz_4urz_conf0,0.2395132979462406,1.0,1000,17,2,ref,loqi_raw
4uye_4uye_conf0,0.1020261057229914,1.0,1000,29,4,ref,loqi_raw
4v24_4v24_conf0,0.88290335312591,0.0,1000,33,9,ref,loqi_raw
4wa9_4wa9_conf0,1.3557934984803277,0.0,1000,28,5,ref,loqi_raw
4wkb_4wkb_conf0,0.2382747793864939,1.0,999,20,4,ref,loqi_raw
4wkn_4wkn_conf0,0.2984570089030406,1.0,1000,20,4,ref,loqi_raw
4wov_4wov_conf0,0.3776978203362604,1.0,1000,28,6,ref,loqi_raw
4wrb_4wrb_conf0,0.1871772443547464,1.0,1000,27,6,ref,loqi_raw
4x24_4x24_conf0,0.5528274119574407,1.0,1000,20,4,ref,loqi_raw
4x8u_4x8u_conf0,0.0732194360247745,1.0,1000,13,1,ref,loqi_raw
4xip_4xip_conf0,0.1006713851563035,1.0,1000,22,2,ref,loqi_raw
4xiq_4xiq_conf0,0.1374006967426804,1.0,1000,25,1,ref,loqi_raw
4xir_4xir_conf0,0.3249901260645161,1.0,999,29,3,ref,loqi_raw
4xmb_4xmb_conf0,0.668692043160677,1.0,1000,42,12,ref,loqi_raw
4y2q_4y2q_conf0,0.1092897492409712,1.0,1000,16,1,ref,loqi_raw
4y4j_4y4j_conf0,0.0358494566223716,1.0,1000,12,2,ref,loqi_raw
4ygf_4ygf_conf0,0.1369912236653216,1.0,998,13,2,ref,loqi_raw
4yhm_4yhm_conf0,1.0385706115460092,0.0,1000,35,9,ref,loqi_raw
4yho_4yho_conf0,1.1309261550599885,0.0,1000,35,9,ref,loqi_raw
4ykk_4ykk_conf0,0.1027235898520159,1.0,996,7,2,ref,loqi_raw
4ymq_4ymq_conf0,1.0673463847655391,0.0,991,40,10,ref,loqi_raw
4yx4_4yx4_conf0,0.0407914120621812,1.0,1000,10,1,ref,loqi_raw
4yxi_4yxi_conf0,0.0256140742665523,1.0,1000,11,1,ref,loqi_raw
4yyt_4yyt_conf0,0.1667130472185382,1.0,1000,13,3,ref,loqi_raw
4yzu_4yzu_conf0,0.825948383930278,0.0,1000,27,5,ref,loqi_raw
4z0q_4z0q_conf0,0.457607250560379,1.0,1000,22,2,ref,loqi_raw
4z1e_4z1e_conf0,0.5020934074843919,1.0,1000,24,3,ref,loqi_raw
4z1j_4z1j_conf0,0.1996597827729418,1.0,1000,22,2,ref,loqi_raw
4z1k_4z1k_conf0,0.533153198474289,1.0,1000,24,2,ref,loqi_raw
4z93_4z93_conf0,0.1338141043693415,1.0,1000,31,4,ref,loqi_raw
4zbi_4zbi_conf0,0.40600688428473,1.0,1000,29,6,ref,loqi_raw
4zo5_4zo5_conf0,0.522965816848868,1.0,999,36,7,ref,loqi_raw
4zx3_4zx3_conf0,0.351140684434862,1.0,1000,19,3,ref,loqi_raw
4zx4_4zx4_conf0,0.5491398968430878,1.0,1000,27,4,ref,loqi_raw
4zzx_4zzx_conf0,0.1296810881121553,1.0,1000,18,5,ref,loqi_raw
4zzz_4zzz_conf0,0.1586063218452152,1.0,1000,18,5,ref,loqi_raw
5a5q_5a5q_conf0,0.0417550364765882,1.0,1000,19,2,ref,loqi_raw
5aan_5aan_conf0,0.7596312966762795,0.0,1000,24,3,ref,loqi_raw
5am6_5am6_conf0,0.2914549950930642,1.0,1000,29,2,ref,loqi_raw
5am7_5am7_conf0,0.2988037589457373,1.0,1000,29,2,ref,loqi_raw
5ant_5ant_conf0,0.3611660720601473,1.0,1000,24,7,ref,loqi_raw
5anv_5anv_conf0,0.1173406831467802,1.0,1000,27,5,ref,loqi_raw
5aoj_5aoj_conf0,0.1059623457179559,1.0,1000,17,2,ref,loqi_raw
5aut_5aut_conf0,0.1662159359855934,1.0,1000,21,3,ref,loqi_raw
5boj_5boj_conf0,0.7436318546500789,1.0,1000,18,6,ref,loqi_raw
5btx_5btx_conf0,0.1172941160895549,1.0,880,22,1,ref,loqi_raw
5c1w_5c1w_conf0,0.0897103823980578,1.0,1000,12,1,ref,loqi_raw
5c2a_5c2a_conf0,0.5474790243296986,1.0,1000,20,4,ref,loqi_raw
5c3p_5c3p_conf0,0.1337665396912291,1.0,1000,10,4,ref,loqi_raw
5c5t_5c5t_conf0,0.1395314198718052,1.0,1000,10,4,ref,loqi_raw
5c8n_5c8n_conf0,0.40079013623894,1.0,1000,31,7,ref,loqi_raw
5cap_5cap_conf0,0.5211047402096523,1.0,999,29,7,ref,loqi_raw
5cbs_5cbs_conf0,0.1507917878272693,1.0,1000,19,4,ref,loqi_raw
5cep_5cep_conf0,0.1667783982556606,1.0,1000,25,4,ref,loqi_raw
5cjf_5cjf_conf0,0.4176400559470243,1.0,1000,25,4,ref,loqi_raw
5cp5_5cp5_conf0,0.1581771817484421,1.0,1000,26,4,ref,loqi_raw
5cqt_5cqt_conf0,0.2138935964754702,1.0,1000,25,4,ref,loqi_raw
5cs6_5cs6_conf0,0.1676110251167082,1.0,1000,13,4,ref,loqi_raw
5csp_5csp_conf0,0.0369206575450453,1.0,1000,11,1,ref,loqi_raw
5cu4_5cu4_conf0,2.8087096961725484,0.0,1000,34,11,ref,loqi_raw
5cy9_5cy9_conf0,0.1309459540604937,1.0,1000,23,6,ref,loqi_raw
5d0c_5d0c_conf0,0.7191168158809805,1.0,1000,29,5,ref,loqi_raw
5d0r_5d0r_conf0,0.1256396657776164,1.0,1000,19,2,ref,loqi_raw
5d24_5d24_conf0,0.7258380315765747,1.0,1000,25,7,ref,loqi_raw
5d25_5d25_conf0,0.2836485404406065,1.0,1000,28,7,ref,loqi_raw
5d26_5d26_conf0,0.4735065732420769,1.0,1000,29,8,ref,loqi_raw
5d3h_5d3h_conf0,0.4172393518970926,1.0,1000,30,9,ref,loqi_raw
5d3j_5d3j_conf0,0.51155730111073,1.0,1000,28,8,ref,loqi_raw
5d3l_5d3l_conf0,0.2622063325578446,1.0,1000,30,8,ref,loqi_raw
5d3n_5d3n_conf0,0.2952358353457502,1.0,999,26,6,ref,loqi_raw
5d3t_5d3t_conf0,1.1394396833546654,0.0,1000,25,6,ref,loqi_raw
5d45_5d45_conf0,0.2579477764243372,1.0,1000,29,6,ref,loqi_raw
5d47_5d47_conf0,0.2679283942286792,1.0,995,31,7,ref,loqi_raw
5d48_5d48_conf0,0.4358901897226663,1.0,995,34,8,ref,loqi_raw
5dh4_5dh4_conf0,0.2211677297725133,1.0,1000,19,3,ref,loqi_raw
5dq8_5dq8_conf0,0.411728223789825,1.0,1000,20,3,ref,loqi_raw
5dqe_5dqe_conf0,0.3378293898599144,1.0,1000,17,3,ref,loqi_raw
5dx4_5dx4_conf0,0.4593177207198917,1.0,1000,28,5,ref,loqi_raw
5dyo_5dyo_conf0,0.1311076114086521,1.0,1000,25,2,ref,loqi_raw
5e28_5e28_conf0,0.0921266541328087,1.0,1000,17,2,ref,loqi_raw
5e2k_5e2k_conf0,0.1236471740275969,1.0,1000,17,2,ref,loqi_raw
5e2l_5e2l_conf0,0.324060791135874,1.0,998,12,3,ref,loqi_raw
5e2r_5e2r_conf0,0.3103072636369328,1.0,1000,25,4,ref,loqi_raw
5e2s_5e2s_conf0,0.2688612817424123,1.0,1000,19,3,ref,loqi_raw
5e73_5e73_conf0,0.1081843730207037,1.0,1000,24,2,ref,loqi_raw
5e74_5e74_conf0,0.3400098769862788,1.0,1000,33,3,ref,loqi_raw
5e7n_5e7n_conf0,0.492477254284504,1.0,1000,30,6,ref,loqi_raw
5edb_5edb_conf0,0.0748048835078598,1.0,1000,21,2,ref,loqi_raw
5edc_5edc_conf0,0.3411470239219152,1.0,1000,26,3,ref,loqi_raw
5eei_5eei_conf0,0.4771020706726053,1.0,1000,19,8,ref,loqi_raw
5ef7_5ef7_conf0,0.5229168904496031,1.0,1000,23,6,ref,loqi_raw
5ehr_5ehr_conf0,0.2304393622188152,1.0,1000,23,2,ref,loqi_raw
5eis_5eis_conf0,0.1164463068053779,1.0,1000,21,3,ref,loqi_raw
5elw_5elw_conf0,0.1939368477029091,1.0,994,13,4,ref,loqi_raw
5ep7_5ep7_conf0,0.7317963900478704,1.0,1000,20,3,ref,loqi_raw
5eq1_5eq1_conf0,0.0880791451662166,1.0,1000,13,0,ref,loqi_raw
5etb_5etb_conf0,0.1297911910231351,1.0,1000,13,1,ref,loqi_raw
5eu1_5eu1_conf0,0.217735853373607,1.0,1000,26,5,ref,loqi_raw
5ewk_5ewk_conf0,1.255920842797186,0.0,1000,22,3,ref,loqi_raw
5f1h_5f1h_conf0,0.2504606871652677,1.0,1000,26,5,ref,loqi_raw
5f25_5f25_conf0,0.2129056829328833,1.0,1000,18,2,ref,loqi_raw
5f2p_5f2p_conf0,0.0371090675676767,1.0,1000,15,1,ref,loqi_raw
5fbi_5fbi_conf0,0.5850784130472358,1.0,1000,23,5,ref,loqi_raw
5fdc_5fdc_conf0,0.1742259491550921,1.0,1000,15,3,ref,loqi_raw
5fe7_5fe7_conf0,0.0554777442990114,1.0,1000,14,2,ref,loqi_raw
5fl4_5fl4_conf0,0.3726455856829725,1.0,1000,24,3,ref,loqi_raw
5fl5_5fl5_conf0,0.281207947892384,1.0,1000,22,4,ref,loqi_raw
5fl6_5fl6_conf0,0.2362739366312752,1.0,1000,21,3,ref,loqi_raw
5flt_5flt_conf0,0.0746219567596761,1.0,1000,16,3,ref,loqi_raw
5g1z_5g1z_conf0,0.4444889342189493,1.0,1000,22,6,ref,loqi_raw
5g2b_5g2b_conf0,0.5119610585493033,1.0,1000,39,7,ref,loqi_raw
5gj9_5gj9_conf0,0.0651410034527355,1.0,1000,9,1,ref,loqi_raw
5gja_5gja_conf0,0.0670025788883549,1.0,1000,9,1,ref,loqi_raw
5gmh_5gmh_conf0,0.229434701813666,1.0,999,23,5,ref,loqi_raw
5gmn_5gmn_conf0,0.2770328283872342,1.0,1000,25,3,ref,loqi_raw
5gsa_5gsa_conf0,0.3718866288611748,1.0,1000,26,5,ref,loqi_raw
5h1u_5h1u_conf0,0.086247163458454,1.0,1000,13,1,ref,loqi_raw
5h85_5h85_conf0,0.2874315251715792,1.0,998,22,3,ref,loqi_raw
5ha1_5ha1_conf0,0.2785252710307787,1.0,1000,21,5,ref,loqi_raw
5hbs_5hbs_conf0,0.3089680001979763,1.0,1000,21,5,ref,loqi_raw
5hcv_5hcv_conf0,0.2291265007266759,1.0,999,28,1,ref,loqi_raw
5hcy_5hcy_conf0,0.3416161583559194,1.0,1000,39,8,ref,loqi_raw
5his_5his_conf0,0.0755873416137063,1.0,1000,9,1,ref,loqi_raw
5hrv_5hrv_conf0,0.0499292763998787,1.0,1000,16,1,ref,loqi_raw
5hvs_5hvs_conf0,1.0522525943942145,0.0,1000,33,5,ref,loqi_raw
5hz5_5hz5_conf0,0.2527958360288539,1.0,1000,28,3,ref,loqi_raw
5hz8_5hz8_conf0,0.1018016685757461,1.0,1000,27,3,ref,loqi_raw
5hz9_5hz9_conf0,0.0559608346685143,1.0,1000,21,2,ref,loqi_raw
5i29_5i29_conf0,0.1865476257819906,1.0,1000,22,2,ref,loqi_raw
5i3a_5i3a_conf0,0.0217605606510943,1.0,1000,8,0,ref,loqi_raw
5i3x_5i3x_conf0,1.7644880357829067,0.0,1000,44,9,ref,loqi_raw
5i3y_5i3y_conf0,1.2367638403331622,0.0,999,46,11,ref,loqi_raw
5i7x_5i7x_conf0,0.1490471691591108,1.0,1000,22,2,ref,loqi_raw
5i7y_5i7y_conf0,0.1358469863368207,1.0,1000,25,4,ref,loqi_raw
5i80_5i80_conf0,0.0769984893256463,1.0,1000,22,2,ref,loqi_raw
5i88_5i88_conf0,0.2934231632284576,1.0,1000,25,4,ref,loqi_raw
5i9y_5i9y_conf0,0.5852549491998305,1.0,1000,33,7,ref,loqi_raw
5ia0_5ia0_conf0,0.2585598159176442,1.0,1000,37,6,ref,loqi_raw
5ia1_5ia1_conf0,0.2340885812064458,1.0,999,34,4,ref,loqi_raw
5ia2_5ia2_conf0,0.112104014287369,1.0,1000,31,3,ref,loqi_raw
5ia3_5ia3_conf0,0.3786267020985233,1.0,1000,29,4,ref,loqi_raw
5ia4_5ia4_conf0,0.415073921249198,1.0,1000,46,12,ref,loqi_raw
5ie1_5ie1_conf0,0.4578452678911313,1.0,1000,29,6,ref,loqi_raw
5ih9_5ih9_conf0,0.2588287826473305,1.0,1000,32,6,ref,loqi_raw
5ihh_5ihh_conf0,0.228680965791094,1.0,1000,22,2,ref,loqi_raw
5ii2_5ii2_conf0,0.0731136955858125,1.0,1000,21,1,ref,loqi_raw
5ikb_5ikb_conf0,0.1207615916512862,1.0,988,15,4,ref,loqi_raw
5ime_5ime_conf0,0.1375899420588434,1.0,1000,32,6,ref,loqi_raw
5ivc_5ivc_conf0,0.4901756312945792,1.0,1000,26,6,ref,loqi_raw
5ive_5ive_conf0,0.0846114459953949,1.0,1000,16,1,ref,loqi_raw
5ivv_5ivv_conf0,0.0610951039573993,1.0,1000,20,3,ref,loqi_raw
5ivy_5ivy_conf0,0.2234749400050161,1.0,1000,20,4,ref,loqi_raw
5iwg_5iwg_conf0,0.3172437394521168,1.0,1000,23,3,ref,loqi_raw
5j27_5j27_conf0,0.2991604076366385,1.0,1000,29,6,ref,loqi_raw
5j2x_5j2x_conf0,0.228550427154353,1.0,1000,22,2,ref,loqi_raw
5j64_5j64_conf0,0.1118534367286538,1.0,1000,21,2,ref,loqi_raw
5j6l_5j6l_conf0,0.5815595082509527,1.0,1000,29,6,ref,loqi_raw
5j6m_5j6m_conf0,0.8311384419254992,0.0,1000,31,5,ref,loqi_raw
5j6n_5j6n_conf0,0.381878628192519,1.0,1000,29,6,ref,loqi_raw
5j7q_5j7q_conf0,0.2371316471643092,1.0,1000,17,1,ref,loqi_raw
5j82_5j82_conf0,0.3904405306993502,1.0,1000,29,5,ref,loqi_raw
5j86_5j86_conf0,0.8217458522457581,0.0,1000,31,5,ref,loqi_raw
5j8m_5j8m_conf0,0.1384869089883421,1.0,1000,22,2,ref,loqi_raw
5j8u_5j8u_conf0,0.1224846657004969,1.0,1000,21,2,ref,loqi_raw
5j8z_5j8z_conf0,2.23942165498651,0.0,992,32,6,ref,loqi_raw
5ji8_5ji8_conf0,0.0528229357109871,1.0,1000,13,1,ref,loqi_raw
5jq5_5jq5_conf0,0.6370181775579831,1.0,989,29,7,ref,loqi_raw
5jsj_5jsj_conf0,1.798419417579803,0.0,1000,50,13,ref,loqi_raw
5jy3_5jy3_conf0,0.5907221620136729,1.0,1000,40,7,ref,loqi_raw
5k8s_5k8s_conf0,0.0862846568561757,1.0,867,22,1,ref,loqi_raw
5k9w_5k9w_conf0,0.1376490917336321,1.0,998,18,2,ref,loqi_raw
5ka1_5ka1_conf0,0.2338566948260437,1.0,995,18,2,ref,loqi_raw
5ka7_5ka7_conf0,0.1851785974330226,1.0,998,18,2,ref,loqi_raw
5ka9_5ka9_conf0,0.2416095909943544,1.0,997,18,2,ref,loqi_raw
5kad_5kad_conf0,0.2278525710994985,1.0,996,18,2,ref,loqi_raw
5kh3_5kh3_conf0,0.2008353185446479,1.0,1000,15,3,ref,loqi_raw
5l3a_5l3a_conf0,0.2141098535284776,1.0,1000,14,2,ref,loqi_raw
5l4i_5l4i_conf0,0.0466122449864095,1.0,1000,18,3,ref,loqi_raw
5l4j_5l4j_conf0,0.1915566988609429,1.0,1000,17,2,ref,loqi_raw
5l4m_5l4m_conf0,0.2836314872728376,1.0,1000,14,3,ref,loqi_raw
5l8a_5l8a_conf0,1.316513251730814,0.0,1000,35,8,ref,loqi_raw
5ld8_5ld8_conf0,0.5051824756956882,1.0,1000,18,5,ref,loqi_raw
5ljq_5ljq_conf0,0.4982621771252207,1.0,1000,23,5,ref,loqi_raw
5ljt_5ljt_conf0,0.5650229025439424,1.0,1000,23,5,ref,loqi_raw
5llc_5llc_conf0,0.415599348459756,1.0,1000,26,6,ref,loqi_raw
5llg_5llg_conf0,0.3982301863057444,1.0,1000,14,4,ref,loqi_raw
5llh_5llh_conf0,0.5421321575359657,1.0,1000,24,3,ref,loqi_raw
5lny_5lny_conf0,0.3788525902600455,1.0,1000,34,4,ref,loqi_raw
5ltn_5ltn_conf0,0.4860943617779438,1.0,1000,14,4,ref,loqi_raw
5lvq_5lvq_conf0,0.1811123361062172,1.0,1000,17,3,ref,loqi_raw
5lvr_5lvr_conf0,0.0509713453649672,1.0,1000,15,2,ref,loqi_raw
5lz4_5lz4_conf0,0.3875422161947273,1.0,1000,20,4,ref,loqi_raw
5lz5_5lz5_conf0,1.061464217568553,0.0,997,25,5,ref,loqi_raw
5meh_5meh_conf0,0.0650810175510191,1.0,997,11,1,ref,loqi_raw
5mg2_5mg2_conf0,0.2651397114240933,1.0,1000,32,4,ref,loqi_raw
5mgf_5mgf_conf0,0.2095869940962715,1.0,1000,13,3,ref,loqi_raw
5mgk_5mgk_conf0,0.1898856774560598,1.0,1000,13,3,ref,loqi_raw
5mme_5mme_conf0,0.4414024350019612,1.0,1000,27,7,ref,loqi_raw
5mnn_5mnn_conf0,0.050609935646167,1.0,1000,9,0,ref,loqi_raw
5mod_5mod_conf0,0.2404921921464844,1.0,1000,13,3,ref,loqi_raw
5mpz_5mpz_conf0,0.1301971299505636,1.0,1000,14,1,ref,loqi_raw
5mqe_5mqe_conf0,0.1363124649291203,1.0,1000,10,1,ref,loqi_raw
5msb_5msb_conf0,0.3488105496739142,1.0,1000,20,4,ref,loqi_raw
5mwh_5mwh_conf0,0.7456107736355368,1.0,999,34,6,ref,loqi_raw
5my8_5my8_conf0,0.4688622965453958,1.0,1000,37,6,ref,loqi_raw
5mz8_5mz8_conf0,0.23059473333357,1.0,1000,8,3,ref,loqi_raw
5n0e_5n0e_conf0,0.5244954435080365,1.0,999,30,3,ref,loqi_raw
5n1s_5n1s_conf0,0.2499540103142042,1.0,1000,19,2,ref,loqi_raw
5n24_5n24_conf0,0.1256496867899365,1.0,1000,18,2,ref,loqi_raw
5n25_5n25_conf0,0.1490754675166126,1.0,1000,16,2,ref,loqi_raw
5n84_5n84_conf0,0.1626021738089077,1.0,1000,26,6,ref,loqi_raw
5n93_5n93_conf0,0.2694268197692415,1.0,1000,24,4,ref,loqi_raw
5n9r_5n9r_conf0,0.3074703167641106,1.0,999,30,5,ref,loqi_raw
5nbw_5nbw_conf0,0.0239525378980849,1.0,1000,21,0,ref,loqi_raw
5nea_5nea_conf0,0.1514784110564244,1.0,1000,16,2,ref,loqi_raw
5nee_5nee_conf0,0.809243501915758,0.0,1000,22,3,ref,loqi_raw
5ngz_5ngz_conf0,0.0285591589038975,1.0,1000,11,1,ref,loqi_raw
5nlk_5nlk_conf0,1.0838662366168512,0.0,1000,33,8,ref,loqi_raw
5nxi_5nxi_conf0,2.000888031964872,0.0,1000,21,4,ref,loqi_raw
5ny1_5ny1_conf0,0.5912158317353668,1.0,1000,26,4,ref,loqi_raw
5ny3_5ny3_conf0,2.6411183138500145,0.0,1000,23,5,ref,loqi_raw
5nya_5nya_conf0,0.0354080843780166,1.0,1000,10,1,ref,loqi_raw
5o07_5o07_conf0,0.2593671961986184,1.0,1000,16,5,ref,loqi_raw
5o1d_5o1d_conf0,0.1755630434599593,1.0,1000,20,5,ref,loqi_raw
5o1f_5o1f_conf0,0.3069747798367311,1.0,1000,21,6,ref,loqi_raw
5o1h_5o1h_conf0,0.1218076657170964,1.0,1000,20,5,ref,loqi_raw
5o2d_5o2d_conf0,0.1012907680028607,1.0,1000,24,3,ref,loqi_raw
5o5a_5o5a_conf0,0.5164276504433576,1.0,1000,30,5,ref,loqi_raw
5oh3_5oh3_conf0,0.0855269194030172,1.0,982,10,1,ref,loqi_raw
5oku_5oku_conf0,0.148284346926324,1.0,1000,10,5,ref,loqi_raw
5op4_5op4_conf0,0.3033984149904217,1.0,1000,31,6,ref,loqi_raw
5op5_5op5_conf0,0.2551636681361852,1.0,1000,23,2,ref,loqi_raw
5oq8_5oq8_conf0,0.3178316299440245,1.0,999,30,6,ref,loqi_raw
5oqu_5oqu_conf0,0.028714139110691,1.0,1000,17,3,ref,loqi_raw
5orh_5orh_conf0,0.0833567526844125,1.0,1000,16,2,ref,loqi_raw
5orj_5orj_conf0,0.3503108853449947,1.0,1000,17,3,ref,loqi_raw
5ork_5ork_conf0,0.2096741556627193,1.0,1000,16,2,ref,loqi_raw
5orv_5orv_conf0,0.1860798874217971,1.0,1000,11,3,ref,loqi_raw
5os5_5os5_conf0,0.1392807802733248,1.0,1000,15,2,ref,loqi_raw
5os7_5os7_conf0,0.2311095450769008,1.0,1000,18,3,ref,loqi_raw
5ov8_5ov8_conf0,0.860393035303436,0.0,1000,33,6,ref,loqi_raw
5qa8_5qa8_conf0,0.417690808316582,1.0,1000,16,2,ref,loqi_raw
5qal_5qal_conf0,0.2981208896341302,1.0,1000,18,3,ref,loqi_raw
5qay_5qay_conf0,0.1657493484627501,1.0,1000,15,2,ref,loqi_raw
5sym_5sym_conf0,1.166936073771528,0.0,1000,28,4,ref,loqi_raw
5sz0_5sz0_conf0,0.2741966724328069,1.0,1000,16,2,ref,loqi_raw
5sz1_5sz1_conf0,0.2051476013568784,1.0,1000,17,2,ref,loqi_raw
5sz2_5sz2_conf0,0.1981762274472248,1.0,1000,18,3,ref,loqi_raw
5sz3_5sz3_conf0,0.3875403353163677,1.0,1000,20,2,ref,loqi_raw
5sz4_5sz4_conf0,0.1001910920928035,1.0,1000,16,2,ref,loqi_raw
5sz5_5sz5_conf0,0.1694236613362071,1.0,1000,17,2,ref,loqi_raw
5sz6_5sz6_conf0,0.2329584293802099,1.0,1000,18,3,ref,loqi_raw
5sz7_5sz7_conf0,0.1280280030455632,1.0,1000,20,2,ref,loqi_raw
5t8o_5t8o_conf0,0.1215478592582387,1.0,1000,23,1,ref,loqi_raw
5t8p_5t8p_conf0,0.0843872514031051,1.0,1000,17,1,ref,loqi_raw
5tcy_5tcy_conf0,0.6148779432492257,1.0,1000,27,8,ref,loqi_raw
5tt3_5tt3_conf0,0.3654971028989606,1.0,1000,16,3,ref,loqi_raw
5u11_5u11_conf0,0.7222286257631458,1.0,1000,17,3,ref,loqi_raw
5u12_5u12_conf0,0.83439145970292,0.0,1000,20,3,ref,loqi_raw
5u28_5u28_conf0,0.2782756521692309,1.0,1000,26,2,ref,loqi_raw
5u49_5u49_conf0,0.154122459232483,1.0,1000,18,2,ref,loqi_raw
5u4b_5u4b_conf0,0.1975331071634041,1.0,1000,18,3,ref,loqi_raw
5u4d_5u4d_conf0,0.1577855882795813,1.0,1000,19,3,ref,loqi_raw
5uez_5uez_conf0,0.145497116240285,1.0,1000,23,4,ref,loqi_raw
5uf0_5uf0_conf0,0.0519321391425231,1.0,1000,16,2,ref,loqi_raw
5ufp_5ufp_conf0,0.3954811333962828,1.0,999,28,4,ref,loqi_raw
5ula_5ula_conf0,0.1502160244707754,1.0,1000,26,5,ref,loqi_raw
5uln_5uln_conf0,0.3278766336496093,1.0,1000,21,3,ref,loqi_raw
5uoo_5uoo_conf0,0.1477226172571821,1.0,999,33,3,ref,loqi_raw
5ut6_5ut6_conf0,0.1474592677704911,1.0,1000,23,4,ref,loqi_raw
5v82_5v82_conf0,0.0824104073251007,1.0,988,30,3,ref,loqi_raw
5vcv_5vcv_conf0,0.711663179970184,1.0,1000,33,7,ref,loqi_raw
5vcw_5vcw_conf0,0.4561899485515286,1.0,1000,33,8,ref,loqi_raw
5vd0_5vd0_conf0,0.5990678335665983,1.0,1000,37,7,ref,loqi_raw
5vd1_5vd1_conf0,0.3476237232797515,1.0,1000,34,4,ref,loqi_raw
5vd2_5vd2_conf0,0.8490393847681268,0.0,970,34,6,ref,loqi_raw
5vja_5vja_conf0,0.5281008137384633,1.0,995,23,4,ref,loqi_raw
5vkc_5vkc_conf0,1.5633194322106003,0.0,996,57,13,ref,loqi_raw
5vl2_5vl2_conf0,0.0988961617483487,1.0,1000,19,2,ref,loqi_raw
5vm0_5vm0_conf0,0.0896940300961484,1.0,1000,19,2,ref,loqi_raw
5vyy_5vyy_conf0,0.4389600468175574,1.0,1000,27,6,ref,loqi_raw
5w1e_5w1e_conf0,0.0293043965097413,1.0,1000,10,1,ref,loqi_raw
5wbo_5wbo_conf0,0.2186902896031183,1.0,1000,16,1,ref,loqi_raw
5wcm_5wcm_conf0,0.0679059180068269,1.0,1000,13,2,ref,loqi_raw
5wgp_5wgp_conf0,0.1532315906600694,1.0,1000,10,0,ref,loqi_raw
5wij_5wij_conf0,0.6895929191050615,1.0,1000,31,8,ref,loqi_raw
5win_5win_conf0,0.3635510712296234,1.0,1000,27,4,ref,loqi_raw
5wqc_5wqc_conf0,0.971466508571241,0.0,1000,32,9,ref,loqi_raw
5wuk_5wuk_conf0,0.204127671805444,1.0,1000,26,5,ref,loqi_raw
5wyx_5wyx_conf0,0.1190574374991608,1.0,1000,19,2,ref,loqi_raw
5wyz_5wyz_conf0,0.0720360110203791,1.0,1000,19,1,ref,loqi_raw
5xmx_5xmx_conf0,1.3315695740895832,0.0,994,32,10,ref,loqi_raw
5xpi_5xpi_conf0,1.3242393789657914,0.0,1000,26,8,ref,loqi_raw
5y12_5y12_conf0,0.8071658881312874,0.0,1000,23,8,ref,loqi_raw
5y13_5y13_conf0,0.7641664394301423,0.0,1000,22,7,ref,loqi_raw
5y8y_5y8y_conf0,0.3958011428592539,1.0,1000,25,5,ref,loqi_raw
5y94_5y94_conf0,0.298272963310229,1.0,1000,25,5,ref,loqi_raw
5ya5_5ya5_conf0,0.3555326602929546,1.0,1000,26,4,ref,loqi_raw
5yas_5yas_conf0,0.0776823102481559,1.0,1000,11,0,ref,loqi_raw
5yl2_5yl2_conf0,0.8475413597699368,0.0,1000,27,5,ref,loqi_raw
5z7b_5z7b_conf0,0.2430207036911565,1.0,1000,12,2,ref,loqi_raw
5za7_5za7_conf0,0.2788623965616258,1.0,894,21,2,ref,loqi_raw
5za8_5za8_conf0,0.4848141384989087,1.0,933,26,3,ref,loqi_raw
5za9_5za9_conf0,0.5739245963624856,1.0,915,29,3,ref,loqi_raw
5zae_5zae_conf0,0.3103849912239704,1.0,894,25,3,ref,loqi_raw
5zag_5zag_conf0,0.1782294752510256,1.0,929,26,3,ref,loqi_raw
5zaj_5zaj_conf0,0.34442929205786,1.0,912,30,5,ref,loqi_raw
5zc5_5zc5_conf0,0.1687826403407107,1.0,943,30,3,ref,loqi_raw
5zni_5zni_conf0,0.2608194748673049,1.0,970,26,2,ref,loqi_raw
6abx_6abx_conf0,0.381826280421906,1.0,1000,13,5,ref,loqi_raw
6ajv_6ajv_conf0,0.48765451555721,1.0,1000,19,4,ref,loqi_raw
6ajz_6ajz_conf0,0.2323722387968001,1.0,994,29,5,ref,loqi_raw
6ayq_6ayq_conf0,0.540011484357752,1.0,1000,20,4,ref,loqi_raw
6b1k_6b1k_conf0,0.1195439231955198,1.0,1000,24,2,ref,loqi_raw
6b4d_6b4d_conf0,0.3853313390568797,1.0,1000,20,3,ref,loqi_raw
6b4l_6b4l_conf0,0.2151805540739826,1.0,1000,26,6,ref,loqi_raw
6b4u_6b4u_conf0,0.6241470658226419,1.0,1000,41,10,ref,loqi_raw
6b59_6b59_conf0,1.790230214904957,0.0,1000,26,6,ref,loqi_raw
6b7b_6b7b_conf0,0.2284971382120771,1.0,1000,12,1,ref,loqi_raw
6b98_6b98_conf0,0.0526208921266319,1.0,1000,13,1,ref,loqi_raw
6c7q_6c7q_conf0,0.2215699136033093,1.0,1000,34,4,ref,loqi_raw
6c7w_6c7w_conf0,0.8170801683815365,0.0,998,23,4,ref,loqi_raw
6cbg_6cbg_conf0,0.1618319658960049,1.0,1000,14,2,ref,loqi_raw
6ce6_6ce6_conf0,0.5599705441285514,1.0,1000,22,6,ref,loqi_raw
6ced_6ced_conf0,0.0660359246005692,1.0,1000,17,3,ref,loqi_raw
6cjs_6cjs_conf0,0.3364088790865095,1.0,1000,34,7,ref,loqi_raw
6ckr_6ckr_conf0,0.286562861113085,1.0,1000,29,4,ref,loqi_raw
6cks_6cks_conf0,0.1678687846573108,1.0,1000,31,5,ref,loqi_raw
6cn5_6cn5_conf0,0.4277307017110664,1.0,1000,35,4,ref,loqi_raw
6csp_6csp_conf0,0.1255461897928165,1.0,1000,10,1,ref,loqi_raw
6csq_6csq_conf0,0.1075039627767074,1.0,1000,10,1,ref,loqi_raw
6csr_6csr_conf0,0.086892063466498,1.0,1000,10,1,ref,loqi_raw
6css_6css_conf0,0.2144464182684128,1.0,1000,9,1,ref,loqi_raw
6d15_6d15_conf0,0.1159841211034412,1.0,1000,18,2,ref,loqi_raw
6d16_6d16_conf0,0.2108575855456834,1.0,1000,18,3,ref,loqi_raw
6d17_6d17_conf0,0.1540359204540402,1.0,1000,19,2,ref,loqi_raw
6d18_6d18_conf0,0.1038483702382546,1.0,1000,18,2,ref,loqi_raw
6d19_6d19_conf0,0.1022369254814223,1.0,1000,18,2,ref,loqi_raw
6d1a_6d1a_conf0,0.1106172143748795,1.0,1000,18,2,ref,loqi_raw
6d1b_6d1b_conf0,0.1860812295236141,1.0,1000,18,3,ref,loqi_raw
6d1d_6d1d_conf0,0.1047893404968768,1.0,1000,18,2,ref,loqi_raw
6d1g_6d1g_conf0,0.0968365701296566,1.0,1000,18,2,ref,loqi_raw
6d1h_6d1h_conf0,0.087670448279002,1.0,1000,16,2,ref,loqi_raw
6d1i_6d1i_conf0,0.0881587655648478,1.0,1000,17,2,ref,loqi_raw
6d1j_6d1j_conf0,0.0809430845500644,1.0,1000,18,2,ref,loqi_raw
6d1k_6d1k_conf0,0.0760337253251018,1.0,1000,15,2,ref,loqi_raw
6d55_6d55_conf0,0.2633374693004813,1.0,999,34,4,ref,loqi_raw
6d56_6d56_conf0,0.3461487485449205,1.0,1000,34,4,ref,loqi_raw
6d5e_6d5e_conf0,0.2342944311443102,1.0,996,33,5,ref,loqi_raw
6d5g_6d5g_conf0,0.2164950581195839,1.0,1000,32,4,ref,loqi_raw
6d5h_6d5h_conf0,0.3605990725343431,1.0,1000,33,4,ref,loqi_raw
6d5j_6d5j_conf0,0.367981770674765,1.0,1000,26,3,ref,loqi_raw
6dar_6dar_conf0,0.8474161285697929,0.0,1000,30,7,ref,loqi_raw
6dd0_6dd0_conf0,0.2212055460554067,1.0,1000,18,2,ref,loqi_raw
6dl2_6dl2_conf0,0.1000148997739299,1.0,1000,22,2,ref,loqi_raw
6dq4_6dq4_conf0,0.8641218967009737,0.0,1000,29,6,ref,loqi_raw
6dyn_6dyn_conf0,0.3498025068066148,1.0,1000,8,2,ref,loqi_raw
6dyr_6dyr_conf0,1.3021692413993773,0.0,1000,13,5,ref,loqi_raw
6dzx_6dzx_conf0,0.2735660574418852,1.0,1000,9,4,ref,loqi_raw
6e1z_6e1z_conf0,0.0971912331039159,1.0,1000,14,3,ref,loqi_raw
6ebe_6ebe_conf0,0.559557350250613,1.0,1000,28,4,ref,loqi_raw
6ecz_6ecz_conf0,0.7906378829283092,0.0,1000,29,4,ref,loqi_raw
6eed_6eed_conf0,0.3204630654096541,1.0,999,30,6,ref,loqi_raw
6eeo_6eeo_conf0,0.7441589447262466,1.0,1000,26,4,ref,loqi_raw
6eif_6eif_conf0,0.3636140232852808,1.0,1000,25,3,ref,loqi_raw
6eiq_6eiq_conf0,0.3939428652821095,1.0,1000,30,6,ref,loqi_raw
6eis_6eis_conf0,0.1480652363372038,1.0,1000,31,2,ref,loqi_raw
6eiz_6eiz_conf0,1.522987441217586,0.0,998,16,7,ref,loqi_raw
6el5_6el5_conf0,0.5578326040958346,1.0,1000,30,8,ref,loqi_raw
6elp_6elp_conf0,0.9525182720090508,0.0,1000,28,5,ref,loqi_raw
6ep4_6ep4_conf0,0.5179650036586856,1.0,1000,18,11,ref,loqi_raw
6epa_6epa_conf0,0.7595016718006004,0.0,1000,26,5,ref,loqi_raw
6eq2_6eq2_conf0,0.0421465959276481,1.0,1000,10,0,ref,loqi_raw
6eq3_6eq3_conf0,0.0909021240080678,1.0,1000,16,2,ref,loqi_raw
6eq5_6eq5_conf0,0.0351160906779861,1.0,1000,10,0,ref,loqi_raw
6eq7_6eq7_conf0,0.0801085655992945,1.0,1000,17,1,ref,loqi_raw
6eqp_6eqp_conf0,0.359220494236567,1.0,993,22,5,ref,loqi_raw
6ey8_6ey8_conf0,0.3442083897605549,1.0,1000,29,5,ref,loqi_raw
6ey9_6ey9_conf0,0.6817184369289565,1.0,1000,30,5,ref,loqi_raw
6eya_6eya_conf0,0.3567928816705618,1.0,1000,31,4,ref,loqi_raw
6f20_6f20_conf0,0.1508818321595021,1.0,1000,14,2,ref,loqi_raw
6f3b_6f3b_conf0,1.0346759787938615,0.0,1000,23,4,ref,loqi_raw
6faf_6faf_conf0,0.9741880083951224,0.0,1000,23,3,ref,loqi_raw
6fag_6fag_conf0,1.2380081243328414,0.0,1000,23,4,ref,loqi_raw
6fba_6fba_conf0,0.0222301579825905,1.0,1000,12,0,ref,loqi_raw
6fe0_6fe0_conf0,0.5110147795717292,1.0,1000,26,6,ref,loqi_raw
6fe1_6fe1_conf0,0.5375333076797103,1.0,1000,28,6,ref,loqi_raw
6fnf_6fnf_conf0,0.705791351824882,1.0,1000,37,5,ref,loqi_raw
6fni_6fni_conf0,0.9978142361818564,0.0,1000,37,5,ref,loqi_raw
6fo5_6fo5_conf0,0.8073431982445107,0.0,1000,37,7,ref,loqi_raw
6fs1_6fs1_conf0,0.8320648438941806,0.0,1000,43,11,ref,loqi_raw
6fsy_6fsy_conf0,0.3652510085900559,1.0,1000,22,3,ref,loqi_raw
6ftz_6ftz_conf0,0.7529258710814031,0.0,1000,23,4,ref,loqi_raw
6fuj_6fuj_conf0,1.1352903489670263,0.0,1000,21,5,ref,loqi_raw
6fz4_6fz4_conf0,0.1004393600480163,1.0,1000,27,2,ref,loqi_raw
6g27_6g27_conf0,0.0640798075059713,1.0,1000,20,2,ref,loqi_raw
6g2b_6g2b_conf0,0.072993251328502,1.0,1000,18,2,ref,loqi_raw
6g2o_6g2o_conf0,0.2241038150568721,1.0,1000,27,3,ref,loqi_raw
6g34_6g34_conf0,0.0760089563124959,1.0,998,20,2,ref,loqi_raw
6g39_6g39_conf0,0.0694526559201599,1.0,999,20,2,ref,loqi_raw
6g3a_6g3a_conf0,0.0564757075836391,1.0,997,20,2,ref,loqi_raw
6g5l_6g5l_conf0,0.3402111709300061,1.0,1000,24,6,ref,loqi_raw
6g5u_6g5u_conf0,0.4564619494300853,1.0,1000,19,5,ref,loqi_raw
6g6t_6g6t_conf0,0.1901345115113457,1.0,1000,19,5,ref,loqi_raw
6g7a_6g7a_conf0,0.2714346883334954,1.0,1000,25,7,ref,loqi_raw
6g9i_6g9i_conf0,0.5925507723295771,1.0,999,22,4,ref,loqi_raw
6gdy_6gdy_conf0,0.1311606594632197,1.0,1000,10,4,ref,loqi_raw
6gl9_6gl9_conf0,0.2421401067248676,1.0,1000,28,3,ref,loqi_raw
6gla_6gla_conf0,0.3058321433799625,1.0,1000,27,3,ref,loqi_raw
6glb_6glb_conf0,0.3161625438381875,1.0,1000,27,4,ref,loqi_raw
6gnm_6gnm_conf0,0.1964818611838485,1.0,1000,18,2,ref,loqi_raw
6gnr_6gnr_conf0,0.1456717047399014,1.0,1000,18,3,ref,loqi_raw
6gnw_6gnw_conf0,0.4146627837294245,1.0,1000,14,3,ref,loqi_raw
6got_6got_conf0,0.7139500465567055,1.0,1000,19,5,ref,loqi_raw
6gue_6gue_conf0,0.4445211813108349,1.0,1000,26,5,ref,loqi_raw
6guh_6guh_conf0,0.5814867433117404,1.0,1000,26,5,ref,loqi_raw
6gvf_6gvf_conf0,0.0946790420395512,1.0,1000,23,2,ref,loqi_raw
6h29_6h29_conf0,0.1106814533049316,1.0,1000,11,2,ref,loqi_raw
6h33_6h33_conf0,0.3970408884420495,1.0,1000,25,3,ref,loqi_raw
6h34_6h34_conf0,0.250446302088787,1.0,1000,26,4,ref,loqi_raw
6h36_6h36_conf0,0.5038076716615849,1.0,1000,24,3,ref,loqi_raw
6h38_6h38_conf0,0.3847401627425696,1.0,1000,26,4,ref,loqi_raw
6h8s_6h8s_conf0,0.2057975919357514,1.0,1000,20,2,ref,loqi_raw
6haz_6haz_conf0,0.1010351082344025,1.0,1000,20,2,ref,loqi_raw
6hd6_6hd6_conf0,1.186723458143611,0.0,1000,27,5,ref,loqi_raw
6hk3_6hk3_conf0,0.1516721256727762,1.0,1000,34,6,ref,loqi_raw
6hk4_6hk4_conf0,0.2846145325608572,1.0,1000,31,5,ref,loqi_raw
6hke_6hke_conf0,0.1785180041547942,1.0,981,9,3,ref,loqi_raw
6hoq_6hoq_conf0,0.10422551578046,1.0,1000,14,3,ref,loqi_raw
6hrq_6hrq_conf0,0.7584303742960813,0.0,1000,23,5,ref,loqi_raw
6hsh_6hsh_conf0,0.3722009165140549,1.0,1000,29,6,ref,loqi_raw
6htg_6htg_conf0,0.2970954511560255,1.0,1000,20,3,ref,loqi_raw
6i0z_6i0z_conf0,0.067231961356337,1.0,1000,13,1,ref,loqi_raw
6i11_6i11_conf0,0.4412509765452969,1.0,999,27,4,ref,loqi_raw
6i12_6i12_conf0,0.6342820183733976,1.0,998,28,4,ref,loqi_raw
6i13_6i13_conf0,0.3905888174294895,1.0,999,28,4,ref,loqi_raw
6i14_6i14_conf0,0.7651630543122538,0.0,998,29,4,ref,loqi_raw
6i18_6i18_conf0,0.6568915543564088,1.0,1000,34,5,ref,loqi_raw
6i61_6i61_conf0,0.0821625321897943,1.0,1000,18,3,ref,loqi_raw
6i62_6i62_conf0,0.1955022265009927,1.0,1000,19,2,ref,loqi_raw
6i63_6i63_conf0,0.067585678412946,1.0,1000,17,2,ref,loqi_raw
6i64_6i64_conf0,0.1110376543582543,1.0,1000,16,2,ref,loqi_raw
6i65_6i65_conf0,0.07877357148304,1.0,1000,10,1,ref,loqi_raw
6iiu_6iiu_conf0,0.711047811566447,1.0,997,29,6,ref,loqi_raw
6j1l_6j1l_conf0,0.3786338564367082,1.0,1000,38,7,ref,loqi_raw
6k3l_6k3l_conf0,0.1150929070802347,1.0,1000,25,3,ref,loqi_raw
6mdu_6mdu_conf0,0.476926906019026,1.0,1000,25,4,ref,loqi_raw
6mg5_6mg5_conf0,0.107069650199512,1.0,999,17,3,ref,loqi_raw
6mh1_6mh1_conf0,0.1732453837917727,1.0,1000,33,5,ref,loqi_raw
6mh7_6mh7_conf0,0.1354883434021595,1.0,1000,33,5,ref,loqi_raw
6mnc_6mnc_conf0,0.1183262814523286,1.0,995,20,0,ref,loqi_raw
6n0j_6n0j_conf0,0.7225282233127832,1.0,980,31,4,ref,loqi_raw
6n78_6n78_conf0,0.1483504185880585,1.0,1000,29,5,ref,loqi_raw
6n7a_6n7a_conf0,0.0898062505853264,1.0,1000,28,4,ref,loqi_raw
6n7b_6n7b_conf0,0.1469582580222093,1.0,1000,27,4,ref,loqi_raw
6n8x_6n8x_conf0,0.3956509113796574,1.0,1000,27,8,ref,loqi_raw
6ncn_6ncn_conf0,0.0622232107702269,1.0,1000,14,2,ref,loqi_raw
6nco_6nco_conf0,0.2043005003788909,1.0,1000,24,4,ref,loqi_raw
6o0k_6o0k_conf0,1.2303573279541629,0.0,952,61,13,ref,loqi_raw
6o0m_6o0m_conf0,1.0397211335713603,0.0,938,61,13,ref,loqi_raw
6o0p_6o0p_conf0,1.1212337272829649,0.0,956,61,13,ref,loqi_raw
6o5t_6o5t_conf0,0.1823201868043711,1.0,1000,18,2,ref,loqi_raw
6o94_6o94_conf0,0.4655565446195426,1.0,1000,36,5,ref,loqi_raw
6odz_6odz_conf0,0.4139251798723674,1.0,1000,25,4,ref,loqi_raw
6oe0_6oe0_conf0,0.3748193079721455,1.0,1000,27,4,ref,loqi_raw
6oe1_6oe1_conf0,0.3054411916973329,1.0,1000,26,4,ref,loqi_raw
6olx_6olx_conf0,0.3300294618813849,1.0,1000,27,8,ref,loqi_raw
6ooy_6ooy_conf0,0.3742127484582144,1.0,1000,20,3,ref,loqi_raw
6p3t_6p3t_conf0,1.1541609192127336,0.0,1000,27,3,ref,loqi_raw
6p3v_6p3v_conf0,0.5914942446944834,1.0,1000,23,6,ref,loqi_raw
6p85_6p85_conf0,0.3016534721457404,1.0,1000,25,5,ref,loqi_raw
6p88_6p88_conf0,0.240973354973424,1.0,1000,27,4,ref,loqi_raw
6pia_6pia_conf0,0.8766390730739048,0.0,1000,14,9,ref,loqi_raw
6pl1_6pl1_conf0,1.5625374935707632,0.0,986,33,5,ref,loqi_raw
6qas_6qas_conf0,0.5611521972491892,1.0,965,34,6,ref,loqi_raw
6ql1_6ql1_conf0,0.4146887493073677,1.0,1000,23,3,ref,loqi_raw
6ql2_6ql2_conf0,0.0579862796336588,1.0,1000,16,3,ref,loqi_raw
6qmj_6qmj_conf0,0.3013140114464906,1.0,1000,36,9,ref,loqi_raw
6qmk_6qmk_conf0,0.5437895547600032,1.0,1000,38,7,ref,loqi_raw
6qpl_6qpl_conf0,0.245599124423795,1.0,1000,25,8,ref,loqi_raw
6qqq_6qqq_conf0,0.4467353642949588,1.0,1000,23,5,ref,loqi_raw
6qqv_6qqv_conf0,0.6372128206080271,1.0,1000,24,3,ref,loqi_raw
6qr1_6qr1_conf0,0.4438637364061902,1.0,1000,25,3,ref,loqi_raw
6qrc_6qrc_conf0,0.1980005047016429,1.0,1000,24,4,ref,loqi_raw
6r11_6r11_conf0,0.0391552601737752,1.0,1000,19,1,ref,loqi_raw
6r18_6r18_conf0,0.607133619061409,1.0,998,20,4,ref,loqi_raw
6r9u_6r9u_conf0,0.070114229781529,1.0,1000,18,1,ref,loqi_raw
6r9x_6r9x_conf0,0.540131112326543,1.0,1000,18,3,ref,loqi_raw
6rih_6rih_conf0,0.1017728380007747,1.0,1000,18,3,ref,loqi_raw
6s57_6s57_conf0,0.7761450075049567,0.0,1000,30,5,ref,loqi_raw
6t1i_6t1i_conf0,0.5007316808130048,1.0,1000,27,5,ref,loqi_raw
6t1j_6t1j_conf0,0.7530338671607707,0.0,1000,29,5,ref,loqi_raw
6t1l_6t1l_conf0,1.1191900999847129,0.0,1000,28,7,ref,loqi_raw
6u5y_6u5y_conf0,0.7667448567157851,0.0,1000,30,5,ref,loqi_raw
6u6w_6u6w_conf0,0.4168153561105079,1.0,1000,21,4,ref,loqi_raw
6u8b_6u8b_conf0,0.4801359383907705,1.0,1000,24,5,ref,loqi_raw
6u8o_6u8o_conf0,0.7654469184312698,0.0,1000,25,4,ref,loqi_raw
6ugn_6ugn_conf0,0.1019185049149632,1.0,1000,15,0,ref,loqi_raw
6uh0_6uh0_conf0,0.1158193125633782,1.0,1000,14,0,ref,loqi_raw
966c_966c_conf0,0.4192197775242665,1.0,1000,27,6,ref,loqi_raw
1ado_1ado_conf0,0.777884447671547,0.0,1000,10,4,ref,flowr_raw
1ai4_1ai4_conf0,0.3300340771336022,1.0,992,12,2,ref,flowr_raw
1ai5_1ai5_conf0,0.3716929598968752,1.0,982,13,3,ref,flowr_raw
1azm_1azm_conf0,0.4302445311190782,1.0,476,13,2,ref,flowr_raw
1bjv_1bjv_conf0,0.6081765141116905,1.0,806,26,5,ref,flowr_raw
1bm7_1bm7_conf0,0.1921893852741328,1.0,973,20,3,ref,flowr_raw
1bnn_1bnn_conf0,0.5679176120582284,1.0,948,23,3,ref,flowr_raw
1bty_1bty_conf0,0.2111252026269317,1.0,978,9,1,ref,flowr_raw
1bzj_1bzj_conf0,0.266295614139948,1.0,983,20,3,ref,flowr_raw
1c1v_1c1v_conf0,0.4375789887643983,1.0,906,25,4,ref,flowr_raw
1c5n_1c5n_conf0,0.1416569648492372,1.0,989,13,1,ref,flowr_raw
1c5o_1c5o_conf0,0.2872586137194619,1.0,978,9,1,ref,flowr_raw
1c5p_1c5p_conf0,0.1676911000468917,1.0,978,9,1,ref,flowr_raw
1c5q_1c5q_conf0,0.1550270281293334,1.0,989,13,1,ref,flowr_raw
1c5x_1c5x_conf0,0.0993726694133615,1.0,989,13,1,ref,flowr_raw
1c83_1c83_conf0,0.2190829232673426,1.0,989,18,2,ref,flowr_raw
1c84_1c84_conf0,0.2974311422357939,1.0,971,19,2,ref,flowr_raw
1c86_1c86_conf0,0.2388975080084868,1.0,628,18,2,ref,flowr_raw
1c87_1c87_conf0,0.2356991292957415,1.0,628,18,2,ref,flowr_raw
1c88_1c88_conf0,0.2528787711497369,1.0,643,18,2,ref,flowr_raw
1cbx_1cbx_conf0,0.7658980067052371,0.0,981,15,5,ref,flowr_raw
1ceb_1ceb_conf0,0.3333728783894813,1.0,969,11,2,ref,flowr_raw
1ciz_1ciz_conf0,1.33473722022504,0.0,757,36,8,ref,flowr_raw
1cnw_1cnw_conf0,1.3400024581912149,0.0,965,26,12,ref,flowr_raw
1d3d_1d3d_conf0,1.1786505245263097,0.0,479,38,9,ref,flowr_raw
1d4p_1d4p_conf0,0.6204611068773563,1.0,884,27,4,ref,flowr_raw
1drj_1drj_conf0,0.0475335168233019,1.0,934,10,0,ref,flowr_raw
1drk_1drk_conf0,0.0393571819072083,1.0,934,10,0,ref,flowr_raw
1dzk_1dzk_conf0,0.5407561471977975,1.0,995,12,3,ref,flowr_raw
1e1v_1e1v_conf0,0.1954600778019028,1.0,979,18,3,ref,flowr_raw
1e1x_1e1x_conf0,0.3164746604413345,1.0,980,18,4,ref,flowr_raw
1e4h_1e4h_conf0,0.0269935260677713,1.0,1000,12,0,ref,flowr_raw
1ecv_1ecv_conf0,0.2382302625024137,1.0,989,16,2,ref,flowr_raw
1efy_1efy_conf0,0.1206269862039033,1.0,951,20,3,ref,flowr_raw
1enu_1enu_conf0,0.0352285215437971,1.0,949,13,0,ref,flowr_raw
1eoc_1eoc_conf0,0.0300516922711641,1.0,986,11,1,ref,flowr_raw
1f57_1f57_conf0,0.2431170587315861,1.0,1000,7,2,ref,flowr_raw
1f5k_1f5k_conf0,0.3082236692689742,1.0,978,9,1,ref,flowr_raw
1f5l_1f5l_conf0,0.1205323343585815,1.0,498,15,1,ref,flowr_raw
1fcx_1fcx_conf0,0.2860794302255882,1.0,783,29,3,ref,flowr_raw
1fcy_1fcy_conf0,0.2599536548456688,1.0,810,29,3,ref,flowr_raw
1fcz_1fcz_conf0,0.2809786251712919,1.0,866,27,4,ref,flowr_raw
1fkh_1fkh_conf0,1.104795812257147,0.0,858,33,9,ref,flowr_raw
1flr_1flr_conf0,0.2039179778405636,1.0,850,25,2,ref,flowr_raw
1fv0_1fv0_conf0,0.3408765296551619,1.0,868,26,3,ref,flowr_raw
1g4o_1g4o_conf0,0.2889189500168918,1.0,951,20,4,ref,flowr_raw
1g98_1g98_conf0,0.522028870902997,1.0,997,15,6,ref,flowr_raw
1gfy_1gfy_conf0,0.2647105500764143,1.0,619,18,2,ref,flowr_raw
1ghw_1ghw_conf0,0.1774149641820442,1.0,968,19,2,ref,flowr_raw
1gi1_1gi1_conf0,0.1868796191438245,1.0,968,19,2,ref,flowr_raw
1gj6_1gj6_conf0,0.231318061718961,1.0,886,26,3,ref,flowr_raw
1gx8_1gx8_conf0,0.4722975600476911,1.0,454,21,5,ref,flowr_raw
1gyx_1gyx_conf0,0.1313751911342555,1.0,993,9,1,ref,flowr_raw
1h1s_1h1s_conf0,0.6858196030802493,1.0,931,28,6,ref,flowr_raw
1h2k_1h2k_conf0,0.2482006978322568,1.0,1000,10,2,ref,flowr_raw
1h4w_1h4w_conf0,0.2362055522501617,1.0,978,9,1,ref,flowr_raw
1i2s_1i2s_conf0,0.6731735236579133,1.0,1000,13,5,ref,flowr_raw
1igb_1igb_conf0,0.1748466206561833,1.0,657,14,3,ref,flowr_raw
1iih_1iih_conf0,0.7519434541249566,0.0,1000,11,4,ref,flowr_raw
1j14_1j14_conf0,0.2018714535296329,1.0,978,9,1,ref,flowr_raw
1j16_1j16_conf0,0.1827277795692891,1.0,978,9,1,ref,flowr_raw
1j17_1j17_conf0,1.031335672710302,0.0,808,34,4,ref,flowr_raw
1jsv_1jsv_conf0,0.1971095733609725,1.0,981,18,3,ref,flowr_raw
1kv1_1kv1_conf0,0.4373901635289598,1.0,830,21,2,ref,flowr_raw
1lgw_1lgw_conf0,0.0372656566742175,1.0,1000,8,0,ref,flowr_raw
1lpk_1lpk_conf0,0.8816953683328256,0.0,799,32,7,ref,flowr_raw
1lpz_1lpz_conf0,0.7391426764166072,1.0,787,32,6,ref,flowr_raw
1lrh_1lrh_conf0,0.1496080362094499,1.0,970,14,2,ref,flowr_raw
1m2p_1m2p_conf0,0.0828264569224223,1.0,888,21,1,ref,flowr_raw
1m2q_1m2q_conf0,0.0737364494821411,1.0,904,20,1,ref,flowr_raw
1m2r_1m2r_conf0,0.067868169507497,1.0,891,20,0,ref,flowr_raw
1mu6_1mu6_conf0,1.1766425006175305,0.0,886,31,8,ref,flowr_raw
1mu8_1mu8_conf0,0.5799083445010268,1.0,860,32,8,ref,flowr_raw
1n0s_1n0s_conf0,0.1514049167544998,1.0,850,25,2,ref,flowr_raw
1n46_1n46_conf0,0.3930030778941191,1.0,759,27,4,ref,flowr_raw
1n4h_1n4h_conf0,0.4730312658380584,1.0,535,22,5,ref,flowr_raw
1n5r_1n5r_conf0,0.5218869517572137,1.0,610,31,7,ref,flowr_raw
1ndw_1ndw_conf0,0.4691016791876831,1.0,978,19,6,ref,flowr_raw
1ndy_1ndy_conf0,0.505554772545992,1.0,928,23,6,ref,flowr_raw
1nfu_1nfu_conf0,1.08945242115083,0.0,857,30,5,ref,flowr_raw
1nfx_1nfx_conf0,0.8616864016911969,0.0,823,33,6,ref,flowr_raw
1nl9_1nl9_conf0,1.6406988208827142,0.0,695,39,11,ref,flowr_raw
1no6_1no6_conf0,0.3211048111503276,1.0,903,25,3,ref,flowr_raw
1nq7_1nq7_conf0,0.5065132364906835,1.0,723,25,4,ref,flowr_raw
1o2h_1o2h_conf0,0.3739885974498341,1.0,911,25,4,ref,flowr_raw
1o2j_1o2j_conf0,0.3931999390637058,1.0,921,24,5,ref,flowr_raw
1o2o_1o2o_conf0,0.2737537420818314,1.0,931,25,5,ref,flowr_raw
1o35_1o35_conf0,0.1585027835888972,1.0,954,20,2,ref,flowr_raw
1o3d_1o3d_conf0,0.2509342619191583,1.0,913,25,3,ref,flowr_raw
1o3i_1o3i_conf0,0.1640958435560518,1.0,948,21,2,ref,flowr_raw
1o3j_1o3j_conf0,0.2262521084676508,1.0,936,21,2,ref,flowr_raw
1o5e_1o5e_conf0,0.2645779859075031,1.0,886,26,3,ref,flowr_raw
1oba_1oba_conf0,0.4806740647788571,1.0,1000,7,2,ref,flowr_raw
1ogd_1ogd_conf0,0.0523225013693493,1.0,934,10,0,ref,flowr_raw
1ols_1ols_conf0,1.2887481904213007,0.0,942,26,8,ref,flowr_raw
1olu_1olu_conf0,1.293307628418684,0.0,942,26,8,ref,flowr_raw
1olx_1olx_conf0,1.318602777983169,0.0,942,26,8,ref,flowr_raw
1om1_1om1_conf0,0.2434592648293197,1.0,900,22,2,ref,flowr_raw
1onz_1onz_conf0,0.3332594627783465,1.0,895,26,3,ref,flowr_raw
1oss_1oss_conf0,0.1937533440276474,1.0,978,9,1,ref,flowr_raw
1owe_1owe_conf0,0.2938138221682038,1.0,913,22,3,ref,flowr_raw
1oxr_1oxr_conf0,0.1901793091152113,1.0,998,13,2,ref,flowr_raw
1p57_1p57_conf0,0.186248336112746,1.0,968,19,2,ref,flowr_raw
1pb8_1pb8_conf0,0.3195827734363082,1.0,1000,7,2,ref,flowr_raw
1pbq_1pbq_conf0,0.0631982392422179,1.0,961,16,1,ref,flowr_raw
1ppc_1ppc_conf0,1.2486457381088092,0.0,776,37,9,ref,flowr_raw
1pxo_1pxo_conf0,0.6086280877498386,1.0,954,23,4,ref,flowr_raw
1pxp_1pxp_conf0,0.2742373835739286,1.0,940,23,4,ref,flowr_raw
1q5k_1q5k_conf0,0.5062008238641055,1.0,522,21,5,ref,flowr_raw
1q7a_1q7a_conf0,0.5084515171331918,1.0,926,24,5,ref,flowr_raw
1qb6_1qb6_conf0,0.6758176547008947,1.0,916,29,6,ref,flowr_raw
1ql7_1ql7_conf0,0.9881420370991156,0.0,808,34,4,ref,flowr_raw
1ql9_1ql9_conf0,1.048094532547298,0.0,808,34,4,ref,flowr_raw
1qy1_1qy1_conf0,0.2084243831274101,1.0,995,12,3,ref,flowr_raw
1qy2_1qy2_conf0,0.0947468570056034,1.0,990,11,2,ref,flowr_raw
1r9l_1r9l_conf0,0.1070170946074741,1.0,1000,8,2,ref,flowr_raw
1rbp_1rbp_conf0,0.3634742400543095,1.0,454,21,5,ref,flowr_raw
1rd4_1rd4_conf0,1.0781184077128516,0.0,809,34,7,ref,flowr_raw
1rmz_1rmz_conf0,0.5243568839268092,1.0,971,21,7,ref,flowr_raw
1ro6_1ro6_conf0,0.3230619172430582,1.0,951,20,4,ref,flowr_raw
1rtf_1rtf_conf0,0.3183310272388296,1.0,978,9,1,ref,flowr_raw
1s39_1s39_conf0,0.0604130629556071,1.0,965,12,0,ref,flowr_raw
1sqo_1sqo_conf0,0.2603816491307015,1.0,931,20,3,ref,flowr_raw
1sv3_1sv3_conf0,0.045663496976314,1.0,989,11,2,ref,flowr_raw
1sw2_1sw2_conf0,0.0833346360371103,1.0,1000,8,2,ref,flowr_raw
1t4v_1t4v_conf0,1.121209221882207,0.0,922,27,10,ref,flowr_raw
1td7_1td7_conf0,0.177946372650645,1.0,981,20,3,ref,flowr_raw
1tkb_1tkb_conf0,1.5706868406853896,0.0,950,26,8,ref,flowr_raw
1tlp_1tlp_conf0,1.3759922152266049,0.0,131,37,11,ref,flowr_raw
1tng_1tng_conf0,0.0909114426446437,1.0,988,8,1,ref,flowr_raw
1tnh_1tnh_conf0,0.1377204413071555,1.0,992,9,1,ref,flowr_raw
1tni_1tni_conf0,0.5271924145166623,1.0,988,11,4,ref,flowr_raw
1ttm_1ttm_conf0,0.2835923404786946,1.0,880,21,2,ref,flowr_raw
1u1w_1u1w_conf0,0.0725061266092352,1.0,996,11,1,ref,flowr_raw
1u71_1u71_conf0,0.2903789715784411,1.0,908,24,4,ref,flowr_raw
1usn_1usn_conf0,0.3755968805998463,1.0,588,27,5,ref,flowr_raw
1utj_1utj_conf0,0.1995128987372062,1.0,990,8,1,ref,flowr_raw
1utm_1utm_conf0,0.3239056437915103,1.0,992,9,2,ref,flowr_raw
1utn_1utn_conf0,0.1279696943071785,1.0,990,8,1,ref,flowr_raw
1uv6_1uv6_conf0,0.80337940931852,0.0,1000,10,3,ref,flowr_raw
1uvt_1uvt_conf0,0.8719983505831932,0.0,922,27,8,ref,flowr_raw
1v11_1v11_conf0,1.284849155167782,0.0,942,26,8,ref,flowr_raw
1v16_1v16_conf0,1.277652698789099,0.0,942,26,8,ref,flowr_raw
1v1m_1v1m_conf0,1.2961866351139577,0.0,942,26,8,ref,flowr_raw
1v2j_1v2j_conf0,0.2618546466675184,1.0,978,9,1,ref,flowr_raw
1v2k_1v2k_conf0,1.0057150320052184,0.0,808,34,4,ref,flowr_raw
1v2l_1v2l_conf0,0.2603808725222156,1.0,978,9,1,ref,flowr_raw
1v2s_1v2s_conf0,0.3168435000685405,1.0,978,9,1,ref,flowr_raw
1v2u_1v2u_conf0,0.2858824773883049,1.0,978,9,1,ref,flowr_raw
1wht_1wht_conf0,0.8504133361847334,0.0,981,15,5,ref,flowr_raw
1xbo_1xbo_conf0,0.9201546215409732,0.0,921,31,8,ref,flowr_raw
1xk9_1xk9_conf0,0.4579823443422627,1.0,895,22,3,ref,flowr_raw
1xpz_1xpz_conf0,0.2293872809943134,1.0,931,26,6,ref,flowr_raw
1xq0_1xq0_conf0,0.2880876176294422,1.0,945,27,6,ref,flowr_raw
1xug_1xug_conf0,0.4034316703742768,1.0,906,25,4,ref,flowr_raw
1y1z_1y1z_conf0,0.1468586574509714,1.0,999,8,1,ref,flowr_raw
1y20_1y20_conf0,0.0676062859242779,1.0,1000,7,1,ref,flowr_raw
1y6q_1y6q_conf0,0.3000533279080314,1.0,962,20,4,ref,flowr_raw
1yda_1yda_conf0,0.3583765069501,1.0,476,13,2,ref,flowr_raw
1ydb_1ydb_conf0,0.4791745950081374,1.0,476,13,2,ref,flowr_raw
1ydd_1ydd_conf0,0.2578109586183897,1.0,476,13,2,ref,flowr_raw
1yds_1yds_conf0,0.3573942050688118,1.0,951,18,5,ref,flowr_raw
1z9y_1z9y_conf0,0.5380899914259141,1.0,980,21,5,ref,flowr_raw
1zc9_1zc9_conf0,0.500440736506051,1.0,976,16,4,ref,flowr_raw
1zdp_1zdp_conf0,0.6732005242758676,1.0,978,17,6,ref,flowr_raw
1zfq_1zfq_conf0,0.077976791192919,1.0,996,14,1,ref,flowr_raw
1zge_1zge_conf0,0.2131545867141122,1.0,996,13,1,ref,flowr_raw
1zoe_1zoe_conf0,0.1038003362536507,1.0,983,16,1,ref,flowr_raw
1zog_1zog_conf0,0.1158692069993361,1.0,989,15,1,ref,flowr_raw
2afw_2afw_conf0,0.2308531175337483,1.0,998,11,3,ref,flowr_raw
2afx_2afx_conf0,0.1378223979273342,1.0,992,12,2,ref,flowr_raw
2aj8_2aj8_conf0,0.2683677186404741,1.0,883,26,3,ref,flowr_raw
2ans_2ans_conf0,0.2212805615721449,1.0,933,21,3,ref,flowr_raw
2ax9_2ax9_conf0,0.3230403936125789,1.0,978,21,4,ref,flowr_raw
2ayr_2ayr_conf0,0.8864259222626193,0.0,694,37,8,ref,flowr_raw
2b4l_2b4l_conf0,0.087496743338048,1.0,1000,8,2,ref,flowr_raw
2b9a_2b9a_conf0,0.3537468142964646,1.0,956,17,2,ref,flowr_raw
2baj_2baj_conf0,0.4719978428089226,1.0,759,27,3,ref,flowr_raw
2bak_2bak_conf0,1.8555029250679032,0.0,600,43,10,ref,flowr_raw
2bo4_2bo4_conf0,0.5377429548499436,1.0,1000,13,5,ref,flowr_raw
2brm_2brm_conf0,0.2855401879034049,1.0,892,25,5,ref,flowr_raw
2buv_2buv_conf0,0.3478917958470506,1.0,995,11,1,ref,flowr_raw
2bza_2bza_conf0,0.1487241280695219,1.0,990,8,1,ref,flowr_raw
2c1p_2c1p_conf0,0.1929029477518311,1.0,938,24,5,ref,flowr_raw
2c97_2c97_conf0,0.553027355990572,1.0,835,18,6,ref,flowr_raw
2cc7_2cc7_conf0,0.0402724332029275,1.0,941,18,0,ref,flowr_raw
2cgr_2cgr_conf0,0.5015388866042508,1.0,767,29,6,ref,flowr_raw
2csn_2csn_conf0,0.3328418499972757,1.0,933,18,4,ref,flowr_raw
2dri_2dri_conf0,0.026025530446336,1.0,934,10,0,ref,flowr_raw
2dw7_2dw7_conf0,0.2575989572588619,1.0,1000,10,3,ref,flowr_raw
2e2r_2e2r_conf0,0.068831254201897,1.0,954,17,2,ref,flowr_raw
2exm_2exm_conf0,0.3527111164826621,1.0,985,15,3,ref,flowr_raw
2ez7_2ez7_conf0,0.1877220624521232,1.0,998,11,3,ref,flowr_raw
2f7i_2f7i_conf0,0.1312874283661111,1.0,976,17,2,ref,flowr_raw
2fpz_2fpz_conf0,0.0360885427082133,1.0,1000,10,0,ref,flowr_raw
2fw6_2fw6_conf0,0.2547488003253422,1.0,1000,13,5,ref,flowr_raw
2fx6_2fx6_conf0,0.0734589381272073,1.0,1000,10,0,ref,flowr_raw
2g5u_2g5u_conf0,0.1628678367580258,1.0,970,18,1,ref,flowr_raw
2gkl_2gkl_conf0,0.1586192179309696,1.0,981,12,2,ref,flowr_raw
2glp_2glp_conf0,0.338152014115222,1.0,820,21,3,ref,flowr_raw
2gvj_2gvj_conf0,1.1409318958302306,0.0,895,29,8,ref,flowr_raw
2h4g_2h4g_conf0,0.3828132216409721,1.0,962,21,5,ref,flowr_raw
2h4k_2h4k_conf0,0.3828308947719403,1.0,966,20,5,ref,flowr_raw
2h4n_2h4n_conf0,0.3890786362192699,1.0,476,13,2,ref,flowr_raw
2h6b_2h6b_conf0,0.5000392017761877,1.0,995,12,2,ref,flowr_raw
2ha3_2ha3_conf0,0.3443914653287162,1.0,1000,7,2,ref,flowr_raw
2hjb_2hjb_conf0,0.2024499538820246,1.0,990,10,2,ref,flowr_raw
2hoc_2hoc_conf0,0.76872395963538,0.0,980,22,4,ref,flowr_raw
2hxm_2hxm_conf0,0.5010373717668934,1.0,948,25,8,ref,flowr_raw
2i19_2i19_conf0,0.7320007896143292,1.0,980,17,5,ref,flowr_raw
2i6b_2i6b_conf0,0.5120253094170202,1.0,868,30,3,ref,flowr_raw
2i80_2i80_conf0,0.495408928367084,1.0,988,18,3,ref,flowr_raw
2iko_2iko_conf0,0.3920653931158147,1.0,930,26,5,ref,flowr_raw
2iuz_2iuz_conf0,0.3432050946932796,1.0,925,28,3,ref,flowr_raw
2jew_2jew_conf0,0.8896346473042595,0.0,998,17,8,ref,flowr_raw
2jfz_2jfz_conf0,0.2242946447902329,1.0,729,33,5,ref,flowr_raw
2nn1_2nn1_conf0,0.3570739572750597,1.0,991,15,4,ref,flowr_raw
2nnd_2nnd_conf0,0.1139261052840451,1.0,995,12,3,ref,flowr_raw
2nta_2nta_conf0,0.355459510003231,1.0,963,20,2,ref,flowr_raw
2o0u_2o0u_conf0,1.2301681858753186,0.0,666,34,5,ref,flowr_raw
2ojj_2ojj_conf0,0.6642145861150534,1.0,903,31,6,ref,flowr_raw
2ot1_2ot1_conf0,0.2117519943100662,1.0,920,25,4,ref,flowr_raw
2p16_2p16_conf0,0.7572239559591749,0.0,767,34,5,ref,flowr_raw
2p7a_2p7a_conf0,0.032952835713315,1.0,1000,9,0,ref,flowr_raw
2p7g_2p7g_conf0,0.0777387866418082,1.0,954,17,2,ref,flowr_raw
2p7z_2p7z_conf0,0.514787101801753,1.0,621,29,8,ref,flowr_raw
2pou_2pou_conf0,0.1020783501771914,1.0,990,16,2,ref,flowr_raw
2pov_2pov_conf0,0.1069107237994882,1.0,995,16,2,ref,flowr_raw
2pow_2pow_conf0,0.1118174986814549,1.0,990,19,2,ref,flowr_raw
2pql_2pql_conf0,0.2014863411796314,1.0,996,12,2,ref,flowr_raw
2pu2_2pu2_conf0,0.2346700466421177,1.0,941,26,5,ref,flowr_raw
2pvh_2pvh_conf0,0.4118067782068961,1.0,947,23,4,ref,flowr_raw
2pvj_2pvj_conf0,0.3673641558853003,1.0,952,26,5,ref,flowr_raw
2pvk_2pvk_conf0,0.4342389808880251,1.0,929,27,5,ref,flowr_raw
2pvl_2pvl_conf0,0.4563534004742557,1.0,910,26,4,ref,flowr_raw
2pvm_2pvm_conf0,0.3779411372543161,1.0,944,26,6,ref,flowr_raw
2q1q_2q1q_conf0,0.3326903059295588,1.0,975,18,2,ref,flowr_raw
2q7q_2q7q_conf0,0.0986575382123873,1.0,991,9,1,ref,flowr_raw
2qbs_2qbs_conf0,0.6436396976265073,1.0,905,27,7,ref,flowr_raw
2qdt_2qdt_conf0,0.3144114405637526,1.0,1000,11,4,ref,flowr_raw
2qg2_2qg2_conf0,0.2088406950960823,1.0,968,24,2,ref,flowr_raw
2qm9_2qm9_conf0,0.9663207714065718,0.0,795,31,5,ref,flowr_raw
2qpq_2qpq_conf0,0.3519269682205128,1.0,1000,13,5,ref,flowr_raw
2qrl_2qrl_conf0,0.2168503832352652,1.0,1000,10,2,ref,flowr_raw
2qtt_2qtt_conf0,0.2755667593520977,1.0,907,19,2,ref,flowr_raw
2r2m_2r2m_conf0,0.9420096627486116,0.0,924,30,10,ref,flowr_raw
2ra0_2ra0_conf0,0.7509719317369795,0.0,704,39,6,ref,flowr_raw
2ra6_2ra6_conf0,0.0494396211946691,1.0,994,9,1,ref,flowr_raw
2rcb_2rcb_conf0,0.4901895740655521,1.0,1000,7,2,ref,flowr_raw
2reg_2reg_conf0,0.0877195215020763,1.0,1000,7,2,ref,flowr_raw
2rfh_2rfh_conf0,0.4840615177944584,1.0,980,15,5,ref,flowr_raw
2rin_2rin_conf0,0.5600246157270707,1.0,1000,10,3,ref,flowr_raw
2rkd_2rkd_conf0,0.3182419477017883,1.0,1000,9,3,ref,flowr_raw
2uwd_2uwd_conf0,0.3134198063078688,1.0,764,27,5,ref,flowr_raw
2uxi_2uxi_conf0,0.3302624442224972,1.0,958,20,4,ref,flowr_raw
2uy5_2uy5_conf0,0.1750947685712333,1.0,989,16,3,ref,flowr_raw
2uyn_2uyn_conf0,0.3840518210195843,1.0,1000,7,2,ref,flowr_raw
2uyq_2uyq_conf0,0.1498317621177847,1.0,973,17,1,ref,flowr_raw
2v57_2v57_conf0,0.0331669236025445,1.0,954,16,0,ref,flowr_raw
2v58_2v58_conf0,0.0753550232601316,1.0,938,20,1,ref,flowr_raw
2v59_2v59_conf0,0.0963511742761501,1.0,929,22,3,ref,flowr_raw
2vba_2vba_conf0,0.0864499264674831,1.0,981,16,3,ref,flowr_raw
2vnp_2vnp_conf0,1.0735389051508812,0.0,997,14,6,ref,flowr_raw
2vuk_2vuk_conf0,0.0868988249380122,1.0,952,18,3,ref,flowr_raw
2vvv_2vvv_conf0,1.0265350000429352,0.0,623,32,6,ref,flowr_raw
2w9h_2w9h_conf0,0.346140974756995,1.0,962,21,5,ref,flowr_raw
2weh_2weh_conf0,0.1017030896804885,1.0,993,11,1,ref,flowr_raw
2wej_2wej_conf0,0.2642388184631774,1.0,994,10,1,ref,flowr_raw
2wnj_2wnj_conf0,0.4239551524730866,1.0,887,23,4,ref,flowr_raw
2wor_2wor_conf0,0.1753628748481994,1.0,933,21,3,ref,flowr_raw
2wos_2wos_conf0,0.126991723828437,1.0,959,21,3,ref,flowr_raw
2xdk_2xdk_conf0,0.1050743060071317,1.0,980,13,1,ref,flowr_raw
2xdx_2xdx_conf0,0.2787709336920134,1.0,964,16,2,ref,flowr_raw
2xht_2xht_conf0,0.1426043272035175,1.0,961,19,1,ref,flowr_raw
2xj2_2xj2_conf0,0.5009501940629076,1.0,853,25,4,ref,flowr_raw
2xjg_2xjg_conf0,0.1762531014061673,1.0,946,23,3,ref,flowr_raw
2xjj_2xjj_conf0,0.0932014957881666,1.0,938,23,1,ref,flowr_raw
2xn3_2xn3_conf0,0.2728862582936727,1.0,974,18,3,ref,flowr_raw
2xn5_2xn5_conf0,0.5084509584590129,1.0,980,21,5,ref,flowr_raw
2xp7_2xp7_conf0,0.1959138767928872,1.0,987,17,3,ref,flowr_raw
2y8c_2y8c_conf0,0.9801231146891688,0.0,671,38,12,ref,flowr_raw
2yi0_2yi0_conf0,0.1096155335582251,1.0,964,22,3,ref,flowr_raw
2yi7_2yi7_conf0,0.1458042151793883,1.0,934,23,4,ref,flowr_raw
2yix_2yix_conf0,0.8431831018956661,0.0,794,26,6,ref,flowr_raw
2yz3_2yz3_conf0,0.5292416516231098,1.0,985,15,6,ref,flowr_raw
2z1w_2z1w_conf0,0.0450740267088097,1.0,982,15,3,ref,flowr_raw
2za0_2za0_conf0,0.3443879348714143,1.0,960,22,3,ref,flowr_raw
2za5_2za5_conf0,0.9182241973676836,0.0,860,31,2,ref,flowr_raw
2zcs_2zcs_conf0,0.3321754013615379,1.0,957,24,7,ref,flowr_raw
3acx_3acx_conf0,0.6455571253136537,1.0,914,23,9,ref,flowr_raw
3ai8_3ai8_conf0,0.1917887228417479,1.0,957,14,1,ref,flowr_raw
3ao2_3ao2_conf0,0.1828126085742885,1.0,974,17,1,ref,flowr_raw
3aqt_3aqt_conf0,0.0426967885582302,1.0,1000,8,0,ref,flowr_raw
3arx_3arx_conf0,0.5557333725238791,1.0,963,22,7,ref,flowr_raw
3b24_3b24_conf0,0.1194799624865373,1.0,997,11,2,ref,flowr_raw
3b25_3b25_conf0,0.0987747554973553,1.0,980,18,2,ref,flowr_raw
3b26_3b26_conf0,0.0691347638234531,1.0,820,21,1,ref,flowr_raw
3b66_3b66_conf0,0.3624298217099168,1.0,953,29,6,ref,flowr_raw
3b7j_3b7j_conf0,0.069057538229144,1.0,887,13,0,ref,flowr_raw
3b92_3b92_conf0,0.4031526447028983,1.0,975,18,6,ref,flowr_raw
3bgc_3bgc_conf0,1.1636503081773313,0.0,748,41,14,ref,flowr_raw
3bgq_3bgq_conf0,0.205046323679816,1.0,945,26,3,ref,flowr_raw
3bl0_3bl0_conf0,0.1783944861279558,1.0,991,13,3,ref,flowr_raw
3bl1_3bl1_conf0,0.9524122450906252,0.0,941,24,3,ref,flowr_raw
3bqc_3bqc_conf0,0.07061473732071,1.0,893,20,0,ref,flowr_raw
3bra_3bra_conf0,0.0811110198805951,1.0,993,10,2,ref,flowr_raw
3brn_3brn_conf0,0.1565715583917701,1.0,993,13,2,ref,flowr_raw
3buf_3buf_conf0,0.0424658227724893,1.0,986,11,2,ref,flowr_raw
3bug_3bug_conf0,0.2425445866721612,1.0,989,12,3,ref,flowr_raw
3buh_3buh_conf0,0.2400077700445267,1.0,954,16,3,ref,flowr_raw
3bxe_3bxe_conf0,0.6740610622466964,1.0,1000,10,4,ref,flowr_raw
3c2o_3c2o_conf0,0.1889367725235557,1.0,986,12,2,ref,flowr_raw
3c2r_3c2r_conf0,0.1754517615812694,1.0,983,12,2,ref,flowr_raw
3c39_3c39_conf0,0.7026510449103821,1.0,1000,11,4,ref,flowr_raw
3c4h_3c4h_conf0,0.063947364196837,1.0,961,12,0,ref,flowr_raw
3c79_3c79_conf0,0.3001259110084313,1.0,981,17,4,ref,flowr_raw
3c84_3c84_conf0,0.2689712825382359,1.0,978,16,2,ref,flowr_raw
3cf8_3cf8_conf0,0.1790140469000388,1.0,929,22,1,ref,flowr_raw
3cfn_3cfn_conf0,0.2500867770249491,1.0,933,21,3,ref,flowr_raw
3cj5_3cj5_conf0,0.7851607290423963,0.0,890,30,5,ref,flowr_raw
3cs7_3cs7_conf0,0.8549997043303345,0.0,744,37,6,ref,flowr_raw
3cz1_3cz1_conf0,0.4165903812281295,1.0,987,14,5,ref,flowr_raw
3czv_3czv_conf0,0.5552310997184597,1.0,476,13,2,ref,flowr_raw
3d0b_3d0b_conf0,0.5040945823530535,1.0,812,28,6,ref,flowr_raw
3d78_3d78_conf0,0.5081673784474118,1.0,987,14,5,ref,flowr_raw
3d83_3d83_conf0,1.194077823667624,0.0,768,35,7,ref,flowr_raw
3d8w_3d8w_conf0,0.4053374852149105,1.0,978,19,4,ref,flowr_raw
3d9z_3d9z_conf0,0.4959445684629412,1.0,981,16,2,ref,flowr_raw
3dbu_3dbu_conf0,0.4400877697737167,1.0,978,19,4,ref,flowr_raw
3dc3_3dc3_conf0,0.4715835628765463,1.0,476,13,2,ref,flowr_raw
3dcc_3dcc_conf0,0.4969430346125834,1.0,981,16,2,ref,flowr_raw
3dd8_3dd8_conf0,0.4980210506626535,1.0,906,24,4,ref,flowr_raw
3dnd_3dnd_conf0,0.3349702622393118,1.0,977,13,2,ref,flowr_raw
3e5u_3e5u_conf0,0.54500182057655,1.0,995,12,2,ref,flowr_raw
3ebo_3ebo_conf0,0.0755888144756117,1.0,909,19,1,ref,flowr_raw
3ed0_3ed0_conf0,0.0920346046982857,1.0,893,20,0,ref,flowr_raw
3eko_3eko_conf0,0.0502979842735482,1.0,973,16,1,ref,flowr_raw
3ekr_3ekr_conf0,0.1758345407401122,1.0,956,22,2,ref,flowr_raw
3eqr_3eqr_conf0,1.1036860788253142,0.0,702,38,9,ref,flowr_raw
3exh_3exh_conf0,1.3264089497804914,0.0,942,26,8,ref,flowr_raw
3f18_3f18_conf0,0.4494967048001673,1.0,972,19,6,ref,flowr_raw
3f19_3f19_conf0,0.414484605553862,1.0,885,16,4,ref,flowr_raw
3f1a_3f1a_conf0,0.4247756115619766,1.0,894,15,4,ref,flowr_raw
3f33_3f33_conf0,0.151471349690869,1.0,973,13,2,ref,flowr_raw
3f37_3f37_conf0,0.033480337454842,1.0,1000,9,0,ref,flowr_raw
3f78_3f78_conf0,0.3862148527791573,1.0,1000,10,2,ref,flowr_raw
3ffp_3ffp_conf0,0.1437565646817535,1.0,980,18,2,ref,flowr_raw
3fhb_3fhb_conf0,0.1735221735183721,1.0,993,10,1,ref,flowr_raw
3fj7_3fj7_conf0,0.2674909274692342,1.0,1000,10,3,ref,flowr_raw
3fjg_3fjg_conf0,0.3383230979666382,1.0,1000,11,4,ref,flowr_raw
3fl5_3fl5_conf0,0.0390456389563282,1.0,895,20,0,ref,flowr_raw
3fql_3fql_conf0,0.5213822372190403,1.0,856,31,7,ref,flowr_raw
3g0i_3g0i_conf0,0.2644208415194047,1.0,999,10,5,ref,flowr_raw
3g2y_3g2y_conf0,0.4232890711857417,1.0,989,14,2,ref,flowr_raw
3gcu_3gcu_conf0,1.0633011277888855,0.0,608,38,5,ref,flowr_raw
3gy2_3gy2_conf0,0.2481107959989611,1.0,966,21,5,ref,flowr_raw
3gy3_3gy3_conf0,0.6621982043734574,1.0,924,25,10,ref,flowr_raw
3gy7_3gy7_conf0,0.2601488903593194,1.0,978,9,1,ref,flowr_raw
3h1x_3h1x_conf0,0.7369833064883425,1.0,939,25,4,ref,flowr_raw
3h30_3h30_conf0,0.2012646230766914,1.0,901,20,2,ref,flowr_raw
3h78_3h78_conf0,0.0463454245185841,1.0,989,10,1,ref,flowr_raw
3hig_3hig_conf0,0.3466509822115462,1.0,966,21,5,ref,flowr_raw
3hll_3hll_conf0,0.7367384283634175,1.0,773,30,5,ref,flowr_raw
3hp9_3hp9_conf0,0.2392198897071623,1.0,957,23,4,ref,flowr_raw
3hs4_3hs4_conf0,0.4598912091439952,1.0,476,13,2,ref,flowr_raw
3hww_3hww_conf0,0.4555373661630438,1.0,1000,10,4,ref,flowr_raw
3i51_3i51_conf0,0.037388882814786,1.0,999,10,0,ref,flowr_raw
3ibi_3ibi_conf0,0.4838646237951092,1.0,999,13,8,ref,flowr_raw
3ibl_3ibl_conf0,0.9243777182995164,0.0,999,18,11,ref,flowr_raw
3ibu_3ibu_conf0,0.9148038911564204,0.0,1000,15,10,ref,flowr_raw
3igp_3igp_conf0,0.2895496505918615,1.0,948,18,3,ref,flowr_raw
3ime_3ime_conf0,0.1257312610925855,1.0,999,12,1,ref,flowr_raw
3iof_3iof_conf0,0.4835285495112927,1.0,969,18,6,ref,flowr_raw
3iog_3iog_conf0,0.1765273528126464,1.0,999,14,2,ref,flowr_raw
3ip8_3ip8_conf0,0.0827786486930275,1.0,990,11,2,ref,flowr_raw
3iub_3iub_conf0,0.2622369716604426,1.0,916,24,4,ref,flowr_raw
3iue_3iue_conf0,0.8907128389187702,0.0,899,28,6,ref,flowr_raw
3ivx_3ivx_conf0,0.7603304848154125,0.0,896,30,6,ref,flowr_raw
3iw5_3iw5_conf0,1.1541475220280966,0.0,761,39,8,ref,flowr_raw
3k8q_3k8q_conf0,0.1799918372811954,1.0,984,17,5,ref,flowr_raw
3k97_3k97_conf0,0.2078938722071099,1.0,945,23,2,ref,flowr_raw
3kgq_3kgq_conf0,0.765485038561326,0.0,1000,13,5,ref,flowr_raw
3kgt_3kgt_conf0,0.1223698923753452,1.0,921,20,1,ref,flowr_raw
3kgu_3kgu_conf0,0.1493906094562206,1.0,921,20,1,ref,flowr_raw
3kku_3kku_conf0,0.6193077543806652,1.0,963,23,6,ref,flowr_raw
3kmx_3kmx_conf0,0.5615901699181509,1.0,987,17,6,ref,flowr_raw
3kmy_3kmy_conf0,0.1144374066260961,1.0,959,16,3,ref,flowr_raw
3l0v_3l0v_conf0,0.1571458321319936,1.0,968,21,3,ref,flowr_raw
3l3l_3l3l_conf0,0.1955989039447622,1.0,944,19,2,ref,flowr_raw
3l59_3l59_conf0,0.0735344295969381,1.0,973,17,2,ref,flowr_raw
3lgs_3lgs_conf0,0.3356737532764566,1.0,973,17,1,ref,flowr_raw
3lk8_3lk8_conf0,0.405654794399487,1.0,890,17,5,ref,flowr_raw
3m35_3m35_conf0,1.076870497337471,0.0,802,37,6,ref,flowr_raw
3m36_3m36_conf0,1.0968262458575038,0.0,802,37,6,ref,flowr_raw
3m37_3m37_conf0,0.991406702352754,0.0,820,37,6,ref,flowr_raw
3m3x_3m3x_conf0,0.5051418118950338,1.0,950,24,7,ref,flowr_raw
3m40_3m40_conf0,0.2889166511785304,1.0,962,21,4,ref,flowr_raw
3m5e_3m5e_conf0,0.4430982987812276,1.0,966,23,6,ref,flowr_raw
3m67_3m67_conf0,0.330328892414908,1.0,917,28,5,ref,flowr_raw
3m96_3m96_conf0,0.4080433182292381,1.0,956,25,5,ref,flowr_raw
3mam_3mam_conf0,0.085550361666217,1.0,1000,8,2,ref,flowr_raw
3mdz_3mdz_conf0,0.1538191784101061,1.0,981,16,3,ref,flowr_raw
3mhl_3mhl_conf0,0.5851760001836054,1.0,965,23,6,ref,flowr_raw
3mhm_3mhm_conf0,0.5878344549531588,1.0,915,29,8,ref,flowr_raw
3mho_3mho_conf0,0.3905384866873402,1.0,966,22,5,ref,flowr_raw
3mhw_3mhw_conf0,0.1037955584515784,1.0,1000,10,0,ref,flowr_raw
3miy_3miy_conf0,0.5277850514747455,1.0,726,29,7,ref,flowr_raw
3ml2_3ml2_conf0,0.66902319378716,1.0,840,27,5,ref,flowr_raw
3ml5_3ml5_conf0,0.4776642130255484,1.0,476,13,2,ref,flowr_raw
3mmf_3mmf_conf0,0.3225044856376303,1.0,971,22,6,ref,flowr_raw
3mna_3mna_conf0,0.5338341335922819,1.0,966,24,6,ref,flowr_raw
3ms9_3ms9_conf0,0.0848510765552132,1.0,986,12,1,ref,flowr_raw
3myq_3myq_conf0,0.8639856691973008,0.0,921,28,5,ref,flowr_raw
3mzc_3mzc_conf0,0.4310099358562537,1.0,882,19,3,ref,flowr_raw
3n0n_3n0n_conf0,0.641232710364084,1.0,820,25,3,ref,flowr_raw
3n2p_3n2p_conf0,0.3162604272276787,1.0,871,23,4,ref,flowr_raw
3n2v_3n2v_conf0,0.3864487817733609,1.0,934,24,7,ref,flowr_raw
3n3j_3n3j_conf0,0.4087563047227942,1.0,871,23,4,ref,flowr_raw
3n4b_3n4b_conf0,0.3094615655831074,1.0,945,21,3,ref,flowr_raw
3n9r_3n9r_conf0,0.6702746622935326,1.0,999,15,7,ref,flowr_raw
3nb5_3nb5_conf0,0.8806926374034576,0.0,954,24,6,ref,flowr_raw
3nee_3nee_conf0,0.3456125502521897,1.0,941,24,6,ref,flowr_raw
3nes_3nes_conf0,0.3962606086402073,1.0,941,24,6,ref,flowr_raw
3ni5_3ni5_conf0,1.31382000694824,0.0,946,30,11,ref,flowr_raw
3npc_3npc_conf0,1.5081848996425935,0.0,549,39,7,ref,flowr_raw
3o5x_3o5x_conf0,1.012507492338192,0.0,618,42,8,ref,flowr_raw
3o84_3o84_conf0,0.3735356183023,1.0,931,25,4,ref,flowr_raw
3o8p_3o8p_conf0,0.3908561827256536,1.0,830,21,2,ref,flowr_raw
3oaf_3oaf_conf0,0.4355084515412491,1.0,934,22,3,ref,flowr_raw
3ocp_3ocp_conf0,0.0979182105151547,1.0,500,22,1,ref,flowr_raw
3ovn_3ovn_conf0,0.1572139764987578,1.0,986,12,1,ref,flowr_raw
3oy0_3oy0_conf0,0.3998116231736029,1.0,963,21,5,ref,flowr_raw
3p3r_3p3r_conf0,0.3926549080937561,1.0,964,20,3,ref,flowr_raw
3p3t_3p3t_conf0,0.4570252557788664,1.0,985,18,5,ref,flowr_raw
3p58_3p58_conf0,0.3062697004908493,1.0,982,12,2,ref,flowr_raw
3p5l_3p5l_conf0,0.2270965579989616,1.0,966,17,1,ref,flowr_raw
3pb7_3pb7_conf0,0.8992563087609906,0.0,971,22,7,ref,flowr_raw
3pb8_3pb8_conf0,0.3118426964471081,1.0,998,11,3,ref,flowr_raw
3pb9_3pb9_conf0,0.1055814305479809,1.0,992,12,2,ref,flowr_raw
3pce_3pce_conf0,0.2509017178768297,1.0,996,11,2,ref,flowr_raw
3pcg_3pcg_conf0,0.1095679411371607,1.0,988,11,2,ref,flowr_raw
3pcn_3pcn_conf0,0.0957757866742821,1.0,992,12,2,ref,flowr_raw
3pe1_3pe1_conf0,0.1328568292825738,1.0,873,25,3,ref,flowr_raw
3po6_3po6_conf0,0.2762793578059176,1.0,938,19,3,ref,flowr_raw
3ppm_3ppm_conf0,0.9273813068548892,0.0,949,25,9,ref,flowr_raw
3ppp_3ppp_conf0,0.2380255047975241,1.0,1000,8,2,ref,flowr_raw
3ppq_3ppq_conf0,0.130006797342943,1.0,1000,7,2,ref,flowr_raw
3pwd_3pwd_conf0,0.1953153865949701,1.0,917,20,1,ref,flowr_raw
3q2j_3q2j_conf0,0.4552224332314516,1.0,933,18,4,ref,flowr_raw
3q6w_3q6w_conf0,1.280466435353162,0.0,637,39,7,ref,flowr_raw
3qdd_3qdd_conf0,0.1054268188880244,1.0,950,22,3,ref,flowr_raw
3r16_3r16_conf0,0.4991054050515169,1.0,975,19,4,ref,flowr_raw
3r17_3r17_conf0,0.3549747111485259,1.0,975,20,4,ref,flowr_raw
3r4m_3r4m_conf0,0.0797909710314496,1.0,964,16,2,ref,flowr_raw
3r4n_3r4n_conf0,0.2657968223684773,1.0,946,23,5,ref,flowr_raw
3r6u_3r6u_conf0,0.1080860667515557,1.0,1000,7,2,ref,flowr_raw
3rbu_3rbu_conf0,0.7457435302803178,1.0,1000,14,6,ref,flowr_raw
3rf4_3rf4_conf0,0.4584369366248346,1.0,980,21,5,ref,flowr_raw
3rf5_3rf5_conf0,0.4783222155489755,1.0,978,16,4,ref,flowr_raw
3rlb_3rlb_conf0,0.3506353068445727,1.0,964,18,4,ref,flowr_raw
3rlp_3rlp_conf0,0.1830054661113786,1.0,966,18,2,ref,flowr_raw
3rlq_3rlq_conf0,0.1188250958441725,1.0,944,22,2,ref,flowr_raw
3roc_3roc_conf0,0.9250546646985932,0.0,797,31,7,ref,flowr_raw
3ru1_3ru1_conf0,0.4093052004310301,1.0,932,23,5,ref,flowr_raw
3ryv_3ryv_conf0,0.2863602432338148,1.0,981,15,3,ref,flowr_raw
3ryx_3ryx_conf0,0.5952472165136773,1.0,985,21,4,ref,flowr_raw
3ryy_3ryy_conf0,0.242000977243897,1.0,983,16,4,ref,flowr_raw
3ryz_3ryz_conf0,0.3345211183992084,1.0,975,24,5,ref,flowr_raw
3rz0_3rz0_conf0,0.4672781917730501,1.0,982,17,5,ref,flowr_raw
3rz8_3rz8_conf0,0.7072912994081663,1.0,977,19,7,ref,flowr_raw
3s0b_3s0b_conf0,0.206339713932924,1.0,941,17,2,ref,flowr_raw
3s0e_3s0e_conf0,0.2076115981300307,1.0,993,12,3,ref,flowr_raw
3s71_3s71_conf0,0.0705690231270955,1.0,994,13,1,ref,flowr_raw
3s73_3s73_conf0,0.0893898182125551,1.0,991,13,1,ref,flowr_raw
3s76_3s76_conf0,0.0656532615821118,1.0,999,9,1,ref,flowr_raw
3s78_3s78_conf0,0.4393632174864594,1.0,1000,9,1,ref,flowr_raw
3std_3std_conf0,0.6573025519841268,1.0,866,28,6,ref,flowr_raw
3sww_3sww_conf0,0.2502716776683385,1.0,901,25,5,ref,flowr_raw
3sxf_3sxf_conf0,0.2602247296540954,1.0,881,26,4,ref,flowr_raw
3t3u_3t3u_conf0,0.4402458047215491,1.0,853,29,4,ref,flowr_raw
3t5u_3t5u_conf0,0.364611413015059,1.0,989,11,2,ref,flowr_raw
3tf6_3tf6_conf0,0.0703436305579827,1.0,995,11,1,ref,flowr_raw
3th9_3th9_conf0,1.0052112199535734,0.0,797,34,6,ref,flowr_raw
3u10_3u10_conf0,0.161159644792586,1.0,500,22,1,ref,flowr_raw
3u90_3u90_conf0,0.864664201150952,0.0,1000,17,12,ref,flowr_raw
3u92_3u92_conf0,0.6224172523905936,1.0,982,15,4,ref,flowr_raw
3ucj_3ucj_conf0,0.4205468816914282,1.0,476,13,2,ref,flowr_raw
3udd_3udd_conf0,0.63219517011465,1.0,929,29,7,ref,flowr_raw
3ug2_3ug2_conf0,0.8483634032357975,0.0,822,31,8,ref,flowr_raw
3uj9_3uj9_conf0,0.6198462238010752,1.0,999,11,4,ref,flowr_raw
3ujc_3ujc_conf0,0.5929761118410751,1.0,999,11,4,ref,flowr_raw
3ujd_3ujd_conf0,0.6111348965539911,1.0,999,11,4,ref,flowr_raw
3uod_3uod_conf0,0.3740245903131229,1.0,945,27,5,ref,flowr_raw
3uu1_3uu1_conf0,0.0485230100134654,1.0,991,12,1,ref,flowr_raw
3uxk_3uxk_conf0,0.2886737941193155,1.0,807,10,1,ref,flowr_raw
3v3q_3v3q_conf0,1.0209986055938962,0.0,921,27,13,ref,flowr_raw
3v51_3v51_conf0,0.7231815146248892,1.0,793,32,5,ref,flowr_raw
3v5p_3v5p_conf0,0.3187033706997958,1.0,873,26,4,ref,flowr_raw
3v7x_3v7x_conf0,0.6102545646814335,1.0,949,25,7,ref,flowr_raw
3vbd_3vbd_conf0,0.4477038758902883,1.0,921,22,3,ref,flowr_raw
3vhk_3vhk_conf0,0.6139021408421131,1.0,945,22,5,ref,flowr_raw
3vw1_3vw1_conf0,0.4376952363513072,1.0,828,28,6,ref,flowr_raw
3w5n_3w5n_conf0,0.1186347747045105,1.0,738,11,0,ref,flowr_raw
3wha_3wha_conf0,0.4421903514425038,1.0,828,28,6,ref,flowr_raw
3wtn_3wtn_conf0,0.311812205976224,1.0,981,14,2,ref,flowr_raw
3wto_3wto_conf0,0.2231912377230611,1.0,981,14,2,ref,flowr_raw
3zbx_3zbx_conf0,0.2109375139082669,1.0,922,27,3,ref,flowr_raw
3zi8_3zi8_conf0,0.0936813554183987,1.0,925,10,0,ref,flowr_raw
3zlr_3zlr_conf0,1.8417573264346891,0.0,560,41,10,ref,flowr_raw
3zxz_3zxz_conf0,0.5391369168051918,1.0,913,28,5,ref,flowr_raw
456c_456c_conf0,0.4882659198875467,1.0,904,28,6,ref,flowr_raw
4a4v_4a4v_conf0,0.535305761065761,1.0,949,22,8,ref,flowr_raw
4a4w_4a4w_conf0,0.5047537448349196,1.0,850,30,10,ref,flowr_raw
4a6l_4a6l_conf0,0.7719729453640841,0.0,888,30,3,ref,flowr_raw
4ab9_4ab9_conf0,0.2120943311379026,1.0,993,11,1,ref,flowr_raw
4abb_4abb_conf0,0.2854007224529833,1.0,993,11,1,ref,flowr_raw
4abe_4abe_conf0,0.1798948765625072,1.0,983,13,2,ref,flowr_raw
4abf_4abf_conf0,0.1679781344313574,1.0,993,12,1,ref,flowr_raw
4acc_4acc_conf0,0.7714356804512141,0.0,879,31,8,ref,flowr_raw
4aci_4aci_conf0,0.411949534997362,1.0,1000,13,5,ref,flowr_raw
4ag8_4ag8_conf0,0.7159480044571249,1.0,887,28,5,ref,flowr_raw
4ahu_4ahu_conf0,0.0622487636658439,1.0,997,12,1,ref,flowr_raw
4ai5_4ai5_conf0,0.0772140180688596,1.0,999,11,0,ref,flowr_raw
4aia_4aia_conf0,0.062741734435904,1.0,999,11,0,ref,flowr_raw
4aj4_4aj4_conf0,0.826852626718847,0.0,968,21,7,ref,flowr_raw
4aje_4aje_conf0,0.3027805687085831,1.0,989,15,4,ref,flowr_raw
4aji_4aji_conf0,0.5543753002949443,1.0,990,18,6,ref,flowr_raw
4ajl_4ajl_conf0,0.4150568453029629,1.0,833,21,5,ref,flowr_raw
4aoi_4aoi_conf0,0.196916001093568,1.0,912,27,3,ref,flowr_raw
4ap7_4ap7_conf0,0.1696354491756832,1.0,933,24,3,ref,flowr_raw
4aq4_4aq4_conf0,0.8189848562237242,0.0,1000,10,4,ref,flowr_raw
4ara_4ara_conf0,0.6163649690384253,1.0,923,25,7,ref,flowr_raw
4asd_4asd_conf0,0.8059121458434969,0.0,647,32,5,ref,flowr_raw
4b32_4b32_conf0,0.025988257872019,1.0,986,11,0,ref,flowr_raw
4b33_4b33_conf0,0.0463688592458657,1.0,972,11,0,ref,flowr_raw
4b3c_4b3c_conf0,0.0453167695588363,1.0,1000,10,0,ref,flowr_raw
4b3d_4b3d_conf0,0.0479745193954871,1.0,999,10,0,ref,flowr_raw
4b76_4b76_conf0,0.1237186713171132,1.0,964,17,3,ref,flowr_raw
4bck_4bck_conf0,0.6036651279576309,1.0,927,27,5,ref,flowr_raw
4bcm_4bcm_conf0,0.7156762666872891,1.0,835,33,6,ref,flowr_raw
4bco_4bco_conf0,1.0086979872411428,0.0,799,33,5,ref,flowr_raw
4bf1_4bf1_conf0,0.3922042864392305,1.0,914,24,3,ref,flowr_raw
4bf6_4bf6_conf0,0.2381749673598752,1.0,953,22,3,ref,flowr_raw
4bps_4bps_conf0,0.827202136648126,0.0,986,14,4,ref,flowr_raw
4bqg_4bqg_conf0,0.1673994918537766,1.0,984,17,2,ref,flowr_raw
4btk_4btk_conf0,0.1892402391317642,1.0,941,22,4,ref,flowr_raw
4cfl_4cfl_conf0,0.1180080869982547,1.0,800,23,2,ref,flowr_raw
4d7b_4d7b_conf0,0.1151043430914554,1.0,957,20,3,ref,flowr_raw
4der_4der_conf0,0.1740587733155449,1.0,922,20,1,ref,flowr_raw
4det_4det_conf0,0.2337499008428347,1.0,933,21,1,ref,flowr_raw
4dff_4dff_conf0,0.2040771980850994,1.0,919,22,3,ref,flowr_raw
4dhl_4dhl_conf0,0.2133778766720615,1.0,986,15,2,ref,flowr_raw
4dkr_4dkr_conf0,0.6364171611277688,1.0,859,27,3,ref,flowr_raw
4dst_4dst_conf0,0.1309959933587088,1.0,991,15,2,ref,flowr_raw
4dsy_4dsy_conf0,0.4714448377367403,1.0,977,15,2,ref,flowr_raw
4duh_4duh_conf0,0.3162914288805305,1.0,642,26,6,ref,flowr_raw
4e0x_4e0x_conf0,0.7338231132493016,1.0,982,15,4,ref,flowr_raw
4e3g_4e3g_conf0,0.1000089745199801,1.0,994,10,1,ref,flowr_raw
4e4l_4e4l_conf0,0.111069302976841,1.0,944,23,2,ref,flowr_raw
4e70_4e70_conf0,0.0863054035595482,1.0,1000,13,3,ref,flowr_raw
4e9u_4e9u_conf0,0.8225809827230144,0.0,968,19,6,ref,flowr_raw
4ehz_4ehz_conf0,0.0977326857439943,1.0,961,19,1,ref,flowr_raw
4ej8_4ej8_conf0,0.0415738166352731,1.0,992,12,1,ref,flowr_raw
4ejl_4ejl_conf0,0.1119844567548126,1.0,988,14,3,ref,flowr_raw
4en4_4en4_conf0,0.1088651655232806,1.0,991,13,3,ref,flowr_raw
4f39_4f39_conf0,0.7111160599403028,1.0,982,15,4,ref,flowr_raw
4f6w_4f6w_conf0,1.8374607905136309,0.0,422,47,7,ref,flowr_raw
4f9y_4f9y_conf0,0.1007168060971909,1.0,871,25,3,ref,flowr_raw
4fai_4fai_conf0,0.8274512241557417,0.0,971,22,7,ref,flowr_raw
4fcq_4fcq_conf0,0.1471332128948166,1.0,940,21,2,ref,flowr_raw
4few_4few_conf0,0.2552559480968907,1.0,938,21,1,ref,flowr_raw
4fht_4fht_conf0,0.0980685593913122,1.0,995,11,1,ref,flowr_raw
4g95_4g95_conf0,0.631077901062743,1.0,934,22,3,ref,flowr_raw
4ge1_4ge1_conf0,0.077920890383418,1.0,996,12,2,ref,flowr_raw
4gg7_4gg7_conf0,0.6426222348126974,1.0,809,36,6,ref,flowr_raw
4ghi_4ghi_conf0,0.2826384389796664,1.0,952,21,3,ref,flowr_raw
4gih_4gih_conf0,0.2586290473267699,1.0,759,23,4,ref,flowr_raw
4gii_4gii_conf0,0.2391468224770112,1.0,761,25,4,ref,flowr_raw
4gkh_4gkh_conf0,0.1528811082694234,1.0,913,24,1,ref,flowr_raw
4gki_4gki_conf0,0.1524928836910768,1.0,898,25,2,ref,flowr_raw
4gny_4gny_conf0,0.9501708548514476,0.0,1000,17,12,ref,flowr_raw
4gqr_4gqr_conf0,0.207447757248174,1.0,925,23,1,ref,flowr_raw
4gu6_4gu6_conf0,0.772810641455412,0.0,883,31,6,ref,flowr_raw
4gu9_4gu9_conf0,0.1740710016660595,1.0,985,17,2,ref,flowr_raw
4h7q_4h7q_conf0,0.434608964135384,1.0,1000,9,3,ref,flowr_raw
4ht0_4ht0_conf0,1.0650917579060328,0.0,965,23,3,ref,flowr_raw
4ht2_4ht2_conf0,0.445424046057615,1.0,965,23,3,ref,flowr_raw
4hu1_4hu1_conf0,0.3518283592797216,1.0,995,20,4,ref,flowr_raw
4hw3_4hw3_conf0,0.2194052931879106,1.0,934,25,6,ref,flowr_raw
4i7m_4i7m_conf0,0.0930413441297699,1.0,994,10,2,ref,flowr_raw
4i8n_4i8n_conf0,0.9631127347456956,0.0,882,34,7,ref,flowr_raw
4i8x_4i8x_conf0,0.0997614252279455,1.0,976,15,2,ref,flowr_raw
4i9h_4i9h_conf0,2.2695674013081035,0.0,601,51,17,ref,flowr_raw
4i9u_4i9u_conf0,0.3053052144901024,1.0,946,23,6,ref,flowr_raw
4ih3_4ih3_conf0,0.2823767394608906,1.0,985,12,2,ref,flowr_raw
4ih6_4ih6_conf0,0.2077129858216254,1.0,952,21,3,ref,flowr_raw
4ij1_4ij1_conf0,0.4991171806576712,1.0,974,19,4,ref,flowr_raw
4itp_4itp_conf0,0.5452847412808515,1.0,958,21,5,ref,flowr_raw
4iue_4iue_conf0,0.0657733192177262,1.0,949,19,1,ref,flowr_raw
4iuo_4iuo_conf0,0.1434314221240761,1.0,983,13,1,ref,flowr_raw
4iwz_4iwz_conf0,0.7866671121645243,0.0,665,18,4,ref,flowr_raw
4j22_4j22_conf0,1.0671932348757174,0.0,798,30,5,ref,flowr_raw
4jh0_4jh0_conf0,0.2869496408561073,1.0,877,27,4,ref,flowr_raw
4jkw_4jkw_conf0,0.748911644806307,1.0,1000,14,6,ref,flowr_raw
4jn2_4jn2_conf0,1.3177066414248468,0.0,763,35,9,ref,flowr_raw
4jsa_4jsa_conf0,0.1955341313268588,1.0,994,10,1,ref,flowr_raw
4jx9_4jx9_conf0,0.5610520511923118,1.0,913,17,2,ref,flowr_raw
4jyt_4jyt_conf0,1.2206279088928729,0.0,650,40,9,ref,flowr_raw
4jz1_4jz1_conf0,0.9661180238101263,0.0,772,37,9,ref,flowr_raw
4k0y_4k0y_conf0,0.2380196238765909,1.0,913,26,3,ref,flowr_raw
4k3n_4k3n_conf0,0.2211191530169301,1.0,980,17,3,ref,flowr_raw
4k5p_4k5p_conf0,0.5507324232210026,1.0,933,15,3,ref,flowr_raw
4k6i_4k6i_conf0,0.2330936039656727,1.0,816,26,3,ref,flowr_raw
4k7i_4k7i_conf0,0.0457827559003651,1.0,1000,8,0,ref,flowr_raw
4k7n_4k7n_conf0,0.040127207909009,1.0,1000,9,0,ref,flowr_raw
4k7o_4k7o_conf0,0.2297524433793754,1.0,980,12,0,ref,flowr_raw
4k9y_4k9y_conf0,0.7855135445693026,0.0,644,36,4,ref,flowr_raw
4kao_4kao_conf0,0.7443547476924507,1.0,672,32,4,ref,flowr_raw
4kif_4kif_conf0,0.3799413002406062,1.0,988,12,3,ref,flowr_raw
4km0_4km0_conf0,0.1224055285627409,1.0,963,17,2,ref,flowr_raw
4km2_4km2_conf0,0.3342817696878178,1.0,962,21,5,ref,flowr_raw
4kni_4kni_conf0,0.3565892298049735,1.0,965,23,5,ref,flowr_raw
4knj_4knj_conf0,0.7079140607323786,1.0,976,21,5,ref,flowr_raw
4knm_4knm_conf0,0.7613818947948549,0.0,965,23,5,ref,flowr_raw
4knn_4knn_conf0,0.3824848943049111,1.0,976,21,5,ref,flowr_raw
4kp5_4kp5_conf0,0.5456297698780822,1.0,976,21,5,ref,flowr_raw
4kp8_4kp8_conf0,0.9931721576280906,0.0,969,20,5,ref,flowr_raw
4kwf_4kwf_conf0,0.4742143340193411,1.0,959,18,2,ref,flowr_raw
4kwg_4kwg_conf0,0.0534325245279235,1.0,990,13,0,ref,flowr_raw
4kyh_4kyh_conf0,0.2326546125414048,1.0,904,29,4,ref,flowr_raw
4kyk_4kyk_conf0,0.1764963813852502,1.0,939,25,4,ref,flowr_raw
4l2l_4l2l_conf0,0.203239494813813,1.0,944,19,3,ref,flowr_raw
4lko_4lko_conf0,0.3679359424727804,1.0,907,25,5,ref,flowr_raw
4llj_4llj_conf0,0.0606769107954086,1.0,1000,11,0,ref,flowr_raw
4llp_4llp_conf0,0.0377034306215355,1.0,1000,9,0,ref,flowr_raw
4lm2_4lm2_conf0,0.0931099119022518,1.0,970,12,1,ref,flowr_raw
4lm3_4lm3_conf0,0.1346561617975871,1.0,954,13,1,ref,flowr_raw
4loo_4loo_conf0,0.2098042232057796,1.0,913,25,3,ref,flowr_raw
4lrr_4lrr_conf0,0.4481468712738397,1.0,930,25,3,ref,flowr_raw
4luz_4luz_conf0,0.6480128091335788,1.0,775,37,8,ref,flowr_raw
4lxd_4lxd_conf0,2.1475565531169525,0.0,305,48,10,ref,flowr_raw
4lxz_4lxz_conf0,0.67692938843639,1.0,990,19,8,ref,flowr_raw
4ly1_4ly1_conf0,0.6634046137977199,1.0,935,25,4,ref,flowr_raw
4lyw_4lyw_conf0,0.7941232240355958,0.0,879,29,8,ref,flowr_raw
4lzr_4lzr_conf0,0.4079573387122113,1.0,701,29,5,ref,flowr_raw
4m0r_4m0r_conf0,0.6183343509832917,1.0,897,29,7,ref,flowr_raw
4m14_4m14_conf0,0.2395905722877801,1.0,738,26,5,ref,flowr_raw
4m2r_4m2r_conf0,0.6955599328424033,1.0,931,23,7,ref,flowr_raw
4m2v_4m2v_conf0,0.670024040440862,1.0,931,23,7,ref,flowr_raw
4m6u_4m6u_conf0,0.4630189446442652,1.0,1000,8,2,ref,flowr_raw
4m8e_4m8e_conf0,0.4188791416778505,1.0,639,23,4,ref,flowr_raw
4mmm_4mmm_conf0,0.1390923048034153,1.0,984,14,1,ref,flowr_raw
4mo8_4mo8_conf0,0.2618820163652749,1.0,992,16,5,ref,flowr_raw
4mr3_4mr3_conf0,0.090996394279759,1.0,877,24,3,ref,flowr_raw
4mr6_4mr6_conf0,0.3196895080686742,1.0,842,27,6,ref,flowr_raw
4mre_4mre_conf0,0.0629794064305909,1.0,1000,9,0,ref,flowr_raw
4mrg_4mrg_conf0,0.0510647932157079,1.0,946,11,0,ref,flowr_raw
4mrw_4mrw_conf0,0.0236244844736541,1.0,967,12,0,ref,flowr_raw
4mrz_4mrz_conf0,0.2172947322724721,1.0,988,11,1,ref,flowr_raw
4msc_4msc_conf0,0.1767358700204293,1.0,943,22,3,ref,flowr_raw
4msn_4msn_conf0,0.1401509185852209,1.0,965,13,1,ref,flowr_raw
4n9c_4n9c_conf0,0.0398735699179834,1.0,988,12,1,ref,flowr_raw
4nbl_4nbl_conf0,0.2192993738812494,1.0,943,22,4,ref,flowr_raw
4nl1_4nl1_conf0,0.232181403282005,1.0,985,13,2,ref,flowr_raw
4np3_4np3_conf0,0.146930168463885,1.0,910,18,2,ref,flowr_raw
4nuc_4nuc_conf0,0.4726396025176232,1.0,849,27,5,ref,flowr_raw
4nvp_4nvp_conf0,0.1211158257284622,1.0,490,22,1,ref,flowr_raw
4o09_4o09_conf0,0.4041993373827598,1.0,809,28,3,ref,flowr_raw
4o0b_4o0b_conf0,0.3601823747489154,1.0,775,29,2,ref,flowr_raw
4o0x_4o0x_conf0,0.2550541453458788,1.0,925,26,1,ref,flowr_raw
4o0y_4o0y_conf0,0.2087943194440188,1.0,920,25,3,ref,flowr_raw
4o2b_4o2b_conf0,0.2732012046917716,1.0,701,29,5,ref,flowr_raw
4o2p_4o2p_conf0,1.10566784547618,0.0,835,34,9,ref,flowr_raw
4o3f_4o3f_conf0,0.594561091650744,1.0,845,28,4,ref,flowr_raw
4o61_4o61_conf0,0.387738761564633,1.0,1000,13,5,ref,flowr_raw
4oak_4oak_conf0,0.559200939840453,1.0,948,11,3,ref,flowr_raw
4oct_4oct_conf0,0.2126128204034203,1.0,1000,10,4,ref,flowr_raw
4oks_4oks_conf0,0.5072913325586845,1.0,806,33,7,ref,flowr_raw
4owv_4owv_conf0,0.0523623492082656,1.0,989,10,1,ref,flowr_raw
4p5z_4p5z_conf0,0.4970123669271256,1.0,639,37,4,ref,flowr_raw
4poh_4poh_conf0,0.3751737247937629,1.0,650,23,4,ref,flowr_raw
4pop_4pop_conf0,0.2631356819472134,1.0,967,17,3,ref,flowr_raw
4pp3_4pp3_conf0,0.3589688058848215,1.0,639,23,4,ref,flowr_raw
4pp5_4pp5_conf0,0.4949998371426303,1.0,665,23,4,ref,flowr_raw
4pvy_4pvy_conf0,2.3362392666184246,0.0,2,26,7,ref,flowr_raw
4q08_4q08_conf0,0.6227414627619514,1.0,940,26,6,ref,flowr_raw
4q09_4q09_conf0,0.7338879315582951,1.0,930,28,6,ref,flowr_raw
4q19_4q19_conf0,0.8021213909574086,0.0,930,27,7,ref,flowr_raw
4q7p_4q7p_conf0,0.0737416836384579,1.0,998,9,0,ref,flowr_raw
4q7s_4q7s_conf0,0.0665105529927851,1.0,1000,9,0,ref,flowr_raw
4q7v_4q7v_conf0,0.0611605160875786,1.0,1000,9,0,ref,flowr_raw
4q7w_4q7w_conf0,0.0661568577513454,1.0,1000,9,0,ref,flowr_raw
4q81_4q81_conf0,0.0576391321217886,1.0,1000,10,0,ref,flowr_raw
4q83_4q83_conf0,0.084147865745516,1.0,999,12,0,ref,flowr_raw
4q87_4q87_conf0,0.1223718944141801,1.0,999,12,0,ref,flowr_raw
4qb3_4qb3_conf0,0.3575768999325557,1.0,926,22,5,ref,flowr_raw
4qem_4qem_conf0,0.2450163930321871,1.0,1000,12,2,ref,flowr_raw
4qer_4qer_conf0,0.2465251903609478,1.0,994,17,2,ref,flowr_raw
4qjw_4qjw_conf0,0.5256278199858686,1.0,950,27,7,ref,flowr_raw
4qjx_4qjx_conf0,0.7200674150267655,1.0,950,27,7,ref,flowr_raw
4qp2_4qp2_conf0,0.0458456981812578,1.0,1000,11,0,ref,flowr_raw
4qsv_4qsv_conf0,0.295293491782998,1.0,923,17,2,ref,flowr_raw
4qtl_4qtl_conf0,0.9016442675774402,0.0,950,27,7,ref,flowr_raw
4qxo_4qxo_conf0,0.1367809326348744,1.0,879,21,2,ref,flowr_raw
4r0a_4r0a_conf0,0.2167279275943117,1.0,913,17,2,ref,flowr_raw
4r4c_4r4c_conf0,0.9533732908003576,0.0,755,41,8,ref,flowr_raw
4r4o_4r4o_conf0,1.2066160098376586,0.0,790,40,8,ref,flowr_raw
4r4t_4r4t_conf0,0.948727500678328,0.0,750,40,8,ref,flowr_raw
4r76_4r76_conf0,0.4386223311520909,1.0,822,26,5,ref,flowr_raw
4rak_4rak_conf0,0.6600270990092459,1.0,757,35,6,ref,flowr_raw
4rfc_4rfc_conf0,0.9481598432912896,0.0,972,23,7,ref,flowr_raw
4rfd_4rfd_conf0,0.5102710467564723,1.0,983,16,6,ref,flowr_raw
4rj8_4rj8_conf0,0.7444787986473907,1.0,874,29,5,ref,flowr_raw
4rlu_4rlu_conf0,0.1222166435525096,1.0,972,19,3,ref,flowr_raw
4rpn_4rpn_conf0,0.0486187919228886,1.0,1000,12,0,ref,flowr_raw
4rpo_4rpo_conf0,0.0298821932369641,1.0,1000,10,0,ref,flowr_raw
4rqk_4rqk_conf0,0.3801060679656735,1.0,975,23,3,ref,flowr_raw
4rux_4rux_conf0,0.284763499906378,1.0,989,14,4,ref,flowr_raw
4ruy_4ruy_conf0,0.2915838495575852,1.0,989,14,4,ref,flowr_raw
4ruz_4ruz_conf0,0.2169824309725869,1.0,990,13,3,ref,flowr_raw
4rvr_4rvr_conf0,0.1981682718958019,1.0,916,26,6,ref,flowr_raw
4rwj_4rwj_conf0,1.59672716317313,0.0,739,34,8,ref,flowr_raw
4tjz_4tjz_conf0,0.3848873945480325,1.0,999,12,7,ref,flowr_raw
4tqn_4tqn_conf0,0.2995353419679217,1.0,961,24,6,ref,flowr_raw
4tte_4tte_conf0,0.1976294876419054,1.0,965,18,2,ref,flowr_raw
4u1b_4u1b_conf0,0.5604887573815633,1.0,1000,13,6,ref,flowr_raw
4u43_4u43_conf0,0.1359008130767829,1.0,981,16,2,ref,flowr_raw
4u54_4u54_conf0,0.2423568822571919,1.0,968,15,3,ref,flowr_raw
4u69_4u69_conf0,0.2493711224580838,1.0,1000,11,4,ref,flowr_raw
4u6w_4u6w_conf0,0.5895540024364968,1.0,1000,13,6,ref,flowr_raw
4u70_4u70_conf0,0.3898587595371519,1.0,986,13,3,ref,flowr_raw
4u73_4u73_conf0,0.2392856205885352,1.0,993,12,2,ref,flowr_raw
4ucc_4ucc_conf0,0.2005461021892674,1.0,978,20,4,ref,flowr_raw
4umb_4umb_conf0,0.3572769712302155,1.0,1000,10,3,ref,flowr_raw
4unp_4unp_conf0,0.1612873163404999,1.0,955,15,2,ref,flowr_raw
4up5_4up5_conf0,0.0392197828143902,1.0,995,12,1,ref,flowr_raw
4urz_4urz_conf0,0.1833232670499762,1.0,973,17,2,ref,flowr_raw
4uye_4uye_conf0,0.3404119723706267,1.0,871,29,4,ref,flowr_raw
4v24_4v24_conf0,1.2633048954902266,0.0,811,33,9,ref,flowr_raw
4wa9_4wa9_conf0,0.6335542959962277,1.0,887,28,5,ref,flowr_raw
4wkb_4wkb_conf0,0.2135567469438923,1.0,962,20,4,ref,flowr_raw
4wkn_4wkn_conf0,0.1541926692707622,1.0,962,20,4,ref,flowr_raw
4wov_4wov_conf0,0.4380171453642225,1.0,902,28,6,ref,flowr_raw
4wrb_4wrb_conf0,0.5711640297898375,1.0,897,27,6,ref,flowr_raw
4x24_4x24_conf0,0.6142720939570381,1.0,962,20,4,ref,flowr_raw
4x8u_4x8u_conf0,0.0937559376366879,1.0,996,13,1,ref,flowr_raw
4xip_4xip_conf0,0.1310923346614623,1.0,925,22,2,ref,flowr_raw
4xiq_4xiq_conf0,0.1172171572319755,1.0,791,25,1,ref,flowr_raw
4xir_4xir_conf0,0.387882062890297,1.0,723,29,3,ref,flowr_raw
4xmb_4xmb_conf0,1.2977334713188544,0.0,600,42,12,ref,flowr_raw
4y2q_4y2q_conf0,0.2396817536392398,1.0,983,16,1,ref,flowr_raw
4y4j_4y4j_conf0,0.0897262548673754,1.0,987,12,2,ref,flowr_raw
4ygf_4ygf_conf0,0.5298706079824739,1.0,476,13,2,ref,flowr_raw
4yhm_4yhm_conf0,0.8479787663319285,0.0,763,35,9,ref,flowr_raw
4yho_4yho_conf0,0.9786166317750712,0.0,763,35,9,ref,flowr_raw
4ykk_4ykk_conf0,0.5531715522820497,1.0,1000,7,2,ref,flowr_raw
4ymq_4ymq_conf0,1.4267113358988324,0.0,800,40,10,ref,flowr_raw
4yx4_4yx4_conf0,0.2856696071819422,1.0,994,10,1,ref,flowr_raw
4yxi_4yxi_conf0,0.2022658134929213,1.0,989,11,1,ref,flowr_raw
4yyt_4yyt_conf0,0.1923961081419863,1.0,990,13,3,ref,flowr_raw
4yzu_4yzu_conf0,0.5632627063516362,1.0,932,27,5,ref,flowr_raw
4z0q_4z0q_conf0,0.3549870146882796,1.0,926,22,2,ref,flowr_raw
4z1e_4z1e_conf0,0.4874876716974206,1.0,905,24,3,ref,flowr_raw
4z1j_4z1j_conf0,0.2375248839621029,1.0,912,22,2,ref,flowr_raw
4z1k_4z1k_conf0,0.3598123991764422,1.0,916,24,2,ref,flowr_raw
4z93_4z93_conf0,0.4393436810740935,1.0,800,31,4,ref,flowr_raw
4zbi_4zbi_conf0,0.4657407527074746,1.0,850,29,6,ref,flowr_raw
4zo5_4zo5_conf0,0.9594013452851092,0.0,669,36,7,ref,flowr_raw
4zx3_4zx3_conf0,0.257341927518485,1.0,822,19,3,ref,flowr_raw
4zx4_4zx4_conf0,0.598913112076294,1.0,799,27,4,ref,flowr_raw
4zzx_4zzx_conf0,0.0822665388332775,1.0,948,18,5,ref,flowr_raw
4zzz_4zzz_conf0,0.2349184334947512,1.0,948,18,5,ref,flowr_raw
5a5q_5a5q_conf0,0.1087483546495898,1.0,946,19,2,ref,flowr_raw
5aan_5aan_conf0,0.5061812066632492,1.0,884,24,3,ref,flowr_raw
5am6_5am6_conf0,0.3954867020985715,1.0,805,29,2,ref,flowr_raw
5am7_5am7_conf0,0.3782067845920199,1.0,805,29,2,ref,flowr_raw
5ant_5ant_conf0,0.5194654638330554,1.0,941,24,7,ref,flowr_raw
5anv_5anv_conf0,0.4433748413309802,1.0,903,27,5,ref,flowr_raw
5aoj_5aoj_conf0,0.1391017151576917,1.0,983,17,2,ref,flowr_raw
5aut_5aut_conf0,0.1337519450971367,1.0,933,21,3,ref,flowr_raw
5boj_5boj_conf0,0.4037845578233796,1.0,980,18,6,ref,flowr_raw
5btx_5btx_conf0,0.1359969249203753,1.0,500,22,1,ref,flowr_raw
5c1w_5c1w_conf0,0.0782634909076445,1.0,1000,12,1,ref,flowr_raw
5c2a_5c2a_conf0,0.4243115656117655,1.0,990,20,4,ref,flowr_raw
5c3p_5c3p_conf0,0.1345973142711205,1.0,1000,10,4,ref,flowr_raw
5c5t_5c5t_conf0,0.1369309289023459,1.0,1000,10,4,ref,flowr_raw
5c8n_5c8n_conf0,0.7859050080929715,0.0,840,31,7,ref,flowr_raw
5cap_5cap_conf0,0.5582273037731301,1.0,903,29,7,ref,flowr_raw
5cbs_5cbs_conf0,0.3133671724708969,1.0,967,19,4,ref,flowr_raw
5cep_5cep_conf0,0.3637992564575406,1.0,918,25,4,ref,flowr_raw
5cjf_5cjf_conf0,0.4022837996373098,1.0,927,25,4,ref,flowr_raw
5cp5_5cp5_conf0,0.2481525170331254,1.0,915,26,4,ref,flowr_raw
5cqt_5cqt_conf0,0.3228568672176958,1.0,899,25,4,ref,flowr_raw
5cs6_5cs6_conf0,0.1819546404177325,1.0,979,13,4,ref,flowr_raw
5csp_5csp_conf0,0.0499275106624006,1.0,996,11,1,ref,flowr_raw
5cu4_5cu4_conf0,1.963587691779613,0.0,847,34,11,ref,flowr_raw
5cy9_5cy9_conf0,0.3960050289901771,1.0,932,23,6,ref,flowr_raw
5d0c_5d0c_conf0,0.6606179553840756,1.0,875,29,5,ref,flowr_raw
5d0r_5d0r_conf0,0.3532525297363454,1.0,971,19,2,ref,flowr_raw
5d24_5d24_conf0,0.8227978478016023,0.0,941,25,7,ref,flowr_raw
5d25_5d25_conf0,0.579824297794199,1.0,903,28,7,ref,flowr_raw
5d26_5d26_conf0,0.8449778666504177,0.0,884,29,8,ref,flowr_raw
5d3h_5d3h_conf0,0.728514329225473,1.0,871,30,9,ref,flowr_raw
5d3j_5d3j_conf0,0.8685090088215952,0.0,891,28,8,ref,flowr_raw
5d3l_5d3l_conf0,0.8122260512995622,0.0,845,30,8,ref,flowr_raw
5d3n_5d3n_conf0,0.3653459152989587,1.0,911,26,6,ref,flowr_raw
5d3t_5d3t_conf0,0.7647913519464478,0.0,940,25,6,ref,flowr_raw
5d45_5d45_conf0,0.5127832821057476,1.0,789,29,6,ref,flowr_raw
5d47_5d47_conf0,0.4857794528464272,1.0,764,31,7,ref,flowr_raw
5d48_5d48_conf0,0.4915716088449656,1.0,618,34,8,ref,flowr_raw
5dh4_5dh4_conf0,0.3136017726757253,1.0,965,19,3,ref,flowr_raw
5dq8_5dq8_conf0,0.2884012163359529,1.0,973,20,3,ref,flowr_raw
5dqe_5dqe_conf0,0.2957292614368131,1.0,975,17,3,ref,flowr_raw
5dx4_5dx4_conf0,0.3600872612586243,1.0,892,28,5,ref,flowr_raw
5dyo_5dyo_conf0,0.1662201743623978,1.0,850,25,2,ref,flowr_raw
5e28_5e28_conf0,0.0810074925609953,1.0,969,17,2,ref,flowr_raw
5e2k_5e2k_conf0,0.1459987505924064,1.0,979,17,2,ref,flowr_raw
5e2l_5e2l_conf0,0.3192271835279856,1.0,978,12,3,ref,flowr_raw
5e2r_5e2r_conf0,0.2313149898436676,1.0,927,25,4,ref,flowr_raw
5e2s_5e2s_conf0,0.2818350319382088,1.0,939,19,3,ref,flowr_raw
5e73_5e73_conf0,0.3357083709130882,1.0,923,24,2,ref,flowr_raw
5e74_5e74_conf0,0.5022738257942846,1.0,854,33,3,ref,flowr_raw
5e7n_5e7n_conf0,0.5319311880954215,1.0,913,30,6,ref,flowr_raw
5edb_5edb_conf0,0.0920589703548224,1.0,934,21,2,ref,flowr_raw
5edc_5edc_conf0,0.25171375771505,1.0,877,26,3,ref,flowr_raw
5eei_5eei_conf0,0.7727190041002941,0.0,990,19,8,ref,flowr_raw
5ef7_5ef7_conf0,0.3856512076744121,1.0,836,23,6,ref,flowr_raw
5ehr_5ehr_conf0,0.3498821286526462,1.0,925,23,2,ref,flowr_raw
5eis_5eis_conf0,0.0942031203913433,1.0,954,21,3,ref,flowr_raw
5elw_5elw_conf0,0.5290253652698845,1.0,996,13,4,ref,flowr_raw
5ep7_5ep7_conf0,0.4727471608333696,1.0,965,20,3,ref,flowr_raw
5eq1_5eq1_conf0,0.0946154265013804,1.0,972,13,0,ref,flowr_raw
5etb_5etb_conf0,0.1403175202180926,1.0,999,13,1,ref,flowr_raw
5eu1_5eu1_conf0,0.2954698108596227,1.0,853,26,5,ref,flowr_raw
5ewk_5ewk_conf0,0.3929011050630425,1.0,895,22,3,ref,flowr_raw
5f1h_5f1h_conf0,0.2953449516829928,1.0,839,26,5,ref,flowr_raw
5f25_5f25_conf0,0.2566212651826052,1.0,948,18,2,ref,flowr_raw
5f2p_5f2p_conf0,0.0951689651249574,1.0,941,15,1,ref,flowr_raw
5fbi_5fbi_conf0,0.6299360592213902,1.0,951,23,5,ref,flowr_raw
5fdc_5fdc_conf0,0.1123576612494506,1.0,987,15,3,ref,flowr_raw
5fe7_5fe7_conf0,0.1367591175219101,1.0,974,14,2,ref,flowr_raw
5fl4_5fl4_conf0,0.3631428949111128,1.0,914,24,3,ref,flowr_raw
5fl5_5fl5_conf0,0.2662342695281037,1.0,948,22,4,ref,flowr_raw
5fl6_5fl6_conf0,0.2990386198178068,1.0,959,21,3,ref,flowr_raw
5flt_5flt_conf0,0.1740169032519595,1.0,975,16,3,ref,flowr_raw
5g1z_5g1z_conf0,0.680572452620905,1.0,947,22,6,ref,flowr_raw
5g2b_5g2b_conf0,1.2069107900361753,0.0,586,39,7,ref,flowr_raw
5gj9_5gj9_conf0,0.0563318257788524,1.0,991,9,1,ref,flowr_raw
5gja_5gja_conf0,0.0355966615667173,1.0,986,9,1,ref,flowr_raw
5gmh_5gmh_conf0,0.3070736558048904,1.0,907,23,5,ref,flowr_raw
5gmn_5gmn_conf0,0.2619980457996299,1.0,896,25,3,ref,flowr_raw
5gsa_5gsa_conf0,0.4442982550677133,1.0,933,26,5,ref,flowr_raw
5h1u_5h1u_conf0,0.0783839961877535,1.0,987,13,1,ref,flowr_raw
5h85_5h85_conf0,0.3587061061052926,1.0,752,22,3,ref,flowr_raw
5ha1_5ha1_conf0,0.568348341485806,1.0,418,21,5,ref,flowr_raw
5hbs_5hbs_conf0,0.344409660825287,1.0,454,21,5,ref,flowr_raw
5hcv_5hcv_conf0,0.1185535004865831,1.0,746,28,1,ref,flowr_raw
5hcy_5hcy_conf0,1.3281161359567903,0.0,706,39,8,ref,flowr_raw
5his_5his_conf0,0.1076210195488071,1.0,996,9,1,ref,flowr_raw
5hrv_5hrv_conf0,0.0564798776828867,1.0,953,16,1,ref,flowr_raw
5hvs_5hvs_conf0,0.9900208753435936,0.0,863,33,5,ref,flowr_raw
5hz5_5hz5_conf0,0.2670108462382508,1.0,835,28,3,ref,flowr_raw
5hz8_5hz8_conf0,0.1928930286678906,1.0,864,27,3,ref,flowr_raw
5hz9_5hz9_conf0,0.0558816840174395,1.0,934,21,2,ref,flowr_raw
5i29_5i29_conf0,0.1944728496189387,1.0,930,22,2,ref,flowr_raw
5i3a_5i3a_conf0,0.0283936983617168,1.0,1000,8,0,ref,flowr_raw
5i3x_5i3x_conf0,1.8940201228501652,0.0,600,44,9,ref,flowr_raw
5i3y_5i3y_conf0,1.8932627039769807,0.0,507,46,11,ref,flowr_raw
5i7x_5i7x_conf0,0.141578823567104,1.0,930,22,2,ref,flowr_raw
5i7y_5i7y_conf0,0.4045795322106312,1.0,911,25,4,ref,flowr_raw
5i80_5i80_conf0,0.119992572007392,1.0,930,22,2,ref,flowr_raw
5i88_5i88_conf0,0.2049914301296119,1.0,911,25,4,ref,flowr_raw
5i9y_5i9y_conf0,1.385879405785415,0.0,826,33,7,ref,flowr_raw
5ia0_5ia0_conf0,0.4959114418831817,1.0,717,37,6,ref,flowr_raw
5ia1_5ia1_conf0,0.2093304735407695,1.0,789,34,4,ref,flowr_raw
5ia2_5ia2_conf0,0.3067173794416361,1.0,850,31,3,ref,flowr_raw
5ia3_5ia3_conf0,0.305011737929234,1.0,788,29,4,ref,flowr_raw
5ia4_5ia4_conf0,2.013397317749486,0.0,586,46,12,ref,flowr_raw
5ie1_5ie1_conf0,0.6423621980642812,1.0,824,29,6,ref,flowr_raw
5ih9_5ih9_conf0,0.7648117409283123,0.0,809,32,6,ref,flowr_raw
5ihh_5ihh_conf0,0.0721899256562021,1.0,910,22,2,ref,flowr_raw
5ii2_5ii2_conf0,0.0924604049357318,1.0,913,21,1,ref,flowr_raw
5ikb_5ikb_conf0,0.659532372247183,1.0,982,15,4,ref,flowr_raw
5ime_5ime_conf0,0.5526070762226922,1.0,660,32,6,ref,flowr_raw
5ivc_5ivc_conf0,0.4056742112023861,1.0,931,26,6,ref,flowr_raw
5ive_5ive_conf0,0.0490375184491894,1.0,993,16,1,ref,flowr_raw
5ivv_5ivv_conf0,0.0878452730827056,1.0,957,20,3,ref,flowr_raw
5ivy_5ivy_conf0,0.1386315338680563,1.0,944,20,4,ref,flowr_raw
5iwg_5iwg_conf0,0.3457985412777493,1.0,930,23,3,ref,flowr_raw
5j27_5j27_conf0,0.5679835788029574,1.0,921,29,6,ref,flowr_raw
5j2x_5j2x_conf0,0.2063103067040127,1.0,944,22,2,ref,flowr_raw
5j64_5j64_conf0,0.1165609851697142,1.0,954,21,2,ref,flowr_raw
5j6l_5j6l_conf0,0.5893039739517006,1.0,918,29,6,ref,flowr_raw
5j6m_5j6m_conf0,0.6708491372838091,1.0,903,31,5,ref,flowr_raw
5j6n_5j6n_conf0,0.6344831352138997,1.0,921,29,6,ref,flowr_raw
5j7q_5j7q_conf0,0.1131148587879369,1.0,972,17,1,ref,flowr_raw
5j82_5j82_conf0,0.5604461579538588,1.0,921,29,5,ref,flowr_raw
5j86_5j86_conf0,0.6101912191329679,1.0,879,31,5,ref,flowr_raw
5j8m_5j8m_conf0,0.2903649077636027,1.0,944,22,2,ref,flowr_raw
5j8u_5j8u_conf0,0.1919574903837708,1.0,954,21,2,ref,flowr_raw
5j8z_5j8z_conf0,0.9702907798257578,0.0,879,32,6,ref,flowr_raw
5ji8_5ji8_conf0,0.0649008555611265,1.0,987,13,1,ref,flowr_raw
5jq5_5jq5_conf0,0.680192170908926,1.0,878,29,7,ref,flowr_raw
5jsj_5jsj_conf0,2.233429190713855,0.0,455,50,13,ref,flowr_raw
5jy3_5jy3_conf0,1.1197024047213409,0.0,701,40,7,ref,flowr_raw
5k8s_5k8s_conf0,0.0699100516778751,1.0,500,22,1,ref,flowr_raw
5k9w_5k9w_conf0,0.1965659096378407,1.0,643,18,2,ref,flowr_raw
5ka1_5ka1_conf0,0.2024567202917991,1.0,643,18,2,ref,flowr_raw
5ka7_5ka7_conf0,0.2215674770630677,1.0,643,18,2,ref,flowr_raw
5ka9_5ka9_conf0,0.2084759635135714,1.0,643,18,2,ref,flowr_raw
5kad_5kad_conf0,0.2481730128828166,1.0,643,18,2,ref,flowr_raw
5kh3_5kh3_conf0,0.4093771440269291,1.0,989,15,3,ref,flowr_raw
5l3a_5l3a_conf0,0.55119775570649,1.0,999,14,2,ref,flowr_raw
5l4i_5l4i_conf0,0.1682232417867254,1.0,963,18,3,ref,flowr_raw
5l4j_5l4j_conf0,0.2938821147971692,1.0,981,17,2,ref,flowr_raw
5l4m_5l4m_conf0,0.2982694213677795,1.0,997,14,3,ref,flowr_raw
5l8a_5l8a_conf0,0.9631067815778294,0.0,623,35,8,ref,flowr_raw
5ld8_5ld8_conf0,0.436507257008253,1.0,982,18,5,ref,flowr_raw
5ljq_5ljq_conf0,0.3148849918352136,1.0,959,23,5,ref,flowr_raw
5ljt_5ljt_conf0,0.6113745772043221,1.0,951,23,5,ref,flowr_raw
5llc_5llc_conf0,0.3133281584701909,1.0,956,26,6,ref,flowr_raw
5llg_5llg_conf0,0.4966348982822794,1.0,979,14,4,ref,flowr_raw
5llh_5llh_conf0,0.4472698164839601,1.0,972,24,3,ref,flowr_raw
5lny_5lny_conf0,0.6578823508223869,1.0,828,34,4,ref,flowr_raw
5ltn_5ltn_conf0,0.5302228327996282,1.0,978,14,4,ref,flowr_raw
5lvq_5lvq_conf0,0.3061191553077002,1.0,952,17,3,ref,flowr_raw
5lvr_5lvr_conf0,0.044177845207664,1.0,979,15,2,ref,flowr_raw
5lz4_5lz4_conf0,0.3760150000443293,1.0,974,20,4,ref,flowr_raw
5lz5_5lz5_conf0,0.3647130205507791,1.0,939,25,5,ref,flowr_raw
5meh_5meh_conf0,0.0423181063595749,1.0,928,11,1,ref,flowr_raw
5mg2_5mg2_conf0,0.5808713057976072,1.0,719,32,4,ref,flowr_raw
5mgf_5mgf_conf0,0.2231462200540973,1.0,998,13,3,ref,flowr_raw
5mgk_5mgk_conf0,0.1782926626583732,1.0,998,13,3,ref,flowr_raw
5mme_5mme_conf0,0.3344619166843962,1.0,931,27,7,ref,flowr_raw
5mnn_5mnn_conf0,0.0450394773699598,1.0,980,9,0,ref,flowr_raw
5mod_5mod_conf0,0.1596794448776595,1.0,990,13,3,ref,flowr_raw
5mpz_5mpz_conf0,0.0961594295764811,1.0,988,14,1,ref,flowr_raw
5mqe_5mqe_conf0,0.1476367347680557,1.0,995,10,1,ref,flowr_raw
5msb_5msb_conf0,0.4640871856830925,1.0,995,20,4,ref,flowr_raw
5mwh_5mwh_conf0,0.4831280711098795,1.0,667,34,6,ref,flowr_raw
5my8_5my8_conf0,0.8268746030493984,0.0,675,37,6,ref,flowr_raw
5mz8_5mz8_conf0,0.4499611503249902,1.0,1000,8,3,ref,flowr_raw
5n0e_5n0e_conf0,0.5063064989232045,1.0,848,30,3,ref,flowr_raw
5n1s_5n1s_conf0,0.2419659988437033,1.0,968,19,2,ref,flowr_raw
5n24_5n24_conf0,0.1821877104438999,1.0,964,18,2,ref,flowr_raw
5n25_5n25_conf0,0.2154913811096335,1.0,975,16,2,ref,flowr_raw
5n84_5n84_conf0,0.5373208926737215,1.0,904,26,6,ref,flowr_raw
5n93_5n93_conf0,0.2609432244836449,1.0,962,24,4,ref,flowr_raw
5n9r_5n9r_conf0,1.0081868100275246,0.0,884,30,5,ref,flowr_raw
5nbw_5nbw_conf0,0.0286068633061242,1.0,833,21,0,ref,flowr_raw
5nea_5nea_conf0,0.0984732207554043,1.0,975,16,2,ref,flowr_raw
5nee_5nee_conf0,0.878040922604729,0.0,962,22,3,ref,flowr_raw
5ngz_5ngz_conf0,0.0355886429515504,1.0,989,11,1,ref,flowr_raw
5nlk_5nlk_conf0,1.2255555592736902,0.0,809,33,8,ref,flowr_raw
5nxi_5nxi_conf0,0.4100856377591226,1.0,971,21,4,ref,flowr_raw
5ny1_5ny1_conf0,0.4737100786840091,1.0,750,26,4,ref,flowr_raw
5ny3_5ny3_conf0,0.5834451435896192,1.0,815,23,5,ref,flowr_raw
5nya_5nya_conf0,0.2377959171118934,1.0,994,10,1,ref,flowr_raw
5o07_5o07_conf0,0.3547598707202368,1.0,998,16,5,ref,flowr_raw
5o1d_5o1d_conf0,0.2509525391835802,1.0,979,20,5,ref,flowr_raw
5o1f_5o1f_conf0,0.3046114225775887,1.0,978,21,6,ref,flowr_raw
5o1h_5o1h_conf0,0.2490443740415403,1.0,967,20,5,ref,flowr_raw
5o2d_5o2d_conf0,0.1260865978066644,1.0,904,24,3,ref,flowr_raw
5o5a_5o5a_conf0,0.3652248718075686,1.0,831,30,5,ref,flowr_raw
5oh3_5oh3_conf0,0.0768957307725836,1.0,1000,10,1,ref,flowr_raw
5oku_5oku_conf0,0.2393024479066447,1.0,999,10,5,ref,flowr_raw
5op4_5op4_conf0,0.5290117530587476,1.0,904,31,6,ref,flowr_raw
5op5_5op5_conf0,0.315390100299126,1.0,928,23,2,ref,flowr_raw
5oq8_5oq8_conf0,0.6901925711155592,1.0,843,30,6,ref,flowr_raw
5oqu_5oqu_conf0,0.0771333086016891,1.0,954,17,3,ref,flowr_raw
5orh_5orh_conf0,0.0824432260240032,1.0,966,16,2,ref,flowr_raw
5orj_5orj_conf0,0.2061604585019292,1.0,957,17,3,ref,flowr_raw
5ork_5ork_conf0,0.1453233455028723,1.0,977,16,2,ref,flowr_raw
5orv_5orv_conf0,0.4812279637405254,1.0,999,11,3,ref,flowr_raw
5os5_5os5_conf0,0.0954482496431962,1.0,980,15,2,ref,flowr_raw
5os7_5os7_conf0,0.1560774279576957,1.0,939,18,3,ref,flowr_raw
5ov8_5ov8_conf0,0.5545460061671008,1.0,716,33,6,ref,flowr_raw
5qa8_5qa8_conf0,0.116580467520055,1.0,974,16,2,ref,flowr_raw
5qal_5qal_conf0,0.1277437353035898,1.0,973,18,3,ref,flowr_raw
5qay_5qay_conf0,0.1425137073428765,1.0,981,15,2,ref,flowr_raw
5sym_5sym_conf0,0.8580752019687241,0.0,955,28,4,ref,flowr_raw
5sz0_5sz0_conf0,0.1931977268542447,1.0,964,16,2,ref,flowr_raw
5sz1_5sz1_conf0,0.2188720245045345,1.0,970,17,2,ref,flowr_raw
5sz2_5sz2_conf0,0.2373801497568955,1.0,972,18,3,ref,flowr_raw
5sz3_5sz3_conf0,0.3057642782712265,1.0,955,20,2,ref,flowr_raw
5sz4_5sz4_conf0,0.155361384730251,1.0,964,16,2,ref,flowr_raw
5sz5_5sz5_conf0,0.2527670995683208,1.0,970,17,2,ref,flowr_raw
5sz6_5sz6_conf0,0.3096994769690914,1.0,972,18,3,ref,flowr_raw
5sz7_5sz7_conf0,0.1846233974391747,1.0,955,20,2,ref,flowr_raw
5t8o_5t8o_conf0,0.1688191217918374,1.0,891,23,1,ref,flowr_raw
5t8p_5t8p_conf0,0.0833682288428909,1.0,930,17,1,ref,flowr_raw
5tcy_5tcy_conf0,0.6919752789614614,1.0,956,27,8,ref,flowr_raw
5tt3_5tt3_conf0,0.3059535907444815,1.0,981,16,3,ref,flowr_raw
5u11_5u11_conf0,0.6464437246756197,1.0,981,17,3,ref,flowr_raw
5u12_5u12_conf0,0.5462883427034708,1.0,975,20,3,ref,flowr_raw
5u28_5u28_conf0,0.2294873040871595,1.0,882,26,2,ref,flowr_raw
5u49_5u49_conf0,0.1887513017089311,1.0,998,18,2,ref,flowr_raw
5u4b_5u4b_conf0,0.1492870374622246,1.0,991,18,3,ref,flowr_raw
5u4d_5u4d_conf0,0.1321744700119885,1.0,993,19,3,ref,flowr_raw
5uez_5uez_conf0,0.1763728388246944,1.0,848,23,4,ref,flowr_raw
5uf0_5uf0_conf0,0.0753867457696345,1.0,948,16,2,ref,flowr_raw
5ufp_5ufp_conf0,0.4899515761678192,1.0,959,28,4,ref,flowr_raw
5ula_5ula_conf0,0.5030818141768939,1.0,915,26,5,ref,flowr_raw
5uln_5uln_conf0,0.1735611069609586,1.0,965,21,3,ref,flowr_raw
5uoo_5uoo_conf0,0.2351913637242908,1.0,726,33,3,ref,flowr_raw
5ut6_5ut6_conf0,0.144913811862917,1.0,956,23,4,ref,flowr_raw
5v82_5v82_conf0,0.2517802377659969,1.0,868,30,3,ref,flowr_raw
5vcv_5vcv_conf0,1.3395839130255842,0.0,826,33,7,ref,flowr_raw
5vcw_5vcw_conf0,0.9053711719508528,0.0,799,33,8,ref,flowr_raw
5vd0_5vd0_conf0,1.056219373009973,0.0,714,37,7,ref,flowr_raw
5vd1_5vd1_conf0,0.7624624339287016,0.0,618,34,4,ref,flowr_raw
5vd2_5vd2_conf0,1.161387432231703,0.0,865,34,6,ref,flowr_raw
5vja_5vja_conf0,0.3031632035769748,1.0,950,23,4,ref,flowr_raw
5vkc_5vkc_conf0,2.36763738547195,0.0,221,57,13,ref,flowr_raw
5vl2_5vl2_conf0,0.1157360884147388,1.0,962,19,2,ref,flowr_raw
5vm0_5vm0_conf0,0.1477701320964021,1.0,962,19,2,ref,flowr_raw
5vyy_5vyy_conf0,0.70332646263589,1.0,939,27,6,ref,flowr_raw
5w1e_5w1e_conf0,0.0318819253415117,1.0,994,10,1,ref,flowr_raw
5wbo_5wbo_conf0,0.2047721129371596,1.0,962,16,1,ref,flowr_raw
5wcm_5wcm_conf0,0.4744285278198165,1.0,989,13,2,ref,flowr_raw
5wgp_5wgp_conf0,0.16602567188988,1.0,1000,10,0,ref,flowr_raw
5wij_5wij_conf0,0.6535378038654754,1.0,865,31,8,ref,flowr_raw
5win_5win_conf0,0.3735411870298208,1.0,943,27,4,ref,flowr_raw
5wqc_5wqc_conf0,1.0974583490364342,0.0,875,32,9,ref,flowr_raw
5wuk_5wuk_conf0,0.2277723424972583,1.0,933,26,5,ref,flowr_raw
5wyx_5wyx_conf0,0.1656577235259056,1.0,960,19,2,ref,flowr_raw
5wyz_5wyz_conf0,0.1383483471686966,1.0,923,19,1,ref,flowr_raw
5xmx_5xmx_conf0,1.247168540803167,0.0,875,32,10,ref,flowr_raw
5xpi_5xpi_conf0,0.982992226086568,0.0,946,26,8,ref,flowr_raw
5y12_5y12_conf0,0.5386354860747454,1.0,937,23,8,ref,flowr_raw
5y13_5y13_conf0,0.5240273866821048,1.0,945,22,7,ref,flowr_raw
5y8y_5y8y_conf0,0.2549452755722589,1.0,955,25,5,ref,flowr_raw
5y94_5y94_conf0,0.3697052525909625,1.0,954,25,5,ref,flowr_raw
5ya5_5ya5_conf0,0.1447055511642257,1.0,920,26,4,ref,flowr_raw
5yas_5yas_conf0,0.1621208150045512,1.0,1000,11,0,ref,flowr_raw
5yl2_5yl2_conf0,0.4256913266419583,1.0,858,27,5,ref,flowr_raw
5z7b_5z7b_conf0,0.1128654406947436,1.0,996,12,2,ref,flowr_raw
5za7_5za7_conf0,0.2599531734896291,1.0,489,21,2,ref,flowr_raw
5za8_5za8_conf0,0.3070778276806835,1.0,488,26,3,ref,flowr_raw
5za9_5za9_conf0,0.5237452073508404,1.0,450,29,3,ref,flowr_raw
5zae_5zae_conf0,0.3486632603477364,1.0,482,25,3,ref,flowr_raw
5zag_5zag_conf0,0.3458401336615502,1.0,428,26,3,ref,flowr_raw
5zaj_5zaj_conf0,0.7205167445586994,1.0,441,30,5,ref,flowr_raw
5zc5_5zc5_conf0,0.3638706766549408,1.0,439,30,3,ref,flowr_raw
5zni_5zni_conf0,0.324494263033523,1.0,905,26,2,ref,flowr_raw
6abx_6abx_conf0,0.4227374929442665,1.0,1000,13,5,ref,flowr_raw
6ajv_6ajv_conf0,0.3222578777075831,1.0,969,19,4,ref,flowr_raw
6ajz_6ajz_conf0,0.3848770913284013,1.0,701,29,5,ref,flowr_raw
6ayq_6ayq_conf0,0.1582379287667629,1.0,962,20,4,ref,flowr_raw
6b1k_6b1k_conf0,0.1604565545199942,1.0,923,24,2,ref,flowr_raw
6b4d_6b4d_conf0,0.2767018449403797,1.0,956,20,3,ref,flowr_raw
6b4l_6b4l_conf0,0.2983120431934213,1.0,917,26,6,ref,flowr_raw
6b4u_6b4u_conf0,1.3968101363661292,0.0,475,41,10,ref,flowr_raw
6b59_6b59_conf0,0.7515684026586628,0.0,938,26,6,ref,flowr_raw
6b7b_6b7b_conf0,0.0594664969366061,1.0,998,12,1,ref,flowr_raw
6b98_6b98_conf0,0.2664359210952761,1.0,1000,13,1,ref,flowr_raw
6c7q_6c7q_conf0,0.5154858701585143,1.0,760,34,4,ref,flowr_raw
6c7w_6c7w_conf0,0.6532202395477551,1.0,887,23,4,ref,flowr_raw
6cbg_6cbg_conf0,0.1656739386470817,1.0,979,14,2,ref,flowr_raw
6ce6_6ce6_conf0,0.8605091633178553,0.0,956,22,6,ref,flowr_raw
6ced_6ced_conf0,0.1744794633370762,1.0,950,17,3,ref,flowr_raw
6cjs_6cjs_conf0,0.7300482610051428,1.0,644,34,7,ref,flowr_raw
6ckr_6ckr_conf0,0.4951035736825796,1.0,829,29,4,ref,flowr_raw
6cks_6cks_conf0,0.3798673368678357,1.0,781,31,5,ref,flowr_raw
6cn5_6cn5_conf0,0.7984272650234651,0.0,739,35,4,ref,flowr_raw
6csp_6csp_conf0,0.1346685916390017,1.0,918,10,1,ref,flowr_raw
6csq_6csq_conf0,0.3680482063808072,1.0,981,10,1,ref,flowr_raw
6csr_6csr_conf0,0.0903950938023321,1.0,807,10,1,ref,flowr_raw
6css_6css_conf0,0.2199842688188105,1.0,701,9,1,ref,flowr_raw
6d15_6d15_conf0,0.1968202490557583,1.0,956,18,2,ref,flowr_raw
6d16_6d16_conf0,0.2521735094670467,1.0,954,18,3,ref,flowr_raw
6d17_6d17_conf0,0.2044325589924137,1.0,960,19,2,ref,flowr_raw
6d18_6d18_conf0,0.1192190594442235,1.0,945,18,2,ref,flowr_raw
6d19_6d19_conf0,0.1530639550118606,1.0,938,18,2,ref,flowr_raw
6d1a_6d1a_conf0,0.1794507553103309,1.0,956,18,2,ref,flowr_raw
6d1b_6d1b_conf0,0.2090513921954827,1.0,954,18,3,ref,flowr_raw
6d1d_6d1d_conf0,0.1906297910971185,1.0,945,18,2,ref,flowr_raw
6d1g_6d1g_conf0,0.1200667006766748,1.0,938,18,2,ref,flowr_raw
6d1h_6d1h_conf0,0.1136417311984987,1.0,929,16,2,ref,flowr_raw
6d1i_6d1i_conf0,0.1234954086083554,1.0,953,17,2,ref,flowr_raw
6d1j_6d1j_conf0,0.1850146131448494,1.0,787,18,2,ref,flowr_raw
6d1k_6d1k_conf0,0.3766156265428489,1.0,979,15,2,ref,flowr_raw
6d55_6d55_conf0,0.627720827262284,1.0,734,34,4,ref,flowr_raw
6d56_6d56_conf0,0.4450180022385286,1.0,767,34,4,ref,flowr_raw
6d5e_6d5e_conf0,0.6829438685685967,1.0,712,33,5,ref,flowr_raw
6d5g_6d5g_conf0,0.6001010529412939,1.0,710,32,4,ref,flowr_raw
6d5h_6d5h_conf0,0.4326656118220551,1.0,757,33,4,ref,flowr_raw
6d5j_6d5j_conf0,0.3209669458029193,1.0,913,26,3,ref,flowr_raw
6dar_6dar_conf0,0.7635892766235672,0.0,895,30,7,ref,flowr_raw
6dd0_6dd0_conf0,0.1969335455905914,1.0,965,18,2,ref,flowr_raw
6dl2_6dl2_conf0,0.173678637374114,1.0,870,22,2,ref,flowr_raw
6dq4_6dq4_conf0,0.5717702807212841,1.0,867,29,6,ref,flowr_raw
6dyn_6dyn_conf0,0.3661151185307262,1.0,1000,8,2,ref,flowr_raw
6dyr_6dyr_conf0,0.3050796034885973,1.0,994,13,5,ref,flowr_raw
6dzx_6dzx_conf0,0.5066617611633959,1.0,1000,9,4,ref,flowr_raw
6e1z_6e1z_conf0,0.3669852853370682,1.0,987,14,3,ref,flowr_raw
6ebe_6ebe_conf0,0.5206408627286124,1.0,853,28,4,ref,flowr_raw
6ecz_6ecz_conf0,0.7814082519893676,0.0,920,29,4,ref,flowr_raw
6eed_6eed_conf0,0.6840818955442166,1.0,777,30,6,ref,flowr_raw
6eeo_6eeo_conf0,0.7304720447979324,1.0,854,26,4,ref,flowr_raw
6eif_6eif_conf0,0.3417057478082618,1.0,924,25,3,ref,flowr_raw
6eiq_6eiq_conf0,0.5683473822146962,1.0,856,30,6,ref,flowr_raw
6eis_6eis_conf0,0.2679276939525434,1.0,729,31,2,ref,flowr_raw
6eiz_6eiz_conf0,0.8188612882332288,0.0,991,16,7,ref,flowr_raw
6el5_6el5_conf0,0.7567392682816917,0.0,907,30,8,ref,flowr_raw
6elp_6elp_conf0,0.6931595782347979,1.0,918,28,5,ref,flowr_raw
6ep4_6ep4_conf0,0.6840325633485957,1.0,996,18,11,ref,flowr_raw
6epa_6epa_conf0,0.7435207115444676,1.0,631,26,5,ref,flowr_raw
6eq2_6eq2_conf0,0.059324070582045,1.0,1000,10,0,ref,flowr_raw
6eq3_6eq3_conf0,0.0611447033273302,1.0,975,16,2,ref,flowr_raw
6eq5_6eq5_conf0,0.0425275148178674,1.0,1000,10,0,ref,flowr_raw
6eq7_6eq7_conf0,0.0898434477801616,1.0,981,17,1,ref,flowr_raw
6eqp_6eqp_conf0,0.5152880861033636,1.0,862,22,5,ref,flowr_raw
6ey8_6ey8_conf0,0.4287110661159776,1.0,901,29,5,ref,flowr_raw
6ey9_6ey9_conf0,0.5014548063748681,1.0,896,30,5,ref,flowr_raw
6eya_6eya_conf0,0.432020782545565,1.0,874,31,4,ref,flowr_raw
6f20_6f20_conf0,0.1545496566149831,1.0,984,14,2,ref,flowr_raw
6f3b_6f3b_conf0,0.7753973234749971,0.0,858,23,4,ref,flowr_raw
6faf_6faf_conf0,0.6818776290226627,1.0,866,23,3,ref,flowr_raw
6fag_6fag_conf0,0.8582662497595449,0.0,888,23,4,ref,flowr_raw
6fba_6fba_conf0,0.0299903954442744,1.0,973,12,0,ref,flowr_raw
6fe0_6fe0_conf0,0.5261369530840491,1.0,940,26,6,ref,flowr_raw
6fe1_6fe1_conf0,0.6231982117562046,1.0,930,28,6,ref,flowr_raw
6fnf_6fnf_conf0,1.1087020039132467,0.0,789,37,5,ref,flowr_raw
6fni_6fni_conf0,1.2464061000333024,0.0,789,37,5,ref,flowr_raw
6fo5_6fo5_conf0,0.861902282594408,0.0,754,37,7,ref,flowr_raw
6fs1_6fs1_conf0,1.3351399411613605,0.0,585,43,11,ref,flowr_raw
6fsy_6fsy_conf0,0.2251868297172317,1.0,923,22,3,ref,flowr_raw
6ftz_6ftz_conf0,0.4998241000469116,1.0,955,23,4,ref,flowr_raw
6fuj_6fuj_conf0,0.5041988008917621,1.0,951,21,5,ref,flowr_raw
6fz4_6fz4_conf0,0.176363799855589,1.0,919,27,2,ref,flowr_raw
6g27_6g27_conf0,0.0779309568488729,1.0,834,20,2,ref,flowr_raw
6g2b_6g2b_conf0,0.1091402036963328,1.0,955,18,2,ref,flowr_raw
6g2o_6g2o_conf0,0.1850227535545525,1.0,840,27,3,ref,flowr_raw
6g34_6g34_conf0,0.1567459058272702,1.0,900,20,2,ref,flowr_raw
6g39_6g39_conf0,0.1692768568062292,1.0,900,20,2,ref,flowr_raw
6g3a_6g3a_conf0,0.1356310832164871,1.0,900,20,2,ref,flowr_raw
6g5l_6g5l_conf0,0.630588324152957,1.0,948,24,6,ref,flowr_raw
6g5u_6g5u_conf0,0.3558309727166798,1.0,974,19,5,ref,flowr_raw
6g6t_6g6t_conf0,0.3874010016471376,1.0,974,19,5,ref,flowr_raw
6g7a_6g7a_conf0,0.503049249165486,1.0,955,25,7,ref,flowr_raw
6g9i_6g9i_conf0,0.401946146995484,1.0,828,22,4,ref,flowr_raw
6gdy_6gdy_conf0,0.1426306497226412,1.0,1000,10,4,ref,flowr_raw
6gl9_6gl9_conf0,0.378694075298057,1.0,852,28,3,ref,flowr_raw
6gla_6gla_conf0,0.3484115663009503,1.0,897,27,3,ref,flowr_raw
6glb_6glb_conf0,0.4790833338065207,1.0,901,27,4,ref,flowr_raw
6gnm_6gnm_conf0,0.0818472491937163,1.0,962,18,2,ref,flowr_raw
6gnr_6gnr_conf0,0.2269414198925428,1.0,963,18,3,ref,flowr_raw
6gnw_6gnw_conf0,0.1964926512896998,1.0,994,14,3,ref,flowr_raw
6got_6got_conf0,0.6728395622249826,1.0,965,19,5,ref,flowr_raw
6gue_6gue_conf0,0.3996088659962157,1.0,943,26,5,ref,flowr_raw
6guh_6guh_conf0,0.4161948561885671,1.0,943,26,5,ref,flowr_raw
6gvf_6gvf_conf0,0.0943754078326309,1.0,935,23,2,ref,flowr_raw
6h29_6h29_conf0,0.4177332831587139,1.0,982,11,2,ref,flowr_raw
6h33_6h33_conf0,0.5199985151225048,1.0,929,25,3,ref,flowr_raw
6h34_6h34_conf0,0.6363782280189106,1.0,933,26,4,ref,flowr_raw
6h36_6h36_conf0,0.428924754267617,1.0,928,24,3,ref,flowr_raw
6h38_6h38_conf0,0.6808898793027084,1.0,933,26,4,ref,flowr_raw
6h8s_6h8s_conf0,0.3608898995348846,1.0,956,20,2,ref,flowr_raw
6haz_6haz_conf0,0.2085614688731266,1.0,939,20,2,ref,flowr_raw
6hd6_6hd6_conf0,0.9940812009482772,0.0,938,27,5,ref,flowr_raw
6hk3_6hk3_conf0,0.70955013317483,1.0,824,34,6,ref,flowr_raw
6hk4_6hk4_conf0,0.4697862670091663,1.0,867,31,5,ref,flowr_raw
6hke_6hke_conf0,0.3505264710993763,1.0,1000,9,3,ref,flowr_raw
6hoq_6hoq_conf0,0.1074867601696637,1.0,999,14,3,ref,flowr_raw
6hrq_6hrq_conf0,0.4125394596368901,1.0,840,23,5,ref,flowr_raw
6hsh_6hsh_conf0,0.7926603424054354,0.0,721,29,6,ref,flowr_raw
6htg_6htg_conf0,0.480641584375705,1.0,868,20,3,ref,flowr_raw
6i0z_6i0z_conf0,0.2332001105939976,1.0,982,13,1,ref,flowr_raw
6i11_6i11_conf0,0.3168920506249676,1.0,874,27,4,ref,flowr_raw
6i12_6i12_conf0,0.3757158278572109,1.0,857,28,4,ref,flowr_raw
6i13_6i13_conf0,0.4095507087013855,1.0,846,28,4,ref,flowr_raw
6i14_6i14_conf0,0.4494079985830521,1.0,862,29,4,ref,flowr_raw
6i18_6i18_conf0,0.6867811766153058,1.0,806,34,5,ref,flowr_raw
6i61_6i61_conf0,0.1287885563694178,1.0,950,18,3,ref,flowr_raw
6i62_6i62_conf0,0.2128594312970142,1.0,972,19,2,ref,flowr_raw
6i63_6i63_conf0,0.1066792640218228,1.0,954,17,2,ref,flowr_raw
6i64_6i64_conf0,0.1500418916647865,1.0,969,16,2,ref,flowr_raw
6i65_6i65_conf0,0.0816686891312537,1.0,984,10,1,ref,flowr_raw
6iiu_6iiu_conf0,0.7326807453601603,1.0,859,29,6,ref,flowr_raw
6j1l_6j1l_conf0,0.6604821228694318,1.0,826,38,7,ref,flowr_raw
6k3l_6k3l_conf0,0.127926432777904,1.0,873,25,3,ref,flowr_raw
6mdu_6mdu_conf0,0.3809982445523869,1.0,728,25,4,ref,flowr_raw
6mg5_6mg5_conf0,0.0920075659773941,1.0,942,17,3,ref,flowr_raw
6mh1_6mh1_conf0,0.4773489640711801,1.0,777,33,5,ref,flowr_raw
6mh7_6mh7_conf0,0.7851846418687527,0.0,805,33,5,ref,flowr_raw
6mnc_6mnc_conf0,0.0678693669094021,1.0,569,20,0,ref,flowr_raw
6n0j_6n0j_conf0,0.660712196771583,1.0,900,31,4,ref,flowr_raw
6n78_6n78_conf0,0.1936956072408423,1.0,931,29,5,ref,flowr_raw
6n7a_6n7a_conf0,0.1615568487014289,1.0,921,28,4,ref,flowr_raw
6n7b_6n7b_conf0,0.2100802797459546,1.0,916,27,4,ref,flowr_raw
6n8x_6n8x_conf0,0.4447502683166594,1.0,918,27,8,ref,flowr_raw
6ncn_6ncn_conf0,0.1236827840040675,1.0,976,14,2,ref,flowr_raw
6nco_6nco_conf0,0.297038621265996,1.0,921,24,4,ref,flowr_raw
6o0k_6o0k_conf0,2.909700052239056,0.0,127,61,13,ref,flowr_raw
6o0m_6o0m_conf0,2.97559148392574,0.0,127,61,13,ref,flowr_raw
6o0p_6o0p_conf0,2.907799366089582,0.0,127,61,13,ref,flowr_raw
6o5t_6o5t_conf0,0.3152753771547694,1.0,763,18,2,ref,flowr_raw
6o94_6o94_conf0,0.957698327354669,0.0,733,36,5,ref,flowr_raw
6odz_6odz_conf0,0.394416515739341,1.0,960,25,4,ref,flowr_raw
6oe0_6oe0_conf0,0.6689019703245581,1.0,922,27,4,ref,flowr_raw
6oe1_6oe1_conf0,0.3151532383630192,1.0,941,26,4,ref,flowr_raw
6olx_6olx_conf0,0.4435242887736129,1.0,918,27,8,ref,flowr_raw
6ooy_6ooy_conf0,0.132242481014685,1.0,963,20,3,ref,flowr_raw
6p3t_6p3t_conf0,0.3164041119814892,1.0,885,27,3,ref,flowr_raw
6p3v_6p3v_conf0,0.5600939017466982,1.0,931,23,6,ref,flowr_raw
6p85_6p85_conf0,0.5119406082132875,1.0,935,25,5,ref,flowr_raw
6p88_6p88_conf0,0.4747815112025024,1.0,868,27,4,ref,flowr_raw
6pia_6pia_conf0,0.8536055382437374,0.0,1000,14,9,ref,flowr_raw
6pl1_6pl1_conf0,1.2842154636395466,0.0,507,33,5,ref,flowr_raw
6qas_6qas_conf0,0.9665041702323092,0.0,865,34,6,ref,flowr_raw
6ql1_6ql1_conf0,0.2535354843847948,1.0,965,23,3,ref,flowr_raw
6ql2_6ql2_conf0,0.1192517957280132,1.0,981,16,3,ref,flowr_raw
6qmj_6qmj_conf0,1.1574585561125132,0.0,791,36,9,ref,flowr_raw
6qmk_6qmk_conf0,0.9162532963518204,0.0,737,38,7,ref,flowr_raw
6qpl_6qpl_conf0,0.6501036917593983,1.0,923,25,8,ref,flowr_raw
6qqq_6qqq_conf0,0.3092862685410948,1.0,956,23,5,ref,flowr_raw
6qqv_6qqv_conf0,0.6961815670707651,1.0,936,24,3,ref,flowr_raw
6qr1_6qr1_conf0,0.338337686235785,1.0,933,25,3,ref,flowr_raw
6qrc_6qrc_conf0,0.2994189289484332,1.0,953,24,4,ref,flowr_raw
6r11_6r11_conf0,0.0740898758235943,1.0,958,19,1,ref,flowr_raw
6r18_6r18_conf0,0.2033506264557079,1.0,966,20,4,ref,flowr_raw
6r9u_6r9u_conf0,0.1205617784371584,1.0,947,18,1,ref,flowr_raw
6r9x_6r9x_conf0,0.6205235575307128,1.0,854,18,3,ref,flowr_raw
6rih_6rih_conf0,0.1027708918025227,1.0,969,18,3,ref,flowr_raw
6s57_6s57_conf0,0.3923286910023992,1.0,886,30,5,ref,flowr_raw
6t1i_6t1i_conf0,0.7098706000483521,1.0,916,27,5,ref,flowr_raw
6t1j_6t1j_conf0,1.1357844500417775,0.0,882,29,5,ref,flowr_raw
6t1l_6t1l_conf0,0.9592602920749332,0.0,884,28,7,ref,flowr_raw
6u5y_6u5y_conf0,0.5035799080388451,1.0,936,30,5,ref,flowr_raw
6u6w_6u6w_conf0,0.1380203756007194,1.0,962,21,4,ref,flowr_raw
6u8b_6u8b_conf0,0.2433933231539049,1.0,957,24,5,ref,flowr_raw
6u8o_6u8o_conf0,0.4379415312680834,1.0,965,25,4,ref,flowr_raw
6ugn_6ugn_conf0,0.0930800296876375,1.0,954,15,0,ref,flowr_raw
6uh0_6uh0_conf0,0.1289615745962581,1.0,965,14,0,ref,flowr_raw
966c_966c_conf0,0.6681126834458779,1.0,917,27,6,ref,flowr_raw
1ado_1ado_conf0,0.3846879365466223,1.0,852,10,4,ref,torsional_diffusion_raw
1ai4_1ai4_conf0,0.1570030259239337,1.0,997,12,2,ref,torsional_diffusion_raw
1ai5_1ai5_conf0,0.2046120792812316,1.0,1000,13,3,ref,torsional_diffusion_raw
1azm_1azm_conf0,0.2141621246736426,1.0,486,13,2,ref,torsional_diffusion_raw
1bjv_1bjv_conf0,0.6371582665738881,1.0,290,26,5,ref,torsional_diffusion_raw
1bm7_1bm7_conf0,0.1393564151700903,1.0,957,20,3,ref,torsional_diffusion_raw
1bnn_1bnn_conf0,0.6814139316836586,1.0,1000,23,3,ref,torsional_diffusion_raw
1bty_1bty_conf0,0.0463384391230609,1.0,1000,9,1,ref,torsional_diffusion_raw
1bzj_1bzj_conf0,0.1064019173400407,1.0,998,20,3,ref,torsional_diffusion_raw
1c1v_1c1v_conf0,0.7210885079720257,1.0,1000,25,4,ref,torsional_diffusion_raw
1c5n_1c5n_conf0,0.1207983402945115,1.0,1000,13,1,ref,torsional_diffusion_raw
1c5o_1c5o_conf0,0.0415265916707121,1.0,1000,9,1,ref,torsional_diffusion_raw
1c5p_1c5p_conf0,0.0450013170934707,1.0,1000,9,1,ref,torsional_diffusion_raw
1c5q_1c5q_conf0,0.1301771343231563,1.0,1000,13,1,ref,torsional_diffusion_raw
1c5x_1c5x_conf0,0.0589657566566814,1.0,1000,13,1,ref,torsional_diffusion_raw
1c83_1c83_conf0,0.1949746101018949,1.0,589,18,2,ref,torsional_diffusion_raw
1c84_1c84_conf0,0.2477961453494828,1.0,543,19,2,ref,torsional_diffusion_raw
1c86_1c86_conf0,0.2740189558900404,1.0,500,18,2,ref,torsional_diffusion_raw
1c87_1c87_conf0,0.2554346804473321,1.0,503,18,2,ref,torsional_diffusion_raw
1c88_1c88_conf0,0.2403155791272594,1.0,470,18,2,ref,torsional_diffusion_raw
1cbx_1cbx_conf0,0.3355996744311239,1.0,942,15,5,ref,torsional_diffusion_raw
1ceb_1ceb_conf0,0.2605050014354835,1.0,953,11,2,ref,torsional_diffusion_raw
1ciz_1ciz_conf0,0.8473237048300138,0.0,405,36,8,ref,torsional_diffusion_raw
1cnw_1cnw_conf0,1.5758483097716576,0.0,534,26,12,ref,torsional_diffusion_raw
1d3d_1d3d_conf0,1.1350697538924062,0.0,687,38,9,ref,torsional_diffusion_raw
1d4p_1d4p_conf0,0.4631770156578119,1.0,944,27,4,ref,torsional_diffusion_raw
1drj_1drj_conf0,0.071919231047114,1.0,1000,10,0,ref,torsional_diffusion_raw
1drk_1drk_conf0,0.0732589333985075,1.0,1000,10,0,ref,torsional_diffusion_raw
1dzk_1dzk_conf0,0.3123085183207342,1.0,996,12,3,ref,torsional_diffusion_raw
1e1v_1e1v_conf0,0.2234835682128986,1.0,996,18,3,ref,torsional_diffusion_raw
1e1x_1e1x_conf0,0.2012682711833326,1.0,983,18,4,ref,torsional_diffusion_raw
1e4h_1e4h_conf0,0.0216640416525455,1.0,1000,12,0,ref,torsional_diffusion_raw
1ecv_1ecv_conf0,0.1568336681833252,1.0,529,16,2,ref,torsional_diffusion_raw
1efy_1efy_conf0,0.1812486335495596,1.0,1000,20,3,ref,torsional_diffusion_raw
1enu_1enu_conf0,0.0494426613748804,1.0,1000,13,0,ref,torsional_diffusion_raw
1eoc_1eoc_conf0,0.0340247409144121,1.0,1000,11,1,ref,torsional_diffusion_raw
1f57_1f57_conf0,0.0857646886271326,1.0,993,7,2,ref,torsional_diffusion_raw
1f5k_1f5k_conf0,0.0510320519090718,1.0,1000,9,1,ref,torsional_diffusion_raw
1f5l_1f5l_conf0,0.1350243009350893,1.0,495,15,1,ref,torsional_diffusion_raw
1fcx_1fcx_conf0,0.4353006500986274,1.0,998,29,3,ref,torsional_diffusion_raw
1fcy_1fcy_conf0,0.2267398536291806,1.0,999,29,3,ref,torsional_diffusion_raw
1fcz_1fcz_conf0,0.1930889541939596,1.0,906,27,4,ref,torsional_diffusion_raw
1fkh_1fkh_conf0,1.102361436153127,0.0,706,33,9,ref,torsional_diffusion_raw
1flr_1flr_conf0,0.1248872689679764,1.0,991,25,2,ref,torsional_diffusion_raw
1fv0_1fv0_conf0,0.2959392110313367,1.0,659,26,3,ref,torsional_diffusion_raw
1g4o_1g4o_conf0,0.4202756217132832,1.0,984,20,4,ref,torsional_diffusion_raw
1g98_1g98_conf0,0.4834290801564688,1.0,543,15,6,ref,torsional_diffusion_raw
1gfy_1gfy_conf0,0.3733157133714971,1.0,507,18,2,ref,torsional_diffusion_raw
1ghw_1ghw_conf0,0.1447665408951219,1.0,1000,19,2,ref,torsional_diffusion_raw
1gi1_1gi1_conf0,0.1734483320111688,1.0,1000,19,2,ref,torsional_diffusion_raw
1gj6_1gj6_conf0,0.1065028975728969,1.0,998,26,3,ref,torsional_diffusion_raw
1gx8_1gx8_conf0,0.7037723361106555,1.0,405,21,5,ref,torsional_diffusion_raw
1gyx_1gyx_conf0,0.0366102505716167,1.0,1000,9,1,ref,torsional_diffusion_raw
1h1s_1h1s_conf0,0.7283011978237358,1.0,986,28,6,ref,torsional_diffusion_raw
1h2k_1h2k_conf0,0.1699434444463448,1.0,921,10,2,ref,torsional_diffusion_raw
1h4w_1h4w_conf0,0.0636191497436254,1.0,1000,9,1,ref,torsional_diffusion_raw
1i2s_1i2s_conf0,0.2605312287492967,1.0,863,13,5,ref,torsional_diffusion_raw
1igb_1igb_conf0,0.1758991112849944,1.0,833,14,3,ref,torsional_diffusion_raw
1iih_1iih_conf0,0.3867353648921301,1.0,632,11,4,ref,torsional_diffusion_raw
1j14_1j14_conf0,0.0474888053769273,1.0,1000,9,1,ref,torsional_diffusion_raw
1j16_1j16_conf0,0.0707291566874092,1.0,1000,9,1,ref,torsional_diffusion_raw
1j17_1j17_conf0,0.3708194839687963,1.0,882,34,4,ref,torsional_diffusion_raw
1jsv_1jsv_conf0,0.230788092981122,1.0,999,18,3,ref,torsional_diffusion_raw
1kv1_1kv1_conf0,0.3941719768413283,1.0,551,21,2,ref,torsional_diffusion_raw
1lgw_1lgw_conf0,0.0340156152557911,1.0,1000,8,0,ref,torsional_diffusion_raw
1lpk_1lpk_conf0,1.276777551991241,0.0,883,32,7,ref,torsional_diffusion_raw
1lpz_1lpz_conf0,1.386624047371483,0.0,913,32,6,ref,torsional_diffusion_raw
1lrh_1lrh_conf0,0.0884270527858084,1.0,997,14,2,ref,torsional_diffusion_raw
1m2p_1m2p_conf0,0.1085044875031283,1.0,976,21,1,ref,torsional_diffusion_raw
1m2q_1m2q_conf0,0.1406085487130471,1.0,999,20,1,ref,torsional_diffusion_raw
1m2r_1m2r_conf0,0.0873014387713639,1.0,1000,20,0,ref,torsional_diffusion_raw
1mu6_1mu6_conf0,1.2262974847501975,0.0,759,31,8,ref,torsional_diffusion_raw
1mu8_1mu8_conf0,0.9292939501670308,0.0,778,32,8,ref,torsional_diffusion_raw
1n0s_1n0s_conf0,0.1528864824172856,1.0,989,25,2,ref,torsional_diffusion_raw
1n46_1n46_conf0,0.4866856619654838,1.0,998,27,4,ref,torsional_diffusion_raw
1n4h_1n4h_conf0,0.5227613976510481,1.0,399,22,5,ref,torsional_diffusion_raw
1n5r_1n5r_conf0,0.4280059328664002,1.0,899,31,7,ref,torsional_diffusion_raw
1ndw_1ndw_conf0,0.2862180656524462,1.0,982,19,6,ref,torsional_diffusion_raw
1ndy_1ndy_conf0,0.1690886546951003,1.0,953,23,6,ref,torsional_diffusion_raw
1nfu_1nfu_conf0,1.0149615367107134,0.0,853,30,5,ref,torsional_diffusion_raw
1nfx_1nfx_conf0,0.9430604496702936,0.0,699,33,6,ref,torsional_diffusion_raw
1nl9_1nl9_conf0,1.8715802120399097,0.0,472,39,11,ref,torsional_diffusion_raw
1no6_1no6_conf0,0.3957516811300228,1.0,755,25,3,ref,torsional_diffusion_raw
1nq7_1nq7_conf0,0.3023016260731533,1.0,607,25,4,ref,torsional_diffusion_raw
1o2h_1o2h_conf0,0.2598649157074998,1.0,973,25,4,ref,torsional_diffusion_raw
1o2j_1o2j_conf0,0.3232125696408067,1.0,999,24,5,ref,torsional_diffusion_raw
1o2o_1o2o_conf0,0.3315775955262957,1.0,996,25,5,ref,torsional_diffusion_raw
1o35_1o35_conf0,0.1507844259356113,1.0,999,20,2,ref,torsional_diffusion_raw
1o3d_1o3d_conf0,0.0936194714018071,1.0,1000,25,3,ref,torsional_diffusion_raw
1o3i_1o3i_conf0,0.0896215753348413,1.0,1000,21,2,ref,torsional_diffusion_raw
1o3j_1o3j_conf0,0.1192229415269448,1.0,1000,21,2,ref,torsional_diffusion_raw
1o5e_1o5e_conf0,0.1392975996845631,1.0,998,26,3,ref,torsional_diffusion_raw
1oba_1oba_conf0,0.196642788777956,1.0,999,7,2,ref,torsional_diffusion_raw
1ogd_1ogd_conf0,0.0520562500361715,1.0,1000,10,0,ref,torsional_diffusion_raw
1ols_1ols_conf0,1.061873092574883,0.0,308,26,8,ref,torsional_diffusion_raw
1olu_1olu_conf0,1.488324389643487,0.0,287,26,8,ref,torsional_diffusion_raw
1olx_1olx_conf0,1.4205498963104286,0.0,290,26,8,ref,torsional_diffusion_raw
1om1_1om1_conf0,0.4112974204697379,1.0,976,22,2,ref,torsional_diffusion_raw
1onz_1onz_conf0,0.3667107323387965,1.0,749,26,3,ref,torsional_diffusion_raw
1oss_1oss_conf0,0.0555725373989175,1.0,1000,9,1,ref,torsional_diffusion_raw
1owe_1owe_conf0,0.2322195999341758,1.0,610,22,3,ref,torsional_diffusion_raw
1oxr_1oxr_conf0,0.1943846893947466,1.0,956,13,2,ref,torsional_diffusion_raw
1p57_1p57_conf0,0.1832362507361326,1.0,1000,19,2,ref,torsional_diffusion_raw
1pb8_1pb8_conf0,0.0583475619244645,1.0,999,7,2,ref,torsional_diffusion_raw
1pbq_1pbq_conf0,0.1212173226514325,1.0,995,16,1,ref,torsional_diffusion_raw
1ppc_1ppc_conf0,1.227642732091456,0.0,398,37,9,ref,torsional_diffusion_raw
1pxo_1pxo_conf0,0.3999937623348645,1.0,950,23,4,ref,torsional_diffusion_raw
1pxp_1pxp_conf0,0.1796596576194739,1.0,981,23,4,ref,torsional_diffusion_raw
1q5k_1q5k_conf0,0.4296447276589096,1.0,466,21,5,ref,torsional_diffusion_raw
1q7a_1q7a_conf0,0.3658185859472093,1.0,812,24,5,ref,torsional_diffusion_raw
1qb6_1qb6_conf0,0.5399224718305891,1.0,963,29,6,ref,torsional_diffusion_raw
1ql7_1ql7_conf0,0.5780303791240886,1.0,860,34,4,ref,torsional_diffusion_raw
1ql9_1ql9_conf0,0.5454017090812509,1.0,864,34,4,ref,torsional_diffusion_raw
1qy1_1qy1_conf0,0.0937762386824505,1.0,998,12,3,ref,torsional_diffusion_raw
1qy2_1qy2_conf0,0.0664577368747866,1.0,977,11,2,ref,torsional_diffusion_raw
1r9l_1r9l_conf0,0.0756020314416147,1.0,997,8,2,ref,torsional_diffusion_raw
1rbp_1rbp_conf0,0.2573941801131973,1.0,414,21,5,ref,torsional_diffusion_raw
1rd4_1rd4_conf0,0.9389885575688562,0.0,857,34,7,ref,torsional_diffusion_raw
1rmz_1rmz_conf0,0.7101028949765719,1.0,805,21,7,ref,torsional_diffusion_raw
1ro6_1ro6_conf0,0.2579159293067445,1.0,976,20,4,ref,torsional_diffusion_raw
1rtf_1rtf_conf0,0.0336310114419512,1.0,1000,9,1,ref,torsional_diffusion_raw
1s39_1s39_conf0,0.0799303146410971,1.0,1000,12,0,ref,torsional_diffusion_raw
1sqo_1sqo_conf0,0.2456406071142546,1.0,998,20,3,ref,torsional_diffusion_raw
1sv3_1sv3_conf0,0.0287143326669825,1.0,1000,11,2,ref,torsional_diffusion_raw
1sw2_1sw2_conf0,0.0793149145510331,1.0,996,8,2,ref,torsional_diffusion_raw
1t4v_1t4v_conf0,1.2332681920148054,0.0,651,27,10,ref,torsional_diffusion_raw
1td7_1td7_conf0,0.2254429943720388,1.0,930,20,3,ref,torsional_diffusion_raw
1tkb_1tkb_conf0,1.1763478895795147,0.0,292,26,8,ref,torsional_diffusion_raw
1tlp_1tlp_conf0,1.5016173416481855,0.0,316,37,11,ref,torsional_diffusion_raw
1tng_1tng_conf0,0.0804477281677914,1.0,995,8,1,ref,torsional_diffusion_raw
1tnh_1tnh_conf0,0.0259204302845744,1.0,997,9,1,ref,torsional_diffusion_raw
1tni_1tni_conf0,0.4927077404724995,1.0,954,11,4,ref,torsional_diffusion_raw
1ttm_1ttm_conf0,0.3566590201337093,1.0,1000,21,2,ref,torsional_diffusion_raw
1u1w_1u1w_conf0,0.0654850815775399,1.0,1000,11,1,ref,torsional_diffusion_raw
1u71_1u71_conf0,0.2219182737776588,1.0,526,24,4,ref,torsional_diffusion_raw
1usn_1usn_conf0,0.4691637966555834,1.0,328,27,5,ref,torsional_diffusion_raw
1utj_1utj_conf0,0.0320123682152179,1.0,994,8,1,ref,torsional_diffusion_raw
1utm_1utm_conf0,0.1043753487645238,1.0,993,9,2,ref,torsional_diffusion_raw
1utn_1utn_conf0,0.0525631335663327,1.0,996,8,1,ref,torsional_diffusion_raw
1uv6_1uv6_conf0,0.5206873712593727,1.0,980,10,3,ref,torsional_diffusion_raw
1uvt_1uvt_conf0,1.174810124365774,0.0,881,27,8,ref,torsional_diffusion_raw
1v11_1v11_conf0,1.0902588598790446,0.0,305,26,8,ref,torsional_diffusion_raw
1v16_1v16_conf0,1.3500530443436485,0.0,307,26,8,ref,torsional_diffusion_raw
1v1m_1v1m_conf0,1.184661271137409,0.0,291,26,8,ref,torsional_diffusion_raw
1v2j_1v2j_conf0,0.0950705181052079,1.0,1000,9,1,ref,torsional_diffusion_raw
1v2k_1v2k_conf0,0.6338535601163892,1.0,879,34,4,ref,torsional_diffusion_raw
1v2l_1v2l_conf0,0.0934219234626006,1.0,1000,9,1,ref,torsional_diffusion_raw
1v2s_1v2s_conf0,0.0994163507494837,1.0,1000,9,1,ref,torsional_diffusion_raw
1v2u_1v2u_conf0,0.0989962397915607,1.0,1000,9,1,ref,torsional_diffusion_raw
1wht_1wht_conf0,0.2276376584968334,1.0,945,15,5,ref,torsional_diffusion_raw
1xbo_1xbo_conf0,0.6763488401879002,1.0,592,31,8,ref,torsional_diffusion_raw
1xk9_1xk9_conf0,0.6491849057832991,1.0,935,22,3,ref,torsional_diffusion_raw
1xpz_1xpz_conf0,0.3546632636621949,1.0,996,26,6,ref,torsional_diffusion_raw
1xq0_1xq0_conf0,0.5570209455033543,1.0,973,27,6,ref,torsional_diffusion_raw
1xug_1xug_conf0,0.4556085418793344,1.0,1000,25,4,ref,torsional_diffusion_raw
1y1z_1y1z_conf0,0.0610153634887711,1.0,1000,8,1,ref,torsional_diffusion_raw
1y20_1y20_conf0,0.0531867862916206,1.0,1000,7,1,ref,torsional_diffusion_raw
1y6q_1y6q_conf0,0.5400020440093585,1.0,957,20,4,ref,torsional_diffusion_raw
1yda_1yda_conf0,0.2289968137578653,1.0,489,13,2,ref,torsional_diffusion_raw
1ydb_1ydb_conf0,0.2550523088047214,1.0,496,13,2,ref,torsional_diffusion_raw
1ydd_1ydd_conf0,0.2302602807931914,1.0,476,13,2,ref,torsional_diffusion_raw
1yds_1yds_conf0,0.373045507456742,1.0,861,18,5,ref,torsional_diffusion_raw
1z9y_1z9y_conf0,0.1350076928351253,1.0,964,21,5,ref,torsional_diffusion_raw
1zc9_1zc9_conf0,0.348312393404171,1.0,553,16,4,ref,torsional_diffusion_raw
1zdp_1zdp_conf0,0.4181418644070903,1.0,948,17,6,ref,torsional_diffusion_raw
1zfq_1zfq_conf0,0.1518204061803677,1.0,1000,14,1,ref,torsional_diffusion_raw
1zge_1zge_conf0,0.1165643984964212,1.0,1000,13,1,ref,torsional_diffusion_raw
1zoe_1zoe_conf0,0.078581672196034,1.0,1000,16,1,ref,torsional_diffusion_raw
1zog_1zog_conf0,0.1033418295286071,1.0,1000,15,1,ref,torsional_diffusion_raw
2afw_2afw_conf0,0.3947648197934495,1.0,989,11,3,ref,torsional_diffusion_raw
2afx_2afx_conf0,0.1651805843210836,1.0,999,12,2,ref,torsional_diffusion_raw
2aj8_2aj8_conf0,0.3486003637909926,1.0,963,26,3,ref,torsional_diffusion_raw
2ans_2ans_conf0,0.3005377835588911,1.0,517,21,3,ref,torsional_diffusion_raw
2ax9_2ax9_conf0,0.1857678154485098,1.0,844,21,4,ref,torsional_diffusion_raw
2ayr_2ayr_conf0,0.6494385186794096,1.0,725,37,8,ref,torsional_diffusion_raw
2b4l_2b4l_conf0,0.0595687937731161,1.0,999,8,2,ref,torsional_diffusion_raw
2b9a_2b9a_conf0,0.0744917283039692,1.0,1000,17,2,ref,torsional_diffusion_raw
2baj_2baj_conf0,0.5546123596792,1.0,510,27,3,ref,torsional_diffusion_raw
2bak_2bak_conf0,1.528334156613504,0.0,395,43,10,ref,torsional_diffusion_raw
2bo4_2bo4_conf0,0.4450590789924653,1.0,862,13,5,ref,torsional_diffusion_raw
2brm_2brm_conf0,0.157334345045325,1.0,987,25,5,ref,torsional_diffusion_raw
2buv_2buv_conf0,0.0413939729678082,1.0,1000,11,1,ref,torsional_diffusion_raw
2bza_2bza_conf0,0.0536274848494381,1.0,996,8,1,ref,torsional_diffusion_raw
2c1p_2c1p_conf0,0.2214902193133088,1.0,965,24,5,ref,torsional_diffusion_raw
2c97_2c97_conf0,0.7750163636928636,0.0,584,18,6,ref,torsional_diffusion_raw
2cc7_2cc7_conf0,0.0352623165443092,1.0,1000,18,0,ref,torsional_diffusion_raw
2cgr_2cgr_conf0,0.4140316510686778,1.0,472,29,6,ref,torsional_diffusion_raw
2csn_2csn_conf0,0.32845877798744,1.0,846,18,4,ref,torsional_diffusion_raw
2dri_2dri_conf0,0.0741531383884935,1.0,1000,10,0,ref,torsional_diffusion_raw
2dw7_2dw7_conf0,0.1969298803512964,1.0,983,10,3,ref,torsional_diffusion_raw
2e2r_2e2r_conf0,0.0764637593556802,1.0,997,17,2,ref,torsional_diffusion_raw
2exm_2exm_conf0,0.3288688327238183,1.0,930,15,3,ref,torsional_diffusion_raw
2ez7_2ez7_conf0,0.1202380840373514,1.0,985,11,3,ref,torsional_diffusion_raw
2f7i_2f7i_conf0,0.0792643009055469,1.0,1000,17,2,ref,torsional_diffusion_raw
2fpz_2fpz_conf0,0.0393904858792309,1.0,1000,10,0,ref,torsional_diffusion_raw
2fw6_2fw6_conf0,0.2686108521314149,1.0,878,13,5,ref,torsional_diffusion_raw
2fx6_2fx6_conf0,0.0787675466365084,1.0,1000,10,0,ref,torsional_diffusion_raw
2g5u_2g5u_conf0,0.1107978790962403,1.0,1000,18,1,ref,torsional_diffusion_raw
2gkl_2gkl_conf0,0.08037364385881,1.0,1000,12,2,ref,torsional_diffusion_raw
2glp_2glp_conf0,0.4342540776352123,1.0,692,21,3,ref,torsional_diffusion_raw
2gvj_2gvj_conf0,1.087137743387756,0.0,629,29,8,ref,torsional_diffusion_raw
2h4g_2h4g_conf0,0.3247655089439507,1.0,791,21,5,ref,torsional_diffusion_raw
2h4k_2h4k_conf0,0.2328561427116304,1.0,824,20,5,ref,torsional_diffusion_raw
2h4n_2h4n_conf0,0.1961011938064712,1.0,487,13,2,ref,torsional_diffusion_raw
2h6b_2h6b_conf0,0.1267766892504643,1.0,1000,12,2,ref,torsional_diffusion_raw
2ha3_2ha3_conf0,0.0519704922097071,1.0,999,7,2,ref,torsional_diffusion_raw
2hjb_2hjb_conf0,0.1282747521601482,1.0,1000,10,2,ref,torsional_diffusion_raw
2hoc_2hoc_conf0,0.9845442471952288,0.0,972,22,4,ref,torsional_diffusion_raw
2hxm_2hxm_conf0,0.914493412533216,0.0,625,25,8,ref,torsional_diffusion_raw
2i19_2i19_conf0,0.4998818310597311,1.0,846,17,5,ref,torsional_diffusion_raw
2i6b_2i6b_conf0,0.6514345287040708,1.0,988,30,3,ref,torsional_diffusion_raw
2i80_2i80_conf0,0.2182302507079359,1.0,936,18,3,ref,torsional_diffusion_raw
2iko_2iko_conf0,0.1937279395873347,1.0,993,26,5,ref,torsional_diffusion_raw
2iuz_2iuz_conf0,0.2996092816003662,1.0,950,28,3,ref,torsional_diffusion_raw
2jew_2jew_conf0,1.0180153810800665,0.0,512,17,8,ref,torsional_diffusion_raw
2jfz_2jfz_conf0,0.3105185890967072,1.0,995,33,5,ref,torsional_diffusion_raw
2nn1_2nn1_conf0,0.4530373769036701,1.0,997,15,4,ref,torsional_diffusion_raw
2nnd_2nnd_conf0,0.0885398243519646,1.0,997,12,3,ref,torsional_diffusion_raw
2nta_2nta_conf0,0.2483799373805138,1.0,999,20,2,ref,torsional_diffusion_raw
2o0u_2o0u_conf0,0.6243434498821493,1.0,553,34,5,ref,torsional_diffusion_raw
2ojj_2ojj_conf0,0.4850200667244864,1.0,951,31,6,ref,torsional_diffusion_raw
2ot1_2ot1_conf0,0.2429129271435799,1.0,741,25,4,ref,torsional_diffusion_raw
2p16_2p16_conf0,0.4968522653525521,1.0,997,34,5,ref,torsional_diffusion_raw
2p7a_2p7a_conf0,0.0467777281451236,1.0,1000,9,0,ref,torsional_diffusion_raw
2p7g_2p7g_conf0,0.1412968099192821,1.0,992,17,2,ref,torsional_diffusion_raw
2p7z_2p7z_conf0,0.4387988956062233,1.0,536,29,8,ref,torsional_diffusion_raw
2pou_2pou_conf0,0.1210182634420699,1.0,1000,16,2,ref,torsional_diffusion_raw
2pov_2pov_conf0,0.122991684550546,1.0,1000,16,2,ref,torsional_diffusion_raw
2pow_2pow_conf0,0.1685367422485643,1.0,989,19,2,ref,torsional_diffusion_raw
2pql_2pql_conf0,0.1021396902495343,1.0,984,12,2,ref,torsional_diffusion_raw
2pu2_2pu2_conf0,0.2001519360453369,1.0,946,26,5,ref,torsional_diffusion_raw
2pvh_2pvh_conf0,0.2850650738073473,1.0,989,23,4,ref,torsional_diffusion_raw
2pvj_2pvj_conf0,0.2671011801583446,1.0,992,26,5,ref,torsional_diffusion_raw
2pvk_2pvk_conf0,0.2991318947129406,1.0,991,27,5,ref,torsional_diffusion_raw
2pvl_2pvl_conf0,0.3667820429199265,1.0,948,26,4,ref,torsional_diffusion_raw
2pvm_2pvm_conf0,0.2990348002438576,1.0,972,26,6,ref,torsional_diffusion_raw
2q1q_2q1q_conf0,0.4235899944891615,1.0,1000,18,2,ref,torsional_diffusion_raw
2q7q_2q7q_conf0,0.0702115983862934,1.0,995,9,1,ref,torsional_diffusion_raw
2qbs_2qbs_conf0,0.589348656983763,1.0,744,27,7,ref,torsional_diffusion_raw
2qdt_2qdt_conf0,0.1599400705782333,1.0,974,11,4,ref,torsional_diffusion_raw
2qg2_2qg2_conf0,0.2184745311351228,1.0,939,24,2,ref,torsional_diffusion_raw
2qm9_2qm9_conf0,0.8328577258900359,0.0,770,31,5,ref,torsional_diffusion_raw
2qpq_2qpq_conf0,0.2881582231561842,1.0,852,13,5,ref,torsional_diffusion_raw
2qrl_2qrl_conf0,0.1787352773553222,1.0,927,10,2,ref,torsional_diffusion_raw
2qtt_2qtt_conf0,0.3027286792594746,1.0,987,19,2,ref,torsional_diffusion_raw
2r2m_2r2m_conf0,1.0830703193728195,0.0,607,30,10,ref,torsional_diffusion_raw
2ra0_2ra0_conf0,0.6542957277680506,1.0,970,39,6,ref,torsional_diffusion_raw
2ra6_2ra6_conf0,0.0453760000425077,1.0,996,9,1,ref,torsional_diffusion_raw
2rcb_2rcb_conf0,0.0851155518725539,1.0,995,7,2,ref,torsional_diffusion_raw
2reg_2reg_conf0,0.0463060607624143,1.0,999,7,2,ref,torsional_diffusion_raw
2rfh_2rfh_conf0,0.4097289994567927,1.0,990,15,5,ref,torsional_diffusion_raw
2rin_2rin_conf0,0.2311123187126869,1.0,981,10,3,ref,torsional_diffusion_raw
2rkd_2rkd_conf0,0.1569076188600246,1.0,916,9,3,ref,torsional_diffusion_raw
2uwd_2uwd_conf0,0.4723669676702953,1.0,960,27,5,ref,torsional_diffusion_raw
2uxi_2uxi_conf0,0.3131386969048815,1.0,882,20,4,ref,torsional_diffusion_raw
2uy5_2uy5_conf0,0.1845199163315905,1.0,997,16,3,ref,torsional_diffusion_raw
2uyn_2uyn_conf0,0.0805507204923026,1.0,1000,7,2,ref,torsional_diffusion_raw
2uyq_2uyq_conf0,0.0783832744475891,1.0,1000,17,1,ref,torsional_diffusion_raw
2v57_2v57_conf0,0.0251587841558039,1.0,1000,16,0,ref,torsional_diffusion_raw
2v58_2v58_conf0,0.050617556687853,1.0,999,20,1,ref,torsional_diffusion_raw
2v59_2v59_conf0,0.087492962161774,1.0,994,22,3,ref,torsional_diffusion_raw
2vba_2vba_conf0,0.199652774197884,1.0,995,16,3,ref,torsional_diffusion_raw
2vnp_2vnp_conf0,0.9198511391417952,0.0,550,14,6,ref,torsional_diffusion_raw
2vuk_2vuk_conf0,0.1077236405232021,1.0,996,18,3,ref,torsional_diffusion_raw
2vvv_2vvv_conf0,0.8584257908430992,0.0,525,32,6,ref,torsional_diffusion_raw
2w9h_2w9h_conf0,0.305778176151254,1.0,992,21,5,ref,torsional_diffusion_raw
2weh_2weh_conf0,0.074975308855745,1.0,1000,11,1,ref,torsional_diffusion_raw
2wej_2wej_conf0,0.0844521059233243,1.0,1000,10,1,ref,torsional_diffusion_raw
2wnj_2wnj_conf0,0.450110832087551,1.0,777,23,4,ref,torsional_diffusion_raw
2wor_2wor_conf0,0.2716900584139766,1.0,493,21,3,ref,torsional_diffusion_raw
2wos_2wos_conf0,0.0957471880022086,1.0,1000,21,3,ref,torsional_diffusion_raw
2xdk_2xdk_conf0,0.1303808133722959,1.0,1000,13,1,ref,torsional_diffusion_raw
2xdx_2xdx_conf0,0.1421336979712305,1.0,999,16,2,ref,torsional_diffusion_raw
2xht_2xht_conf0,0.1011945396219867,1.0,966,19,1,ref,torsional_diffusion_raw
2xj2_2xj2_conf0,0.3697220978596529,1.0,761,25,4,ref,torsional_diffusion_raw
2xjg_2xjg_conf0,0.1836371213317324,1.0,993,23,3,ref,torsional_diffusion_raw
2xjj_2xjj_conf0,0.1869780435936005,1.0,1000,23,1,ref,torsional_diffusion_raw
2xn3_2xn3_conf0,0.2415313060350999,1.0,979,18,3,ref,torsional_diffusion_raw
2xn5_2xn5_conf0,0.1686072746482824,1.0,970,21,5,ref,torsional_diffusion_raw
2xp7_2xp7_conf0,0.2019016777758248,1.0,1000,17,3,ref,torsional_diffusion_raw
2y8c_2y8c_conf0,1.0252147397964229,0.0,593,38,12,ref,torsional_diffusion_raw
2yi0_2yi0_conf0,0.2384036563638635,1.0,987,22,3,ref,torsional_diffusion_raw
2yi7_2yi7_conf0,0.1985676753663272,1.0,987,23,4,ref,torsional_diffusion_raw
2yix_2yix_conf0,0.7443090939712519,1.0,848,26,6,ref,torsional_diffusion_raw
2yz3_2yz3_conf0,0.5736244790984564,1.0,925,15,6,ref,torsional_diffusion_raw
2z1w_2z1w_conf0,0.0780341898481219,1.0,998,15,3,ref,torsional_diffusion_raw
2za0_2za0_conf0,0.1544451423591342,1.0,998,22,3,ref,torsional_diffusion_raw
2za5_2za5_conf0,0.6498369532600731,1.0,999,31,2,ref,torsional_diffusion_raw
2zcs_2zcs_conf0,0.5213614841409859,1.0,606,24,7,ref,torsional_diffusion_raw
3acx_3acx_conf0,0.9158078353632324,0.0,784,23,9,ref,torsional_diffusion_raw
3ai8_3ai8_conf0,0.2108691422130351,1.0,1000,14,1,ref,torsional_diffusion_raw
3ao2_3ao2_conf0,0.4288630347899861,1.0,1000,17,1,ref,torsional_diffusion_raw
3aqt_3aqt_conf0,0.0262529695493525,1.0,1000,8,0,ref,torsional_diffusion_raw
3arx_3arx_conf0,0.6352030633829036,1.0,874,22,7,ref,torsional_diffusion_raw
3b24_3b24_conf0,0.3896623193044754,1.0,1000,11,2,ref,torsional_diffusion_raw
3b25_3b25_conf0,0.09199277511786,1.0,997,18,2,ref,torsional_diffusion_raw
3b26_3b26_conf0,0.1200950114547709,1.0,997,21,1,ref,torsional_diffusion_raw
3b66_3b66_conf0,0.4350063614910578,1.0,916,29,6,ref,torsional_diffusion_raw
3b7j_3b7j_conf0,0.0454292414079821,1.0,1000,13,0,ref,torsional_diffusion_raw
3b92_3b92_conf0,0.3907050274415394,1.0,953,18,6,ref,torsional_diffusion_raw
3bgc_3bgc_conf0,1.4652304790265838,0.0,269,41,14,ref,torsional_diffusion_raw
3bgq_3bgq_conf0,0.2645155720028429,1.0,979,26,3,ref,torsional_diffusion_raw
3bl0_3bl0_conf0,0.1961388566333236,1.0,1000,13,3,ref,torsional_diffusion_raw
3bl1_3bl1_conf0,1.1950300990034133,0.0,766,24,3,ref,torsional_diffusion_raw
3bqc_3bqc_conf0,0.0442082302655006,1.0,1000,20,0,ref,torsional_diffusion_raw
3bra_3bra_conf0,0.0695725306826248,1.0,995,10,2,ref,torsional_diffusion_raw
3brn_3brn_conf0,0.0617650837888243,1.0,985,13,2,ref,torsional_diffusion_raw
3buf_3buf_conf0,0.0528312973171473,1.0,991,11,2,ref,torsional_diffusion_raw
3bug_3bug_conf0,0.1877351530769251,1.0,994,12,3,ref,torsional_diffusion_raw
3buh_3buh_conf0,0.253069569080541,1.0,971,16,3,ref,torsional_diffusion_raw
3bxe_3bxe_conf0,0.2762445509591069,1.0,832,10,4,ref,torsional_diffusion_raw
3c2o_3c2o_conf0,0.0895238232974532,1.0,999,12,2,ref,torsional_diffusion_raw
3c2r_3c2r_conf0,0.0678415951339318,1.0,1000,12,2,ref,torsional_diffusion_raw
3c39_3c39_conf0,0.2335693693367208,1.0,663,11,4,ref,torsional_diffusion_raw
3c4h_3c4h_conf0,0.0639815873176556,1.0,1000,12,0,ref,torsional_diffusion_raw
3c79_3c79_conf0,0.3815822795993638,1.0,958,17,4,ref,torsional_diffusion_raw
3c84_3c84_conf0,0.2739425991939533,1.0,838,16,2,ref,torsional_diffusion_raw
3cf8_3cf8_conf0,0.2286882619931836,1.0,999,22,1,ref,torsional_diffusion_raw
3cfn_3cfn_conf0,0.230013136296517,1.0,493,21,3,ref,torsional_diffusion_raw
3cj5_3cj5_conf0,0.900631830639453,0.0,674,30,5,ref,torsional_diffusion_raw
3cs7_3cs7_conf0,0.5508977936532803,1.0,941,37,6,ref,torsional_diffusion_raw
3cz1_3cz1_conf0,0.443561336630055,1.0,982,14,5,ref,torsional_diffusion_raw
3czv_3czv_conf0,0.1770462042779153,1.0,458,13,2,ref,torsional_diffusion_raw
3d0b_3d0b_conf0,0.3431236250600745,1.0,979,28,6,ref,torsional_diffusion_raw
3d78_3d78_conf0,0.4013435702399622,1.0,983,14,5,ref,torsional_diffusion_raw
3d83_3d83_conf0,0.7030057118709102,1.0,422,35,7,ref,torsional_diffusion_raw
3d8w_3d8w_conf0,0.3705708763448516,1.0,994,19,4,ref,torsional_diffusion_raw
3d9z_3d9z_conf0,0.1853642986472652,1.0,1000,16,2,ref,torsional_diffusion_raw
3dbu_3dbu_conf0,0.5069283818723703,1.0,995,19,4,ref,torsional_diffusion_raw
3dc3_3dc3_conf0,0.2302338974355514,1.0,471,13,2,ref,torsional_diffusion_raw
3dcc_3dcc_conf0,0.1810030515541436,1.0,1000,16,2,ref,torsional_diffusion_raw
3dd8_3dd8_conf0,0.5482152541353178,1.0,939,24,4,ref,torsional_diffusion_raw
3dnd_3dnd_conf0,0.2149734903743942,1.0,983,13,2,ref,torsional_diffusion_raw
3e5u_3e5u_conf0,0.0854039168416475,1.0,1000,12,2,ref,torsional_diffusion_raw
3ebo_3ebo_conf0,0.0652475196413789,1.0,1000,19,1,ref,torsional_diffusion_raw
3ed0_3ed0_conf0,0.0494688936896127,1.0,1000,20,0,ref,torsional_diffusion_raw
3eko_3eko_conf0,0.0986441996577506,1.0,998,16,1,ref,torsional_diffusion_raw
3ekr_3ekr_conf0,0.190524419149325,1.0,916,22,2,ref,torsional_diffusion_raw
3eqr_3eqr_conf0,0.9242406027651352,0.0,853,38,9,ref,torsional_diffusion_raw
3exh_3exh_conf0,1.4066251490648007,0.0,308,26,8,ref,torsional_diffusion_raw
3f18_3f18_conf0,0.4839809282483681,1.0,776,19,6,ref,torsional_diffusion_raw
3f19_3f19_conf0,0.3869465744304302,1.0,893,16,4,ref,torsional_diffusion_raw
3f1a_3f1a_conf0,0.2969026083640292,1.0,898,15,4,ref,torsional_diffusion_raw
3f33_3f33_conf0,0.2149867154109666,1.0,976,13,2,ref,torsional_diffusion_raw
3f37_3f37_conf0,0.0202161110924875,1.0,1000,9,0,ref,torsional_diffusion_raw
3f78_3f78_conf0,0.1188798299251776,1.0,976,10,2,ref,torsional_diffusion_raw
3ffp_3ffp_conf0,0.1627102592835785,1.0,1000,18,2,ref,torsional_diffusion_raw
3fhb_3fhb_conf0,0.0469228917075644,1.0,1000,10,1,ref,torsional_diffusion_raw
3fj7_3fj7_conf0,0.1953456714959077,1.0,785,10,3,ref,torsional_diffusion_raw
3fjg_3fjg_conf0,0.2951490844604198,1.0,623,11,4,ref,torsional_diffusion_raw
3fl5_3fl5_conf0,0.0362711828320548,1.0,1000,20,0,ref,torsional_diffusion_raw
3fql_3fql_conf0,0.3539021102404544,1.0,930,31,7,ref,torsional_diffusion_raw
3g0i_3g0i_conf0,0.3375688634355924,1.0,992,10,5,ref,torsional_diffusion_raw
3g2y_3g2y_conf0,0.2501587228823125,1.0,993,14,2,ref,torsional_diffusion_raw
3gcu_3gcu_conf0,1.41531355838117,0.0,451,38,5,ref,torsional_diffusion_raw
3gy2_3gy2_conf0,0.2967333217930336,1.0,966,21,5,ref,torsional_diffusion_raw
3gy3_3gy3_conf0,0.8197085101514873,0.0,825,25,10,ref,torsional_diffusion_raw
3gy7_3gy7_conf0,0.0453312332903942,1.0,1000,9,1,ref,torsional_diffusion_raw
3h1x_3h1x_conf0,0.7551343038578908,0.0,994,25,4,ref,torsional_diffusion_raw
3h30_3h30_conf0,0.1552383444586941,1.0,997,20,2,ref,torsional_diffusion_raw
3h78_3h78_conf0,0.0819215624467603,1.0,1000,10,1,ref,torsional_diffusion_raw
3hig_3hig_conf0,0.273750950144161,1.0,967,21,5,ref,torsional_diffusion_raw
3hll_3hll_conf0,0.6109410840686222,1.0,967,30,5,ref,torsional_diffusion_raw
3hp9_3hp9_conf0,0.2848267283495529,1.0,966,23,4,ref,torsional_diffusion_raw
3hs4_3hs4_conf0,0.178002158199784,1.0,473,13,2,ref,torsional_diffusion_raw
3hww_3hww_conf0,0.3255554912241655,1.0,949,10,4,ref,torsional_diffusion_raw
3i51_3i51_conf0,0.045762847243098,1.0,1000,10,0,ref,torsional_diffusion_raw
3ibi_3ibi_conf0,0.5418412411300574,1.0,906,13,8,ref,torsional_diffusion_raw
3ibl_3ibl_conf0,1.4871047712420862,0.0,426,18,11,ref,torsional_diffusion_raw
3ibu_3ibu_conf0,0.8745364935966053,0.0,844,15,10,ref,torsional_diffusion_raw
3igp_3igp_conf0,0.2829067210360313,1.0,998,18,3,ref,torsional_diffusion_raw
3ime_3ime_conf0,0.0788717889847119,1.0,1000,12,1,ref,torsional_diffusion_raw
3iof_3iof_conf0,0.4787825205851906,1.0,880,18,6,ref,torsional_diffusion_raw
3iog_3iog_conf0,0.0922986820113323,1.0,994,14,2,ref,torsional_diffusion_raw
3ip8_3ip8_conf0,0.0985984713741013,1.0,996,11,2,ref,torsional_diffusion_raw
3iub_3iub_conf0,0.1752217257820776,1.0,531,24,4,ref,torsional_diffusion_raw
3iue_3iue_conf0,0.3600212810650603,1.0,604,28,6,ref,torsional_diffusion_raw
3ivx_3ivx_conf0,0.6576928630123778,1.0,606,30,6,ref,torsional_diffusion_raw
3iw5_3iw5_conf0,1.5335913697941082,0.0,516,39,8,ref,torsional_diffusion_raw
3k8q_3k8q_conf0,0.2677204638641534,1.0,974,17,5,ref,torsional_diffusion_raw
3k97_3k97_conf0,0.2277462846376312,1.0,921,23,2,ref,torsional_diffusion_raw
3kgq_3kgq_conf0,0.3237098130918052,1.0,860,13,5,ref,torsional_diffusion_raw
3kgt_3kgt_conf0,0.0837511383133006,1.0,1000,20,1,ref,torsional_diffusion_raw
3kgu_3kgu_conf0,0.0478679919602119,1.0,1000,20,1,ref,torsional_diffusion_raw
3kku_3kku_conf0,0.6082141790020897,1.0,854,23,6,ref,torsional_diffusion_raw
3kmx_3kmx_conf0,0.4062336129611213,1.0,984,17,6,ref,torsional_diffusion_raw
3kmy_3kmy_conf0,0.2958904817524655,1.0,985,16,3,ref,torsional_diffusion_raw
3l0v_3l0v_conf0,0.2026040506030093,1.0,963,21,3,ref,torsional_diffusion_raw
3l3l_3l3l_conf0,0.1446060327534203,1.0,994,19,2,ref,torsional_diffusion_raw
3l59_3l59_conf0,0.150476172625922,1.0,998,17,2,ref,torsional_diffusion_raw
3lgs_3lgs_conf0,0.1479954159986309,1.0,999,17,1,ref,torsional_diffusion_raw
3lk8_3lk8_conf0,0.3712593242574245,1.0,881,17,5,ref,torsional_diffusion_raw
3m35_3m35_conf0,0.8358862174025556,0.0,645,37,6,ref,torsional_diffusion_raw
3m36_3m36_conf0,0.7104162500904989,1.0,649,37,6,ref,torsional_diffusion_raw
3m37_3m37_conf0,0.9302596317807972,0.0,654,37,6,ref,torsional_diffusion_raw
3m3x_3m3x_conf0,0.8033465899846357,0.0,897,24,7,ref,torsional_diffusion_raw
3m40_3m40_conf0,0.3736369152814832,1.0,949,21,4,ref,torsional_diffusion_raw
3m5e_3m5e_conf0,0.4089359336941396,1.0,973,23,6,ref,torsional_diffusion_raw
3m67_3m67_conf0,0.8841577311884574,0.0,847,28,5,ref,torsional_diffusion_raw
3m96_3m96_conf0,0.277409671578506,1.0,935,25,5,ref,torsional_diffusion_raw
3mam_3mam_conf0,0.0575585349720104,1.0,1000,8,2,ref,torsional_diffusion_raw
3mdz_3mdz_conf0,0.2696205992175757,1.0,1000,16,3,ref,torsional_diffusion_raw
3mhl_3mhl_conf0,0.6852825732169265,1.0,953,23,6,ref,torsional_diffusion_raw
3mhm_3mhm_conf0,0.6642813020490457,1.0,898,29,8,ref,torsional_diffusion_raw
3mho_3mho_conf0,0.4440263661780101,1.0,929,22,5,ref,torsional_diffusion_raw
3mhw_3mhw_conf0,0.1651524592907245,1.0,1000,10,0,ref,torsional_diffusion_raw
3miy_3miy_conf0,0.8037264407555696,0.0,700,29,7,ref,torsional_diffusion_raw
3ml2_3ml2_conf0,1.0285811029327447,0.0,543,27,5,ref,torsional_diffusion_raw
3ml5_3ml5_conf0,0.178729804926743,1.0,475,13,2,ref,torsional_diffusion_raw
3mmf_3mmf_conf0,0.3326806366188763,1.0,994,22,6,ref,torsional_diffusion_raw
3mna_3mna_conf0,0.3479420921752686,1.0,976,24,6,ref,torsional_diffusion_raw
3ms9_3ms9_conf0,0.0628508511066589,1.0,1000,12,1,ref,torsional_diffusion_raw
3myq_3myq_conf0,1.1073210817167765,0.0,918,28,5,ref,torsional_diffusion_raw
3mzc_3mzc_conf0,0.5722115385461869,1.0,608,19,3,ref,torsional_diffusion_raw
3n0n_3n0n_conf0,0.3466066324734206,1.0,359,25,3,ref,torsional_diffusion_raw
3n2p_3n2p_conf0,0.4168318051810697,1.0,276,23,4,ref,torsional_diffusion_raw
3n2v_3n2v_conf0,0.5485640804837595,1.0,758,24,7,ref,torsional_diffusion_raw
3n3j_3n3j_conf0,0.571191580963537,1.0,450,23,4,ref,torsional_diffusion_raw
3n4b_3n4b_conf0,0.3614305486812616,1.0,353,21,3,ref,torsional_diffusion_raw
3n9r_3n9r_conf0,0.8217991409487485,0.0,449,15,7,ref,torsional_diffusion_raw
3nb5_3nb5_conf0,1.9041057228756932,0.0,647,24,6,ref,torsional_diffusion_raw
3nee_3nee_conf0,0.5567805771414509,1.0,987,24,6,ref,torsional_diffusion_raw
3nes_3nes_conf0,0.3279973952010669,1.0,993,24,6,ref,torsional_diffusion_raw
3ni5_3ni5_conf0,2.025032224772957,0.0,550,30,11,ref,torsional_diffusion_raw
3npc_3npc_conf0,0.774437698116254,0.0,437,39,7,ref,torsional_diffusion_raw
3o5x_3o5x_conf0,0.8988979946987948,0.0,760,42,8,ref,torsional_diffusion_raw
3o84_3o84_conf0,0.2185464308877927,1.0,999,25,4,ref,torsional_diffusion_raw
3o8p_3o8p_conf0,0.4648562592638312,1.0,559,21,2,ref,torsional_diffusion_raw
3oaf_3oaf_conf0,0.4171673930521976,1.0,995,22,3,ref,torsional_diffusion_raw
3ocp_3ocp_conf0,0.1491176207303216,1.0,998,22,1,ref,torsional_diffusion_raw
3ovn_3ovn_conf0,0.1178258104949705,1.0,1000,12,1,ref,torsional_diffusion_raw
3oy0_3oy0_conf0,0.4435091591041704,1.0,945,21,5,ref,torsional_diffusion_raw
3p3r_3p3r_conf0,0.337963827239307,1.0,990,20,3,ref,torsional_diffusion_raw
3p3t_3p3t_conf0,0.5002934302317534,1.0,972,18,5,ref,torsional_diffusion_raw
3p58_3p58_conf0,0.1122262546081929,1.0,1000,12,2,ref,torsional_diffusion_raw
3p5l_3p5l_conf0,0.1905339817978267,1.0,996,17,1,ref,torsional_diffusion_raw
3pb7_3pb7_conf0,0.8745365431912793,0.0,881,22,7,ref,torsional_diffusion_raw
3pb8_3pb8_conf0,0.1662262110536737,1.0,995,11,3,ref,torsional_diffusion_raw
3pb9_3pb9_conf0,0.1410989886459782,1.0,1000,12,2,ref,torsional_diffusion_raw
3pce_3pce_conf0,0.1120438670325408,1.0,999,11,2,ref,torsional_diffusion_raw
3pcg_3pcg_conf0,0.0727195985240574,1.0,999,11,2,ref,torsional_diffusion_raw
3pcn_3pcn_conf0,0.0894679406557217,1.0,999,12,2,ref,torsional_diffusion_raw
3pe1_3pe1_conf0,0.2813157704820505,1.0,998,25,3,ref,torsional_diffusion_raw
3po6_3po6_conf0,0.4384290461320053,1.0,973,19,3,ref,torsional_diffusion_raw
3ppm_3ppm_conf0,1.2242611434126751,0.0,867,25,9,ref,torsional_diffusion_raw
3ppp_3ppp_conf0,0.0661284577477301,1.0,998,8,2,ref,torsional_diffusion_raw
3ppq_3ppq_conf0,0.0916474432334087,1.0,998,7,2,ref,torsional_diffusion_raw
3pwd_3pwd_conf0,0.085302526679914,1.0,1000,20,1,ref,torsional_diffusion_raw
3q2j_3q2j_conf0,0.4775432197325425,1.0,845,18,4,ref,torsional_diffusion_raw
3q6w_3q6w_conf0,1.1731788466673485,0.0,770,39,7,ref,torsional_diffusion_raw
3qdd_3qdd_conf0,0.1022100080865483,1.0,965,22,3,ref,torsional_diffusion_raw
3r16_3r16_conf0,0.4929927777003487,1.0,798,19,4,ref,torsional_diffusion_raw
3r17_3r17_conf0,0.4128775082563451,1.0,741,20,4,ref,torsional_diffusion_raw
3r4m_3r4m_conf0,0.1518230919526184,1.0,1000,16,2,ref,torsional_diffusion_raw
3r4n_3r4n_conf0,0.249779141979753,1.0,973,23,5,ref,torsional_diffusion_raw
3r6u_3r6u_conf0,0.0855688590173371,1.0,999,7,2,ref,torsional_diffusion_raw
3rbu_3rbu_conf0,0.4191851326268072,1.0,636,14,6,ref,torsional_diffusion_raw
3rf4_3rf4_conf0,0.2081015949916282,1.0,969,21,5,ref,torsional_diffusion_raw
3rf5_3rf5_conf0,0.1107952920978722,1.0,968,16,4,ref,torsional_diffusion_raw
3rlb_3rlb_conf0,0.307201834351462,1.0,987,18,4,ref,torsional_diffusion_raw
3rlp_3rlp_conf0,0.0962989123580608,1.0,990,18,2,ref,torsional_diffusion_raw
3rlq_3rlq_conf0,0.1781044659188669,1.0,964,22,2,ref,torsional_diffusion_raw
3roc_3roc_conf0,0.981084883985016,0.0,950,31,7,ref,torsional_diffusion_raw
3ru1_3ru1_conf0,0.4400598575345222,1.0,841,23,5,ref,torsional_diffusion_raw
3ryv_3ryv_conf0,0.3613976218032085,1.0,997,15,3,ref,torsional_diffusion_raw
3ryx_3ryx_conf0,0.5304324067508062,1.0,991,21,4,ref,torsional_diffusion_raw
3ryy_3ryy_conf0,0.3223491270996248,1.0,996,16,4,ref,torsional_diffusion_raw
3ryz_3ryz_conf0,0.2420910846247742,1.0,971,24,5,ref,torsional_diffusion_raw
3rz0_3rz0_conf0,0.4698411077729883,1.0,985,17,5,ref,torsional_diffusion_raw
3rz8_3rz8_conf0,0.6119593615584044,1.0,931,19,7,ref,torsional_diffusion_raw
3s0b_3s0b_conf0,0.1108159407181611,1.0,997,17,2,ref,torsional_diffusion_raw
3s0e_3s0e_conf0,0.1042779932598692,1.0,972,12,3,ref,torsional_diffusion_raw
3s71_3s71_conf0,0.0821795491748101,1.0,1000,13,1,ref,torsional_diffusion_raw
3s73_3s73_conf0,0.1434330938227935,1.0,1000,13,1,ref,torsional_diffusion_raw
3s76_3s76_conf0,0.0852928498128004,1.0,1000,9,1,ref,torsional_diffusion_raw
3s78_3s78_conf0,0.1261628030107598,1.0,1000,9,1,ref,torsional_diffusion_raw
3std_3std_conf0,0.4985666090309616,1.0,805,28,6,ref,torsional_diffusion_raw
3sww_3sww_conf0,0.2505209673481104,1.0,968,25,5,ref,torsional_diffusion_raw
3sxf_3sxf_conf0,0.2101817418649812,1.0,980,26,4,ref,torsional_diffusion_raw
3t3u_3t3u_conf0,0.3380640925562911,1.0,800,29,4,ref,torsional_diffusion_raw
3t5u_3t5u_conf0,0.0723560294069744,1.0,1000,11,2,ref,torsional_diffusion_raw
3tf6_3tf6_conf0,0.0447672164380187,1.0,1000,11,1,ref,torsional_diffusion_raw
3th9_3th9_conf0,1.2964082319812071,0.0,423,34,6,ref,torsional_diffusion_raw
3u10_3u10_conf0,0.2803670432817449,1.0,1000,22,1,ref,torsional_diffusion_raw
3u90_3u90_conf0,0.7937686842894501,0.0,738,17,12,ref,torsional_diffusion_raw
3u92_3u92_conf0,0.3794478949619114,1.0,585,15,4,ref,torsional_diffusion_raw
3ucj_3ucj_conf0,0.2225478935555948,1.0,489,13,2,ref,torsional_diffusion_raw
3udd_3udd_conf0,0.4554146314715984,1.0,969,29,7,ref,torsional_diffusion_raw
3ug2_3ug2_conf0,1.1846427882127255,0.0,836,31,8,ref,torsional_diffusion_raw
3uj9_3uj9_conf0,0.1911740561142955,1.0,804,11,4,ref,torsional_diffusion_raw
3ujc_3ujc_conf0,0.2403640609007968,1.0,811,11,4,ref,torsional_diffusion_raw
3ujd_3ujd_conf0,0.2982845073730895,1.0,786,11,4,ref,torsional_diffusion_raw
3uod_3uod_conf0,0.5694950301409885,1.0,946,27,5,ref,torsional_diffusion_raw
3uu1_3uu1_conf0,0.0506714302440306,1.0,1000,12,1,ref,torsional_diffusion_raw
3uxk_3uxk_conf0,0.1980198262071423,1.0,871,10,1,ref,torsional_diffusion_raw
3v3q_3v3q_conf0,0.9974285653210324,0.0,671,27,13,ref,torsional_diffusion_raw
3v51_3v51_conf0,0.2386201149318284,1.0,965,32,5,ref,torsional_diffusion_raw
3v5p_3v5p_conf0,0.337707808624538,1.0,785,26,4,ref,torsional_diffusion_raw
3v7x_3v7x_conf0,1.2821203805001902,0.0,850,25,7,ref,torsional_diffusion_raw
3vbd_3vbd_conf0,0.5407258779096081,1.0,960,22,3,ref,torsional_diffusion_raw
3vhk_3vhk_conf0,0.6684785622927139,1.0,999,22,5,ref,torsional_diffusion_raw
3vw1_3vw1_conf0,0.4557997263640856,1.0,997,28,6,ref,torsional_diffusion_raw
3w5n_3w5n_conf0,0.1238684159133533,1.0,1000,11,0,ref,torsional_diffusion_raw
3wha_3wha_conf0,0.4724844039738662,1.0,867,28,6,ref,torsional_diffusion_raw
3wtn_3wtn_conf0,0.186440817095665,1.0,999,14,2,ref,torsional_diffusion_raw
3wto_3wto_conf0,0.3123478322584202,1.0,1000,14,2,ref,torsional_diffusion_raw
3zbx_3zbx_conf0,0.2112661081597088,1.0,1000,27,3,ref,torsional_diffusion_raw
3zi8_3zi8_conf0,0.0989288289899277,1.0,991,10,0,ref,torsional_diffusion_raw
3zlr_3zlr_conf0,1.4806432254104789,0.0,264,41,10,ref,torsional_diffusion_raw
3zxz_3zxz_conf0,0.5001837601338949,1.0,982,28,5,ref,torsional_diffusion_raw
456c_456c_conf0,0.5603789495295984,1.0,823,28,6,ref,torsional_diffusion_raw
4a4v_4a4v_conf0,0.5415170296721968,1.0,866,22,8,ref,torsional_diffusion_raw
4a4w_4a4w_conf0,1.178739362543991,0.0,148,30,10,ref,torsional_diffusion_raw
4a6l_4a6l_conf0,0.586129912353799,1.0,993,30,3,ref,torsional_diffusion_raw
4ab9_4ab9_conf0,0.1402771667157571,1.0,1000,11,1,ref,torsional_diffusion_raw
4abb_4abb_conf0,0.057710885646002,1.0,996,11,1,ref,torsional_diffusion_raw
4abe_4abe_conf0,0.2000090093844093,1.0,1000,13,2,ref,torsional_diffusion_raw
4abf_4abf_conf0,0.0785521355141017,1.0,998,12,1,ref,torsional_diffusion_raw
4acc_4acc_conf0,0.6716873980155019,1.0,681,31,8,ref,torsional_diffusion_raw
4aci_4aci_conf0,0.242302588370416,1.0,879,13,5,ref,torsional_diffusion_raw
4ag8_4ag8_conf0,0.4071073134262282,1.0,928,28,5,ref,torsional_diffusion_raw
4ahu_4ahu_conf0,0.0764696360094865,1.0,1000,12,1,ref,torsional_diffusion_raw
4ai5_4ai5_conf0,0.0529927281382721,1.0,1000,11,0,ref,torsional_diffusion_raw
4aia_4aia_conf0,0.0476938391728085,1.0,1000,11,0,ref,torsional_diffusion_raw
4aj4_4aj4_conf0,0.7320072758674242,1.0,759,21,7,ref,torsional_diffusion_raw
4aje_4aje_conf0,0.1662845070098085,1.0,968,15,4,ref,torsional_diffusion_raw
4aji_4aji_conf0,0.3529858246736924,1.0,970,18,6,ref,torsional_diffusion_raw
4ajl_4ajl_conf0,0.5214126237788066,1.0,820,21,5,ref,torsional_diffusion_raw
4aoi_4aoi_conf0,0.1050724336372608,1.0,996,27,3,ref,torsional_diffusion_raw
4ap7_4ap7_conf0,0.1516273056139213,1.0,1000,24,3,ref,torsional_diffusion_raw
4aq4_4aq4_conf0,0.222032486672551,1.0,786,10,4,ref,torsional_diffusion_raw
4ara_4ara_conf0,0.3311289633729111,1.0,736,25,7,ref,torsional_diffusion_raw
4asd_4asd_conf0,0.4627613768465217,1.0,382,32,5,ref,torsional_diffusion_raw
4b32_4b32_conf0,0.0124337003081924,1.0,1000,11,0,ref,torsional_diffusion_raw
4b33_4b33_conf0,0.0154483837488501,1.0,1000,11,0,ref,torsional_diffusion_raw
4b3c_4b3c_conf0,0.0229341647871041,1.0,1000,10,0,ref,torsional_diffusion_raw
4b3d_4b3d_conf0,0.0225205217874023,1.0,1000,10,0,ref,torsional_diffusion_raw
4b76_4b76_conf0,0.2736057778988794,1.0,990,17,3,ref,torsional_diffusion_raw
4bck_4bck_conf0,0.5306423165597435,1.0,883,27,5,ref,torsional_diffusion_raw
4bcm_4bcm_conf0,0.6903552747575814,1.0,775,33,6,ref,torsional_diffusion_raw
4bco_4bco_conf0,1.148892062012566,0.0,812,33,5,ref,torsional_diffusion_raw
4bf1_4bf1_conf0,0.4228643595404702,1.0,997,24,3,ref,torsional_diffusion_raw
4bf6_4bf6_conf0,0.3970240704549163,1.0,1000,22,3,ref,torsional_diffusion_raw
4bps_4bps_conf0,0.225639678222713,1.0,995,14,4,ref,torsional_diffusion_raw
4bqg_4bqg_conf0,0.2649355747483216,1.0,1000,17,2,ref,torsional_diffusion_raw
4btk_4btk_conf0,0.288398680090927,1.0,997,22,4,ref,torsional_diffusion_raw
4cfl_4cfl_conf0,0.1420106629875997,1.0,1000,23,2,ref,torsional_diffusion_raw
4d7b_4d7b_conf0,0.1503619348197402,1.0,997,20,3,ref,torsional_diffusion_raw
4der_4der_conf0,0.155602121889705,1.0,1000,20,1,ref,torsional_diffusion_raw
4det_4det_conf0,0.2306654095577774,1.0,999,21,1,ref,torsional_diffusion_raw
4dff_4dff_conf0,0.2882685786263578,1.0,988,22,3,ref,torsional_diffusion_raw
4dhl_4dhl_conf0,0.2068528471088075,1.0,1000,15,2,ref,torsional_diffusion_raw
4dkr_4dkr_conf0,0.5126600987977635,1.0,821,27,3,ref,torsional_diffusion_raw
4dst_4dst_conf0,0.1131909412224687,1.0,909,15,2,ref,torsional_diffusion_raw
4dsy_4dsy_conf0,0.0979923467609517,1.0,1000,15,2,ref,torsional_diffusion_raw
4duh_4duh_conf0,0.2405608134319204,1.0,312,26,6,ref,torsional_diffusion_raw
4e0x_4e0x_conf0,0.3425073812904561,1.0,556,15,4,ref,torsional_diffusion_raw
4e3g_4e3g_conf0,0.0646248065338083,1.0,1000,10,1,ref,torsional_diffusion_raw
4e4l_4e4l_conf0,0.2521310288856026,1.0,761,23,2,ref,torsional_diffusion_raw
4e70_4e70_conf0,0.0757868384075511,1.0,985,13,3,ref,torsional_diffusion_raw
4e9u_4e9u_conf0,0.6784821266876784,1.0,995,19,6,ref,torsional_diffusion_raw
4ehz_4ehz_conf0,0.1055081666400164,1.0,845,19,1,ref,torsional_diffusion_raw
4ej8_4ej8_conf0,0.0344798736038742,1.0,1000,12,1,ref,torsional_diffusion_raw
4ejl_4ejl_conf0,0.0934642427872061,1.0,994,14,3,ref,torsional_diffusion_raw
4en4_4en4_conf0,0.1062767780137882,1.0,980,13,3,ref,torsional_diffusion_raw
4f39_4f39_conf0,0.4869750557019541,1.0,580,15,4,ref,torsional_diffusion_raw
4f6w_4f6w_conf0,1.6152920417146326,0.0,269,47,7,ref,torsional_diffusion_raw
4f9y_4f9y_conf0,0.1172334138345858,1.0,998,25,3,ref,torsional_diffusion_raw
4fai_4fai_conf0,1.0691599033814398,0.0,887,22,7,ref,torsional_diffusion_raw
4fcq_4fcq_conf0,0.2214101114827317,1.0,995,21,2,ref,torsional_diffusion_raw
4few_4few_conf0,0.1220389281511251,1.0,974,21,1,ref,torsional_diffusion_raw
4fht_4fht_conf0,0.0440317536888629,1.0,1000,11,1,ref,torsional_diffusion_raw
4g95_4g95_conf0,0.2678888959350929,1.0,996,22,3,ref,torsional_diffusion_raw
4ge1_4ge1_conf0,0.0590729052079083,1.0,987,12,2,ref,torsional_diffusion_raw
4gg7_4gg7_conf0,0.5400600034388536,1.0,930,36,6,ref,torsional_diffusion_raw
4ghi_4ghi_conf0,0.2120533352349416,1.0,974,21,3,ref,torsional_diffusion_raw
4gih_4gih_conf0,0.2503466972867558,1.0,530,23,4,ref,torsional_diffusion_raw
4gii_4gii_conf0,0.3089809201389636,1.0,512,25,4,ref,torsional_diffusion_raw
4gkh_4gkh_conf0,0.1007632850156814,1.0,993,24,1,ref,torsional_diffusion_raw
4gki_4gki_conf0,0.1478327867800723,1.0,968,25,2,ref,torsional_diffusion_raw
4gny_4gny_conf0,0.9140081321684518,0.0,729,17,12,ref,torsional_diffusion_raw
4gqr_4gqr_conf0,0.3031876791705515,1.0,1000,23,1,ref,torsional_diffusion_raw
4gu6_4gu6_conf0,0.629605773777162,1.0,650,31,6,ref,torsional_diffusion_raw
4gu9_4gu9_conf0,0.1950405969916844,1.0,989,17,2,ref,torsional_diffusion_raw
4h7q_4h7q_conf0,0.2638075866537716,1.0,977,9,3,ref,torsional_diffusion_raw
4ht0_4ht0_conf0,0.9713877072883784,0.0,992,23,3,ref,torsional_diffusion_raw
4ht2_4ht2_conf0,0.1927268257051481,1.0,996,23,3,ref,torsional_diffusion_raw
4hu1_4hu1_conf0,0.261339594601006,1.0,983,20,4,ref,torsional_diffusion_raw
4hw3_4hw3_conf0,0.7536678143530497,0.0,879,25,6,ref,torsional_diffusion_raw
4i7m_4i7m_conf0,0.1117565003833234,1.0,995,10,2,ref,torsional_diffusion_raw
4i8n_4i8n_conf0,1.228694663465127,0.0,775,34,7,ref,torsional_diffusion_raw
4i8x_4i8x_conf0,0.0885140192284666,1.0,1000,15,2,ref,torsional_diffusion_raw
4i9h_4i9h_conf0,2.224802087842936,0.0,227,51,17,ref,torsional_diffusion_raw
4i9u_4i9u_conf0,0.3118018991053408,1.0,929,23,6,ref,torsional_diffusion_raw
4ih3_4ih3_conf0,0.0753232649033004,1.0,1000,12,2,ref,torsional_diffusion_raw
4ih6_4ih6_conf0,0.3775373792116782,1.0,995,21,3,ref,torsional_diffusion_raw
4ij1_4ij1_conf0,0.2769977068398148,1.0,849,19,4,ref,torsional_diffusion_raw
4itp_4itp_conf0,0.8161157834929439,0.0,977,21,5,ref,torsional_diffusion_raw
4iue_4iue_conf0,0.0817547810544944,1.0,1000,19,1,ref,torsional_diffusion_raw
4iuo_4iuo_conf0,0.1429101286996739,1.0,991,13,1,ref,torsional_diffusion_raw
4iwz_4iwz_conf0,0.3119769273903893,1.0,501,18,4,ref,torsional_diffusion_raw
4j22_4j22_conf0,0.8550329116236849,0.0,608,30,5,ref,torsional_diffusion_raw
4jh0_4jh0_conf0,0.2258803128913559,1.0,952,27,4,ref,torsional_diffusion_raw
4jkw_4jkw_conf0,0.5405344862157335,1.0,859,14,6,ref,torsional_diffusion_raw
4jn2_4jn2_conf0,0.9670678587459997,0.0,793,35,9,ref,torsional_diffusion_raw
4jsa_4jsa_conf0,0.0995044768374019,1.0,1000,10,1,ref,torsional_diffusion_raw
4jx9_4jx9_conf0,0.4212382776880746,1.0,987,17,2,ref,torsional_diffusion_raw
4jyt_4jyt_conf0,1.7630507311563326,0.0,806,40,9,ref,torsional_diffusion_raw
4jz1_4jz1_conf0,1.3053854520943862,0.0,876,37,9,ref,torsional_diffusion_raw
4k0y_4k0y_conf0,0.2922474789298724,1.0,863,26,3,ref,torsional_diffusion_raw
4k3n_4k3n_conf0,0.1440658967398929,1.0,1000,17,3,ref,torsional_diffusion_raw
4k5p_4k5p_conf0,0.2792550356141849,1.0,995,15,3,ref,torsional_diffusion_raw
4k6i_4k6i_conf0,0.1743977495010662,1.0,976,26,3,ref,torsional_diffusion_raw
4k7i_4k7i_conf0,0.0331519169422801,1.0,1000,8,0,ref,torsional_diffusion_raw
4k7n_4k7n_conf0,0.0249797331853929,1.0,1000,9,0,ref,torsional_diffusion_raw
4k7o_4k7o_conf0,0.1643918136177142,1.0,995,12,0,ref,torsional_diffusion_raw
4k9y_4k9y_conf0,0.6369486996083787,1.0,409,36,4,ref,torsional_diffusion_raw
4kao_4kao_conf0,0.5948050893221088,1.0,470,32,4,ref,torsional_diffusion_raw
4kif_4kif_conf0,0.2491658078155323,1.0,989,12,3,ref,torsional_diffusion_raw
4km0_4km0_conf0,0.0956341630799123,1.0,996,17,2,ref,torsional_diffusion_raw
4km2_4km2_conf0,0.3610768194351526,1.0,998,21,5,ref,torsional_diffusion_raw
4kni_4kni_conf0,0.7965858344861818,0.0,956,23,5,ref,torsional_diffusion_raw
4knj_4knj_conf0,0.3689939726469688,1.0,979,21,5,ref,torsional_diffusion_raw
4knm_4knm_conf0,1.0319320894962751,0.0,957,23,5,ref,torsional_diffusion_raw
4knn_4knn_conf0,0.7945015155110436,0.0,980,21,5,ref,torsional_diffusion_raw
4kp5_4kp5_conf0,0.6345200324974271,1.0,988,21,5,ref,torsional_diffusion_raw
4kp8_4kp8_conf0,0.8596923613647565,0.0,982,20,5,ref,torsional_diffusion_raw
4kwf_4kwf_conf0,0.0986613001462934,1.0,999,18,2,ref,torsional_diffusion_raw
4kwg_4kwg_conf0,0.0426988877872813,1.0,1000,13,0,ref,torsional_diffusion_raw
4kyh_4kyh_conf0,0.3200402638018269,1.0,993,29,4,ref,torsional_diffusion_raw
4kyk_4kyk_conf0,0.1720610709534466,1.0,991,25,4,ref,torsional_diffusion_raw
4l2l_4l2l_conf0,0.2888093591193986,1.0,989,19,3,ref,torsional_diffusion_raw
4lko_4lko_conf0,0.3127031423418941,1.0,974,25,5,ref,torsional_diffusion_raw
4llj_4llj_conf0,0.0522691844708978,1.0,1000,11,0,ref,torsional_diffusion_raw
4llp_4llp_conf0,0.0253458579232303,1.0,1000,9,0,ref,torsional_diffusion_raw
4lm2_4lm2_conf0,0.069123012182265,1.0,1000,12,1,ref,torsional_diffusion_raw
4lm3_4lm3_conf0,0.1378858858208664,1.0,1000,13,1,ref,torsional_diffusion_raw
4loo_4loo_conf0,0.2136478243900187,1.0,815,25,3,ref,torsional_diffusion_raw
4lrr_4lrr_conf0,0.5049380131193915,1.0,937,25,3,ref,torsional_diffusion_raw
4luz_4luz_conf0,0.9258335336584428,0.0,969,37,8,ref,torsional_diffusion_raw
4lxd_4lxd_conf0,1.4564833655580756,0.0,289,48,10,ref,torsional_diffusion_raw
4lxz_4lxz_conf0,0.901545594556523,0.0,747,19,8,ref,torsional_diffusion_raw
4ly1_4ly1_conf0,0.4152699712815174,1.0,591,25,4,ref,torsional_diffusion_raw
4lyw_4lyw_conf0,0.8701678865759895,0.0,538,29,8,ref,torsional_diffusion_raw
4lzr_4lzr_conf0,0.9123153351919326,0.0,456,29,5,ref,torsional_diffusion_raw
4m0r_4m0r_conf0,0.3849599465961529,1.0,618,29,7,ref,torsional_diffusion_raw
4m14_4m14_conf0,0.1987743422284046,1.0,770,26,5,ref,torsional_diffusion_raw
4m2r_4m2r_conf0,0.9980002658722424,0.0,357,23,7,ref,torsional_diffusion_raw
4m2v_4m2v_conf0,1.011701880296191,0.0,394,23,7,ref,torsional_diffusion_raw
4m6u_4m6u_conf0,0.0910497248714021,1.0,1000,8,2,ref,torsional_diffusion_raw
4m8e_4m8e_conf0,1.0025760456703416,0.0,88,23,4,ref,torsional_diffusion_raw
4mmm_4mmm_conf0,0.0433137683111253,1.0,1000,14,1,ref,torsional_diffusion_raw
4mo8_4mo8_conf0,0.2866442071849013,1.0,851,16,5,ref,torsional_diffusion_raw
4mr3_4mr3_conf0,0.148366730876496,1.0,932,24,3,ref,torsional_diffusion_raw
4mr6_4mr6_conf0,0.1593079498474632,1.0,931,27,6,ref,torsional_diffusion_raw
4mre_4mre_conf0,0.0345804310731573,1.0,1000,9,0,ref,torsional_diffusion_raw
4mrg_4mrg_conf0,0.0442829799961706,1.0,1000,11,0,ref,torsional_diffusion_raw
4mrw_4mrw_conf0,0.0207481725400996,1.0,1000,12,0,ref,torsional_diffusion_raw
4mrz_4mrz_conf0,0.064785504713716,1.0,998,11,1,ref,torsional_diffusion_raw
4msc_4msc_conf0,0.2503430142982903,1.0,1000,22,3,ref,torsional_diffusion_raw
4msn_4msn_conf0,0.0527776816712533,1.0,1000,13,1,ref,torsional_diffusion_raw
4n9c_4n9c_conf0,0.0423704834466646,1.0,1000,12,1,ref,torsional_diffusion_raw
4nbl_4nbl_conf0,0.1110905560679063,1.0,982,22,4,ref,torsional_diffusion_raw
4nl1_4nl1_conf0,0.2123604300628137,1.0,999,13,2,ref,torsional_diffusion_raw
4np3_4np3_conf0,0.1390250894175214,1.0,852,18,2,ref,torsional_diffusion_raw
4nuc_4nuc_conf0,0.1934892952307166,1.0,824,27,5,ref,torsional_diffusion_raw
4nvp_4nvp_conf0,0.1756101823799442,1.0,999,22,1,ref,torsional_diffusion_raw
4o09_4o09_conf0,0.3747764663701218,1.0,979,28,3,ref,torsional_diffusion_raw
4o0b_4o0b_conf0,0.3083483013423705,1.0,884,29,2,ref,torsional_diffusion_raw
4o0x_4o0x_conf0,0.1879728998155651,1.0,1000,26,1,ref,torsional_diffusion_raw
4o0y_4o0y_conf0,0.1258549567980283,1.0,996,25,3,ref,torsional_diffusion_raw
4o2b_4o2b_conf0,1.0132403586651295,0.0,465,29,5,ref,torsional_diffusion_raw
4o2p_4o2p_conf0,1.042005891339277,0.0,680,34,9,ref,torsional_diffusion_raw
4o3f_4o3f_conf0,0.3477069219068289,1.0,952,28,4,ref,torsional_diffusion_raw
4o61_4o61_conf0,0.2975050514020276,1.0,836,13,5,ref,torsional_diffusion_raw
4oak_4oak_conf0,0.2805984818049867,1.0,843,11,3,ref,torsional_diffusion_raw
4oct_4oct_conf0,0.1491344555296276,1.0,956,10,4,ref,torsional_diffusion_raw
4oks_4oks_conf0,0.9956391712838734,0.0,983,33,7,ref,torsional_diffusion_raw
4owv_4owv_conf0,0.0511781883831139,1.0,1000,10,1,ref,torsional_diffusion_raw
4p5z_4p5z_conf0,0.6211756845692024,1.0,367,37,4,ref,torsional_diffusion_raw
4poh_4poh_conf0,0.8840259260149727,0.0,74,23,4,ref,torsional_diffusion_raw
4pop_4pop_conf0,0.1564456386484822,1.0,993,17,3,ref,torsional_diffusion_raw
4pp3_4pp3_conf0,0.8572696367246757,0.0,103,23,4,ref,torsional_diffusion_raw
4pp5_4pp5_conf0,0.4131786578898016,1.0,84,23,4,ref,torsional_diffusion_raw
4pvy_4pvy_conf0,0.5237880262668567,1.0,900,26,7,ref,torsional_diffusion_raw
4q08_4q08_conf0,0.8548104198322566,0.0,845,26,6,ref,torsional_diffusion_raw
4q09_4q09_conf0,0.4938458900494744,1.0,849,28,6,ref,torsional_diffusion_raw
4q19_4q19_conf0,0.4140472172041257,1.0,981,27,7,ref,torsional_diffusion_raw
4q7p_4q7p_conf0,0.0417713117286711,1.0,1000,9,0,ref,torsional_diffusion_raw
4q7s_4q7s_conf0,0.0371590487299823,1.0,1000,9,0,ref,torsional_diffusion_raw
4q7v_4q7v_conf0,0.0255857851150453,1.0,1000,9,0,ref,torsional_diffusion_raw
4q7w_4q7w_conf0,0.0366457875444669,1.0,1000,9,0,ref,torsional_diffusion_raw
4q81_4q81_conf0,0.0466128283542075,1.0,1000,10,0,ref,torsional_diffusion_raw
4q83_4q83_conf0,0.0786981809640381,1.0,1000,12,0,ref,torsional_diffusion_raw
4q87_4q87_conf0,0.0595506940660084,1.0,1000,12,0,ref,torsional_diffusion_raw
4qb3_4qb3_conf0,0.463964818998176,1.0,928,22,5,ref,torsional_diffusion_raw
4qem_4qem_conf0,0.1372800321277968,1.0,965,12,2,ref,torsional_diffusion_raw
4qer_4qer_conf0,0.2692332085360445,1.0,980,17,2,ref,torsional_diffusion_raw
4qjw_4qjw_conf0,0.4791407850001302,1.0,847,27,7,ref,torsional_diffusion_raw
4qjx_4qjx_conf0,0.9432428267448268,0.0,849,27,7,ref,torsional_diffusion_raw
4qp2_4qp2_conf0,0.0261020252345232,1.0,1000,11,0,ref,torsional_diffusion_raw
4qsv_4qsv_conf0,0.1583991075085783,1.0,998,17,2,ref,torsional_diffusion_raw
4qtl_4qtl_conf0,0.9299280680656176,0.0,846,27,7,ref,torsional_diffusion_raw
4qxo_4qxo_conf0,0.0966830375345927,1.0,998,21,2,ref,torsional_diffusion_raw
4r0a_4r0a_conf0,0.177377992597655,1.0,997,17,2,ref,torsional_diffusion_raw
4r4c_4r4c_conf0,0.8993952568598421,0.0,807,41,8,ref,torsional_diffusion_raw
4r4o_4r4o_conf0,0.8343795480021691,0.0,779,40,8,ref,torsional_diffusion_raw
4r4t_4r4t_conf0,0.848327271121907,0.0,783,40,8,ref,torsional_diffusion_raw
4r76_4r76_conf0,0.4486132059241201,1.0,931,26,5,ref,torsional_diffusion_raw
4rak_4rak_conf0,0.4492646382085326,1.0,961,35,6,ref,torsional_diffusion_raw
4rfc_4rfc_conf0,1.2356254800043611,0.0,819,23,7,ref,torsional_diffusion_raw
4rfd_4rfd_conf0,0.6641754984005215,1.0,881,16,6,ref,torsional_diffusion_raw
4rj8_4rj8_conf0,0.5204730091645703,1.0,834,29,5,ref,torsional_diffusion_raw
4rlu_4rlu_conf0,0.0836375408796885,1.0,948,19,3,ref,torsional_diffusion_raw
4rpn_4rpn_conf0,0.0242444582974336,1.0,1000,12,0,ref,torsional_diffusion_raw
4rpo_4rpo_conf0,0.0235455384763061,1.0,1000,10,0,ref,torsional_diffusion_raw
4rqk_4rqk_conf0,0.6583588851622832,1.0,998,23,3,ref,torsional_diffusion_raw
4rux_4rux_conf0,0.3924752754637313,1.0,999,14,4,ref,torsional_diffusion_raw
4ruy_4ruy_conf0,0.4114021933622643,1.0,1000,14,4,ref,torsional_diffusion_raw
4ruz_4ruz_conf0,0.211601143441264,1.0,1000,13,3,ref,torsional_diffusion_raw
4rvr_4rvr_conf0,0.3337187216591413,1.0,886,26,6,ref,torsional_diffusion_raw
4rwj_4rwj_conf0,1.788390498837783,0.0,694,34,8,ref,torsional_diffusion_raw
4tjz_4tjz_conf0,0.3333446576933229,1.0,798,12,7,ref,torsional_diffusion_raw
4tqn_4tqn_conf0,0.4607253369849609,1.0,625,24,6,ref,torsional_diffusion_raw
4tte_4tte_conf0,0.1100807429010999,1.0,988,18,2,ref,torsional_diffusion_raw
4u1b_4u1b_conf0,0.5261290543497249,1.0,798,13,6,ref,torsional_diffusion_raw
4u43_4u43_conf0,0.1311335020548067,1.0,995,16,2,ref,torsional_diffusion_raw
4u54_4u54_conf0,0.0861090071338544,1.0,1000,15,3,ref,torsional_diffusion_raw
4u69_4u69_conf0,0.2839286467163628,1.0,994,11,4,ref,torsional_diffusion_raw
4u6w_4u6w_conf0,0.5990007944891519,1.0,780,13,6,ref,torsional_diffusion_raw
4u70_4u70_conf0,0.1806403430766978,1.0,804,13,3,ref,torsional_diffusion_raw
4u73_4u73_conf0,0.1914586923078725,1.0,992,12,2,ref,torsional_diffusion_raw
4ucc_4ucc_conf0,0.1514218185315723,1.0,990,20,4,ref,torsional_diffusion_raw
4umb_4umb_conf0,0.1752138539401218,1.0,777,10,3,ref,torsional_diffusion_raw
4unp_4unp_conf0,0.1103853562432646,1.0,1000,15,2,ref,torsional_diffusion_raw
4up5_4up5_conf0,0.1171403494651629,1.0,1000,12,1,ref,torsional_diffusion_raw
4urz_4urz_conf0,0.1377087593939451,1.0,1000,17,2,ref,torsional_diffusion_raw
4uye_4uye_conf0,0.3288325776723637,1.0,701,29,4,ref,torsional_diffusion_raw
4v24_4v24_conf0,1.338314961525145,0.0,698,33,9,ref,torsional_diffusion_raw
4wa9_4wa9_conf0,0.2653225042444028,1.0,930,28,5,ref,torsional_diffusion_raw
4wkb_4wkb_conf0,0.536526321858952,1.0,961,20,4,ref,torsional_diffusion_raw
4wkn_4wkn_conf0,0.6641577498105633,1.0,959,20,4,ref,torsional_diffusion_raw
4wov_4wov_conf0,0.4198629088293925,1.0,969,28,6,ref,torsional_diffusion_raw
4wrb_4wrb_conf0,0.5048506761349356,1.0,999,27,6,ref,torsional_diffusion_raw
4x24_4x24_conf0,0.6140251657974723,1.0,966,20,4,ref,torsional_diffusion_raw
4x8u_4x8u_conf0,0.0924420037692835,1.0,1000,13,1,ref,torsional_diffusion_raw
4xip_4xip_conf0,0.125292908578571,1.0,1000,22,2,ref,torsional_diffusion_raw
4xiq_4xiq_conf0,0.3112299376717981,1.0,1000,25,1,ref,torsional_diffusion_raw
4xir_4xir_conf0,0.3705847764354282,1.0,924,29,3,ref,torsional_diffusion_raw
4xmb_4xmb_conf0,1.0412812738002113,0.0,655,42,12,ref,torsional_diffusion_raw
4y2q_4y2q_conf0,0.2031652912048384,1.0,889,16,1,ref,torsional_diffusion_raw
4y4j_4y4j_conf0,0.0588084719483819,1.0,996,12,2,ref,torsional_diffusion_raw
4ygf_4ygf_conf0,0.099592246505854,1.0,479,13,2,ref,torsional_diffusion_raw
4yhm_4yhm_conf0,1.137364347141614,0.0,802,35,9,ref,torsional_diffusion_raw
4yho_4yho_conf0,0.9389344904635506,0.0,819,35,9,ref,torsional_diffusion_raw
4ykk_4ykk_conf0,0.0872368932927148,1.0,994,7,2,ref,torsional_diffusion_raw
4ymq_4ymq_conf0,1.4040679331058044,0.0,374,40,10,ref,torsional_diffusion_raw
4yx4_4yx4_conf0,0.0746547340052816,1.0,1000,10,1,ref,torsional_diffusion_raw
4yxi_4yxi_conf0,0.0680983074194872,1.0,1000,11,1,ref,torsional_diffusion_raw
4yyt_4yyt_conf0,0.3169899932858457,1.0,998,13,3,ref,torsional_diffusion_raw
4yzu_4yzu_conf0,0.5549967129530247,1.0,887,27,5,ref,torsional_diffusion_raw
4z0q_4z0q_conf0,0.4252452131141506,1.0,993,22,2,ref,torsional_diffusion_raw
4z1e_4z1e_conf0,0.4957895064117407,1.0,989,24,3,ref,torsional_diffusion_raw
4z1j_4z1j_conf0,0.3490930690745748,1.0,998,22,2,ref,torsional_diffusion_raw
4z1k_4z1k_conf0,0.4782938071163651,1.0,995,24,2,ref,torsional_diffusion_raw
4z93_4z93_conf0,0.2124678133845038,1.0,943,31,4,ref,torsional_diffusion_raw
4zbi_4zbi_conf0,0.8106871608220615,0.0,874,29,6,ref,torsional_diffusion_raw
4zo5_4zo5_conf0,0.9210874856371128,0.0,823,36,7,ref,torsional_diffusion_raw
4zx3_4zx3_conf0,0.2163831082737992,1.0,910,19,3,ref,torsional_diffusion_raw
4zx4_4zx4_conf0,0.5549464408909813,1.0,926,27,4,ref,torsional_diffusion_raw
4zzx_4zzx_conf0,0.1987831196412024,1.0,947,18,5,ref,torsional_diffusion_raw
4zzz_4zzz_conf0,0.1642547056937203,1.0,927,18,5,ref,torsional_diffusion_raw
5a5q_5a5q_conf0,0.1340217952261859,1.0,920,19,2,ref,torsional_diffusion_raw
5aan_5aan_conf0,0.9037801681840066,0.0,808,24,3,ref,torsional_diffusion_raw
5am6_5am6_conf0,0.1610234502103228,1.0,1000,29,2,ref,torsional_diffusion_raw
5am7_5am7_conf0,0.2268289553690252,1.0,1000,29,2,ref,torsional_diffusion_raw
5ant_5ant_conf0,0.4006737368270701,1.0,987,24,7,ref,torsional_diffusion_raw
5anv_5anv_conf0,0.2085992940735178,1.0,930,27,5,ref,torsional_diffusion_raw
5aoj_5aoj_conf0,0.1091249386628887,1.0,1000,17,2,ref,torsional_diffusion_raw
5aut_5aut_conf0,0.1718687607978993,1.0,496,21,3,ref,torsional_diffusion_raw
5boj_5boj_conf0,0.6482437092428908,1.0,881,18,6,ref,torsional_diffusion_raw
5btx_5btx_conf0,0.226261817894856,1.0,999,22,1,ref,torsional_diffusion_raw
5c1w_5c1w_conf0,0.1023451458909172,1.0,1000,12,1,ref,torsional_diffusion_raw
5c2a_5c2a_conf0,0.1182586294261603,1.0,991,20,4,ref,torsional_diffusion_raw
5c3p_5c3p_conf0,0.1872413292775354,1.0,944,10,4,ref,torsional_diffusion_raw
5c5t_5c5t_conf0,0.2542839478517061,1.0,936,10,4,ref,torsional_diffusion_raw
5c8n_5c8n_conf0,0.6129554697339406,1.0,549,31,7,ref,torsional_diffusion_raw
5cap_5cap_conf0,0.5080595590722883,1.0,782,29,7,ref,torsional_diffusion_raw
5cbs_5cbs_conf0,0.1265097713781663,1.0,975,19,4,ref,torsional_diffusion_raw
5cep_5cep_conf0,0.2806070679011905,1.0,917,25,4,ref,torsional_diffusion_raw
5cjf_5cjf_conf0,0.3615818532520325,1.0,1000,25,4,ref,torsional_diffusion_raw
5cp5_5cp5_conf0,0.2496304898239922,1.0,998,26,4,ref,torsional_diffusion_raw
5cqt_5cqt_conf0,0.2642123056236916,1.0,984,25,4,ref,torsional_diffusion_raw
5cs6_5cs6_conf0,0.1581315842742258,1.0,992,13,4,ref,torsional_diffusion_raw
5csp_5csp_conf0,0.04675226618201,1.0,1000,11,1,ref,torsional_diffusion_raw
5cu4_5cu4_conf0,1.6958110374666169,0.0,475,34,11,ref,torsional_diffusion_raw
5cy9_5cy9_conf0,0.1872643283647057,1.0,985,23,6,ref,torsional_diffusion_raw
5d0c_5d0c_conf0,0.714028264135106,1.0,790,29,5,ref,torsional_diffusion_raw
5d0r_5d0r_conf0,0.1438174612863583,1.0,997,19,2,ref,torsional_diffusion_raw
5d24_5d24_conf0,0.6988642707037728,1.0,775,25,7,ref,torsional_diffusion_raw
5d25_5d25_conf0,0.5772498202316015,1.0,558,28,7,ref,torsional_diffusion_raw
5d26_5d26_conf0,0.6508355902132891,1.0,559,29,8,ref,torsional_diffusion_raw
5d3h_5d3h_conf0,0.665145643990136,1.0,526,30,9,ref,torsional_diffusion_raw
5d3j_5d3j_conf0,0.7667774586177823,0.0,590,28,8,ref,torsional_diffusion_raw
5d3l_5d3l_conf0,0.9025392822823562,0.0,535,30,8,ref,torsional_diffusion_raw
5d3n_5d3n_conf0,0.4811432397855984,1.0,476,26,6,ref,torsional_diffusion_raw
5d3t_5d3t_conf0,0.6707623009921408,1.0,917,25,6,ref,torsional_diffusion_raw
5d45_5d45_conf0,0.309489559381534,1.0,979,29,6,ref,torsional_diffusion_raw
5d47_5d47_conf0,0.2922622537184661,1.0,958,31,7,ref,torsional_diffusion_raw
5d48_5d48_conf0,0.4203827552526902,1.0,901,34,8,ref,torsional_diffusion_raw
5dh4_5dh4_conf0,0.1232198837232285,1.0,1000,19,3,ref,torsional_diffusion_raw
5dq8_5dq8_conf0,0.3925282580279508,1.0,973,20,3,ref,torsional_diffusion_raw
5dqe_5dqe_conf0,0.3304081526227302,1.0,962,17,3,ref,torsional_diffusion_raw
5dx4_5dx4_conf0,0.3772495247066518,1.0,953,28,5,ref,torsional_diffusion_raw
5dyo_5dyo_conf0,0.1658606744259177,1.0,991,25,2,ref,torsional_diffusion_raw
5e28_5e28_conf0,0.1237386814492697,1.0,1000,17,2,ref,torsional_diffusion_raw
5e2k_5e2k_conf0,0.0931716269715138,1.0,1000,17,2,ref,torsional_diffusion_raw
5e2l_5e2l_conf0,0.3041310937556383,1.0,988,12,3,ref,torsional_diffusion_raw
5e2r_5e2r_conf0,0.2738052678720982,1.0,1000,25,4,ref,torsional_diffusion_raw
5e2s_5e2s_conf0,0.209559920815542,1.0,992,19,3,ref,torsional_diffusion_raw
5e73_5e73_conf0,0.1827783782910342,1.0,990,24,2,ref,torsional_diffusion_raw
5e74_5e74_conf0,0.4600824681697038,1.0,989,33,3,ref,torsional_diffusion_raw
5e7n_5e7n_conf0,0.4092667072792501,1.0,810,30,6,ref,torsional_diffusion_raw
5edb_5edb_conf0,0.1107857868744852,1.0,998,21,2,ref,torsional_diffusion_raw
5edc_5edc_conf0,0.503585879052444,1.0,949,26,3,ref,torsional_diffusion_raw
5eei_5eei_conf0,0.966359970305626,0.0,740,19,8,ref,torsional_diffusion_raw
5ef7_5ef7_conf0,0.4998756904173905,1.0,943,23,6,ref,torsional_diffusion_raw
5ehr_5ehr_conf0,0.2570584498269558,1.0,920,23,2,ref,torsional_diffusion_raw
5eis_5eis_conf0,0.0910307239941691,1.0,997,21,3,ref,torsional_diffusion_raw
5elw_5elw_conf0,0.3141680965974593,1.0,927,13,4,ref,torsional_diffusion_raw
5ep7_5ep7_conf0,0.5534987035483532,1.0,668,20,3,ref,torsional_diffusion_raw
5eq1_5eq1_conf0,0.0692609799925922,1.0,1000,13,0,ref,torsional_diffusion_raw
5etb_5etb_conf0,0.1002156509573364,1.0,1000,13,1,ref,torsional_diffusion_raw
5eu1_5eu1_conf0,0.2095672486156956,1.0,995,26,5,ref,torsional_diffusion_raw
5ewk_5ewk_conf0,0.19454285630574,1.0,972,22,3,ref,torsional_diffusion_raw
5f1h_5f1h_conf0,0.2731904035542499,1.0,987,26,5,ref,torsional_diffusion_raw
5f25_5f25_conf0,0.1290676530516335,1.0,1000,18,2,ref,torsional_diffusion_raw
5f2p_5f2p_conf0,0.0595058684823507,1.0,1000,15,1,ref,torsional_diffusion_raw
5fbi_5fbi_conf0,0.4807059535491113,1.0,992,23,5,ref,torsional_diffusion_raw
5fdc_5fdc_conf0,0.2730381435464811,1.0,997,15,3,ref,torsional_diffusion_raw
5fe7_5fe7_conf0,0.1539588544921632,1.0,1000,14,2,ref,torsional_diffusion_raw
5fl4_5fl4_conf0,0.5108670074268762,1.0,999,24,3,ref,torsional_diffusion_raw
5fl5_5fl5_conf0,0.3816828617582,1.0,1000,22,4,ref,torsional_diffusion_raw
5fl6_5fl6_conf0,0.3939422195110953,1.0,1000,21,3,ref,torsional_diffusion_raw
5flt_5flt_conf0,0.10889825842563,1.0,998,16,3,ref,torsional_diffusion_raw
5g1z_5g1z_conf0,0.4101989609497161,1.0,925,22,6,ref,torsional_diffusion_raw
5g2b_5g2b_conf0,0.822740110920395,0.0,967,39,7,ref,torsional_diffusion_raw
5gj9_5gj9_conf0,0.0404639751833045,1.0,1000,9,1,ref,torsional_diffusion_raw
5gja_5gja_conf0,0.0467430151294315,1.0,1000,9,1,ref,torsional_diffusion_raw
5gmh_5gmh_conf0,0.2739796673414481,1.0,962,23,5,ref,torsional_diffusion_raw
5gmn_5gmn_conf0,0.3557909033228104,1.0,990,25,3,ref,torsional_diffusion_raw
5gsa_5gsa_conf0,0.3170737889249954,1.0,993,26,5,ref,torsional_diffusion_raw
5h1u_5h1u_conf0,0.0642299717840098,1.0,1000,13,1,ref,torsional_diffusion_raw
5h85_5h85_conf0,0.3873351588242606,1.0,603,22,3,ref,torsional_diffusion_raw
5ha1_5ha1_conf0,0.4047467303968131,1.0,275,21,5,ref,torsional_diffusion_raw
5hbs_5hbs_conf0,0.4880668410159815,1.0,437,21,5,ref,torsional_diffusion_raw
5hcv_5hcv_conf0,0.4930983923895262,1.0,337,28,1,ref,torsional_diffusion_raw
5hcy_5hcy_conf0,0.7138877393791107,1.0,921,39,8,ref,torsional_diffusion_raw
5his_5his_conf0,0.0673015065529876,1.0,1000,9,1,ref,torsional_diffusion_raw
5hrv_5hrv_conf0,0.0971909474874047,1.0,974,16,1,ref,torsional_diffusion_raw
5hvs_5hvs_conf0,0.5113739549642718,1.0,993,33,5,ref,torsional_diffusion_raw
5hz5_5hz5_conf0,0.3678508478996889,1.0,958,28,3,ref,torsional_diffusion_raw
5hz8_5hz8_conf0,0.2604005831795986,1.0,952,27,3,ref,torsional_diffusion_raw
5hz9_5hz9_conf0,0.110134330554314,1.0,991,21,2,ref,torsional_diffusion_raw
5i29_5i29_conf0,0.1606317084798746,1.0,995,22,2,ref,torsional_diffusion_raw
5i3a_5i3a_conf0,0.0080866251960482,1.0,1000,8,0,ref,torsional_diffusion_raw
5i3x_5i3x_conf0,0.980255455068242,0.0,417,44,9,ref,torsional_diffusion_raw
5i3y_5i3y_conf0,1.4711045606564488,0.0,398,46,11,ref,torsional_diffusion_raw
5i7x_5i7x_conf0,0.1516018267527221,1.0,998,22,2,ref,torsional_diffusion_raw
5i7y_5i7y_conf0,0.208585274966018,1.0,878,25,4,ref,torsional_diffusion_raw
5i80_5i80_conf0,0.1761448057860412,1.0,994,22,2,ref,torsional_diffusion_raw
5i88_5i88_conf0,0.1712888480320267,1.0,883,25,4,ref,torsional_diffusion_raw
5i9y_5i9y_conf0,0.851095692158522,0.0,551,33,7,ref,torsional_diffusion_raw
5ia0_5ia0_conf0,0.6411946147550819,1.0,750,37,6,ref,torsional_diffusion_raw
5ia1_5ia1_conf0,0.3997199828322499,1.0,894,34,4,ref,torsional_diffusion_raw
5ia2_5ia2_conf0,0.2656237280834458,1.0,979,31,3,ref,torsional_diffusion_raw
5ia3_5ia3_conf0,0.4133089159256581,1.0,967,29,4,ref,torsional_diffusion_raw
5ia4_5ia4_conf0,1.4231249643987165,0.0,681,46,12,ref,torsional_diffusion_raw
5ie1_5ie1_conf0,0.6255720481848618,1.0,799,29,6,ref,torsional_diffusion_raw
5ih9_5ih9_conf0,0.5842532204865181,1.0,807,32,6,ref,torsional_diffusion_raw
5ihh_5ihh_conf0,0.2086177969425242,1.0,1000,22,2,ref,torsional_diffusion_raw
5ii2_5ii2_conf0,0.0730037143993409,1.0,1000,21,1,ref,torsional_diffusion_raw
5ikb_5ikb_conf0,0.4976789729198443,1.0,585,15,4,ref,torsional_diffusion_raw
5ime_5ime_conf0,0.413006596807211,1.0,889,32,6,ref,torsional_diffusion_raw
5ivc_5ivc_conf0,0.3313461425811499,1.0,913,26,6,ref,torsional_diffusion_raw
5ive_5ive_conf0,0.0923686028032827,1.0,991,16,1,ref,torsional_diffusion_raw
5ivv_5ivv_conf0,0.1092787594577504,1.0,943,20,3,ref,torsional_diffusion_raw
5ivy_5ivy_conf0,0.1513091811950489,1.0,830,20,4,ref,torsional_diffusion_raw
5iwg_5iwg_conf0,0.3018393224471973,1.0,843,23,3,ref,torsional_diffusion_raw
5j27_5j27_conf0,0.8642507050133709,0.0,982,29,6,ref,torsional_diffusion_raw
5j2x_5j2x_conf0,0.1290023782196823,1.0,989,22,2,ref,torsional_diffusion_raw
5j64_5j64_conf0,0.2171590297247267,1.0,992,21,2,ref,torsional_diffusion_raw
5j6l_5j6l_conf0,0.9591866687316664,0.0,976,29,6,ref,torsional_diffusion_raw
5j6m_5j6m_conf0,0.9850553036434968,0.0,963,31,5,ref,torsional_diffusion_raw
5j6n_5j6n_conf0,0.7980706086384024,0.0,982,29,6,ref,torsional_diffusion_raw
5j7q_5j7q_conf0,0.2309077873799545,1.0,1000,17,1,ref,torsional_diffusion_raw
5j82_5j82_conf0,0.7494353987680389,1.0,982,29,5,ref,torsional_diffusion_raw
5j86_5j86_conf0,0.8412805629276983,0.0,973,31,5,ref,torsional_diffusion_raw
5j8m_5j8m_conf0,0.3339873415692608,1.0,991,22,2,ref,torsional_diffusion_raw
5j8u_5j8u_conf0,0.2919589480882295,1.0,989,21,2,ref,torsional_diffusion_raw
5j8z_5j8z_conf0,1.034847353831538,0.0,801,32,6,ref,torsional_diffusion_raw
5ji8_5ji8_conf0,0.1138317610752318,1.0,1000,13,1,ref,torsional_diffusion_raw
5jq5_5jq5_conf0,0.6590551865622004,1.0,747,29,7,ref,torsional_diffusion_raw
5jsj_5jsj_conf0,2.101474784297753,0.0,181,50,13,ref,torsional_diffusion_raw
5jy3_5jy3_conf0,0.6058583719503193,1.0,797,40,7,ref,torsional_diffusion_raw
5k8s_5k8s_conf0,0.2110256126090477,1.0,999,22,1,ref,torsional_diffusion_raw
5k9w_5k9w_conf0,0.2151756708816106,1.0,478,18,2,ref,torsional_diffusion_raw
5ka1_5ka1_conf0,0.2539400256025279,1.0,467,18,2,ref,torsional_diffusion_raw
5ka7_5ka7_conf0,0.2512160291383702,1.0,472,18,2,ref,torsional_diffusion_raw
5ka9_5ka9_conf0,0.2541002312555013,1.0,456,18,2,ref,torsional_diffusion_raw
5kad_5kad_conf0,0.2852151958988616,1.0,468,18,2,ref,torsional_diffusion_raw
5kh3_5kh3_conf0,0.2751800345848756,1.0,990,15,3,ref,torsional_diffusion_raw
5l3a_5l3a_conf0,0.2215341689546918,1.0,998,14,2,ref,torsional_diffusion_raw
5l4i_5l4i_conf0,0.3292248895363634,1.0,941,18,3,ref,torsional_diffusion_raw
5l4j_5l4j_conf0,0.1043844028417194,1.0,997,17,2,ref,torsional_diffusion_raw
5l4m_5l4m_conf0,0.1263944091879183,1.0,980,14,3,ref,torsional_diffusion_raw
5l8a_5l8a_conf0,1.1798200703701125,0.0,597,35,8,ref,torsional_diffusion_raw
5ld8_5ld8_conf0,0.3866165234096694,1.0,995,18,5,ref,torsional_diffusion_raw
5ljq_5ljq_conf0,0.4415351081267008,1.0,1000,23,5,ref,torsional_diffusion_raw
5ljt_5ljt_conf0,0.5885340522175556,1.0,994,23,5,ref,torsional_diffusion_raw
5llc_5llc_conf0,0.3591912225199053,1.0,883,26,6,ref,torsional_diffusion_raw
5llg_5llg_conf0,0.3092990493257464,1.0,1000,14,4,ref,torsional_diffusion_raw
5llh_5llh_conf0,0.1989207399110541,1.0,996,24,3,ref,torsional_diffusion_raw
5lny_5lny_conf0,0.5063553022280957,1.0,962,34,4,ref,torsional_diffusion_raw
5ltn_5ltn_conf0,0.3912832059116198,1.0,961,14,4,ref,torsional_diffusion_raw
5lvq_5lvq_conf0,0.3055699278886589,1.0,963,17,3,ref,torsional_diffusion_raw
5lvr_5lvr_conf0,0.0942866400059613,1.0,1000,15,2,ref,torsional_diffusion_raw
5lz4_5lz4_conf0,0.3416950081563518,1.0,956,20,4,ref,torsional_diffusion_raw
5lz5_5lz5_conf0,0.6558058600073335,1.0,853,25,5,ref,torsional_diffusion_raw
5meh_5meh_conf0,0.1383357796909078,1.0,1000,11,1,ref,torsional_diffusion_raw
5mg2_5mg2_conf0,0.3276800248172852,1.0,981,32,4,ref,torsional_diffusion_raw
5mgf_5mgf_conf0,0.2366985406234151,1.0,989,13,3,ref,torsional_diffusion_raw
5mgk_5mgk_conf0,0.0719576011267238,1.0,988,13,3,ref,torsional_diffusion_raw
5mme_5mme_conf0,0.5890996515208384,1.0,987,27,7,ref,torsional_diffusion_raw
5mnn_5mnn_conf0,0.0938575275009867,1.0,1000,9,0,ref,torsional_diffusion_raw
5mod_5mod_conf0,0.3432203896074874,1.0,981,13,3,ref,torsional_diffusion_raw
5mpz_5mpz_conf0,0.1130259984843276,1.0,999,14,1,ref,torsional_diffusion_raw
5mqe_5mqe_conf0,0.1445290664010175,1.0,838,10,1,ref,torsional_diffusion_raw
5msb_5msb_conf0,0.377662180275069,1.0,981,20,4,ref,torsional_diffusion_raw
5mwh_5mwh_conf0,0.5164080698184913,1.0,961,34,6,ref,torsional_diffusion_raw
5my8_5my8_conf0,0.9053341791930196,0.0,390,37,6,ref,torsional_diffusion_raw
5mz8_5mz8_conf0,0.1526580094982056,1.0,996,8,3,ref,torsional_diffusion_raw
5n0e_5n0e_conf0,0.55356632354167,1.0,901,30,3,ref,torsional_diffusion_raw
5n1s_5n1s_conf0,0.2597054415328217,1.0,1000,19,2,ref,torsional_diffusion_raw
5n24_5n24_conf0,0.1376372383001785,1.0,1000,18,2,ref,torsional_diffusion_raw
5n25_5n25_conf0,0.1579638855666523,1.0,1000,16,2,ref,torsional_diffusion_raw
5n84_5n84_conf0,0.3055047314662096,1.0,965,26,6,ref,torsional_diffusion_raw
5n93_5n93_conf0,0.1907962286781239,1.0,949,24,4,ref,torsional_diffusion_raw
5n9r_5n9r_conf0,0.2893710184931102,1.0,708,30,5,ref,torsional_diffusion_raw
5nbw_5nbw_conf0,0.0829536328438668,1.0,1000,21,0,ref,torsional_diffusion_raw
5nea_5nea_conf0,0.1855778605201922,1.0,1000,16,2,ref,torsional_diffusion_raw
5nee_5nee_conf0,0.7608568295860753,0.0,1000,22,3,ref,torsional_diffusion_raw
5ngz_5ngz_conf0,0.087577382773452,1.0,1000,11,1,ref,torsional_diffusion_raw
5nlk_5nlk_conf0,0.9422831012471428,0.0,484,33,8,ref,torsional_diffusion_raw
5nxi_5nxi_conf0,0.3171964513362383,1.0,1000,21,4,ref,torsional_diffusion_raw
5ny1_5ny1_conf0,0.4329824250688565,1.0,952,26,4,ref,torsional_diffusion_raw
5ny3_5ny3_conf0,0.9158984544243848,0.0,644,23,5,ref,torsional_diffusion_raw
5nya_5nya_conf0,0.0864069249084505,1.0,1000,10,1,ref,torsional_diffusion_raw
5o07_5o07_conf0,0.5080923517793073,1.0,896,16,5,ref,torsional_diffusion_raw
5o1d_5o1d_conf0,0.1801152637927153,1.0,996,20,5,ref,torsional_diffusion_raw
5o1f_5o1f_conf0,0.2796780748118166,1.0,996,21,6,ref,torsional_diffusion_raw
5o1h_5o1h_conf0,0.1792202870251146,1.0,999,20,5,ref,torsional_diffusion_raw
5o2d_5o2d_conf0,0.2702048631649315,1.0,973,24,3,ref,torsional_diffusion_raw
5o5a_5o5a_conf0,0.1803863774359081,1.0,944,30,5,ref,torsional_diffusion_raw
5oh3_5oh3_conf0,0.1076232051369882,1.0,992,10,1,ref,torsional_diffusion_raw
5oku_5oku_conf0,0.2135570269562538,1.0,895,10,5,ref,torsional_diffusion_raw
5op4_5op4_conf0,0.383288499281106,1.0,962,31,6,ref,torsional_diffusion_raw
5op5_5op5_conf0,0.352282933947429,1.0,567,23,2,ref,torsional_diffusion_raw
5oq8_5oq8_conf0,0.5039929930801126,1.0,736,30,6,ref,torsional_diffusion_raw
5oqu_5oqu_conf0,0.0853620782444977,1.0,997,17,3,ref,torsional_diffusion_raw
5orh_5orh_conf0,0.10798664082956,1.0,996,16,2,ref,torsional_diffusion_raw
5orj_5orj_conf0,0.2182139215762971,1.0,997,17,3,ref,torsional_diffusion_raw
5ork_5ork_conf0,0.1588879819106845,1.0,996,16,2,ref,torsional_diffusion_raw
5orv_5orv_conf0,0.2635497826758048,1.0,989,11,3,ref,torsional_diffusion_raw
5os5_5os5_conf0,0.0368224139693279,1.0,1000,15,2,ref,torsional_diffusion_raw
5os7_5os7_conf0,0.161139330913548,1.0,995,18,3,ref,torsional_diffusion_raw
5ov8_5ov8_conf0,0.6903395335623705,1.0,970,33,6,ref,torsional_diffusion_raw
5qa8_5qa8_conf0,0.1357516279310443,1.0,1000,16,2,ref,torsional_diffusion_raw
5qal_5qal_conf0,0.2255866229256076,1.0,1000,18,3,ref,torsional_diffusion_raw
5qay_5qay_conf0,0.1368295780219811,1.0,993,15,2,ref,torsional_diffusion_raw
5sym_5sym_conf0,0.7099958267078718,1.0,864,28,4,ref,torsional_diffusion_raw
5sz0_5sz0_conf0,0.2462329550902933,1.0,1000,16,2,ref,torsional_diffusion_raw
5sz1_5sz1_conf0,0.1591565540890936,1.0,995,17,2,ref,torsional_diffusion_raw
5sz2_5sz2_conf0,0.1513494556821083,1.0,1000,18,3,ref,torsional_diffusion_raw
5sz3_5sz3_conf0,0.336832125834881,1.0,1000,20,2,ref,torsional_diffusion_raw
5sz4_5sz4_conf0,0.1347539594956823,1.0,1000,16,2,ref,torsional_diffusion_raw
5sz5_5sz5_conf0,0.1704535387068748,1.0,992,17,2,ref,torsional_diffusion_raw
5sz6_5sz6_conf0,0.2842830095164846,1.0,1000,18,3,ref,torsional_diffusion_raw
5sz7_5sz7_conf0,0.1534313843861455,1.0,1000,20,2,ref,torsional_diffusion_raw
5t8o_5t8o_conf0,0.1579060989303032,1.0,1000,23,1,ref,torsional_diffusion_raw
5t8p_5t8p_conf0,0.2879180511282424,1.0,1000,17,1,ref,torsional_diffusion_raw
5tcy_5tcy_conf0,0.9672012002893376,0.0,740,27,8,ref,torsional_diffusion_raw
5tt3_5tt3_conf0,0.3216066811091843,1.0,999,16,3,ref,torsional_diffusion_raw
5u11_5u11_conf0,0.3446375182415906,1.0,995,17,3,ref,torsional_diffusion_raw
5u12_5u12_conf0,0.6057127839221461,1.0,998,20,3,ref,torsional_diffusion_raw
5u28_5u28_conf0,0.2400739724228537,1.0,1000,26,2,ref,torsional_diffusion_raw
5u49_5u49_conf0,0.1639370156271747,1.0,968,18,2,ref,torsional_diffusion_raw
5u4b_5u4b_conf0,0.252627330175547,1.0,981,18,3,ref,torsional_diffusion_raw
5u4d_5u4d_conf0,0.205851774737112,1.0,979,19,3,ref,torsional_diffusion_raw
5uez_5uez_conf0,0.184815812227704,1.0,988,23,4,ref,torsional_diffusion_raw
5uf0_5uf0_conf0,0.1435314515951079,1.0,986,16,2,ref,torsional_diffusion_raw
5ufp_5ufp_conf0,0.6277202798856991,1.0,987,28,4,ref,torsional_diffusion_raw
5ula_5ula_conf0,0.3833937476359278,1.0,641,26,5,ref,torsional_diffusion_raw
5uln_5uln_conf0,0.33118250224395,1.0,985,21,3,ref,torsional_diffusion_raw
5uoo_5uoo_conf0,0.18786137393438,1.0,994,33,3,ref,torsional_diffusion_raw
5ut6_5ut6_conf0,0.2355952519505918,1.0,1000,23,4,ref,torsional_diffusion_raw
5v82_5v82_conf0,0.2084167248676902,1.0,964,30,3,ref,torsional_diffusion_raw
5vcv_5vcv_conf0,0.6307941877571308,1.0,537,33,7,ref,torsional_diffusion_raw
5vcw_5vcw_conf0,0.4156537489796905,1.0,178,33,8,ref,torsional_diffusion_raw
5vd0_5vd0_conf0,0.6959988740666718,1.0,675,37,7,ref,torsional_diffusion_raw
5vd1_5vd1_conf0,0.4325115567934593,1.0,979,34,4,ref,torsional_diffusion_raw
5vd2_5vd2_conf0,0.4053653690008302,1.0,932,34,6,ref,torsional_diffusion_raw
5vja_5vja_conf0,0.2263311443087978,1.0,988,23,4,ref,torsional_diffusion_raw
5vkc_5vkc_conf0,2.214643484616756,0.0,178,57,13,ref,torsional_diffusion_raw
5vl2_5vl2_conf0,0.2957662382887073,1.0,468,19,2,ref,torsional_diffusion_raw
5vm0_5vm0_conf0,0.3618451953228249,1.0,458,19,2,ref,torsional_diffusion_raw
5vyy_5vyy_conf0,0.4840479970004741,1.0,841,27,6,ref,torsional_diffusion_raw
5w1e_5w1e_conf0,0.039292166638479,1.0,1000,10,1,ref,torsional_diffusion_raw
5wbo_5wbo_conf0,0.3001244782848902,1.0,999,16,1,ref,torsional_diffusion_raw
5wcm_5wcm_conf0,0.1060554390147563,1.0,1000,13,2,ref,torsional_diffusion_raw
5wgp_5wgp_conf0,0.1870038551673606,1.0,1000,10,0,ref,torsional_diffusion_raw
5wij_5wij_conf0,0.5930010640336558,1.0,972,31,8,ref,torsional_diffusion_raw
5win_5win_conf0,0.3292770213884299,1.0,999,27,4,ref,torsional_diffusion_raw
5wqc_5wqc_conf0,1.0991198918687506,0.0,817,32,9,ref,torsional_diffusion_raw
5wuk_5wuk_conf0,0.4143752004189548,1.0,994,26,5,ref,torsional_diffusion_raw
5wyx_5wyx_conf0,0.113777863645029,1.0,1000,19,2,ref,torsional_diffusion_raw
5wyz_5wyz_conf0,0.0751388260721074,1.0,990,19,1,ref,torsional_diffusion_raw
5xmx_5xmx_conf0,1.2078341307553444,0.0,300,32,10,ref,torsional_diffusion_raw
5xpi_5xpi_conf0,1.186708975322449,0.0,673,26,8,ref,torsional_diffusion_raw
5y12_5y12_conf0,0.7044370878965516,1.0,667,23,8,ref,torsional_diffusion_raw
5y13_5y13_conf0,0.7558917749206988,0.0,672,22,7,ref,torsional_diffusion_raw
5y8y_5y8y_conf0,0.1262341350281531,1.0,946,25,5,ref,torsional_diffusion_raw
5y94_5y94_conf0,0.233804555696038,1.0,958,25,5,ref,torsional_diffusion_raw
5ya5_5ya5_conf0,0.1638729483483353,1.0,1000,26,4,ref,torsional_diffusion_raw
5yas_5yas_conf0,0.0575450533110707,1.0,1000,11,0,ref,torsional_diffusion_raw
5yl2_5yl2_conf0,0.3908127689369428,1.0,901,27,5,ref,torsional_diffusion_raw
5z7b_5z7b_conf0,0.0942569933972454,1.0,998,12,2,ref,torsional_diffusion_raw
5za7_5za7_conf0,0.2497400813758439,1.0,514,21,2,ref,torsional_diffusion_raw
5za8_5za8_conf0,0.568205812751828,1.0,507,26,3,ref,torsional_diffusion_raw
5za9_5za9_conf0,0.5037008994538041,1.0,478,29,3,ref,torsional_diffusion_raw
5zae_5zae_conf0,0.3980037516246749,1.0,452,25,3,ref,torsional_diffusion_raw
5zag_5zag_conf0,0.3530189706577848,1.0,506,26,3,ref,torsional_diffusion_raw
5zaj_5zaj_conf0,0.4527541886578706,1.0,582,30,5,ref,torsional_diffusion_raw
5zc5_5zc5_conf0,0.4027169474240942,1.0,503,30,3,ref,torsional_diffusion_raw
5zni_5zni_conf0,0.3675341326642089,1.0,915,26,2,ref,torsional_diffusion_raw
6abx_6abx_conf0,0.3692258552499799,1.0,865,13,5,ref,torsional_diffusion_raw
6ajv_6ajv_conf0,0.1719634013179959,1.0,978,19,4,ref,torsional_diffusion_raw
6ajz_6ajz_conf0,0.9975582785762837,0.0,461,29,5,ref,torsional_diffusion_raw
6ayq_6ayq_conf0,0.627096050715176,1.0,965,20,4,ref,torsional_diffusion_raw
6b1k_6b1k_conf0,0.1486024255692057,1.0,1000,24,2,ref,torsional_diffusion_raw
6b4d_6b4d_conf0,0.3259392727693987,1.0,998,20,3,ref,torsional_diffusion_raw
6b4l_6b4l_conf0,0.5145919842751673,1.0,887,26,6,ref,torsional_diffusion_raw
6b4u_6b4u_conf0,1.5705355294743668,0.0,295,41,10,ref,torsional_diffusion_raw
6b59_6b59_conf0,1.600704409345828,0.0,641,26,6,ref,torsional_diffusion_raw
6b7b_6b7b_conf0,0.0922568577824448,1.0,1000,12,1,ref,torsional_diffusion_raw
6b98_6b98_conf0,0.1125306120469244,1.0,963,13,1,ref,torsional_diffusion_raw
6c7q_6c7q_conf0,0.5070321093589718,1.0,653,34,4,ref,torsional_diffusion_raw
6c7w_6c7w_conf0,0.8703621536046343,0.0,627,23,4,ref,torsional_diffusion_raw
6cbg_6cbg_conf0,0.0717500221541407,1.0,1000,14,2,ref,torsional_diffusion_raw
6ce6_6ce6_conf0,0.5049761962200174,1.0,951,22,6,ref,torsional_diffusion_raw
6ced_6ced_conf0,0.1152901000335256,1.0,982,17,3,ref,torsional_diffusion_raw
6cjs_6cjs_conf0,0.4330796524347299,1.0,845,34,7,ref,torsional_diffusion_raw
6ckr_6ckr_conf0,0.1892314589866817,1.0,974,29,4,ref,torsional_diffusion_raw
6cks_6cks_conf0,0.2788220552743531,1.0,988,31,5,ref,torsional_diffusion_raw
6cn5_6cn5_conf0,0.894042093310682,0.0,797,35,4,ref,torsional_diffusion_raw
6csp_6csp_conf0,0.1103073903240439,1.0,879,10,1,ref,torsional_diffusion_raw
6csq_6csq_conf0,0.1111591591255125,1.0,944,10,1,ref,torsional_diffusion_raw
6csr_6csr_conf0,0.0456257206825962,1.0,883,10,1,ref,torsional_diffusion_raw
6css_6css_conf0,0.2400992220788877,1.0,823,9,1,ref,torsional_diffusion_raw
6d15_6d15_conf0,0.1305037534824287,1.0,975,18,2,ref,torsional_diffusion_raw
6d16_6d16_conf0,0.2136176560670774,1.0,983,18,3,ref,torsional_diffusion_raw
6d17_6d17_conf0,0.1411400410415951,1.0,979,19,2,ref,torsional_diffusion_raw
6d18_6d18_conf0,0.1546618294081423,1.0,612,18,2,ref,torsional_diffusion_raw
6d19_6d19_conf0,0.155527923115645,1.0,662,18,2,ref,torsional_diffusion_raw
6d1a_6d1a_conf0,0.1220721835651772,1.0,975,18,2,ref,torsional_diffusion_raw
6d1b_6d1b_conf0,0.1634877253849308,1.0,984,18,3,ref,torsional_diffusion_raw
6d1d_6d1d_conf0,0.1372849967296976,1.0,605,18,2,ref,torsional_diffusion_raw
6d1g_6d1g_conf0,0.1628476900379398,1.0,656,18,2,ref,torsional_diffusion_raw
6d1h_6d1h_conf0,0.0906491181919164,1.0,988,16,2,ref,torsional_diffusion_raw
6d1i_6d1i_conf0,0.0864509972510516,1.0,981,17,2,ref,torsional_diffusion_raw
6d1j_6d1j_conf0,0.1211079360229664,1.0,626,18,2,ref,torsional_diffusion_raw
6d1k_6d1k_conf0,0.0718603245719348,1.0,979,15,2,ref,torsional_diffusion_raw
6d55_6d55_conf0,0.4641858091047685,1.0,953,34,4,ref,torsional_diffusion_raw
6d56_6d56_conf0,0.5596773031709472,1.0,981,34,4,ref,torsional_diffusion_raw
6d5e_6d5e_conf0,0.2680550176843213,1.0,778,33,5,ref,torsional_diffusion_raw
6d5g_6d5g_conf0,0.463887200486542,1.0,966,32,4,ref,torsional_diffusion_raw
6d5h_6d5h_conf0,0.6437677268684304,1.0,907,33,4,ref,torsional_diffusion_raw
6d5j_6d5j_conf0,0.2577685440795364,1.0,966,26,3,ref,torsional_diffusion_raw
6dar_6dar_conf0,0.8686284915695367,0.0,947,30,7,ref,torsional_diffusion_raw
6dd0_6dd0_conf0,0.2714481407506778,1.0,873,18,2,ref,torsional_diffusion_raw
6dl2_6dl2_conf0,0.2369129899162936,1.0,992,22,2,ref,torsional_diffusion_raw
6dq4_6dq4_conf0,0.5329866456249229,1.0,727,29,6,ref,torsional_diffusion_raw
6dyn_6dyn_conf0,0.0869493361946316,1.0,997,8,2,ref,torsional_diffusion_raw
6dyr_6dyr_conf0,0.7119334243744153,1.0,838,13,5,ref,torsional_diffusion_raw
6dzx_6dzx_conf0,0.2626866917329426,1.0,893,9,4,ref,torsional_diffusion_raw
6e1z_6e1z_conf0,0.0950871215330228,1.0,1000,14,3,ref,torsional_diffusion_raw
6ebe_6ebe_conf0,0.4818926409274039,1.0,308,28,4,ref,torsional_diffusion_raw
6ecz_6ecz_conf0,0.7588578478494052,0.0,326,29,4,ref,torsional_diffusion_raw
6eed_6eed_conf0,0.5783819811806999,1.0,843,30,6,ref,torsional_diffusion_raw
6eeo_6eeo_conf0,0.9808911743459364,0.0,333,26,4,ref,torsional_diffusion_raw
6eif_6eif_conf0,0.1464684213151914,1.0,1000,25,3,ref,torsional_diffusion_raw
6eiq_6eiq_conf0,0.738283255827891,1.0,959,30,6,ref,torsional_diffusion_raw
6eis_6eis_conf0,0.1290111955490362,1.0,982,31,2,ref,torsional_diffusion_raw
6eiz_6eiz_conf0,1.094800511139972,0.0,313,16,7,ref,torsional_diffusion_raw
6el5_6el5_conf0,0.4498647793710707,1.0,943,30,8,ref,torsional_diffusion_raw
6elp_6elp_conf0,0.5674503229059439,1.0,925,28,5,ref,torsional_diffusion_raw
6ep4_6ep4_conf0,0.6667757206380468,1.0,862,18,11,ref,torsional_diffusion_raw
6epa_6epa_conf0,0.8816286000831889,0.0,407,26,5,ref,torsional_diffusion_raw
6eq2_6eq2_conf0,0.0374850302245617,1.0,1000,10,0,ref,torsional_diffusion_raw
6eq3_6eq3_conf0,0.096105542594266,1.0,1000,16,2,ref,torsional_diffusion_raw
6eq5_6eq5_conf0,0.0470759964611599,1.0,1000,10,0,ref,torsional_diffusion_raw
6eq7_6eq7_conf0,0.1490428427815963,1.0,995,17,1,ref,torsional_diffusion_raw
6eqp_6eqp_conf0,0.8166673315836586,0.0,708,22,5,ref,torsional_diffusion_raw
6ey8_6ey8_conf0,0.4864267282177607,1.0,978,29,5,ref,torsional_diffusion_raw
6ey9_6ey9_conf0,0.5437492970278702,1.0,976,30,5,ref,torsional_diffusion_raw
6eya_6eya_conf0,0.3766678676731588,1.0,928,31,4,ref,torsional_diffusion_raw
6f20_6f20_conf0,0.1375103061077121,1.0,999,14,2,ref,torsional_diffusion_raw
6f3b_6f3b_conf0,0.6574390125225535,1.0,604,23,4,ref,torsional_diffusion_raw
6faf_6faf_conf0,0.6624049585719682,1.0,339,23,3,ref,torsional_diffusion_raw
6fag_6fag_conf0,0.6331530662116922,1.0,377,23,4,ref,torsional_diffusion_raw
6fba_6fba_conf0,0.0372042186022302,1.0,1000,12,0,ref,torsional_diffusion_raw
6fe0_6fe0_conf0,0.5870265289731912,1.0,813,26,6,ref,torsional_diffusion_raw
6fe1_6fe1_conf0,0.536288313998538,1.0,866,28,6,ref,torsional_diffusion_raw
6fnf_6fnf_conf0,0.652353899014706,1.0,570,37,5,ref,torsional_diffusion_raw
6fni_6fni_conf0,0.5432090066501477,1.0,594,37,5,ref,torsional_diffusion_raw
6fo5_6fo5_conf0,1.530370814119684,0.0,567,37,7,ref,torsional_diffusion_raw
6fs1_6fs1_conf0,2.0854536450337764,0.0,363,43,11,ref,torsional_diffusion_raw
6fsy_6fsy_conf0,0.2556759496304414,1.0,997,22,3,ref,torsional_diffusion_raw
6ftz_6ftz_conf0,0.7472377864883392,1.0,601,23,4,ref,torsional_diffusion_raw
6fuj_6fuj_conf0,0.5369205513664507,1.0,957,21,5,ref,torsional_diffusion_raw
6fz4_6fz4_conf0,0.262262675431682,1.0,841,27,2,ref,torsional_diffusion_raw
6g27_6g27_conf0,0.1611733579895631,1.0,980,20,2,ref,torsional_diffusion_raw
6g2b_6g2b_conf0,0.1427916382868481,1.0,992,18,2,ref,torsional_diffusion_raw
6g2o_6g2o_conf0,0.1441684489950568,1.0,973,27,3,ref,torsional_diffusion_raw
6g34_6g34_conf0,0.2646973643247905,1.0,996,20,2,ref,torsional_diffusion_raw
6g39_6g39_conf0,0.1641982013207278,1.0,995,20,2,ref,torsional_diffusion_raw
6g3a_6g3a_conf0,0.3205527562993464,1.0,1000,20,2,ref,torsional_diffusion_raw
6g5l_6g5l_conf0,0.5268017155011292,1.0,942,24,6,ref,torsional_diffusion_raw
6g5u_6g5u_conf0,0.4882405953785197,1.0,982,19,5,ref,torsional_diffusion_raw
6g6t_6g6t_conf0,0.1739427438499407,1.0,972,19,5,ref,torsional_diffusion_raw
6g7a_6g7a_conf0,0.4560563329917411,1.0,932,25,7,ref,torsional_diffusion_raw
6g9i_6g9i_conf0,0.759662866126921,0.0,542,22,4,ref,torsional_diffusion_raw
6gdy_6gdy_conf0,0.3182880279080232,1.0,945,10,4,ref,torsional_diffusion_raw
6gl9_6gl9_conf0,0.1713085176922387,1.0,774,28,3,ref,torsional_diffusion_raw
6gla_6gla_conf0,0.2516811339614307,1.0,631,27,3,ref,torsional_diffusion_raw
6glb_6glb_conf0,0.3968831208113099,1.0,919,27,4,ref,torsional_diffusion_raw
6gnm_6gnm_conf0,0.2152805438764135,1.0,995,18,2,ref,torsional_diffusion_raw
6gnr_6gnr_conf0,0.1598046346092844,1.0,937,18,3,ref,torsional_diffusion_raw
6gnw_6gnw_conf0,0.2204993504714042,1.0,986,14,3,ref,torsional_diffusion_raw
6got_6got_conf0,0.6409066792860358,1.0,984,19,5,ref,torsional_diffusion_raw
6gue_6gue_conf0,0.6455813688669554,1.0,977,26,5,ref,torsional_diffusion_raw
6guh_6guh_conf0,0.6524932462204365,1.0,963,26,5,ref,torsional_diffusion_raw
6gvf_6gvf_conf0,0.1752802774549909,1.0,980,23,2,ref,torsional_diffusion_raw
6h29_6h29_conf0,0.1072414830839734,1.0,998,11,2,ref,torsional_diffusion_raw
6h33_6h33_conf0,0.5176078325785967,1.0,970,25,3,ref,torsional_diffusion_raw
6h34_6h34_conf0,0.6280376119151699,1.0,799,26,4,ref,torsional_diffusion_raw
6h36_6h36_conf0,0.5358675366297667,1.0,960,24,3,ref,torsional_diffusion_raw
6h38_6h38_conf0,0.5524075476496937,1.0,834,26,4,ref,torsional_diffusion_raw
6h8s_6h8s_conf0,0.3546837927388535,1.0,627,20,2,ref,torsional_diffusion_raw
6haz_6haz_conf0,0.1413680523375118,1.0,985,20,2,ref,torsional_diffusion_raw
6hd6_6hd6_conf0,0.9565787104752568,0.0,694,27,5,ref,torsional_diffusion_raw
6hk3_6hk3_conf0,0.6187647990488262,1.0,759,34,6,ref,torsional_diffusion_raw
6hk4_6hk4_conf0,0.3360570642954988,1.0,794,31,5,ref,torsional_diffusion_raw
6hke_6hke_conf0,0.1755187592485774,1.0,984,9,3,ref,torsional_diffusion_raw
6hoq_6hoq_conf0,0.0801496289547705,1.0,957,14,3,ref,torsional_diffusion_raw
6hrq_6hrq_conf0,0.5828284754021754,1.0,971,23,5,ref,torsional_diffusion_raw
6hsh_6hsh_conf0,0.9836807584376884,0.0,505,29,6,ref,torsional_diffusion_raw
6htg_6htg_conf0,0.5153305487186656,1.0,571,20,3,ref,torsional_diffusion_raw
6i0z_6i0z_conf0,0.0499200004449966,1.0,993,13,1,ref,torsional_diffusion_raw
6i11_6i11_conf0,0.3973840333266184,1.0,631,27,4,ref,torsional_diffusion_raw
6i12_6i12_conf0,0.3498047173819523,1.0,649,28,4,ref,torsional_diffusion_raw
6i13_6i13_conf0,0.394075784079249,1.0,628,28,4,ref,torsional_diffusion_raw
6i14_6i14_conf0,0.3901891156160847,1.0,677,29,4,ref,torsional_diffusion_raw
6i18_6i18_conf0,0.7113777454879628,1.0,478,34,5,ref,torsional_diffusion_raw
6i61_6i61_conf0,0.1141364256298017,1.0,988,18,3,ref,torsional_diffusion_raw
6i62_6i62_conf0,0.2017633143358045,1.0,999,19,2,ref,torsional_diffusion_raw
6i63_6i63_conf0,0.068979187114869,1.0,989,17,2,ref,torsional_diffusion_raw
6i64_6i64_conf0,0.0803065109770242,1.0,996,16,2,ref,torsional_diffusion_raw
6i65_6i65_conf0,0.0345695086865875,1.0,1000,10,1,ref,torsional_diffusion_raw
6iiu_6iiu_conf0,1.128960393960843,0.0,548,29,6,ref,torsional_diffusion_raw
6j1l_6j1l_conf0,0.7596222317166389,0.0,625,38,7,ref,torsional_diffusion_raw
6k3l_6k3l_conf0,0.2587049910412664,1.0,998,25,3,ref,torsional_diffusion_raw
6mdu_6mdu_conf0,0.3447126343731789,1.0,803,25,4,ref,torsional_diffusion_raw
6mg5_6mg5_conf0,0.1141708754580317,1.0,972,17,3,ref,torsional_diffusion_raw
6mh1_6mh1_conf0,0.3722735193025718,1.0,747,33,5,ref,torsional_diffusion_raw
6mh7_6mh7_conf0,0.3577049619158073,1.0,766,33,5,ref,torsional_diffusion_raw
6mnc_6mnc_conf0,0.1404955398253045,1.0,1000,20,0,ref,torsional_diffusion_raw
6n0j_6n0j_conf0,0.6287951421696085,1.0,912,31,4,ref,torsional_diffusion_raw
6n78_6n78_conf0,0.3576759743778204,1.0,799,29,5,ref,torsional_diffusion_raw
6n7a_6n7a_conf0,0.1702255551692646,1.0,765,28,4,ref,torsional_diffusion_raw
6n7b_6n7b_conf0,0.1968663215553596,1.0,810,27,4,ref,torsional_diffusion_raw
6n8x_6n8x_conf0,0.3158488694285001,1.0,995,27,8,ref,torsional_diffusion_raw
6ncn_6ncn_conf0,0.1085425812592845,1.0,981,14,2,ref,torsional_diffusion_raw
6nco_6nco_conf0,0.2306911466703019,1.0,989,24,4,ref,torsional_diffusion_raw
6o0k_6o0k_conf0,1.1956906732971198,0.0,190,61,13,ref,torsional_diffusion_raw
6o0m_6o0m_conf0,2.3757779092474998,0.0,188,61,13,ref,torsional_diffusion_raw
6o0p_6o0p_conf0,1.9198682773788225,0.0,190,61,13,ref,torsional_diffusion_raw
6o5t_6o5t_conf0,0.1490209763398118,1.0,629,18,2,ref,torsional_diffusion_raw
6o94_6o94_conf0,0.4818906798542314,1.0,690,36,5,ref,torsional_diffusion_raw
6odz_6odz_conf0,0.6742790523216871,1.0,819,25,4,ref,torsional_diffusion_raw
6oe0_6oe0_conf0,0.5772851319706043,1.0,805,27,4,ref,torsional_diffusion_raw
6oe1_6oe1_conf0,0.6811604064618898,1.0,815,26,4,ref,torsional_diffusion_raw
6olx_6olx_conf0,0.2952220636021295,1.0,995,27,8,ref,torsional_diffusion_raw
6ooy_6ooy_conf0,0.0660256454273651,1.0,996,20,3,ref,torsional_diffusion_raw
6p3t_6p3t_conf0,0.3869691112232148,1.0,998,27,3,ref,torsional_diffusion_raw
6p3v_6p3v_conf0,0.6487711573781607,1.0,929,23,6,ref,torsional_diffusion_raw
6p85_6p85_conf0,0.6596689021827575,1.0,960,25,5,ref,torsional_diffusion_raw
6p88_6p88_conf0,0.5436178669748278,1.0,496,27,4,ref,torsional_diffusion_raw
6pia_6pia_conf0,1.1204010537905669,0.0,451,14,9,ref,torsional_diffusion_raw
6pl1_6pl1_conf0,1.3664797449257324,0.0,540,33,5,ref,torsional_diffusion_raw
6qas_6qas_conf0,0.6526633951582578,1.0,931,34,6,ref,torsional_diffusion_raw
6ql1_6ql1_conf0,0.2318274042288531,1.0,992,23,3,ref,torsional_diffusion_raw
6ql2_6ql2_conf0,0.1488639967560782,1.0,1000,16,3,ref,torsional_diffusion_raw
6qmj_6qmj_conf0,0.890509488944827,0.0,772,36,9,ref,torsional_diffusion_raw
6qmk_6qmk_conf0,1.091308401256559,0.0,718,38,7,ref,torsional_diffusion_raw
6qpl_6qpl_conf0,0.6896833607036705,1.0,591,25,8,ref,torsional_diffusion_raw
6qqq_6qqq_conf0,0.2444531446735189,1.0,996,23,5,ref,torsional_diffusion_raw
6qqv_6qqv_conf0,0.3113573688816705,1.0,995,24,3,ref,torsional_diffusion_raw
6qr1_6qr1_conf0,0.3057929214491055,1.0,994,25,3,ref,torsional_diffusion_raw
6qrc_6qrc_conf0,0.377026903706377,1.0,1000,24,4,ref,torsional_diffusion_raw
6r11_6r11_conf0,0.0892055331048336,1.0,998,19,1,ref,torsional_diffusion_raw
6r18_6r18_conf0,0.5145436238498037,1.0,871,20,4,ref,torsional_diffusion_raw
6r9u_6r9u_conf0,0.4003436758173727,1.0,974,18,1,ref,torsional_diffusion_raw
6r9x_6r9x_conf0,0.4519626747229387,1.0,970,18,3,ref,torsional_diffusion_raw
6rih_6rih_conf0,0.1421659990970906,1.0,892,18,3,ref,torsional_diffusion_raw
6s57_6s57_conf0,0.7216053683093225,1.0,824,30,5,ref,torsional_diffusion_raw
6t1i_6t1i_conf0,0.8672792432987487,0.0,799,27,5,ref,torsional_diffusion_raw
6t1j_6t1j_conf0,0.8913281699386275,0.0,786,29,5,ref,torsional_diffusion_raw
6t1l_6t1l_conf0,1.0147970898514342,0.0,754,28,7,ref,torsional_diffusion_raw
6u5y_6u5y_conf0,0.6814815825712369,1.0,969,30,5,ref,torsional_diffusion_raw
6u6w_6u6w_conf0,0.3616113603718949,1.0,907,21,4,ref,torsional_diffusion_raw
6u8b_6u8b_conf0,0.2548510352546553,1.0,918,24,5,ref,torsional_diffusion_raw
6u8o_6u8o_conf0,0.6998181341068871,1.0,988,25,4,ref,torsional_diffusion_raw
6ugn_6ugn_conf0,0.1557375175725088,1.0,1000,15,0,ref,torsional_diffusion_raw
6uh0_6uh0_conf0,0.1229834241011977,1.0,1000,14,0,ref,torsional_diffusion_raw
966c_966c_conf0,0.5296542929660777,1.0,828,27,6,ref,torsional_diffusion_raw
1ado_1ado_conf0,0.6012452731479812,1.0,990,10,4,ref,mcf_drugs_l_raw
1ai4_1ai4_conf0,0.1119782916609777,1.0,999,12,2,ref,mcf_drugs_l_raw
1ai5_1ai5_conf0,0.2155356619499918,1.0,1000,13,3,ref,mcf_drugs_l_raw
1azm_1azm_conf0,0.2335676603517618,1.0,253,13,2,ref,mcf_drugs_l_raw
1bjv_1bjv_conf0,0.8040383812994302,0.0,411,26,5,ref,mcf_drugs_l_raw
1bm7_1bm7_conf0,0.1725823937416175,1.0,1000,20,3,ref,mcf_drugs_l_raw
1bnn_1bnn_conf0,0.6729272822214304,1.0,1000,23,3,ref,mcf_drugs_l_raw
1bty_1bty_conf0,0.0494968602839348,1.0,996,9,1,ref,mcf_drugs_l_raw
1bzj_1bzj_conf0,0.1479113283628892,1.0,989,20,3,ref,mcf_drugs_l_raw
1c1v_1c1v_conf0,0.6573534236641189,1.0,998,25,4,ref,mcf_drugs_l_raw
1c5n_1c5n_conf0,0.0896392211509514,1.0,997,13,1,ref,mcf_drugs_l_raw
1c5o_1c5o_conf0,0.0353625992078033,1.0,997,9,1,ref,mcf_drugs_l_raw
1c5p_1c5p_conf0,0.0323907682904347,1.0,997,9,1,ref,mcf_drugs_l_raw
1c5q_1c5q_conf0,0.1012826040755057,1.0,996,13,1,ref,mcf_drugs_l_raw
1c5x_1c5x_conf0,0.0747150637927728,1.0,997,13,1,ref,mcf_drugs_l_raw
1c83_1c83_conf0,0.1481116615726152,1.0,760,18,2,ref,mcf_drugs_l_raw
1c84_1c84_conf0,0.2375833485815655,1.0,826,19,2,ref,mcf_drugs_l_raw
1c86_1c86_conf0,0.2311908372879893,1.0,649,18,2,ref,mcf_drugs_l_raw
1c87_1c87_conf0,0.1743981209032475,1.0,627,18,2,ref,mcf_drugs_l_raw
1c88_1c88_conf0,0.2114356277932412,1.0,604,18,2,ref,mcf_drugs_l_raw
1cbx_1cbx_conf0,0.3047244956856612,1.0,481,15,5,ref,mcf_drugs_l_raw
1ceb_1ceb_conf0,0.9284593316004628,0.0,14,11,2,ref,mcf_drugs_l_raw
1ciz_1ciz_conf0,1.0325289527605517,0.0,498,36,8,ref,mcf_drugs_l_raw
1cnw_1cnw_conf0,2.751253305174671,0.0,971,26,12,ref,mcf_drugs_l_raw
1d3d_1d3d_conf0,1.0487714353523103,0.0,999,38,9,ref,mcf_drugs_l_raw
1d4p_1d4p_conf0,0.3471770551532101,1.0,1000,27,4,ref,mcf_drugs_l_raw
1drj_1drj_conf0,0.7171855281430034,1.0,13,10,0,ref,mcf_drugs_l_raw
1drk_1drk_conf0,0.5452735678900938,1.0,24,10,0,ref,mcf_drugs_l_raw
1dzk_1dzk_conf0,0.2866929349173538,1.0,1000,12,3,ref,mcf_drugs_l_raw
1e1v_1e1v_conf0,0.2102851772195378,1.0,1000,18,3,ref,mcf_drugs_l_raw
1e1x_1e1x_conf0,0.1094233809312952,1.0,995,18,4,ref,mcf_drugs_l_raw
1e4h_1e4h_conf0,0.0598611823589986,1.0,1000,12,0,ref,mcf_drugs_l_raw
1ecv_1ecv_conf0,0.1560689596517885,1.0,938,16,2,ref,mcf_drugs_l_raw
1efy_1efy_conf0,0.1557723831315091,1.0,1000,20,3,ref,mcf_drugs_l_raw
1enu_1enu_conf0,0.039516146923276,1.0,1000,13,0,ref,mcf_drugs_l_raw
1eoc_1eoc_conf0,0.0332929158173973,1.0,1000,11,1,ref,mcf_drugs_l_raw
1f57_1f57_conf0,0.1383793138456883,1.0,45,7,2,ref,mcf_drugs_l_raw
1f5k_1f5k_conf0,0.0275132331965174,1.0,996,9,1,ref,mcf_drugs_l_raw
1f5l_1f5l_conf0,0.1597802803574079,1.0,654,15,1,ref,mcf_drugs_l_raw
1fcx_1fcx_conf0,0.3729165654661505,1.0,467,29,3,ref,mcf_drugs_l_raw
1fcy_1fcy_conf0,0.1659920035607782,1.0,999,29,3,ref,mcf_drugs_l_raw
1fcz_1fcz_conf0,0.158918535595367,1.0,999,27,4,ref,mcf_drugs_l_raw
1fkh_1fkh_conf0,1.2075819638350425,0.0,249,33,9,ref,mcf_drugs_l_raw
1flr_1flr_conf0,0.1687814524944305,1.0,998,25,2,ref,mcf_drugs_l_raw
1fv0_1fv0_conf0,0.3091018981732863,1.0,997,26,3,ref,mcf_drugs_l_raw
1g4o_1g4o_conf0,0.4630264402048067,1.0,999,20,4,ref,mcf_drugs_l_raw
1g98_1g98_conf0,0.8443437782981301,0.0,131,15,6,ref,mcf_drugs_l_raw
1gfy_1gfy_conf0,0.1890622549793087,1.0,665,18,2,ref,mcf_drugs_l_raw
1ghw_1ghw_conf0,0.1535499711789551,1.0,999,19,2,ref,mcf_drugs_l_raw
1gi1_1gi1_conf0,0.1726022555675659,1.0,999,19,2,ref,mcf_drugs_l_raw
1gj6_1gj6_conf0,0.1052948893010723,1.0,999,26,3,ref,mcf_drugs_l_raw
1gx8_1gx8_conf0,0.5320700302295692,1.0,910,21,5,ref,mcf_drugs_l_raw
1gyx_1gyx_conf0,0.0407180396984511,1.0,1000,9,1,ref,mcf_drugs_l_raw
1h1s_1h1s_conf0,0.747593175848961,1.0,1000,28,6,ref,mcf_drugs_l_raw
1h2k_1h2k_conf0,0.1974381984802326,1.0,919,10,2,ref,mcf_drugs_l_raw
1h4w_1h4w_conf0,0.0556364492029336,1.0,994,9,1,ref,mcf_drugs_l_raw
1i2s_1i2s_conf0,0.4517175942694609,1.0,982,13,5,ref,mcf_drugs_l_raw
1igb_1igb_conf0,0.3590832584826449,1.0,468,14,3,ref,mcf_drugs_l_raw
1iih_1iih_conf0,0.3163092180320654,1.0,499,11,4,ref,mcf_drugs_l_raw
1j14_1j14_conf0,0.0349786859618218,1.0,997,9,1,ref,mcf_drugs_l_raw
1j16_1j16_conf0,0.0494976121875256,1.0,998,9,1,ref,mcf_drugs_l_raw
1j17_1j17_conf0,0.4996933056193734,1.0,999,34,4,ref,mcf_drugs_l_raw
1jsv_1jsv_conf0,0.2922977246703707,1.0,1000,18,3,ref,mcf_drugs_l_raw
1kv1_1kv1_conf0,0.639078574306336,1.0,593,21,2,ref,mcf_drugs_l_raw
1lgw_1lgw_conf0,0.0372809479840155,1.0,1000,8,0,ref,mcf_drugs_l_raw
1lpk_1lpk_conf0,1.324849095307591,0.0,1000,32,7,ref,mcf_drugs_l_raw
1lpz_1lpz_conf0,1.3250438148912889,0.0,1000,32,6,ref,mcf_drugs_l_raw
1lrh_1lrh_conf0,0.0591054996945995,1.0,1000,14,2,ref,mcf_drugs_l_raw
1m2p_1m2p_conf0,0.111721427741837,1.0,1000,21,1,ref,mcf_drugs_l_raw
1m2q_1m2q_conf0,0.0909711403737885,1.0,1000,20,1,ref,mcf_drugs_l_raw
1m2r_1m2r_conf0,0.0762418791336647,1.0,999,20,0,ref,mcf_drugs_l_raw
1mu6_1mu6_conf0,0.9993885722117388,0.0,999,31,8,ref,mcf_drugs_l_raw
1mu8_1mu8_conf0,0.9415378803710636,0.0,1000,32,8,ref,mcf_drugs_l_raw
1n0s_1n0s_conf0,0.1296672632988628,1.0,999,25,2,ref,mcf_drugs_l_raw
1n46_1n46_conf0,0.4482243413311984,1.0,1000,27,4,ref,mcf_drugs_l_raw
1n4h_1n4h_conf0,0.2455439823099466,1.0,760,22,5,ref,mcf_drugs_l_raw
1n5r_1n5r_conf0,0.4303802032619352,1.0,997,31,7,ref,mcf_drugs_l_raw
1ndw_1ndw_conf0,0.5011529351654326,1.0,549,19,6,ref,mcf_drugs_l_raw
1ndy_1ndy_conf0,0.3327805744158935,1.0,520,23,6,ref,mcf_drugs_l_raw
1nfu_1nfu_conf0,2.025777325842808,0.0,998,30,5,ref,mcf_drugs_l_raw
1nfx_1nfx_conf0,1.108284462413447,0.0,999,33,6,ref,mcf_drugs_l_raw
1nl9_1nl9_conf0,2.0310032952229045,0.0,509,39,11,ref,mcf_drugs_l_raw
1no6_1no6_conf0,0.2449920531458116,1.0,902,25,3,ref,mcf_drugs_l_raw
1nq7_1nq7_conf0,0.3965021378849656,1.0,319,25,4,ref,mcf_drugs_l_raw
1o2h_1o2h_conf0,0.2474760444928881,1.0,999,25,4,ref,mcf_drugs_l_raw
1o2j_1o2j_conf0,0.294966127928484,1.0,1000,24,5,ref,mcf_drugs_l_raw
1o2o_1o2o_conf0,0.2573730453456415,1.0,999,25,5,ref,mcf_drugs_l_raw
1o35_1o35_conf0,0.1884015372466183,1.0,1000,20,2,ref,mcf_drugs_l_raw
1o3d_1o3d_conf0,0.107989169112115,1.0,998,25,3,ref,mcf_drugs_l_raw
1o3i_1o3i_conf0,0.0910326926468681,1.0,999,21,2,ref,mcf_drugs_l_raw
1o3j_1o3j_conf0,0.2145748808071204,1.0,999,21,2,ref,mcf_drugs_l_raw
1o5e_1o5e_conf0,0.1549597958878324,1.0,1000,26,3,ref,mcf_drugs_l_raw
1oba_1oba_conf0,0.1212180130770371,1.0,999,7,2,ref,mcf_drugs_l_raw
1ogd_1ogd_conf0,0.0523458981388813,1.0,29,10,0,ref,mcf_drugs_l_raw
1ols_1ols_conf0,1.9574008838111463,0.0,644,26,8,ref,mcf_drugs_l_raw
1olu_1olu_conf0,2.061544923874579,0.0,640,26,8,ref,mcf_drugs_l_raw
1olx_1olx_conf0,1.8161502002529972,0.0,659,26,8,ref,mcf_drugs_l_raw
1om1_1om1_conf0,0.3870730081228647,1.0,998,22,2,ref,mcf_drugs_l_raw
1onz_1onz_conf0,0.3545656456719946,1.0,847,26,3,ref,mcf_drugs_l_raw
1oss_1oss_conf0,0.0463779835811265,1.0,996,9,1,ref,mcf_drugs_l_raw
1owe_1owe_conf0,0.2792571485266868,1.0,999,22,3,ref,mcf_drugs_l_raw
1oxr_1oxr_conf0,0.1682072079964406,1.0,937,13,2,ref,mcf_drugs_l_raw
1p57_1p57_conf0,0.1870752856832079,1.0,1000,19,2,ref,mcf_drugs_l_raw
1pb8_1pb8_conf0,0.0979705843044106,1.0,65,7,2,ref,mcf_drugs_l_raw
1pbq_1pbq_conf0,0.0618192307076982,1.0,998,16,1,ref,mcf_drugs_l_raw
1ppc_1ppc_conf0,1.546374261415856,0.0,545,37,9,ref,mcf_drugs_l_raw
1pxo_1pxo_conf0,0.4583681135933189,1.0,1000,23,4,ref,mcf_drugs_l_raw
1pxp_1pxp_conf0,0.1632425932538037,1.0,1000,23,4,ref,mcf_drugs_l_raw
1q5k_1q5k_conf0,0.3802362693789702,1.0,187,21,5,ref,mcf_drugs_l_raw
1q7a_1q7a_conf0,0.4682513391792521,1.0,622,24,5,ref,mcf_drugs_l_raw
1qb6_1qb6_conf0,0.5237604579306542,1.0,999,29,6,ref,mcf_drugs_l_raw
1ql7_1ql7_conf0,0.6104625254510241,1.0,1000,34,4,ref,mcf_drugs_l_raw
1ql9_1ql9_conf0,0.4144253540455535,1.0,999,34,4,ref,mcf_drugs_l_raw
1qy1_1qy1_conf0,0.1158380657870116,1.0,1000,12,3,ref,mcf_drugs_l_raw
1qy2_1qy2_conf0,0.092226077467815,1.0,1000,11,2,ref,mcf_drugs_l_raw
1r9l_1r9l_conf0,0.0654060274989228,1.0,991,8,2,ref,mcf_drugs_l_raw
1rbp_1rbp_conf0,0.181583344177142,1.0,915,21,5,ref,mcf_drugs_l_raw
1rd4_1rd4_conf0,1.0013267472896537,0.0,1000,34,7,ref,mcf_drugs_l_raw
1rmz_1rmz_conf0,0.5479640240861394,1.0,1000,21,7,ref,mcf_drugs_l_raw
1ro6_1ro6_conf0,0.2811740222664377,1.0,491,20,4,ref,mcf_drugs_l_raw
1rtf_1rtf_conf0,0.0182910311471265,1.0,996,9,1,ref,mcf_drugs_l_raw
1s39_1s39_conf0,0.066812680213399,1.0,1000,12,0,ref,mcf_drugs_l_raw
1sqo_1sqo_conf0,0.1517439059117777,1.0,986,20,3,ref,mcf_drugs_l_raw
1sv3_1sv3_conf0,0.0402682726064452,1.0,999,11,2,ref,mcf_drugs_l_raw
1sw2_1sw2_conf0,0.066423515066269,1.0,992,8,2,ref,mcf_drugs_l_raw
1t4v_1t4v_conf0,1.7958558339587691,0.0,969,27,10,ref,mcf_drugs_l_raw
1td7_1td7_conf0,0.2089013332985134,1.0,1000,20,3,ref,mcf_drugs_l_raw
1tkb_1tkb_conf0,2.015329222381108,0.0,575,26,8,ref,mcf_drugs_l_raw
1tlp_1tlp_conf0,1.9460075568853483,0.0,18,37,11,ref,mcf_drugs_l_raw
1tng_1tng_conf0,0.0579004658633399,1.0,1000,8,1,ref,mcf_drugs_l_raw
1tnh_1tnh_conf0,0.0419376192356766,1.0,1000,9,1,ref,mcf_drugs_l_raw
1tni_1tni_conf0,0.4957707048544597,1.0,999,11,4,ref,mcf_drugs_l_raw
1ttm_1ttm_conf0,0.3889382948636991,1.0,1000,21,2,ref,mcf_drugs_l_raw
1u1w_1u1w_conf0,0.0503077468675803,1.0,998,11,1,ref,mcf_drugs_l_raw
1u71_1u71_conf0,0.303603493160441,1.0,1000,24,4,ref,mcf_drugs_l_raw
1usn_1usn_conf0,0.6119206591427417,1.0,45,27,5,ref,mcf_drugs_l_raw
1utj_1utj_conf0,0.0315515083700931,1.0,1000,8,1,ref,mcf_drugs_l_raw
1utm_1utm_conf0,0.080454919693975,1.0,998,9,2,ref,mcf_drugs_l_raw
1utn_1utn_conf0,0.0666037687050398,1.0,1000,8,1,ref,mcf_drugs_l_raw
1uv6_1uv6_conf0,0.6079522515241476,1.0,997,10,3,ref,mcf_drugs_l_raw
1uvt_1uvt_conf0,1.1199665447002862,0.0,999,27,8,ref,mcf_drugs_l_raw
1v11_1v11_conf0,1.925706488693975,0.0,616,26,8,ref,mcf_drugs_l_raw
1v16_1v16_conf0,1.9720949462096389,0.0,642,26,8,ref,mcf_drugs_l_raw
1v1m_1v1m_conf0,1.99614934682343,0.0,648,26,8,ref,mcf_drugs_l_raw
1v2j_1v2j_conf0,0.0775382428153838,1.0,999,9,1,ref,mcf_drugs_l_raw
1v2k_1v2k_conf0,0.3998089405704722,1.0,997,34,4,ref,mcf_drugs_l_raw
1v2l_1v2l_conf0,0.0744268971170679,1.0,995,9,1,ref,mcf_drugs_l_raw
1v2s_1v2s_conf0,0.0775430587416,1.0,1000,9,1,ref,mcf_drugs_l_raw
1v2u_1v2u_conf0,0.0803079251416234,1.0,996,9,1,ref,mcf_drugs_l_raw
1wht_1wht_conf0,0.438312186074551,1.0,480,15,5,ref,mcf_drugs_l_raw
1xbo_1xbo_conf0,0.6977800158405892,1.0,999,31,8,ref,mcf_drugs_l_raw
1xk9_1xk9_conf0,0.7346799552004207,1.0,994,22,3,ref,mcf_drugs_l_raw
1xpz_1xpz_conf0,0.2949991874806346,1.0,1000,26,6,ref,mcf_drugs_l_raw
1xq0_1xq0_conf0,0.3227410345936403,1.0,999,27,6,ref,mcf_drugs_l_raw
1xug_1xug_conf0,1.0658391915891705,0.0,997,25,4,ref,mcf_drugs_l_raw
1y1z_1y1z_conf0,0.0982281162271945,1.0,918,8,1,ref,mcf_drugs_l_raw
1y20_1y20_conf0,0.0556204000141283,1.0,984,7,1,ref,mcf_drugs_l_raw
1y6q_1y6q_conf0,0.7333236820917006,1.0,264,20,4,ref,mcf_drugs_l_raw
1yda_1yda_conf0,0.1795845715432988,1.0,255,13,2,ref,mcf_drugs_l_raw
1ydb_1ydb_conf0,0.1080501626911717,1.0,256,13,2,ref,mcf_drugs_l_raw
1ydd_1ydd_conf0,0.072121289248656,1.0,261,13,2,ref,mcf_drugs_l_raw
1yds_1yds_conf0,0.4059513217258451,1.0,1000,18,5,ref,mcf_drugs_l_raw
1z9y_1z9y_conf0,0.1324982785085543,1.0,1000,21,5,ref,mcf_drugs_l_raw
1zc9_1zc9_conf0,0.5488212269850556,1.0,297,16,4,ref,mcf_drugs_l_raw
1zdp_1zdp_conf0,0.4625823497730003,1.0,499,17,6,ref,mcf_drugs_l_raw
1zfq_1zfq_conf0,0.0910685856732204,1.0,999,14,1,ref,mcf_drugs_l_raw
1zge_1zge_conf0,0.0919180347633919,1.0,1000,13,1,ref,mcf_drugs_l_raw
1zoe_1zoe_conf0,0.0802704147775001,1.0,998,16,1,ref,mcf_drugs_l_raw
1zog_1zog_conf0,0.1596489491486118,1.0,998,15,1,ref,mcf_drugs_l_raw
2afw_2afw_conf0,0.5841528905478471,1.0,999,11,3,ref,mcf_drugs_l_raw
2afx_2afx_conf0,0.1493840643105623,1.0,1000,12,2,ref,mcf_drugs_l_raw
2aj8_2aj8_conf0,0.3142791173083267,1.0,966,26,3,ref,mcf_drugs_l_raw
2ans_2ans_conf0,0.1964932537995352,1.0,997,21,3,ref,mcf_drugs_l_raw
2ax9_2ax9_conf0,0.1992595359903806,1.0,480,21,4,ref,mcf_drugs_l_raw
2ayr_2ayr_conf0,2.480784068782032,0.0,999,37,8,ref,mcf_drugs_l_raw
2b4l_2b4l_conf0,0.0540054883700491,1.0,995,8,2,ref,mcf_drugs_l_raw
2b9a_2b9a_conf0,0.0937196928529014,1.0,1000,17,2,ref,mcf_drugs_l_raw
2baj_2baj_conf0,0.5542869358720133,1.0,630,27,3,ref,mcf_drugs_l_raw
2bak_2bak_conf0,2.6585676322601284,0.0,948,43,10,ref,mcf_drugs_l_raw
2bo4_2bo4_conf0,0.3197832078099432,1.0,981,13,5,ref,mcf_drugs_l_raw
2brm_2brm_conf0,0.2528728676363009,1.0,1000,25,5,ref,mcf_drugs_l_raw
2buv_2buv_conf0,0.0345548150026263,1.0,1000,11,1,ref,mcf_drugs_l_raw
2bza_2bza_conf0,0.0648467443688263,1.0,999,8,1,ref,mcf_drugs_l_raw
2c1p_2c1p_conf0,0.232480294653269,1.0,267,24,5,ref,mcf_drugs_l_raw
2c97_2c97_conf0,0.6514269609095646,1.0,796,18,6,ref,mcf_drugs_l_raw
2cc7_2cc7_conf0,0.0409469558666826,1.0,999,18,0,ref,mcf_drugs_l_raw
2cgr_2cgr_conf0,0.7948639284302909,0.0,523,29,6,ref,mcf_drugs_l_raw
2csn_2csn_conf0,0.2868598927930625,1.0,996,18,4,ref,mcf_drugs_l_raw
2dri_2dri_conf0,0.5468286575009781,1.0,26,10,0,ref,mcf_drugs_l_raw
2dw7_2dw7_conf0,0.1413152686510692,1.0,694,10,3,ref,mcf_drugs_l_raw
2e2r_2e2r_conf0,0.0865178643445783,1.0,1000,17,2,ref,mcf_drugs_l_raw
2exm_2exm_conf0,0.3139110904271627,1.0,1000,15,3,ref,mcf_drugs_l_raw
2ez7_2ez7_conf0,0.2885154285664754,1.0,546,11,3,ref,mcf_drugs_l_raw
2f7i_2f7i_conf0,0.1236673648480281,1.0,1000,17,2,ref,mcf_drugs_l_raw
2fpz_2fpz_conf0,0.0361035434349908,1.0,1000,10,0,ref,mcf_drugs_l_raw
2fw6_2fw6_conf0,0.1460059448965275,1.0,986,13,5,ref,mcf_drugs_l_raw
2fx6_2fx6_conf0,0.0600471165883203,1.0,1000,10,0,ref,mcf_drugs_l_raw
2g5u_2g5u_conf0,0.1078188441411879,1.0,1000,18,1,ref,mcf_drugs_l_raw
2gkl_2gkl_conf0,0.0576084917093584,1.0,999,12,2,ref,mcf_drugs_l_raw
2glp_2glp_conf0,0.6076055596063885,1.0,352,21,3,ref,mcf_drugs_l_raw
2gvj_2gvj_conf0,0.9774558290230032,0.0,999,29,8,ref,mcf_drugs_l_raw
2h4g_2h4g_conf0,0.3721580615045282,1.0,993,21,5,ref,mcf_drugs_l_raw
2h4k_2h4k_conf0,0.3108195412915591,1.0,990,20,5,ref,mcf_drugs_l_raw
2h4n_2h4n_conf0,0.1419053968732767,1.0,238,13,2,ref,mcf_drugs_l_raw
2h6b_2h6b_conf0,0.1042953219453538,1.0,1000,12,2,ref,mcf_drugs_l_raw
2ha3_2ha3_conf0,0.0316402340921754,1.0,998,7,2,ref,mcf_drugs_l_raw
2hjb_2hjb_conf0,0.2065683552302858,1.0,1000,10,2,ref,mcf_drugs_l_raw
2hoc_2hoc_conf0,1.0934862642964005,0.0,1000,22,4,ref,mcf_drugs_l_raw
2hxm_2hxm_conf0,1.0015746571330513,0.0,893,25,8,ref,mcf_drugs_l_raw
2i19_2i19_conf0,0.4715254913169543,1.0,972,17,5,ref,mcf_drugs_l_raw
2i6b_2i6b_conf0,0.5605099614788314,1.0,999,30,3,ref,mcf_drugs_l_raw
2i80_2i80_conf0,0.3741782791194376,1.0,998,18,3,ref,mcf_drugs_l_raw
2iko_2iko_conf0,0.3513543228166508,1.0,1000,26,5,ref,mcf_drugs_l_raw
2iuz_2iuz_conf0,0.7935152773583188,0.0,998,28,3,ref,mcf_drugs_l_raw
2jew_2jew_conf0,0.8614199239547171,0.0,120,17,8,ref,mcf_drugs_l_raw
2jfz_2jfz_conf0,0.2290453148448569,1.0,1000,33,5,ref,mcf_drugs_l_raw
2nn1_2nn1_conf0,0.4255770354578437,1.0,1000,15,4,ref,mcf_drugs_l_raw
2nnd_2nnd_conf0,0.1377857143732191,1.0,1000,12,3,ref,mcf_drugs_l_raw
2nta_2nta_conf0,0.2250535261258853,1.0,1000,20,2,ref,mcf_drugs_l_raw
2o0u_2o0u_conf0,0.5928794554344886,1.0,989,34,5,ref,mcf_drugs_l_raw
2ojj_2ojj_conf0,0.3507904952438075,1.0,510,31,6,ref,mcf_drugs_l_raw
2ot1_2ot1_conf0,0.2429997389196837,1.0,976,25,4,ref,mcf_drugs_l_raw
2p16_2p16_conf0,0.5067829402626532,1.0,1000,34,5,ref,mcf_drugs_l_raw
2p7a_2p7a_conf0,0.0264749468681761,1.0,1000,9,0,ref,mcf_drugs_l_raw
2p7g_2p7g_conf0,0.1932037682004144,1.0,1000,17,2,ref,mcf_drugs_l_raw
2p7z_2p7z_conf0,0.3258518466165864,1.0,996,29,8,ref,mcf_drugs_l_raw
2pou_2pou_conf0,0.1072918770809202,1.0,1000,16,2,ref,mcf_drugs_l_raw
2pov_2pov_conf0,0.1312238574707632,1.0,1000,16,2,ref,mcf_drugs_l_raw
2pow_2pow_conf0,0.1106076602992942,1.0,1000,19,2,ref,mcf_drugs_l_raw
2pql_2pql_conf0,0.0939843619466128,1.0,987,12,2,ref,mcf_drugs_l_raw
2pu2_2pu2_conf0,0.2050416624914884,1.0,492,26,5,ref,mcf_drugs_l_raw
2pvh_2pvh_conf0,0.4749220353460001,1.0,1000,23,4,ref,mcf_drugs_l_raw
2pvj_2pvj_conf0,0.2203312839336809,1.0,995,26,5,ref,mcf_drugs_l_raw
2pvk_2pvk_conf0,0.3101870966896265,1.0,999,27,5,ref,mcf_drugs_l_raw
2pvl_2pvl_conf0,0.3089503517580311,1.0,977,26,4,ref,mcf_drugs_l_raw
2pvm_2pvm_conf0,0.2303186985539352,1.0,1000,26,6,ref,mcf_drugs_l_raw
2q1q_2q1q_conf0,0.4167437541657131,1.0,999,18,2,ref,mcf_drugs_l_raw
2q7q_2q7q_conf0,0.0777855145423625,1.0,1000,9,1,ref,mcf_drugs_l_raw
2qbs_2qbs_conf0,0.5856853889177939,1.0,998,27,7,ref,mcf_drugs_l_raw
2qdt_2qdt_conf0,0.3274295235907252,1.0,374,11,4,ref,mcf_drugs_l_raw
2qg2_2qg2_conf0,0.4028363246837784,1.0,998,24,2,ref,mcf_drugs_l_raw
2qm9_2qm9_conf0,1.019542402180893,0.0,252,31,5,ref,mcf_drugs_l_raw
2qpq_2qpq_conf0,0.1938179680095567,1.0,989,13,5,ref,mcf_drugs_l_raw
2qrl_2qrl_conf0,0.0937974165059654,1.0,938,10,2,ref,mcf_drugs_l_raw
2qtt_2qtt_conf0,0.3157313170921636,1.0,485,19,2,ref,mcf_drugs_l_raw
2r2m_2r2m_conf0,1.1401148655994426,0.0,986,30,10,ref,mcf_drugs_l_raw
2ra0_2ra0_conf0,0.8245092519974554,0.0,979,39,6,ref,mcf_drugs_l_raw
2ra6_2ra6_conf0,0.0479899110954566,1.0,1000,9,1,ref,mcf_drugs_l_raw
2rcb_2rcb_conf0,0.2562444331647248,1.0,56,7,2,ref,mcf_drugs_l_raw
2reg_2reg_conf0,0.0522101332390253,1.0,999,7,2,ref,mcf_drugs_l_raw
2rfh_2rfh_conf0,0.5648845230477703,1.0,533,15,5,ref,mcf_drugs_l_raw
2rin_2rin_conf0,0.4220242843622975,1.0,999,10,3,ref,mcf_drugs_l_raw
2rkd_2rkd_conf0,0.1346596571050047,1.0,1000,9,3,ref,mcf_drugs_l_raw
2uwd_2uwd_conf0,0.536704071367189,1.0,1000,27,5,ref,mcf_drugs_l_raw
2uxi_2uxi_conf0,0.4621459435770491,1.0,1000,20,4,ref,mcf_drugs_l_raw
2uy5_2uy5_conf0,0.1405037993304433,1.0,1000,16,3,ref,mcf_drugs_l_raw
2uyn_2uyn_conf0,0.0860072051293855,1.0,999,7,2,ref,mcf_drugs_l_raw
2uyq_2uyq_conf0,0.1540494298866712,1.0,238,17,1,ref,mcf_drugs_l_raw
2v57_2v57_conf0,0.0304762047359631,1.0,999,16,0,ref,mcf_drugs_l_raw
2v58_2v58_conf0,0.0589295871133123,1.0,1000,20,1,ref,mcf_drugs_l_raw
2v59_2v59_conf0,0.1134833281899374,1.0,1000,22,3,ref,mcf_drugs_l_raw
2vba_2vba_conf0,0.1894810029778006,1.0,1000,16,3,ref,mcf_drugs_l_raw
2vnp_2vnp_conf0,1.0884975295510713,0.0,708,14,6,ref,mcf_drugs_l_raw
2vuk_2vuk_conf0,0.0894758903545614,1.0,1000,18,3,ref,mcf_drugs_l_raw
2vvv_2vvv_conf0,1.1855910593426793,0.0,435,32,6,ref,mcf_drugs_l_raw
2w9h_2w9h_conf0,0.2939664755384449,1.0,1000,21,5,ref,mcf_drugs_l_raw
2weh_2weh_conf0,0.0998152370078278,1.0,1000,11,1,ref,mcf_drugs_l_raw
2wej_2wej_conf0,0.0837909596745174,1.0,1000,10,1,ref,mcf_drugs_l_raw
2wnj_2wnj_conf0,0.3693736110035753,1.0,997,23,4,ref,mcf_drugs_l_raw
2wor_2wor_conf0,0.1170083530916289,1.0,994,21,3,ref,mcf_drugs_l_raw
2wos_2wos_conf0,0.086637113728657,1.0,1000,21,3,ref,mcf_drugs_l_raw
2xdk_2xdk_conf0,0.1551119928423446,1.0,1000,13,1,ref,mcf_drugs_l_raw
2xdx_2xdx_conf0,0.132233993985306,1.0,1000,16,2,ref,mcf_drugs_l_raw
2xht_2xht_conf0,0.1127053404321147,1.0,1000,19,1,ref,mcf_drugs_l_raw
2xj2_2xj2_conf0,0.6443792575209586,1.0,211,25,4,ref,mcf_drugs_l_raw
2xjg_2xjg_conf0,0.215784351473478,1.0,1000,23,3,ref,mcf_drugs_l_raw
2xjj_2xjj_conf0,0.1266867539396109,1.0,1000,23,1,ref,mcf_drugs_l_raw
2xn3_2xn3_conf0,0.2746152074015027,1.0,996,18,3,ref,mcf_drugs_l_raw
2xn5_2xn5_conf0,0.1606300023731761,1.0,1000,21,5,ref,mcf_drugs_l_raw
2xp7_2xp7_conf0,0.2956788158137144,1.0,989,17,3,ref,mcf_drugs_l_raw
2y8c_2y8c_conf0,0.9702051706394262,0.0,482,38,12,ref,mcf_drugs_l_raw
2yi0_2yi0_conf0,0.3100250713070189,1.0,1000,22,3,ref,mcf_drugs_l_raw
2yi7_2yi7_conf0,0.2695210869807282,1.0,1000,23,4,ref,mcf_drugs_l_raw
2yix_2yix_conf0,0.570244820322508,1.0,1000,26,6,ref,mcf_drugs_l_raw
2yz3_2yz3_conf0,0.5446679005336742,1.0,475,15,6,ref,mcf_drugs_l_raw
2z1w_2z1w_conf0,0.065742040545437,1.0,1000,15,3,ref,mcf_drugs_l_raw
2za0_2za0_conf0,0.1301306666945575,1.0,1000,22,3,ref,mcf_drugs_l_raw
2za5_2za5_conf0,1.1228450107689187,0.0,993,31,2,ref,mcf_drugs_l_raw
2zcs_2zcs_conf0,0.4275046579496636,1.0,497,24,7,ref,mcf_drugs_l_raw
3acx_3acx_conf0,0.908170880548203,0.0,999,23,9,ref,mcf_drugs_l_raw
3ai8_3ai8_conf0,0.1848449844564172,1.0,1000,14,1,ref,mcf_drugs_l_raw
3ao2_3ao2_conf0,0.4237695549643165,1.0,1000,17,1,ref,mcf_drugs_l_raw
3aqt_3aqt_conf0,0.0210736575873483,1.0,1000,8,0,ref,mcf_drugs_l_raw
3arx_3arx_conf0,0.4787823661030674,1.0,1000,22,7,ref,mcf_drugs_l_raw
3b24_3b24_conf0,0.4434419812160614,1.0,1000,11,2,ref,mcf_drugs_l_raw
3b25_3b25_conf0,0.1779276828706218,1.0,1000,18,2,ref,mcf_drugs_l_raw
3b26_3b26_conf0,0.0599701946234378,1.0,1000,21,1,ref,mcf_drugs_l_raw
3b66_3b66_conf0,0.4714626685916791,1.0,467,29,6,ref,mcf_drugs_l_raw
3b7j_3b7j_conf0,0.0473576363938028,1.0,1000,13,0,ref,mcf_drugs_l_raw
3b92_3b92_conf0,0.3500985616775707,1.0,1000,18,6,ref,mcf_drugs_l_raw
3bgc_3bgc_conf0,1.0267528643809245,0.0,960,41,14,ref,mcf_drugs_l_raw
3bgq_3bgq_conf0,0.2539057737954983,1.0,999,26,3,ref,mcf_drugs_l_raw
3bl0_3bl0_conf0,0.2343844838020655,1.0,1000,13,3,ref,mcf_drugs_l_raw
3bl1_3bl1_conf0,1.1189449447071638,0.0,89,24,3,ref,mcf_drugs_l_raw
3bqc_3bqc_conf0,0.0442279412878193,1.0,1000,20,0,ref,mcf_drugs_l_raw
3bra_3bra_conf0,0.1330140996566988,1.0,997,10,2,ref,mcf_drugs_l_raw
3brn_3brn_conf0,0.0803553774540454,1.0,990,13,2,ref,mcf_drugs_l_raw
3buf_3buf_conf0,0.0822532345682964,1.0,470,11,2,ref,mcf_drugs_l_raw
3bug_3bug_conf0,0.2774330643796012,1.0,997,12,3,ref,mcf_drugs_l_raw
3buh_3buh_conf0,0.2920258276710582,1.0,993,16,3,ref,mcf_drugs_l_raw
3bxe_3bxe_conf0,0.3349991996693572,1.0,987,10,4,ref,mcf_drugs_l_raw
3c2o_3c2o_conf0,0.1342075112818132,1.0,988,12,2,ref,mcf_drugs_l_raw
3c2r_3c2r_conf0,0.1025816563699297,1.0,991,12,2,ref,mcf_drugs_l_raw
3c39_3c39_conf0,0.3004899964932045,1.0,509,11,4,ref,mcf_drugs_l_raw
3c4h_3c4h_conf0,0.0586980323502003,1.0,1000,12,0,ref,mcf_drugs_l_raw
3c79_3c79_conf0,0.3565387239772256,1.0,1000,17,4,ref,mcf_drugs_l_raw
3c84_3c84_conf0,0.1287626194458414,1.0,841,16,2,ref,mcf_drugs_l_raw
3cf8_3cf8_conf0,0.2322047600304434,1.0,1000,22,1,ref,mcf_drugs_l_raw
3cfn_3cfn_conf0,0.1595732185017802,1.0,993,21,3,ref,mcf_drugs_l_raw
3cj5_3cj5_conf0,0.788671061253073,0.0,833,30,5,ref,mcf_drugs_l_raw
3cs7_3cs7_conf0,0.5521881417748011,1.0,997,37,6,ref,mcf_drugs_l_raw
3cz1_3cz1_conf0,0.4356218258995539,1.0,1000,14,5,ref,mcf_drugs_l_raw
3czv_3czv_conf0,0.1841574220973373,1.0,282,13,2,ref,mcf_drugs_l_raw
3d0b_3d0b_conf0,0.3382111659994601,1.0,1000,28,6,ref,mcf_drugs_l_raw
3d78_3d78_conf0,0.511697286765297,1.0,1000,14,5,ref,mcf_drugs_l_raw
3d83_3d83_conf0,0.5958449922833231,1.0,928,35,7,ref,mcf_drugs_l_raw
3d8w_3d8w_conf0,0.6571997216577887,1.0,1000,19,4,ref,mcf_drugs_l_raw
3d9z_3d9z_conf0,0.1158226751509275,1.0,1000,16,2,ref,mcf_drugs_l_raw
3dbu_3dbu_conf0,0.6074388993715092,1.0,1000,19,4,ref,mcf_drugs_l_raw
3dc3_3dc3_conf0,0.1885729888361234,1.0,228,13,2,ref,mcf_drugs_l_raw
3dcc_3dcc_conf0,0.0983184619247198,1.0,1000,16,2,ref,mcf_drugs_l_raw
3dd8_3dd8_conf0,0.4899458613592204,1.0,999,24,4,ref,mcf_drugs_l_raw
3dnd_3dnd_conf0,0.217431592646223,1.0,1000,13,2,ref,mcf_drugs_l_raw
3e5u_3e5u_conf0,0.0917018462255018,1.0,1000,12,2,ref,mcf_drugs_l_raw
3ebo_3ebo_conf0,0.0614001929046647,1.0,1000,19,1,ref,mcf_drugs_l_raw
3ed0_3ed0_conf0,0.0601990930181871,1.0,1000,20,0,ref,mcf_drugs_l_raw
3eko_3eko_conf0,0.1145801727853139,1.0,1000,16,1,ref,mcf_drugs_l_raw
3ekr_3ekr_conf0,0.3021495847973375,1.0,495,22,2,ref,mcf_drugs_l_raw
3eqr_3eqr_conf0,0.8040563612264043,0.0,992,38,9,ref,mcf_drugs_l_raw
3exh_3exh_conf0,2.0293909663564134,0.0,650,26,8,ref,mcf_drugs_l_raw
3f18_3f18_conf0,0.5990656213860207,1.0,1000,19,6,ref,mcf_drugs_l_raw
3f19_3f19_conf0,0.4065821303441914,1.0,1000,16,4,ref,mcf_drugs_l_raw
3f1a_3f1a_conf0,0.3225893788784654,1.0,1000,15,4,ref,mcf_drugs_l_raw
3f33_3f33_conf0,0.0987158553744006,1.0,1000,13,2,ref,mcf_drugs_l_raw
3f37_3f37_conf0,0.0190900201500661,1.0,1000,9,0,ref,mcf_drugs_l_raw
3f78_3f78_conf0,0.116587767749856,1.0,526,10,2,ref,mcf_drugs_l_raw
3ffp_3ffp_conf0,0.33344349703056,1.0,1000,18,2,ref,mcf_drugs_l_raw
3fhb_3fhb_conf0,0.0470567203994532,1.0,998,10,1,ref,mcf_drugs_l_raw
3fj7_3fj7_conf0,0.1182914453035994,1.0,529,10,3,ref,mcf_drugs_l_raw
3fjg_3fjg_conf0,0.1678975119606489,1.0,491,11,4,ref,mcf_drugs_l_raw
3fl5_3fl5_conf0,0.0503968649392441,1.0,1000,20,0,ref,mcf_drugs_l_raw
3fql_3fql_conf0,0.4463103902984161,1.0,1000,31,7,ref,mcf_drugs_l_raw
3g0i_3g0i_conf0,0.2433857141845526,1.0,999,10,5,ref,mcf_drugs_l_raw
3g2y_3g2y_conf0,0.4339287003643555,1.0,1000,14,2,ref,mcf_drugs_l_raw
3gcu_3gcu_conf0,1.396841630124198,0.0,609,38,5,ref,mcf_drugs_l_raw
3gy2_3gy2_conf0,0.2802218251536461,1.0,981,21,5,ref,mcf_drugs_l_raw
3gy3_3gy3_conf0,0.776810525582613,0.0,996,25,10,ref,mcf_drugs_l_raw
3gy7_3gy7_conf0,0.0284453472833516,1.0,998,9,1,ref,mcf_drugs_l_raw
3h1x_3h1x_conf0,0.8029524200817942,0.0,1000,25,4,ref,mcf_drugs_l_raw
3h30_3h30_conf0,0.3797922718432234,1.0,101,20,2,ref,mcf_drugs_l_raw
3h78_3h78_conf0,0.0736938173254831,1.0,995,10,1,ref,mcf_drugs_l_raw
3hig_3hig_conf0,0.301306305661163,1.0,989,21,5,ref,mcf_drugs_l_raw
3hll_3hll_conf0,0.7143308209796086,1.0,1000,30,5,ref,mcf_drugs_l_raw
3hp9_3hp9_conf0,0.2660473934739172,1.0,999,23,4,ref,mcf_drugs_l_raw
3hs4_3hs4_conf0,0.1133426061535621,1.0,237,13,2,ref,mcf_drugs_l_raw
3hww_3hww_conf0,0.271641969590062,1.0,998,10,4,ref,mcf_drugs_l_raw
3i51_3i51_conf0,0.0511445612863273,1.0,1000,10,0,ref,mcf_drugs_l_raw
3ibi_3ibi_conf0,0.545884763993056,1.0,998,13,8,ref,mcf_drugs_l_raw
3ibl_3ibl_conf0,3.2917822753211343,0.0,990,18,11,ref,mcf_drugs_l_raw
3ibu_3ibu_conf0,0.5819887517420619,1.0,998,15,10,ref,mcf_drugs_l_raw
3igp_3igp_conf0,0.3309693998593269,1.0,1000,18,3,ref,mcf_drugs_l_raw
3ime_3ime_conf0,0.1053442671277229,1.0,999,12,1,ref,mcf_drugs_l_raw
3iof_3iof_conf0,0.5224022858083485,1.0,997,18,6,ref,mcf_drugs_l_raw
3iog_3iog_conf0,0.231431020026088,1.0,494,14,2,ref,mcf_drugs_l_raw
3ip8_3ip8_conf0,0.1144084352738907,1.0,999,11,2,ref,mcf_drugs_l_raw
3iub_3iub_conf0,0.2333718758479442,1.0,410,24,4,ref,mcf_drugs_l_raw
3iue_3iue_conf0,0.761387646157086,0.0,764,28,6,ref,mcf_drugs_l_raw
3ivx_3ivx_conf0,1.0216241879268684,0.0,719,30,6,ref,mcf_drugs_l_raw
3iw5_3iw5_conf0,0.7860684817258979,0.0,997,39,8,ref,mcf_drugs_l_raw
3k8q_3k8q_conf0,0.4149708852099454,1.0,986,17,5,ref,mcf_drugs_l_raw
3k97_3k97_conf0,0.2772809011013203,1.0,515,23,2,ref,mcf_drugs_l_raw
3kgq_3kgq_conf0,0.3071719693317116,1.0,984,13,5,ref,mcf_drugs_l_raw
3kgt_3kgt_conf0,0.08020613782417,1.0,1000,20,1,ref,mcf_drugs_l_raw
3kgu_3kgu_conf0,0.1245621751715296,1.0,1000,20,1,ref,mcf_drugs_l_raw
3kku_3kku_conf0,0.8550814620940229,0.0,1000,23,6,ref,mcf_drugs_l_raw
3kmx_3kmx_conf0,0.4195316235747773,1.0,999,17,6,ref,mcf_drugs_l_raw
3kmy_3kmy_conf0,0.4082267262216564,1.0,1000,16,3,ref,mcf_drugs_l_raw
3l0v_3l0v_conf0,0.1436206381519637,1.0,490,21,3,ref,mcf_drugs_l_raw
3l3l_3l3l_conf0,0.5945914503320509,1.0,991,19,2,ref,mcf_drugs_l_raw
3l59_3l59_conf0,0.1356570617417228,1.0,1000,17,2,ref,mcf_drugs_l_raw
3lgs_3lgs_conf0,0.2626475276133648,1.0,251,17,1,ref,mcf_drugs_l_raw
3lk8_3lk8_conf0,0.3993305635501522,1.0,1000,17,5,ref,mcf_drugs_l_raw
3m35_3m35_conf0,2.422607692853554,0.0,977,37,6,ref,mcf_drugs_l_raw
3m36_3m36_conf0,2.493843756953138,0.0,981,37,6,ref,mcf_drugs_l_raw
3m37_3m37_conf0,1.721495214812678,0.0,951,37,6,ref,mcf_drugs_l_raw
3m3x_3m3x_conf0,2.2022250479087595,0.0,1000,24,7,ref,mcf_drugs_l_raw
3m40_3m40_conf0,0.3441621683164959,1.0,1000,21,4,ref,mcf_drugs_l_raw
3m5e_3m5e_conf0,0.5245639885312606,1.0,1000,23,6,ref,mcf_drugs_l_raw
3m67_3m67_conf0,0.6277640609345895,1.0,999,28,5,ref,mcf_drugs_l_raw
3m96_3m96_conf0,0.8321104350711293,0.0,999,25,5,ref,mcf_drugs_l_raw
3mam_3mam_conf0,0.0521540778312494,1.0,995,8,2,ref,mcf_drugs_l_raw
3mdz_3mdz_conf0,0.305392853855652,1.0,1000,16,3,ref,mcf_drugs_l_raw
3mhl_3mhl_conf0,0.665955548704508,1.0,1000,23,6,ref,mcf_drugs_l_raw
3mhm_3mhm_conf0,0.6334992484322174,1.0,1000,29,8,ref,mcf_drugs_l_raw
3mho_3mho_conf0,0.5235576298654673,1.0,1000,22,5,ref,mcf_drugs_l_raw
3mhw_3mhw_conf0,0.100475834433634,1.0,1000,10,0,ref,mcf_drugs_l_raw
3miy_3miy_conf0,0.9080413784634254,0.0,851,29,7,ref,mcf_drugs_l_raw
3ml2_3ml2_conf0,0.5021235551490857,1.0,769,27,5,ref,mcf_drugs_l_raw
3ml5_3ml5_conf0,0.1283230027162726,1.0,263,13,2,ref,mcf_drugs_l_raw
3mmf_3mmf_conf0,0.3263300884258803,1.0,1000,22,6,ref,mcf_drugs_l_raw
3mna_3mna_conf0,0.3416144304229892,1.0,1000,24,6,ref,mcf_drugs_l_raw
3ms9_3ms9_conf0,0.0872193556703679,1.0,1000,12,1,ref,mcf_drugs_l_raw
3myq_3myq_conf0,1.8975854086632609,0.0,999,28,5,ref,mcf_drugs_l_raw
3mzc_3mzc_conf0,0.6458114772692265,1.0,949,19,3,ref,mcf_drugs_l_raw
3n0n_3n0n_conf0,0.3669476407435897,1.0,491,25,3,ref,mcf_drugs_l_raw
3n2p_3n2p_conf0,0.3801584941077945,1.0,423,23,4,ref,mcf_drugs_l_raw
3n2v_3n2v_conf0,0.4664868126113241,1.0,999,24,7,ref,mcf_drugs_l_raw
3n3j_3n3j_conf0,0.4946957474454249,1.0,804,23,4,ref,mcf_drugs_l_raw
3n4b_3n4b_conf0,0.3633704366407123,1.0,472,21,3,ref,mcf_drugs_l_raw
3n9r_3n9r_conf0,1.1860791581569907,0.0,839,15,7,ref,mcf_drugs_l_raw
3nb5_3nb5_conf0,2.946934189514929,0.0,1000,24,6,ref,mcf_drugs_l_raw
3nee_3nee_conf0,0.6434986470011284,1.0,1000,24,6,ref,mcf_drugs_l_raw
3nes_3nes_conf0,0.5359945882926014,1.0,999,24,6,ref,mcf_drugs_l_raw
3ni5_3ni5_conf0,2.5031921216342585,0.0,999,30,11,ref,mcf_drugs_l_raw
3npc_3npc_conf0,1.5427895920627372,0.0,665,39,7,ref,mcf_drugs_l_raw
3o5x_3o5x_conf0,1.3077084873958729,0.0,998,42,8,ref,mcf_drugs_l_raw
3o84_3o84_conf0,0.281577489559729,1.0,1000,25,4,ref,mcf_drugs_l_raw
3o8p_3o8p_conf0,0.4340070987341914,1.0,597,21,2,ref,mcf_drugs_l_raw
3oaf_3oaf_conf0,0.4588202859498327,1.0,1000,22,3,ref,mcf_drugs_l_raw
3ocp_3ocp_conf0,1.106747691654976,0.0,14,22,1,ref,mcf_drugs_l_raw
3ovn_3ovn_conf0,0.1623160337163843,1.0,1000,12,1,ref,mcf_drugs_l_raw
3oy0_3oy0_conf0,0.5272045306278653,1.0,541,21,5,ref,mcf_drugs_l_raw
3p3r_3p3r_conf0,0.3879942580557786,1.0,1000,20,3,ref,mcf_drugs_l_raw
3p3t_3p3t_conf0,0.3933317231511891,1.0,999,18,5,ref,mcf_drugs_l_raw
3p58_3p58_conf0,0.0979168203671376,1.0,1000,12,2,ref,mcf_drugs_l_raw
3p5l_3p5l_conf0,0.2109641498767623,1.0,1000,17,1,ref,mcf_drugs_l_raw
3pb7_3pb7_conf0,1.0529917610704913,0.0,998,22,7,ref,mcf_drugs_l_raw
3pb8_3pb8_conf0,0.2559364634502099,1.0,1000,11,3,ref,mcf_drugs_l_raw
3pb9_3pb9_conf0,0.1735074214806891,1.0,1000,12,2,ref,mcf_drugs_l_raw
3pce_3pce_conf0,0.1461778205566634,1.0,1000,11,2,ref,mcf_drugs_l_raw
3pcg_3pcg_conf0,0.0536049840462782,1.0,1000,11,2,ref,mcf_drugs_l_raw
3pcn_3pcn_conf0,0.0678279188143251,1.0,1000,12,2,ref,mcf_drugs_l_raw
3pe1_3pe1_conf0,0.1798192289417442,1.0,1000,25,3,ref,mcf_drugs_l_raw
3po6_3po6_conf0,0.2540819626331275,1.0,513,19,3,ref,mcf_drugs_l_raw
3ppm_3ppm_conf0,0.839792532836533,0.0,996,25,9,ref,mcf_drugs_l_raw
3ppp_3ppp_conf0,0.0548951898552363,1.0,993,8,2,ref,mcf_drugs_l_raw
3ppq_3ppq_conf0,0.0991277708899319,1.0,999,7,2,ref,mcf_drugs_l_raw
3pwd_3pwd_conf0,0.0685023811586664,1.0,995,20,1,ref,mcf_drugs_l_raw
3q2j_3q2j_conf0,0.4580595815006461,1.0,999,18,4,ref,mcf_drugs_l_raw
3q6w_3q6w_conf0,1.320619878725972,0.0,977,39,7,ref,mcf_drugs_l_raw
3qdd_3qdd_conf0,0.1228770254829604,1.0,1000,22,3,ref,mcf_drugs_l_raw
3r16_3r16_conf0,0.5599945121607944,1.0,974,19,4,ref,mcf_drugs_l_raw
3r17_3r17_conf0,0.4510827121884896,1.0,878,20,4,ref,mcf_drugs_l_raw
3r4m_3r4m_conf0,0.1216061315663791,1.0,1000,16,2,ref,mcf_drugs_l_raw
3r4n_3r4n_conf0,0.1746600295100447,1.0,999,23,5,ref,mcf_drugs_l_raw
3r6u_3r6u_conf0,0.0776966218109834,1.0,998,7,2,ref,mcf_drugs_l_raw
3rbu_3rbu_conf0,0.4907310018065923,1.0,451,14,6,ref,mcf_drugs_l_raw
3rf4_3rf4_conf0,0.2376217265005788,1.0,1000,21,5,ref,mcf_drugs_l_raw
3rf5_3rf5_conf0,0.0782158559535935,1.0,1000,16,4,ref,mcf_drugs_l_raw
3rlb_3rlb_conf0,0.1788904849012667,1.0,997,18,4,ref,mcf_drugs_l_raw
3rlp_3rlp_conf0,0.0989514522504259,1.0,1000,18,2,ref,mcf_drugs_l_raw
3rlq_3rlq_conf0,0.1591408474311331,1.0,1000,22,2,ref,mcf_drugs_l_raw
3roc_3roc_conf0,0.932953268704094,0.0,1000,31,7,ref,mcf_drugs_l_raw
3ru1_3ru1_conf0,0.2873832001362073,1.0,999,23,5,ref,mcf_drugs_l_raw
3ryv_3ryv_conf0,0.4008490275572954,1.0,1000,15,3,ref,mcf_drugs_l_raw
3ryx_3ryx_conf0,0.5930368699569363,1.0,999,21,4,ref,mcf_drugs_l_raw
3ryy_3ryy_conf0,0.332542416419474,1.0,1000,16,4,ref,mcf_drugs_l_raw
3ryz_3ryz_conf0,0.4708838719780448,1.0,998,24,5,ref,mcf_drugs_l_raw
3rz0_3rz0_conf0,0.5422389947338142,1.0,1000,17,5,ref,mcf_drugs_l_raw
3rz8_3rz8_conf0,0.5863327498514518,1.0,1000,19,7,ref,mcf_drugs_l_raw
3s0b_3s0b_conf0,0.1178300652121216,1.0,1000,17,2,ref,mcf_drugs_l_raw
3s0e_3s0e_conf0,0.1560654720957391,1.0,1000,12,3,ref,mcf_drugs_l_raw
3s71_3s71_conf0,0.0484973038506641,1.0,1000,13,1,ref,mcf_drugs_l_raw
3s73_3s73_conf0,0.082867881797885,1.0,1000,13,1,ref,mcf_drugs_l_raw
3s76_3s76_conf0,0.0546253642461846,1.0,999,9,1,ref,mcf_drugs_l_raw
3s78_3s78_conf0,0.073786044233376,1.0,1000,9,1,ref,mcf_drugs_l_raw
3std_3std_conf0,0.5319949032394334,1.0,999,28,6,ref,mcf_drugs_l_raw
3sww_3sww_conf0,0.3462693326247082,1.0,1000,25,5,ref,mcf_drugs_l_raw
3sxf_3sxf_conf0,0.293266129077136,1.0,1000,26,4,ref,mcf_drugs_l_raw
3t3u_3t3u_conf0,0.8315467531524798,0.0,995,29,4,ref,mcf_drugs_l_raw
3t5u_3t5u_conf0,0.0366287927514413,1.0,1000,11,2,ref,mcf_drugs_l_raw
3tf6_3tf6_conf0,0.0571226422319222,1.0,999,11,1,ref,mcf_drugs_l_raw
3th9_3th9_conf0,1.1844107466171354,0.0,95,34,6,ref,mcf_drugs_l_raw
3u10_3u10_conf0,0.791506490931568,0.0,19,22,1,ref,mcf_drugs_l_raw
3u90_3u90_conf0,1.3428508534024677,0.0,1000,17,12,ref,mcf_drugs_l_raw
3u92_3u92_conf0,0.3818332774437281,1.0,259,15,4,ref,mcf_drugs_l_raw
3ucj_3ucj_conf0,0.1980389529163481,1.0,270,13,2,ref,mcf_drugs_l_raw
3udd_3udd_conf0,0.3283204854037218,1.0,1000,29,7,ref,mcf_drugs_l_raw
3ug2_3ug2_conf0,1.53471421828982,0.0,1000,31,8,ref,mcf_drugs_l_raw
3uj9_3uj9_conf0,0.1877276471936339,1.0,979,11,4,ref,mcf_drugs_l_raw
3ujc_3ujc_conf0,0.2528771013913465,1.0,982,11,4,ref,mcf_drugs_l_raw
3ujd_3ujd_conf0,0.3233379548336101,1.0,989,11,4,ref,mcf_drugs_l_raw
3uod_3uod_conf0,0.5825123338127443,1.0,999,27,5,ref,mcf_drugs_l_raw
3uu1_3uu1_conf0,0.0361691666648299,1.0,994,12,1,ref,mcf_drugs_l_raw
3uxk_3uxk_conf0,0.2341755195787354,1.0,856,10,1,ref,mcf_drugs_l_raw
3v3q_3v3q_conf0,0.685669863378527,1.0,997,27,13,ref,mcf_drugs_l_raw
3v51_3v51_conf0,0.3528745047990577,1.0,1000,32,5,ref,mcf_drugs_l_raw
3v5p_3v5p_conf0,0.9848141252557244,0.0,992,26,4,ref,mcf_drugs_l_raw
3v7x_3v7x_conf0,1.1422813148902995,0.0,1000,25,7,ref,mcf_drugs_l_raw
3vbd_3vbd_conf0,0.6523472690756644,1.0,398,22,3,ref,mcf_drugs_l_raw
3vhk_3vhk_conf0,0.880062749953433,0.0,999,22,5,ref,mcf_drugs_l_raw
3vw1_3vw1_conf0,0.5755442583037792,1.0,1000,28,6,ref,mcf_drugs_l_raw
3w5n_3w5n_conf0,0.6440806043343128,1.0,34,11,0,ref,mcf_drugs_l_raw
3wha_3wha_conf0,0.2781604655530468,1.0,1000,28,6,ref,mcf_drugs_l_raw
3wtn_3wtn_conf0,0.236752449071857,1.0,1000,14,2,ref,mcf_drugs_l_raw
3wto_3wto_conf0,0.2665431444810161,1.0,1000,14,2,ref,mcf_drugs_l_raw
3zbx_3zbx_conf0,0.2618825124938669,1.0,1000,27,3,ref,mcf_drugs_l_raw
3zi8_3zi8_conf0,0.455430522625424,1.0,16,10,0,ref,mcf_drugs_l_raw
3zlr_3zlr_conf0,3.177989315403467,0.0,721,41,10,ref,mcf_drugs_l_raw
3zxz_3zxz_conf0,0.2634802738343185,1.0,1000,28,5,ref,mcf_drugs_l_raw
456c_456c_conf0,0.5658149711307667,1.0,999,28,6,ref,mcf_drugs_l_raw
4a4v_4a4v_conf0,0.5526898644349325,1.0,1000,22,8,ref,mcf_drugs_l_raw
4a4w_4a4w_conf0,1.806425106919828,0.0,21,30,10,ref,mcf_drugs_l_raw
4a6l_4a6l_conf0,1.5565658046090525,0.0,998,30,3,ref,mcf_drugs_l_raw
4ab9_4ab9_conf0,0.1656918552339832,1.0,1000,11,1,ref,mcf_drugs_l_raw
4abb_4abb_conf0,0.0536433293212418,1.0,1000,11,1,ref,mcf_drugs_l_raw
4abe_4abe_conf0,0.2821074513192256,1.0,997,13,2,ref,mcf_drugs_l_raw
4abf_4abf_conf0,0.0578574801304916,1.0,999,12,1,ref,mcf_drugs_l_raw
4acc_4acc_conf0,0.6961789585414133,1.0,634,31,8,ref,mcf_drugs_l_raw
4aci_4aci_conf0,0.3599720687779445,1.0,977,13,5,ref,mcf_drugs_l_raw
4ag8_4ag8_conf0,0.2274112504547308,1.0,1000,28,5,ref,mcf_drugs_l_raw
4ahu_4ahu_conf0,0.0593403962100791,1.0,1000,12,1,ref,mcf_drugs_l_raw
4ai5_4ai5_conf0,0.0560791775387027,1.0,1000,11,0,ref,mcf_drugs_l_raw
4aia_4aia_conf0,0.0492706706637786,1.0,1000,11,0,ref,mcf_drugs_l_raw
4aj4_4aj4_conf0,0.6637135928786048,1.0,1000,21,7,ref,mcf_drugs_l_raw
4aje_4aje_conf0,0.2137294006735204,1.0,989,15,4,ref,mcf_drugs_l_raw
4aji_4aji_conf0,0.4307051727173007,1.0,996,18,6,ref,mcf_drugs_l_raw
4ajl_4ajl_conf0,0.3872550531154441,1.0,999,21,5,ref,mcf_drugs_l_raw
4aoi_4aoi_conf0,0.2588677257542538,1.0,1000,27,3,ref,mcf_drugs_l_raw
4ap7_4ap7_conf0,0.2234324294831102,1.0,1000,24,3,ref,mcf_drugs_l_raw
4aq4_4aq4_conf0,0.6001791780384081,1.0,505,10,4,ref,mcf_drugs_l_raw
4ara_4ara_conf0,0.4209460263589674,1.0,354,25,7,ref,mcf_drugs_l_raw
4asd_4asd_conf0,0.4843735810161992,1.0,487,32,5,ref,mcf_drugs_l_raw
4b32_4b32_conf0,0.0242732082066156,1.0,1000,11,0,ref,mcf_drugs_l_raw
4b33_4b33_conf0,0.0278582460758886,1.0,1000,11,0,ref,mcf_drugs_l_raw
4b3c_4b3c_conf0,0.0383327421360656,1.0,1000,10,0,ref,mcf_drugs_l_raw
4b3d_4b3d_conf0,0.0376155718481041,1.0,1000,10,0,ref,mcf_drugs_l_raw
4b76_4b76_conf0,0.1211147128402299,1.0,997,17,3,ref,mcf_drugs_l_raw
4bck_4bck_conf0,0.5051087499868911,1.0,1000,27,5,ref,mcf_drugs_l_raw
4bcm_4bcm_conf0,0.734362751312039,1.0,999,33,6,ref,mcf_drugs_l_raw
4bco_4bco_conf0,0.9814487606436356,0.0,1000,33,5,ref,mcf_drugs_l_raw
4bf1_4bf1_conf0,0.3262369606320843,1.0,1000,24,3,ref,mcf_drugs_l_raw
4bf6_4bf6_conf0,0.2561558072929525,1.0,1000,22,3,ref,mcf_drugs_l_raw
4bps_4bps_conf0,0.2503625039800632,1.0,1000,14,4,ref,mcf_drugs_l_raw
4bqg_4bqg_conf0,0.1385789018244319,1.0,1000,17,2,ref,mcf_drugs_l_raw
4btk_4btk_conf0,0.3704802643229743,1.0,1000,22,4,ref,mcf_drugs_l_raw
4cfl_4cfl_conf0,0.1323011176391854,1.0,998,23,2,ref,mcf_drugs_l_raw
4d7b_4d7b_conf0,0.1926130863811868,1.0,1000,20,3,ref,mcf_drugs_l_raw
4der_4der_conf0,0.1957520872407674,1.0,1000,20,1,ref,mcf_drugs_l_raw
4det_4det_conf0,0.228207246214931,1.0,1000,21,1,ref,mcf_drugs_l_raw
4dff_4dff_conf0,0.1477298912656511,1.0,1000,22,3,ref,mcf_drugs_l_raw
4dhl_4dhl_conf0,0.0939168470776424,1.0,1000,15,2,ref,mcf_drugs_l_raw
4dkr_4dkr_conf0,0.5999423521139831,1.0,277,27,3,ref,mcf_drugs_l_raw
4dst_4dst_conf0,0.3892388803046877,1.0,999,15,2,ref,mcf_drugs_l_raw
4dsy_4dsy_conf0,0.1067263653862876,1.0,1000,15,2,ref,mcf_drugs_l_raw
4duh_4duh_conf0,0.2126798348927215,1.0,28,26,6,ref,mcf_drugs_l_raw
4e0x_4e0x_conf0,0.491865415889996,1.0,269,15,4,ref,mcf_drugs_l_raw
4e3g_4e3g_conf0,0.0558639315966507,1.0,1000,10,1,ref,mcf_drugs_l_raw
4e4l_4e4l_conf0,0.1530143902850958,1.0,1000,23,2,ref,mcf_drugs_l_raw
4e70_4e70_conf0,0.0442275253047319,1.0,1000,13,3,ref,mcf_drugs_l_raw
4e9u_4e9u_conf0,0.7923917554557016,0.0,1000,19,6,ref,mcf_drugs_l_raw
4ehz_4ehz_conf0,0.1040221192220589,1.0,1000,19,1,ref,mcf_drugs_l_raw
4ej8_4ej8_conf0,0.0381369369334715,1.0,1000,12,1,ref,mcf_drugs_l_raw
4ejl_4ejl_conf0,0.1062181292185041,1.0,1000,14,3,ref,mcf_drugs_l_raw
4en4_4en4_conf0,0.0866694573761419,1.0,999,13,3,ref,mcf_drugs_l_raw
4f39_4f39_conf0,0.4288984086421426,1.0,319,15,4,ref,mcf_drugs_l_raw
4f6w_4f6w_conf0,1.851918781662513,0.0,469,47,7,ref,mcf_drugs_l_raw
4f9y_4f9y_conf0,0.1191746891835049,1.0,1000,25,3,ref,mcf_drugs_l_raw
4fai_4fai_conf0,0.9441564743514116,0.0,998,22,7,ref,mcf_drugs_l_raw
4fcq_4fcq_conf0,0.2671857714704572,1.0,1000,21,2,ref,mcf_drugs_l_raw
4few_4few_conf0,0.1773826250675741,1.0,1000,21,1,ref,mcf_drugs_l_raw
4fht_4fht_conf0,0.0265209352143051,1.0,999,11,1,ref,mcf_drugs_l_raw
4g95_4g95_conf0,0.3579661968458323,1.0,1000,22,3,ref,mcf_drugs_l_raw
4ge1_4ge1_conf0,0.0975474942990799,1.0,990,12,2,ref,mcf_drugs_l_raw
4gg7_4gg7_conf0,1.13967851532641,0.0,990,36,6,ref,mcf_drugs_l_raw
4ghi_4ghi_conf0,0.3261805228569808,1.0,1000,21,3,ref,mcf_drugs_l_raw
4gih_4gih_conf0,0.2907424231471067,1.0,651,23,4,ref,mcf_drugs_l_raw
4gii_4gii_conf0,0.2991575227251382,1.0,536,25,4,ref,mcf_drugs_l_raw
4gkh_4gkh_conf0,0.146005893308835,1.0,1000,24,1,ref,mcf_drugs_l_raw
4gki_4gki_conf0,0.1954969051107365,1.0,1000,25,2,ref,mcf_drugs_l_raw
4gny_4gny_conf0,0.8667717194147246,0.0,996,17,12,ref,mcf_drugs_l_raw
4gqr_4gqr_conf0,0.3031505219635973,1.0,1000,23,1,ref,mcf_drugs_l_raw
4gu6_4gu6_conf0,0.4019866356453817,1.0,999,31,6,ref,mcf_drugs_l_raw
4gu9_4gu9_conf0,0.3290935961674058,1.0,1000,17,2,ref,mcf_drugs_l_raw
4h7q_4h7q_conf0,0.2133015653640065,1.0,999,9,3,ref,mcf_drugs_l_raw
4ht0_4ht0_conf0,1.247195496592338,0.0,1000,23,3,ref,mcf_drugs_l_raw
4ht2_4ht2_conf0,0.3541238128355519,1.0,1000,23,3,ref,mcf_drugs_l_raw
4hu1_4hu1_conf0,0.3114729456319993,1.0,1000,20,4,ref,mcf_drugs_l_raw
4hw3_4hw3_conf0,0.5002757711618765,1.0,998,25,6,ref,mcf_drugs_l_raw
4i7m_4i7m_conf0,0.1537996821855203,1.0,1000,10,2,ref,mcf_drugs_l_raw
4i8n_4i8n_conf0,1.0649150774809903,0.0,523,34,7,ref,mcf_drugs_l_raw
4i8x_4i8x_conf0,0.0796798618370427,1.0,1000,15,2,ref,mcf_drugs_l_raw
4i9h_4i9h_conf0,5.6223468744358485,0.0,32,51,17,ref,mcf_drugs_l_raw
4i9u_4i9u_conf0,0.3836429753699271,1.0,997,23,6,ref,mcf_drugs_l_raw
4ih3_4ih3_conf0,0.0783472274991028,1.0,1000,12,2,ref,mcf_drugs_l_raw
4ih6_4ih6_conf0,0.2594217015709623,1.0,508,21,3,ref,mcf_drugs_l_raw
4ij1_4ij1_conf0,0.2175388159250513,1.0,994,19,4,ref,mcf_drugs_l_raw
4itp_4itp_conf0,0.7941565837943948,0.0,999,21,5,ref,mcf_drugs_l_raw
4iue_4iue_conf0,0.0963802324890022,1.0,1000,19,1,ref,mcf_drugs_l_raw
4iuo_4iuo_conf0,0.0698135260555141,1.0,116,13,1,ref,mcf_drugs_l_raw
4iwz_4iwz_conf0,0.2185213736194545,1.0,239,18,4,ref,mcf_drugs_l_raw
4j22_4j22_conf0,0.9922486718545998,0.0,999,30,5,ref,mcf_drugs_l_raw
4jh0_4jh0_conf0,0.2127951395143032,1.0,995,27,4,ref,mcf_drugs_l_raw
4jkw_4jkw_conf0,0.7609722972606435,0.0,989,14,6,ref,mcf_drugs_l_raw
4jn2_4jn2_conf0,2.196009023189277,0.0,947,35,9,ref,mcf_drugs_l_raw
4jsa_4jsa_conf0,0.1115553484516036,1.0,1000,10,1,ref,mcf_drugs_l_raw
4jx9_4jx9_conf0,0.5200297435919583,1.0,593,17,2,ref,mcf_drugs_l_raw
4jyt_4jyt_conf0,1.8510694830582437,0.0,994,40,9,ref,mcf_drugs_l_raw
4jz1_4jz1_conf0,1.3562030489248385,0.0,992,37,9,ref,mcf_drugs_l_raw
4k0y_4k0y_conf0,0.372893387259281,1.0,986,26,3,ref,mcf_drugs_l_raw
4k3n_4k3n_conf0,0.1924614219892274,1.0,469,17,3,ref,mcf_drugs_l_raw
4k5p_4k5p_conf0,0.4006733871834603,1.0,371,15,3,ref,mcf_drugs_l_raw
4k6i_4k6i_conf0,0.1685503347465247,1.0,1000,26,3,ref,mcf_drugs_l_raw
4k7i_4k7i_conf0,0.0391655043901509,1.0,1000,8,0,ref,mcf_drugs_l_raw
4k7n_4k7n_conf0,0.0289151589780177,1.0,1000,9,0,ref,mcf_drugs_l_raw
4k7o_4k7o_conf0,0.2015174782326477,1.0,1000,12,0,ref,mcf_drugs_l_raw
4k9y_4k9y_conf0,0.7777573100302956,0.0,374,36,4,ref,mcf_drugs_l_raw
4kao_4kao_conf0,0.5305167676794565,1.0,510,32,4,ref,mcf_drugs_l_raw
4kif_4kif_conf0,0.1019387330412002,1.0,1000,12,3,ref,mcf_drugs_l_raw
4km0_4km0_conf0,0.0835211505443749,1.0,1000,17,2,ref,mcf_drugs_l_raw
4km2_4km2_conf0,0.4549939736708244,1.0,1000,21,5,ref,mcf_drugs_l_raw
4kni_4kni_conf0,0.3289099943018053,1.0,1000,23,5,ref,mcf_drugs_l_raw
4knj_4knj_conf0,0.4283435845764823,1.0,998,21,5,ref,mcf_drugs_l_raw
4knm_4knm_conf0,1.0620529649876775,0.0,997,23,5,ref,mcf_drugs_l_raw
4knn_4knn_conf0,0.6099115073302392,1.0,999,21,5,ref,mcf_drugs_l_raw
4kp5_4kp5_conf0,0.1665049964760659,1.0,1000,21,5,ref,mcf_drugs_l_raw
4kp8_4kp8_conf0,0.8489211629722424,0.0,998,20,5,ref,mcf_drugs_l_raw
4kwf_4kwf_conf0,0.2004006606859858,1.0,1000,18,2,ref,mcf_drugs_l_raw
4kwg_4kwg_conf0,0.0426384612302837,1.0,1000,13,0,ref,mcf_drugs_l_raw
4kyh_4kyh_conf0,0.3435731116822498,1.0,987,29,4,ref,mcf_drugs_l_raw
4kyk_4kyk_conf0,0.2402841885428338,1.0,998,25,4,ref,mcf_drugs_l_raw
4l2l_4l2l_conf0,0.3586561473576139,1.0,999,19,3,ref,mcf_drugs_l_raw
4lko_4lko_conf0,0.393466229418062,1.0,999,25,5,ref,mcf_drugs_l_raw
4llj_4llj_conf0,0.0506046353090707,1.0,999,11,0,ref,mcf_drugs_l_raw
4llp_4llp_conf0,0.024361245998898,1.0,1000,9,0,ref,mcf_drugs_l_raw
4lm2_4lm2_conf0,0.089621802451438,1.0,1000,12,1,ref,mcf_drugs_l_raw
4lm3_4lm3_conf0,0.1308655091025949,1.0,1000,13,1,ref,mcf_drugs_l_raw
4loo_4loo_conf0,0.2080003938679532,1.0,984,25,3,ref,mcf_drugs_l_raw
4lrr_4lrr_conf0,0.5135552057373385,1.0,928,25,3,ref,mcf_drugs_l_raw
4luz_4luz_conf0,1.134325490113229,0.0,996,37,8,ref,mcf_drugs_l_raw
4lxd_4lxd_conf0,3.0633239087146342,0.0,413,48,10,ref,mcf_drugs_l_raw
4lxz_4lxz_conf0,1.136416455955074,0.0,999,19,8,ref,mcf_drugs_l_raw
4ly1_4ly1_conf0,0.5430588672400921,1.0,738,25,4,ref,mcf_drugs_l_raw
4lyw_4lyw_conf0,0.7918274390539854,0.0,970,29,8,ref,mcf_drugs_l_raw
4lzr_4lzr_conf0,0.668778719620553,1.0,546,29,5,ref,mcf_drugs_l_raw
4m0r_4m0r_conf0,0.4241859829390044,1.0,945,29,7,ref,mcf_drugs_l_raw
4m14_4m14_conf0,0.1788332840615236,1.0,957,26,5,ref,mcf_drugs_l_raw
4m2r_4m2r_conf0,1.2615167355558767,0.0,401,23,7,ref,mcf_drugs_l_raw
4m2v_4m2v_conf0,1.319931389011406,0.0,405,23,7,ref,mcf_drugs_l_raw
4m6u_4m6u_conf0,0.149216865848369,1.0,998,8,2,ref,mcf_drugs_l_raw
4m8e_4m8e_conf0,0.4720763594523666,1.0,181,23,4,ref,mcf_drugs_l_raw
4mmm_4mmm_conf0,0.0464611013997786,1.0,1000,14,1,ref,mcf_drugs_l_raw
4mo8_4mo8_conf0,0.2571486065904927,1.0,1000,16,5,ref,mcf_drugs_l_raw
4mr3_4mr3_conf0,0.145770224791039,1.0,1000,24,3,ref,mcf_drugs_l_raw
4mr6_4mr6_conf0,0.1599444984944083,1.0,999,27,6,ref,mcf_drugs_l_raw
4mre_4mre_conf0,0.0369570796006828,1.0,995,9,0,ref,mcf_drugs_l_raw
4mrg_4mrg_conf0,0.0462418164545119,1.0,999,11,0,ref,mcf_drugs_l_raw
4mrw_4mrw_conf0,0.0352945853111333,1.0,1000,12,0,ref,mcf_drugs_l_raw
4mrz_4mrz_conf0,0.0513863880327916,1.0,999,11,1,ref,mcf_drugs_l_raw
4msc_4msc_conf0,0.3317188893504371,1.0,1000,22,3,ref,mcf_drugs_l_raw
4msn_4msn_conf0,0.0575963721547453,1.0,1000,13,1,ref,mcf_drugs_l_raw
4n9c_4n9c_conf0,0.0476541446965246,1.0,1000,12,1,ref,mcf_drugs_l_raw
4nbl_4nbl_conf0,0.1523174766119311,1.0,1000,22,4,ref,mcf_drugs_l_raw
4nl1_4nl1_conf0,0.2331768901611506,1.0,1000,13,2,ref,mcf_drugs_l_raw
4np3_4np3_conf0,0.1552366157851359,1.0,1000,18,2,ref,mcf_drugs_l_raw
4nuc_4nuc_conf0,0.2387734812866543,1.0,972,27,5,ref,mcf_drugs_l_raw
4nvp_4nvp_conf0,0.8218238638123904,0.0,40,22,1,ref,mcf_drugs_l_raw
4o09_4o09_conf0,0.2905067151335506,1.0,1000,28,3,ref,mcf_drugs_l_raw
4o0b_4o0b_conf0,0.2533899518104662,1.0,1000,29,2,ref,mcf_drugs_l_raw
4o0x_4o0x_conf0,0.2753489783008577,1.0,1000,26,1,ref,mcf_drugs_l_raw
4o0y_4o0y_conf0,0.1330974866233822,1.0,1000,25,3,ref,mcf_drugs_l_raw
4o2b_4o2b_conf0,0.2835274127718428,1.0,558,29,5,ref,mcf_drugs_l_raw
4o2p_4o2p_conf0,1.0158441484709275,0.0,498,34,9,ref,mcf_drugs_l_raw
4o3f_4o3f_conf0,0.3277501127248153,1.0,502,28,4,ref,mcf_drugs_l_raw
4o61_4o61_conf0,0.1475606174413902,1.0,978,13,5,ref,mcf_drugs_l_raw
4oak_4oak_conf0,0.7968422423638505,0.0,58,11,3,ref,mcf_drugs_l_raw
4oct_4oct_conf0,0.2412285995604999,1.0,1000,10,4,ref,mcf_drugs_l_raw
4oks_4oks_conf0,0.8257513071806624,0.0,999,33,7,ref,mcf_drugs_l_raw
4owv_4owv_conf0,0.0439674766203871,1.0,995,10,1,ref,mcf_drugs_l_raw
4p5z_4p5z_conf0,0.5101365021724966,1.0,477,37,4,ref,mcf_drugs_l_raw
4poh_4poh_conf0,0.951834371626094,0.0,59,23,4,ref,mcf_drugs_l_raw
4pop_4pop_conf0,0.156915894199985,1.0,1000,17,3,ref,mcf_drugs_l_raw
4pp3_4pp3_conf0,0.7557827402085614,0.0,118,23,4,ref,mcf_drugs_l_raw
4pp5_4pp5_conf0,1.0089690236293436,0.0,42,23,4,ref,mcf_drugs_l_raw
4pvy_4pvy_conf0,0.2408369237532195,1.0,936,26,7,ref,mcf_drugs_l_raw
4q08_4q08_conf0,0.8585476654299116,0.0,998,26,6,ref,mcf_drugs_l_raw
4q09_4q09_conf0,0.3614362668177704,1.0,1000,28,6,ref,mcf_drugs_l_raw
4q19_4q19_conf0,0.399490621417823,1.0,1000,27,7,ref,mcf_drugs_l_raw
4q7p_4q7p_conf0,0.038784805005973,1.0,1000,9,0,ref,mcf_drugs_l_raw
4q7s_4q7s_conf0,0.0303966817208455,1.0,1000,9,0,ref,mcf_drugs_l_raw
4q7v_4q7v_conf0,0.0333575422493725,1.0,1000,9,0,ref,mcf_drugs_l_raw
4q7w_4q7w_conf0,0.0522965307615688,1.0,999,9,0,ref,mcf_drugs_l_raw
4q81_4q81_conf0,0.0444852290308204,1.0,1000,10,0,ref,mcf_drugs_l_raw
4q83_4q83_conf0,0.0695829006460815,1.0,1000,12,0,ref,mcf_drugs_l_raw
4q87_4q87_conf0,0.049971993100559,1.0,1000,12,0,ref,mcf_drugs_l_raw
4qb3_4qb3_conf0,0.4018132760872886,1.0,1000,22,5,ref,mcf_drugs_l_raw
4qem_4qem_conf0,0.2163962257087328,1.0,773,12,2,ref,mcf_drugs_l_raw
4qer_4qer_conf0,0.3326695499001527,1.0,983,17,2,ref,mcf_drugs_l_raw
4qjw_4qjw_conf0,0.3263374823127546,1.0,1000,27,7,ref,mcf_drugs_l_raw
4qjx_4qjx_conf0,0.7305365607085271,1.0,1000,27,7,ref,mcf_drugs_l_raw
4qp2_4qp2_conf0,0.0399022650978314,1.0,1000,11,0,ref,mcf_drugs_l_raw
4qsv_4qsv_conf0,0.291017726964595,1.0,456,17,2,ref,mcf_drugs_l_raw
4qtl_4qtl_conf0,0.8222457018287912,0.0,1000,27,7,ref,mcf_drugs_l_raw
4qxo_4qxo_conf0,0.0836164306270186,1.0,999,21,2,ref,mcf_drugs_l_raw
4r0a_4r0a_conf0,0.1365165901862501,1.0,594,17,2,ref,mcf_drugs_l_raw
4r4c_4r4c_conf0,0.8701365486620533,0.0,995,41,8,ref,mcf_drugs_l_raw
4r4o_4r4o_conf0,0.8068250513967906,0.0,990,40,8,ref,mcf_drugs_l_raw
4r4t_4r4t_conf0,0.9828601054728558,0.0,987,40,8,ref,mcf_drugs_l_raw
4r76_4r76_conf0,0.4329100912806687,1.0,532,26,5,ref,mcf_drugs_l_raw
4rak_4rak_conf0,0.2061823960491747,1.0,1000,35,6,ref,mcf_drugs_l_raw
4rfc_4rfc_conf0,0.904945752408543,0.0,998,23,7,ref,mcf_drugs_l_raw
4rfd_4rfd_conf0,0.88452313213577,0.0,993,16,6,ref,mcf_drugs_l_raw
4rj8_4rj8_conf0,0.4840835928519674,1.0,1000,29,5,ref,mcf_drugs_l_raw
4rlu_4rlu_conf0,0.0826034138483815,1.0,1000,19,3,ref,mcf_drugs_l_raw
4rpn_4rpn_conf0,0.039245676651887,1.0,999,12,0,ref,mcf_drugs_l_raw
4rpo_4rpo_conf0,0.0418268790221814,1.0,1000,10,0,ref,mcf_drugs_l_raw
4rqk_4rqk_conf0,0.780992342337587,0.0,1000,23,3,ref,mcf_drugs_l_raw
4rux_4rux_conf0,0.3708561366628803,1.0,999,14,4,ref,mcf_drugs_l_raw
4ruy_4ruy_conf0,0.3642873282842876,1.0,1000,14,4,ref,mcf_drugs_l_raw
4ruz_4ruz_conf0,0.2684728610098429,1.0,1000,13,3,ref,mcf_drugs_l_raw
4rvr_4rvr_conf0,0.2787264896156616,1.0,999,26,6,ref,mcf_drugs_l_raw
4rwj_4rwj_conf0,2.0013348723243354,0.0,401,34,8,ref,mcf_drugs_l_raw
4tjz_4tjz_conf0,0.3524658459061615,1.0,975,12,7,ref,mcf_drugs_l_raw
4tqn_4tqn_conf0,0.2286862277514673,1.0,733,24,6,ref,mcf_drugs_l_raw
4tte_4tte_conf0,0.1532238329971978,1.0,1000,18,2,ref,mcf_drugs_l_raw
4u1b_4u1b_conf0,0.6264726435854043,1.0,305,13,6,ref,mcf_drugs_l_raw
4u43_4u43_conf0,0.1686233003919558,1.0,1000,16,2,ref,mcf_drugs_l_raw
4u54_4u54_conf0,0.1179816647193745,1.0,999,15,3,ref,mcf_drugs_l_raw
4u69_4u69_conf0,0.3232184698967939,1.0,255,11,4,ref,mcf_drugs_l_raw
4u6w_4u6w_conf0,0.7230088542765114,1.0,291,13,6,ref,mcf_drugs_l_raw
4u70_4u70_conf0,0.2972298505182007,1.0,431,13,3,ref,mcf_drugs_l_raw
4u73_4u73_conf0,0.2532143005976878,1.0,375,12,2,ref,mcf_drugs_l_raw
4ucc_4ucc_conf0,0.2388782508017191,1.0,1000,20,4,ref,mcf_drugs_l_raw
4umb_4umb_conf0,0.0961229611666298,1.0,523,10,3,ref,mcf_drugs_l_raw
4unp_4unp_conf0,0.1334029207582955,1.0,1000,15,2,ref,mcf_drugs_l_raw
4up5_4up5_conf0,0.0543477709544183,1.0,1000,12,1,ref,mcf_drugs_l_raw
4urz_4urz_conf0,0.190984839274366,1.0,1000,17,2,ref,mcf_drugs_l_raw
4uye_4uye_conf0,0.1497396768066946,1.0,882,29,4,ref,mcf_drugs_l_raw
4v24_4v24_conf0,2.704222419582324,0.0,518,33,9,ref,mcf_drugs_l_raw
4wa9_4wa9_conf0,0.3731072275102055,1.0,1000,28,5,ref,mcf_drugs_l_raw
4wkb_4wkb_conf0,0.8582508531520407,0.0,239,20,4,ref,mcf_drugs_l_raw
4wkn_4wkn_conf0,0.7333902343091632,1.0,222,20,4,ref,mcf_drugs_l_raw
4wov_4wov_conf0,0.5346472543872823,1.0,1000,28,6,ref,mcf_drugs_l_raw
4wrb_4wrb_conf0,0.2831278458961045,1.0,1000,27,6,ref,mcf_drugs_l_raw
4x24_4x24_conf0,0.7525924247135172,0.0,254,20,4,ref,mcf_drugs_l_raw
4x8u_4x8u_conf0,0.0926264854361524,1.0,999,13,1,ref,mcf_drugs_l_raw
4xip_4xip_conf0,0.1268202447649047,1.0,1000,22,2,ref,mcf_drugs_l_raw
4xiq_4xiq_conf0,0.130085342572246,1.0,1000,25,1,ref,mcf_drugs_l_raw
4xir_4xir_conf0,0.3080510513137485,1.0,547,29,3,ref,mcf_drugs_l_raw
4xmb_4xmb_conf0,0.9033896619545174,0.0,857,42,12,ref,mcf_drugs_l_raw
4y2q_4y2q_conf0,0.0984915411440559,1.0,982,16,1,ref,mcf_drugs_l_raw
4y4j_4y4j_conf0,0.0888912680913423,1.0,492,12,2,ref,mcf_drugs_l_raw
4ygf_4ygf_conf0,0.1981407556422943,1.0,236,13,2,ref,mcf_drugs_l_raw
4yhm_4yhm_conf0,3.818474593817505,0.0,939,35,9,ref,mcf_drugs_l_raw
4yho_4yho_conf0,3.300604219169045,0.0,937,35,9,ref,mcf_drugs_l_raw
4ykk_4ykk_conf0,0.1370989931118707,1.0,58,7,2,ref,mcf_drugs_l_raw
4ymq_4ymq_conf0,2.396889280846752,0.0,486,40,10,ref,mcf_drugs_l_raw
4yx4_4yx4_conf0,0.0591360653306768,1.0,1000,10,1,ref,mcf_drugs_l_raw
4yxi_4yxi_conf0,0.0790295281538591,1.0,1000,11,1,ref,mcf_drugs_l_raw
4yyt_4yyt_conf0,0.2544043137302308,1.0,998,13,3,ref,mcf_drugs_l_raw
4yzu_4yzu_conf0,0.8149961104299428,0.0,1000,27,5,ref,mcf_drugs_l_raw
4z0q_4z0q_conf0,0.5703985319796697,1.0,1000,22,2,ref,mcf_drugs_l_raw
4z1e_4z1e_conf0,0.5651085059960224,1.0,1000,24,3,ref,mcf_drugs_l_raw
4z1j_4z1j_conf0,0.3109915799192923,1.0,1000,22,2,ref,mcf_drugs_l_raw
4z1k_4z1k_conf0,0.3922299569180267,1.0,1000,24,2,ref,mcf_drugs_l_raw
4z93_4z93_conf0,0.1125446498568776,1.0,1000,31,4,ref,mcf_drugs_l_raw
4zbi_4zbi_conf0,0.7171486215229901,1.0,999,29,6,ref,mcf_drugs_l_raw
4zo5_4zo5_conf0,0.8784670379650646,0.0,998,36,7,ref,mcf_drugs_l_raw
4zx3_4zx3_conf0,0.2190693612913748,1.0,544,19,3,ref,mcf_drugs_l_raw
4zx4_4zx4_conf0,0.5373647845640704,1.0,546,27,4,ref,mcf_drugs_l_raw
4zzx_4zzx_conf0,0.1350129691173281,1.0,992,18,5,ref,mcf_drugs_l_raw
4zzz_4zzz_conf0,0.1791226494897183,1.0,995,18,5,ref,mcf_drugs_l_raw
5a5q_5a5q_conf0,0.2214686122277618,1.0,903,19,2,ref,mcf_drugs_l_raw
5aan_5aan_conf0,0.7443618147497616,1.0,829,24,3,ref,mcf_drugs_l_raw
5am6_5am6_conf0,0.2506712937396275,1.0,996,29,2,ref,mcf_drugs_l_raw
5am7_5am7_conf0,0.17532043732277,1.0,999,29,2,ref,mcf_drugs_l_raw
5ant_5ant_conf0,0.4846900852615813,1.0,1000,24,7,ref,mcf_drugs_l_raw
5anv_5anv_conf0,0.2205929860969467,1.0,1000,27,5,ref,mcf_drugs_l_raw
5aoj_5aoj_conf0,0.1208072310555019,1.0,999,17,2,ref,mcf_drugs_l_raw
5aut_5aut_conf0,0.1482430198346518,1.0,993,21,3,ref,mcf_drugs_l_raw
5boj_5boj_conf0,0.481637372186691,1.0,999,18,6,ref,mcf_drugs_l_raw
5btx_5btx_conf0,0.7143406527528796,1.0,8,22,1,ref,mcf_drugs_l_raw
5c1w_5c1w_conf0,0.0977192231474503,1.0,1000,12,1,ref,mcf_drugs_l_raw
5c2a_5c2a_conf0,0.2957570068919509,1.0,1000,20,4,ref,mcf_drugs_l_raw
5c3p_5c3p_conf0,0.2069893634448439,1.0,1000,10,4,ref,mcf_drugs_l_raw
5c5t_5c5t_conf0,0.1286885534667771,1.0,996,10,4,ref,mcf_drugs_l_raw
5c8n_5c8n_conf0,1.6895905806059903,0.0,980,31,7,ref,mcf_drugs_l_raw
5cap_5cap_conf0,0.5796425798116185,1.0,999,29,7,ref,mcf_drugs_l_raw
5cbs_5cbs_conf0,0.1589369266230053,1.0,346,19,4,ref,mcf_drugs_l_raw
5cep_5cep_conf0,0.2287710017323566,1.0,998,25,4,ref,mcf_drugs_l_raw
5cjf_5cjf_conf0,0.3283790163131416,1.0,1000,25,4,ref,mcf_drugs_l_raw
5cp5_5cp5_conf0,0.2665670437986704,1.0,1000,26,4,ref,mcf_drugs_l_raw
5cqt_5cqt_conf0,0.2525267711353271,1.0,999,25,4,ref,mcf_drugs_l_raw
5cs6_5cs6_conf0,0.2108384416909996,1.0,1000,13,4,ref,mcf_drugs_l_raw
5csp_5csp_conf0,0.0475583059967169,1.0,1000,11,1,ref,mcf_drugs_l_raw
5cu4_5cu4_conf0,2.902909182609166,0.0,995,34,11,ref,mcf_drugs_l_raw
5cy9_5cy9_conf0,0.1206457442172143,1.0,999,23,6,ref,mcf_drugs_l_raw
5d0c_5d0c_conf0,0.608243540328869,1.0,999,29,5,ref,mcf_drugs_l_raw
5d0r_5d0r_conf0,0.1202728027203394,1.0,1000,19,2,ref,mcf_drugs_l_raw
5d24_5d24_conf0,0.6557791091269125,1.0,697,25,7,ref,mcf_drugs_l_raw
5d25_5d25_conf0,0.4380740975488147,1.0,963,28,7,ref,mcf_drugs_l_raw
5d26_5d26_conf0,0.5260198174408611,1.0,926,29,8,ref,mcf_drugs_l_raw
5d3h_5d3h_conf0,0.5014789696900046,1.0,986,30,9,ref,mcf_drugs_l_raw
5d3j_5d3j_conf0,0.6126953770454667,1.0,742,28,8,ref,mcf_drugs_l_raw
5d3l_5d3l_conf0,0.4979298499872706,1.0,934,30,8,ref,mcf_drugs_l_raw
5d3n_5d3n_conf0,0.5043720101583286,1.0,499,26,6,ref,mcf_drugs_l_raw
5d3t_5d3t_conf0,0.875518136595528,0.0,1000,25,6,ref,mcf_drugs_l_raw
5d45_5d45_conf0,0.3214842758892815,1.0,1000,29,6,ref,mcf_drugs_l_raw
5d47_5d47_conf0,0.4209005480682554,1.0,998,31,7,ref,mcf_drugs_l_raw
5d48_5d48_conf0,0.5680887702575587,1.0,982,34,8,ref,mcf_drugs_l_raw
5dh4_5dh4_conf0,0.155661177446319,1.0,1000,19,3,ref,mcf_drugs_l_raw
5dq8_5dq8_conf0,0.3128307230696163,1.0,998,20,3,ref,mcf_drugs_l_raw
5dqe_5dqe_conf0,0.3200182113924701,1.0,994,17,3,ref,mcf_drugs_l_raw
5dx4_5dx4_conf0,0.2488862698421668,1.0,1000,28,5,ref,mcf_drugs_l_raw
5dyo_5dyo_conf0,0.2404480824343592,1.0,1000,25,2,ref,mcf_drugs_l_raw
5e28_5e28_conf0,0.1502306550763942,1.0,1000,17,2,ref,mcf_drugs_l_raw
5e2k_5e2k_conf0,0.2588256374381019,1.0,1000,17,2,ref,mcf_drugs_l_raw
5e2l_5e2l_conf0,0.397137921367418,1.0,315,12,3,ref,mcf_drugs_l_raw
5e2r_5e2r_conf0,0.2629773698547592,1.0,1000,25,4,ref,mcf_drugs_l_raw
5e2s_5e2s_conf0,0.2220298077258403,1.0,1000,19,3,ref,mcf_drugs_l_raw
5e73_5e73_conf0,0.2793478964095185,1.0,1000,24,2,ref,mcf_drugs_l_raw
5e74_5e74_conf0,0.4503513556803976,1.0,998,33,3,ref,mcf_drugs_l_raw
5e7n_5e7n_conf0,0.4734945090281952,1.0,973,30,6,ref,mcf_drugs_l_raw
5edb_5edb_conf0,0.0887532543867732,1.0,999,21,2,ref,mcf_drugs_l_raw
5edc_5edc_conf0,0.3137624722882239,1.0,1000,26,3,ref,mcf_drugs_l_raw
5eei_5eei_conf0,1.009696420108272,0.0,1000,19,8,ref,mcf_drugs_l_raw
5ef7_5ef7_conf0,0.4134363379628659,1.0,1000,23,6,ref,mcf_drugs_l_raw
5ehr_5ehr_conf0,0.3073429930970047,1.0,956,23,2,ref,mcf_drugs_l_raw
5eis_5eis_conf0,0.0631314299625401,1.0,1000,21,3,ref,mcf_drugs_l_raw
5elw_5elw_conf0,0.2442674745384764,1.0,489,13,4,ref,mcf_drugs_l_raw
5ep7_5ep7_conf0,0.5871808688514302,1.0,952,20,3,ref,mcf_drugs_l_raw
5eq1_5eq1_conf0,0.0683440025307163,1.0,1000,13,0,ref,mcf_drugs_l_raw
5etb_5etb_conf0,0.1187799477090483,1.0,1000,13,1,ref,mcf_drugs_l_raw
5eu1_5eu1_conf0,0.2224178071498018,1.0,1000,26,5,ref,mcf_drugs_l_raw
5ewk_5ewk_conf0,0.3712086949920473,1.0,996,22,3,ref,mcf_drugs_l_raw
5f1h_5f1h_conf0,0.3012458997037045,1.0,1000,26,5,ref,mcf_drugs_l_raw
5f25_5f25_conf0,0.1599424791285705,1.0,1000,18,2,ref,mcf_drugs_l_raw
5f2p_5f2p_conf0,0.0327942968572324,1.0,1000,15,1,ref,mcf_drugs_l_raw
5fbi_5fbi_conf0,0.5711800261399596,1.0,998,23,5,ref,mcf_drugs_l_raw
5fdc_5fdc_conf0,0.1941643013989021,1.0,1000,15,3,ref,mcf_drugs_l_raw
5fe7_5fe7_conf0,0.0713038656542942,1.0,1000,14,2,ref,mcf_drugs_l_raw
5fl4_5fl4_conf0,0.3445519359321468,1.0,1000,24,3,ref,mcf_drugs_l_raw
5fl5_5fl5_conf0,0.3241521139380555,1.0,999,22,4,ref,mcf_drugs_l_raw
5fl6_5fl6_conf0,0.4687299950562194,1.0,1000,21,3,ref,mcf_drugs_l_raw
5flt_5flt_conf0,0.1428937094490345,1.0,999,16,3,ref,mcf_drugs_l_raw
5g1z_5g1z_conf0,0.4175661524250781,1.0,1000,22,6,ref,mcf_drugs_l_raw
5g2b_5g2b_conf0,0.8230466577615614,0.0,499,39,7,ref,mcf_drugs_l_raw
5gj9_5gj9_conf0,0.0306148317476575,1.0,999,9,1,ref,mcf_drugs_l_raw
5gja_5gja_conf0,0.0455545033233392,1.0,1000,9,1,ref,mcf_drugs_l_raw
5gmh_5gmh_conf0,0.2462034224367639,1.0,1000,23,5,ref,mcf_drugs_l_raw
5gmn_5gmn_conf0,0.3551461716383174,1.0,999,25,3,ref,mcf_drugs_l_raw
5gsa_5gsa_conf0,0.2497880220463716,1.0,1000,26,5,ref,mcf_drugs_l_raw
5h1u_5h1u_conf0,0.0846623501490325,1.0,1000,13,1,ref,mcf_drugs_l_raw
5h85_5h85_conf0,0.4809180900439366,1.0,843,22,3,ref,mcf_drugs_l_raw
5ha1_5ha1_conf0,0.3716703698281363,1.0,966,21,5,ref,mcf_drugs_l_raw
5hbs_5hbs_conf0,0.4945113935758458,1.0,905,21,5,ref,mcf_drugs_l_raw
5hcv_5hcv_conf0,0.2065291259072938,1.0,330,28,1,ref,mcf_drugs_l_raw
5hcy_5hcy_conf0,0.5826706758388239,1.0,664,39,8,ref,mcf_drugs_l_raw
5his_5his_conf0,0.0760701776203939,1.0,999,9,1,ref,mcf_drugs_l_raw
5hrv_5hrv_conf0,0.0501834500014842,1.0,1000,16,1,ref,mcf_drugs_l_raw
5hvs_5hvs_conf0,0.5396480609113409,1.0,998,33,5,ref,mcf_drugs_l_raw
5hz5_5hz5_conf0,0.3764511891593141,1.0,999,28,3,ref,mcf_drugs_l_raw
5hz8_5hz8_conf0,0.2246607193531812,1.0,999,27,3,ref,mcf_drugs_l_raw
5hz9_5hz9_conf0,0.0502947807129898,1.0,1000,21,2,ref,mcf_drugs_l_raw
5i29_5i29_conf0,0.1710870973977176,1.0,1000,22,2,ref,mcf_drugs_l_raw
5i3a_5i3a_conf0,0.0297501098837772,1.0,1000,8,0,ref,mcf_drugs_l_raw
5i3x_5i3x_conf0,2.051276853856883,0.0,830,44,9,ref,mcf_drugs_l_raw
5i3y_5i3y_conf0,2.254310521589969,0.0,964,46,11,ref,mcf_drugs_l_raw
5i7x_5i7x_conf0,0.2034972828469867,1.0,1000,22,2,ref,mcf_drugs_l_raw
5i7y_5i7y_conf0,0.199383641582495,1.0,1000,25,4,ref,mcf_drugs_l_raw
5i80_5i80_conf0,0.1688822034944827,1.0,1000,22,2,ref,mcf_drugs_l_raw
5i88_5i88_conf0,0.1765557372754472,1.0,998,25,4,ref,mcf_drugs_l_raw
5i9y_5i9y_conf0,0.7925979073875884,0.0,935,33,7,ref,mcf_drugs_l_raw
5ia0_5ia0_conf0,0.2078257726642409,1.0,998,37,6,ref,mcf_drugs_l_raw
5ia1_5ia1_conf0,0.2099596028798044,1.0,998,34,4,ref,mcf_drugs_l_raw
5ia2_5ia2_conf0,0.1785827751965256,1.0,1000,31,3,ref,mcf_drugs_l_raw
5ia3_5ia3_conf0,0.3280832830799844,1.0,1000,29,4,ref,mcf_drugs_l_raw
5ia4_5ia4_conf0,1.4071372773698063,0.0,886,46,12,ref,mcf_drugs_l_raw
5ie1_5ie1_conf0,0.440191071122365,1.0,1000,29,6,ref,mcf_drugs_l_raw
5ih9_5ih9_conf0,1.0724047660799296,0.0,997,32,6,ref,mcf_drugs_l_raw
5ihh_5ihh_conf0,0.1888784674682017,1.0,1000,22,2,ref,mcf_drugs_l_raw
5ii2_5ii2_conf0,0.0889629867191687,1.0,1000,21,1,ref,mcf_drugs_l_raw
5ikb_5ikb_conf0,0.5979657720566313,1.0,271,15,4,ref,mcf_drugs_l_raw
5ime_5ime_conf0,0.3817933803585602,1.0,990,32,6,ref,mcf_drugs_l_raw
5ivc_5ivc_conf0,0.2587515164218012,1.0,1000,26,6,ref,mcf_drugs_l_raw
5ive_5ive_conf0,0.1425205854311706,1.0,1000,16,1,ref,mcf_drugs_l_raw
5ivv_5ivv_conf0,0.0727109505104562,1.0,999,20,3,ref,mcf_drugs_l_raw
5ivy_5ivy_conf0,0.126212950264902,1.0,921,20,4,ref,mcf_drugs_l_raw
5iwg_5iwg_conf0,0.2735654209211937,1.0,1000,23,3,ref,mcf_drugs_l_raw
5j27_5j27_conf0,0.7245125253729046,1.0,1000,29,6,ref,mcf_drugs_l_raw
5j2x_5j2x_conf0,0.2259927282777249,1.0,1000,22,2,ref,mcf_drugs_l_raw
5j64_5j64_conf0,0.1195389836386387,1.0,1000,21,2,ref,mcf_drugs_l_raw
5j6l_5j6l_conf0,1.0121387916037845,0.0,999,29,6,ref,mcf_drugs_l_raw
5j6m_5j6m_conf0,0.9001284790852395,0.0,999,31,5,ref,mcf_drugs_l_raw
5j6n_5j6n_conf0,0.6614668822643517,1.0,1000,29,6,ref,mcf_drugs_l_raw
5j7q_5j7q_conf0,0.3263706957831272,1.0,1000,17,1,ref,mcf_drugs_l_raw
5j82_5j82_conf0,0.6281138349291849,1.0,1000,29,5,ref,mcf_drugs_l_raw
5j86_5j86_conf0,1.0750026615049575,0.0,999,31,5,ref,mcf_drugs_l_raw
5j8m_5j8m_conf0,0.32481435682971,1.0,1000,22,2,ref,mcf_drugs_l_raw
5j8u_5j8u_conf0,0.3256730166083471,1.0,1000,21,2,ref,mcf_drugs_l_raw
5j8z_5j8z_conf0,1.4618371017729508,0.0,499,32,6,ref,mcf_drugs_l_raw
5ji8_5ji8_conf0,0.0675506355781138,1.0,1000,13,1,ref,mcf_drugs_l_raw
5jq5_5jq5_conf0,1.2030827170510034,0.0,103,29,7,ref,mcf_drugs_l_raw
5jsj_5jsj_conf0,2.1367744696920576,0.0,468,50,13,ref,mcf_drugs_l_raw
5jy3_5jy3_conf0,0.6673326844947222,1.0,998,40,7,ref,mcf_drugs_l_raw
5k8s_5k8s_conf0,0.1989405473234515,1.0,13,22,1,ref,mcf_drugs_l_raw
5k9w_5k9w_conf0,0.1698972020386579,1.0,617,18,2,ref,mcf_drugs_l_raw
5ka1_5ka1_conf0,0.1635344117928909,1.0,590,18,2,ref,mcf_drugs_l_raw
5ka7_5ka7_conf0,0.2331331783148246,1.0,611,18,2,ref,mcf_drugs_l_raw
5ka9_5ka9_conf0,0.2120662141018403,1.0,599,18,2,ref,mcf_drugs_l_raw
5kad_5kad_conf0,0.2276880364252857,1.0,571,18,2,ref,mcf_drugs_l_raw
5kh3_5kh3_conf0,0.3602787726278934,1.0,1000,15,3,ref,mcf_drugs_l_raw
5l3a_5l3a_conf0,0.2523780586627878,1.0,1000,14,2,ref,mcf_drugs_l_raw
5l4i_5l4i_conf0,0.1350497677743321,1.0,998,18,3,ref,mcf_drugs_l_raw
5l4j_5l4j_conf0,0.3811036364837996,1.0,1000,17,2,ref,mcf_drugs_l_raw
5l4m_5l4m_conf0,0.0717697114414808,1.0,996,14,3,ref,mcf_drugs_l_raw
5l8a_5l8a_conf0,0.5787653143945216,1.0,978,35,8,ref,mcf_drugs_l_raw
5ld8_5ld8_conf0,0.3727577005050535,1.0,999,18,5,ref,mcf_drugs_l_raw
5ljq_5ljq_conf0,0.5346515146163953,1.0,1000,23,5,ref,mcf_drugs_l_raw
5ljt_5ljt_conf0,0.6536650915715643,1.0,1000,23,5,ref,mcf_drugs_l_raw
5llc_5llc_conf0,0.3449825328682401,1.0,1000,26,6,ref,mcf_drugs_l_raw
5llg_5llg_conf0,0.4021029985643155,1.0,999,14,4,ref,mcf_drugs_l_raw
5llh_5llh_conf0,0.2388272491611447,1.0,1000,24,3,ref,mcf_drugs_l_raw
5lny_5lny_conf0,0.7612209315978201,0.0,1000,34,4,ref,mcf_drugs_l_raw
5ltn_5ltn_conf0,0.3030332187484517,1.0,1000,14,4,ref,mcf_drugs_l_raw
5lvq_5lvq_conf0,0.351537753963064,1.0,999,17,3,ref,mcf_drugs_l_raw
5lvr_5lvr_conf0,0.0781058848204179,1.0,1000,15,2,ref,mcf_drugs_l_raw
5lz4_5lz4_conf0,0.2404096170958871,1.0,998,20,4,ref,mcf_drugs_l_raw
5lz5_5lz5_conf0,0.9938494794835148,0.0,495,25,5,ref,mcf_drugs_l_raw
5meh_5meh_conf0,0.0763602709613982,1.0,199,11,1,ref,mcf_drugs_l_raw
5mg2_5mg2_conf0,0.3266140795256456,1.0,1000,32,4,ref,mcf_drugs_l_raw
5mgf_5mgf_conf0,0.23666358668336,1.0,1000,13,3,ref,mcf_drugs_l_raw
5mgk_5mgk_conf0,0.2088043277432717,1.0,1000,13,3,ref,mcf_drugs_l_raw
5mme_5mme_conf0,0.5332541596187589,1.0,1000,27,7,ref,mcf_drugs_l_raw
5mnn_5mnn_conf0,0.0810224218821443,1.0,998,9,0,ref,mcf_drugs_l_raw
5mod_5mod_conf0,0.2151725461223934,1.0,999,13,3,ref,mcf_drugs_l_raw
5mpz_5mpz_conf0,0.1231480515676911,1.0,1000,14,1,ref,mcf_drugs_l_raw
5mqe_5mqe_conf0,0.1615289648264392,1.0,932,10,1,ref,mcf_drugs_l_raw
5msb_5msb_conf0,0.3385414355632115,1.0,1000,20,4,ref,mcf_drugs_l_raw
5mwh_5mwh_conf0,0.703512573201961,1.0,1000,34,6,ref,mcf_drugs_l_raw
5my8_5my8_conf0,0.6159153136253772,1.0,963,37,6,ref,mcf_drugs_l_raw
5mz8_5mz8_conf0,0.1755073195397287,1.0,1000,8,3,ref,mcf_drugs_l_raw
5n0e_5n0e_conf0,0.5956161875242227,1.0,500,30,3,ref,mcf_drugs_l_raw
5n1s_5n1s_conf0,0.2460141198589849,1.0,1000,19,2,ref,mcf_drugs_l_raw
5n24_5n24_conf0,0.1545918431522324,1.0,1000,18,2,ref,mcf_drugs_l_raw
5n25_5n25_conf0,0.3138960190913661,1.0,1000,16,2,ref,mcf_drugs_l_raw
5n84_5n84_conf0,0.1905078792206496,1.0,1000,26,6,ref,mcf_drugs_l_raw
5n93_5n93_conf0,0.2698746763979803,1.0,1000,24,4,ref,mcf_drugs_l_raw
5n9r_5n9r_conf0,0.3640004239316717,1.0,506,30,5,ref,mcf_drugs_l_raw
5nbw_5nbw_conf0,0.0393206113759457,1.0,999,21,0,ref,mcf_drugs_l_raw
5nea_5nea_conf0,0.1979854700161829,1.0,1000,16,2,ref,mcf_drugs_l_raw
5nee_5nee_conf0,0.9278513127335186,0.0,1000,22,3,ref,mcf_drugs_l_raw
5ngz_5ngz_conf0,0.0730710110193178,1.0,1000,11,1,ref,mcf_drugs_l_raw
5nlk_5nlk_conf0,0.7507867595673561,0.0,522,33,8,ref,mcf_drugs_l_raw
5nxi_5nxi_conf0,0.3329562668698956,1.0,999,21,4,ref,mcf_drugs_l_raw
5ny1_5ny1_conf0,0.7214750882728023,1.0,996,26,4,ref,mcf_drugs_l_raw
5ny3_5ny3_conf0,0.5988639685605054,1.0,986,23,5,ref,mcf_drugs_l_raw
5nya_5nya_conf0,0.0575054324923029,1.0,1000,10,1,ref,mcf_drugs_l_raw
5o07_5o07_conf0,0.4977294151195681,1.0,999,16,5,ref,mcf_drugs_l_raw
5o1d_5o1d_conf0,0.2697939159504112,1.0,995,20,5,ref,mcf_drugs_l_raw
5o1f_5o1f_conf0,0.2713906458809739,1.0,999,21,6,ref,mcf_drugs_l_raw
5o1h_5o1h_conf0,0.1360675584651849,1.0,998,20,5,ref,mcf_drugs_l_raw
5o2d_5o2d_conf0,0.2956709654196326,1.0,1000,24,3,ref,mcf_drugs_l_raw
5o5a_5o5a_conf0,0.2202875827512704,1.0,999,30,5,ref,mcf_drugs_l_raw
5oh3_5oh3_conf0,0.0903637583319488,1.0,419,10,1,ref,mcf_drugs_l_raw
5oku_5oku_conf0,0.0833896082613041,1.0,1000,10,5,ref,mcf_drugs_l_raw
5op4_5op4_conf0,0.3870707592644393,1.0,999,31,6,ref,mcf_drugs_l_raw
5op5_5op5_conf0,0.2058856858400854,1.0,1000,23,2,ref,mcf_drugs_l_raw
5oq8_5oq8_conf0,0.3497563949224485,1.0,978,30,6,ref,mcf_drugs_l_raw
5oqu_5oqu_conf0,0.1458248410739415,1.0,999,17,3,ref,mcf_drugs_l_raw
5orh_5orh_conf0,0.0787023472139316,1.0,1000,16,2,ref,mcf_drugs_l_raw
5orj_5orj_conf0,0.2489072668523127,1.0,999,17,3,ref,mcf_drugs_l_raw
5ork_5ork_conf0,0.1597264272664341,1.0,1000,16,2,ref,mcf_drugs_l_raw
5orv_5orv_conf0,0.2104077742758166,1.0,1000,11,3,ref,mcf_drugs_l_raw
5os5_5os5_conf0,0.0657277323872198,1.0,1000,15,2,ref,mcf_drugs_l_raw
5os7_5os7_conf0,0.1995553999485449,1.0,1000,18,3,ref,mcf_drugs_l_raw
5ov8_5ov8_conf0,0.6231237290343041,1.0,1000,33,6,ref,mcf_drugs_l_raw
5qa8_5qa8_conf0,0.1032772103660892,1.0,999,16,2,ref,mcf_drugs_l_raw
5qal_5qal_conf0,0.183679608221256,1.0,1000,18,3,ref,mcf_drugs_l_raw
5qay_5qay_conf0,0.1279318679860653,1.0,1000,15,2,ref,mcf_drugs_l_raw
5sym_5sym_conf0,1.028390087843984,0.0,996,28,4,ref,mcf_drugs_l_raw
5sz0_5sz0_conf0,0.2581432082079435,1.0,1000,16,2,ref,mcf_drugs_l_raw
5sz1_5sz1_conf0,0.2555599159342351,1.0,1000,17,2,ref,mcf_drugs_l_raw
5sz2_5sz2_conf0,0.1537315440803641,1.0,1000,18,3,ref,mcf_drugs_l_raw
5sz3_5sz3_conf0,0.3524384471996083,1.0,1000,20,2,ref,mcf_drugs_l_raw
5sz4_5sz4_conf0,0.1612075467286346,1.0,1000,16,2,ref,mcf_drugs_l_raw
5sz5_5sz5_conf0,0.2501208509131868,1.0,1000,17,2,ref,mcf_drugs_l_raw
5sz6_5sz6_conf0,0.3220612751477426,1.0,1000,18,3,ref,mcf_drugs_l_raw
5sz7_5sz7_conf0,0.3149091732538186,1.0,1000,20,2,ref,mcf_drugs_l_raw
5t8o_5t8o_conf0,0.1829753346472751,1.0,1000,23,1,ref,mcf_drugs_l_raw
5t8p_5t8p_conf0,0.1787674245972203,1.0,1000,17,1,ref,mcf_drugs_l_raw
5tcy_5tcy_conf0,1.338737931615448,0.0,999,27,8,ref,mcf_drugs_l_raw
5tt3_5tt3_conf0,0.3342292533523799,1.0,1000,16,3,ref,mcf_drugs_l_raw
5u11_5u11_conf0,0.4767325016973284,1.0,1000,17,3,ref,mcf_drugs_l_raw
5u12_5u12_conf0,0.6870322862559937,1.0,1000,20,3,ref,mcf_drugs_l_raw
5u28_5u28_conf0,0.2620776466828613,1.0,1000,26,2,ref,mcf_drugs_l_raw
5u49_5u49_conf0,0.1680716315909518,1.0,997,18,2,ref,mcf_drugs_l_raw
5u4b_5u4b_conf0,0.2040883869287517,1.0,934,18,3,ref,mcf_drugs_l_raw
5u4d_5u4d_conf0,0.1559461097454832,1.0,999,19,3,ref,mcf_drugs_l_raw
5uez_5uez_conf0,0.1394297283361213,1.0,1000,23,4,ref,mcf_drugs_l_raw
5uf0_5uf0_conf0,0.1211032593531566,1.0,1000,16,2,ref,mcf_drugs_l_raw
5ufp_5ufp_conf0,0.7422221155798163,1.0,503,28,4,ref,mcf_drugs_l_raw
5ula_5ula_conf0,0.2418090775779836,1.0,989,26,5,ref,mcf_drugs_l_raw
5uln_5uln_conf0,0.3389202202056463,1.0,1000,21,3,ref,mcf_drugs_l_raw
5uoo_5uoo_conf0,0.1652503115917337,1.0,1000,33,3,ref,mcf_drugs_l_raw
5ut6_5ut6_conf0,0.1227963975183954,1.0,1000,23,4,ref,mcf_drugs_l_raw
5v82_5v82_conf0,0.1853309520606526,1.0,550,30,3,ref,mcf_drugs_l_raw
5vcv_5vcv_conf0,0.6643102658926746,1.0,927,33,7,ref,mcf_drugs_l_raw
5vcw_5vcw_conf0,0.4395800193562199,1.0,970,33,8,ref,mcf_drugs_l_raw
5vd0_5vd0_conf0,0.4773351666155784,1.0,996,37,7,ref,mcf_drugs_l_raw
5vd1_5vd1_conf0,0.360724535471773,1.0,996,34,4,ref,mcf_drugs_l_raw
5vd2_5vd2_conf0,0.4271034357635223,1.0,498,34,6,ref,mcf_drugs_l_raw
5vja_5vja_conf0,0.3587279178511556,1.0,517,23,4,ref,mcf_drugs_l_raw
5vkc_5vkc_conf0,2.3700606415910523,0.0,851,57,13,ref,mcf_drugs_l_raw
5vl2_5vl2_conf0,0.2990145180641846,1.0,602,19,2,ref,mcf_drugs_l_raw
5vm0_5vm0_conf0,0.2620650733169963,1.0,589,19,2,ref,mcf_drugs_l_raw
5vyy_5vyy_conf0,0.6446732223183754,1.0,999,27,6,ref,mcf_drugs_l_raw
5w1e_5w1e_conf0,0.0278133812269725,1.0,1000,10,1,ref,mcf_drugs_l_raw
5wbo_5wbo_conf0,0.3198346468971256,1.0,1000,16,1,ref,mcf_drugs_l_raw
5wcm_5wcm_conf0,0.0730925138031713,1.0,1000,13,2,ref,mcf_drugs_l_raw
5wgp_5wgp_conf0,0.1664815214731961,1.0,1000,10,0,ref,mcf_drugs_l_raw
5wij_5wij_conf0,0.589331648648634,1.0,1000,31,8,ref,mcf_drugs_l_raw
5win_5win_conf0,0.3921711306849792,1.0,1000,27,4,ref,mcf_drugs_l_raw
5wqc_5wqc_conf0,0.945806598245072,0.0,999,32,9,ref,mcf_drugs_l_raw
5wuk_5wuk_conf0,0.4426794651792909,1.0,1000,26,5,ref,mcf_drugs_l_raw
5wyx_5wyx_conf0,0.1610905163690625,1.0,1000,19,2,ref,mcf_drugs_l_raw
5wyz_5wyz_conf0,0.0905142372539316,1.0,1000,19,1,ref,mcf_drugs_l_raw
5xmx_5xmx_conf0,1.3279612709700297,0.0,992,32,10,ref,mcf_drugs_l_raw
5xpi_5xpi_conf0,1.0010415402104649,0.0,1000,26,8,ref,mcf_drugs_l_raw
5y12_5y12_conf0,0.6835917079585628,1.0,1000,23,8,ref,mcf_drugs_l_raw
5y13_5y13_conf0,0.6877188912692087,1.0,998,22,7,ref,mcf_drugs_l_raw
5y8y_5y8y_conf0,0.2081792666806994,1.0,1000,25,5,ref,mcf_drugs_l_raw
5y94_5y94_conf0,0.2569672569163705,1.0,1000,25,5,ref,mcf_drugs_l_raw
5ya5_5ya5_conf0,0.1985586171512362,1.0,1000,26,4,ref,mcf_drugs_l_raw
5yas_5yas_conf0,0.0809383959425306,1.0,1000,11,0,ref,mcf_drugs_l_raw
5yl2_5yl2_conf0,0.2787885545719608,1.0,999,27,5,ref,mcf_drugs_l_raw
5z7b_5z7b_conf0,0.0993505175641878,1.0,1000,12,2,ref,mcf_drugs_l_raw
5za7_5za7_conf0,0.1745718840590268,1.0,529,21,2,ref,mcf_drugs_l_raw
5za8_5za8_conf0,0.5168287023223866,1.0,174,26,3,ref,mcf_drugs_l_raw
5za9_5za9_conf0,0.6587793929131269,1.0,517,29,3,ref,mcf_drugs_l_raw
5zae_5zae_conf0,0.3161205056780841,1.0,183,25,3,ref,mcf_drugs_l_raw
5zag_5zag_conf0,0.4091722915341495,1.0,129,26,3,ref,mcf_drugs_l_raw
5zaj_5zaj_conf0,0.4077093336419206,1.0,589,30,5,ref,mcf_drugs_l_raw
5zc5_5zc5_conf0,0.542350756930291,1.0,141,30,3,ref,mcf_drugs_l_raw
5zni_5zni_conf0,0.4296808885380727,1.0,195,26,2,ref,mcf_drugs_l_raw
6abx_6abx_conf0,0.3697209887459841,1.0,978,13,5,ref,mcf_drugs_l_raw
6ajv_6ajv_conf0,0.1531821655279198,1.0,1000,19,4,ref,mcf_drugs_l_raw
6ajz_6ajz_conf0,0.1757104929547261,1.0,579,29,5,ref,mcf_drugs_l_raw
6ayq_6ayq_conf0,0.6924554738027062,1.0,228,20,4,ref,mcf_drugs_l_raw
6b1k_6b1k_conf0,0.1508756793059517,1.0,1000,24,2,ref,mcf_drugs_l_raw
6b4d_6b4d_conf0,0.3489148576021691,1.0,999,20,3,ref,mcf_drugs_l_raw
6b4l_6b4l_conf0,0.4536660241082739,1.0,1000,26,6,ref,mcf_drugs_l_raw
6b4u_6b4u_conf0,1.2329696570024693,0.0,969,41,10,ref,mcf_drugs_l_raw
6b59_6b59_conf0,2.5482528442826653,0.0,999,26,6,ref,mcf_drugs_l_raw
6b7b_6b7b_conf0,0.0515687257065548,1.0,1000,12,1,ref,mcf_drugs_l_raw
6b98_6b98_conf0,0.0385614750681022,1.0,998,13,1,ref,mcf_drugs_l_raw
6c7q_6c7q_conf0,0.2803861782963256,1.0,999,34,4,ref,mcf_drugs_l_raw
6c7w_6c7w_conf0,0.649048962333455,1.0,435,23,4,ref,mcf_drugs_l_raw
6cbg_6cbg_conf0,0.0556328451324031,1.0,1000,14,2,ref,mcf_drugs_l_raw
6ce6_6ce6_conf0,0.843551181537153,0.0,979,22,6,ref,mcf_drugs_l_raw
6ced_6ced_conf0,0.1045708362892995,1.0,1000,17,3,ref,mcf_drugs_l_raw
6cjs_6cjs_conf0,0.5561803674442729,1.0,998,34,7,ref,mcf_drugs_l_raw
6ckr_6ckr_conf0,0.1095589752686082,1.0,998,29,4,ref,mcf_drugs_l_raw
6cks_6cks_conf0,0.2679666906188367,1.0,1000,31,5,ref,mcf_drugs_l_raw
6cn5_6cn5_conf0,0.7298288256352962,1.0,997,35,4,ref,mcf_drugs_l_raw
6csp_6csp_conf0,0.1289589942578981,1.0,935,10,1,ref,mcf_drugs_l_raw
6csq_6csq_conf0,0.1022743392835165,1.0,1000,10,1,ref,mcf_drugs_l_raw
6csr_6csr_conf0,0.0750375008273491,1.0,845,10,1,ref,mcf_drugs_l_raw
6css_6css_conf0,0.2575971807254393,1.0,714,9,1,ref,mcf_drugs_l_raw
6d15_6d15_conf0,0.0861926292209658,1.0,996,18,2,ref,mcf_drugs_l_raw
6d16_6d16_conf0,0.2127703567653436,1.0,995,18,3,ref,mcf_drugs_l_raw
6d17_6d17_conf0,0.1356016374872831,1.0,992,19,2,ref,mcf_drugs_l_raw
6d18_6d18_conf0,0.1226411258276282,1.0,999,18,2,ref,mcf_drugs_l_raw
6d19_6d19_conf0,0.2081514812018305,1.0,997,18,2,ref,mcf_drugs_l_raw
6d1a_6d1a_conf0,0.1140909871537017,1.0,997,18,2,ref,mcf_drugs_l_raw
6d1b_6d1b_conf0,0.1509402147699013,1.0,997,18,3,ref,mcf_drugs_l_raw
6d1d_6d1d_conf0,0.1084029213705765,1.0,999,18,2,ref,mcf_drugs_l_raw
6d1g_6d1g_conf0,0.2258162958261224,1.0,991,18,2,ref,mcf_drugs_l_raw
6d1h_6d1h_conf0,0.0865836209555291,1.0,993,16,2,ref,mcf_drugs_l_raw
6d1i_6d1i_conf0,0.0853854734535827,1.0,996,17,2,ref,mcf_drugs_l_raw
6d1j_6d1j_conf0,0.1032223185313183,1.0,997,18,2,ref,mcf_drugs_l_raw
6d1k_6d1k_conf0,0.1324551257678783,1.0,1000,15,2,ref,mcf_drugs_l_raw
6d55_6d55_conf0,0.6158063877837846,1.0,949,34,4,ref,mcf_drugs_l_raw
6d56_6d56_conf0,0.6032255336092571,1.0,929,34,4,ref,mcf_drugs_l_raw
6d5e_6d5e_conf0,0.2974393513781686,1.0,437,33,5,ref,mcf_drugs_l_raw
6d5g_6d5g_conf0,0.298818479715158,1.0,934,32,4,ref,mcf_drugs_l_raw
6d5h_6d5h_conf0,0.883292434394439,0.0,949,33,4,ref,mcf_drugs_l_raw
6d5j_6d5j_conf0,0.4878835892455378,1.0,991,26,3,ref,mcf_drugs_l_raw
6dar_6dar_conf0,0.651034691842128,1.0,1000,30,7,ref,mcf_drugs_l_raw
6dd0_6dd0_conf0,0.1372942299059714,1.0,990,18,2,ref,mcf_drugs_l_raw
6dl2_6dl2_conf0,0.1686360995267797,1.0,1000,22,2,ref,mcf_drugs_l_raw
6dq4_6dq4_conf0,0.6569543800519163,1.0,999,29,6,ref,mcf_drugs_l_raw
6dyn_6dyn_conf0,0.4352794662953635,1.0,935,8,2,ref,mcf_drugs_l_raw
6dyr_6dyr_conf0,0.968847187293502,0.0,909,13,5,ref,mcf_drugs_l_raw
6dzx_6dzx_conf0,0.8865116580272501,0.0,62,9,4,ref,mcf_drugs_l_raw
6e1z_6e1z_conf0,0.0579668732361896,1.0,999,14,3,ref,mcf_drugs_l_raw
6ebe_6ebe_conf0,0.6197612513979364,1.0,518,28,4,ref,mcf_drugs_l_raw
6ecz_6ecz_conf0,0.7386199945825391,1.0,431,29,4,ref,mcf_drugs_l_raw
6eed_6eed_conf0,0.5589326443869191,1.0,500,30,6,ref,mcf_drugs_l_raw
6eeo_6eeo_conf0,0.9852622965590732,0.0,504,26,4,ref,mcf_drugs_l_raw
6eif_6eif_conf0,0.3486470039725457,1.0,1000,25,3,ref,mcf_drugs_l_raw
6eiq_6eiq_conf0,0.7101317686978352,1.0,999,30,6,ref,mcf_drugs_l_raw
6eis_6eis_conf0,0.1777529868299639,1.0,1000,31,2,ref,mcf_drugs_l_raw
6eiz_6eiz_conf0,0.6408257869091889,1.0,885,16,7,ref,mcf_drugs_l_raw
6el5_6el5_conf0,0.3385452559385079,1.0,1000,30,8,ref,mcf_drugs_l_raw
6elp_6elp_conf0,0.8325900267047796,0.0,1000,28,5,ref,mcf_drugs_l_raw
6ep4_6ep4_conf0,0.905932363891563,0.0,992,18,11,ref,mcf_drugs_l_raw
6epa_6epa_conf0,1.0151312218499668,0.0,240,26,5,ref,mcf_drugs_l_raw
6eq2_6eq2_conf0,0.0420060786849918,1.0,1000,10,0,ref,mcf_drugs_l_raw
6eq3_6eq3_conf0,0.1258888343991872,1.0,1000,16,2,ref,mcf_drugs_l_raw
6eq5_6eq5_conf0,0.0396831327275333,1.0,1000,10,0,ref,mcf_drugs_l_raw
6eq7_6eq7_conf0,0.0957049998372657,1.0,1000,17,1,ref,mcf_drugs_l_raw
6eqp_6eqp_conf0,0.9042290904606132,0.0,500,22,5,ref,mcf_drugs_l_raw
6ey8_6ey8_conf0,0.67265580221901,1.0,1000,29,5,ref,mcf_drugs_l_raw
6ey9_6ey9_conf0,0.4571589135551832,1.0,1000,30,5,ref,mcf_drugs_l_raw
6eya_6eya_conf0,0.4207786584608233,1.0,1000,31,4,ref,mcf_drugs_l_raw
6f20_6f20_conf0,0.1880434140954323,1.0,1000,14,2,ref,mcf_drugs_l_raw
6f3b_6f3b_conf0,0.7807507849628885,0.0,974,23,4,ref,mcf_drugs_l_raw
6faf_6faf_conf0,0.6374094839298958,1.0,790,23,3,ref,mcf_drugs_l_raw
6fag_6fag_conf0,0.5808895738443364,1.0,749,23,4,ref,mcf_drugs_l_raw
6fba_6fba_conf0,0.0218439177144339,1.0,1000,12,0,ref,mcf_drugs_l_raw
6fe0_6fe0_conf0,0.6162637575607401,1.0,996,26,6,ref,mcf_drugs_l_raw
6fe1_6fe1_conf0,0.4450865112512888,1.0,1000,28,6,ref,mcf_drugs_l_raw
6fnf_6fnf_conf0,0.7132439937915804,1.0,953,37,5,ref,mcf_drugs_l_raw
6fni_6fni_conf0,0.6676160083159226,1.0,955,37,5,ref,mcf_drugs_l_raw
6fo5_6fo5_conf0,2.5709616577028687,0.0,1000,37,7,ref,mcf_drugs_l_raw
6fs1_6fs1_conf0,1.476657581483636,0.0,908,43,11,ref,mcf_drugs_l_raw
6fsy_6fsy_conf0,0.261666675360069,1.0,507,22,3,ref,mcf_drugs_l_raw
6ftz_6ftz_conf0,1.1861982200337096,0.0,974,23,4,ref,mcf_drugs_l_raw
6fuj_6fuj_conf0,0.6813222134856869,1.0,985,21,5,ref,mcf_drugs_l_raw
6fz4_6fz4_conf0,0.3207174519331177,1.0,672,27,2,ref,mcf_drugs_l_raw
6g27_6g27_conf0,0.2537583829817197,1.0,998,20,2,ref,mcf_drugs_l_raw
6g2b_6g2b_conf0,0.1594489379385713,1.0,1000,18,2,ref,mcf_drugs_l_raw
6g2o_6g2o_conf0,0.2604448579790204,1.0,999,27,3,ref,mcf_drugs_l_raw
6g34_6g34_conf0,0.2867242807596427,1.0,351,20,2,ref,mcf_drugs_l_raw
6g39_6g39_conf0,0.130010189128453,1.0,337,20,2,ref,mcf_drugs_l_raw
6g3a_6g3a_conf0,0.2101145317137272,1.0,368,20,2,ref,mcf_drugs_l_raw
6g5l_6g5l_conf0,0.4161909235170878,1.0,1000,24,6,ref,mcf_drugs_l_raw
6g5u_6g5u_conf0,0.4910510416386491,1.0,1000,19,5,ref,mcf_drugs_l_raw
6g6t_6g6t_conf0,0.13089736553682,1.0,1000,19,5,ref,mcf_drugs_l_raw
6g7a_6g7a_conf0,0.4398148551912212,1.0,1000,25,7,ref,mcf_drugs_l_raw
6g9i_6g9i_conf0,0.7654144137419582,0.0,895,22,4,ref,mcf_drugs_l_raw
6gdy_6gdy_conf0,0.1535436852669789,1.0,997,10,4,ref,mcf_drugs_l_raw
6gl9_6gl9_conf0,0.2026650281320798,1.0,903,28,3,ref,mcf_drugs_l_raw
6gla_6gla_conf0,0.4258445076323282,1.0,932,27,3,ref,mcf_drugs_l_raw
6glb_6glb_conf0,0.4753347218540225,1.0,999,27,4,ref,mcf_drugs_l_raw
6gnm_6gnm_conf0,0.2360218458272649,1.0,1000,18,2,ref,mcf_drugs_l_raw
6gnr_6gnr_conf0,0.1986764012538968,1.0,998,18,3,ref,mcf_drugs_l_raw
6gnw_6gnw_conf0,0.2735479944604806,1.0,996,14,3,ref,mcf_drugs_l_raw
6got_6got_conf0,0.6625044981651175,1.0,1000,19,5,ref,mcf_drugs_l_raw
6gue_6gue_conf0,0.5236619709336777,1.0,1000,26,5,ref,mcf_drugs_l_raw
6guh_6guh_conf0,0.5168126796202974,1.0,1000,26,5,ref,mcf_drugs_l_raw
6gvf_6gvf_conf0,0.2001920629014049,1.0,1000,23,2,ref,mcf_drugs_l_raw
6h29_6h29_conf0,0.0683343441675643,1.0,1000,11,2,ref,mcf_drugs_l_raw
6h33_6h33_conf0,0.573906870069035,1.0,1000,25,3,ref,mcf_drugs_l_raw
6h34_6h34_conf0,0.6148234302998923,1.0,997,26,4,ref,mcf_drugs_l_raw
6h36_6h36_conf0,0.5990406730147516,1.0,999,24,3,ref,mcf_drugs_l_raw
6h38_6h38_conf0,0.6545279335417925,1.0,998,26,4,ref,mcf_drugs_l_raw
6h8s_6h8s_conf0,0.3017088841624323,1.0,995,20,2,ref,mcf_drugs_l_raw
6haz_6haz_conf0,0.0741919938767569,1.0,998,20,2,ref,mcf_drugs_l_raw
6hd6_6hd6_conf0,1.162582603268516,0.0,866,27,5,ref,mcf_drugs_l_raw
6hk3_6hk3_conf0,0.3408541309058401,1.0,969,34,6,ref,mcf_drugs_l_raw
6hk4_6hk4_conf0,0.319049368591405,1.0,940,31,5,ref,mcf_drugs_l_raw
6hke_6hke_conf0,0.2055079170257416,1.0,534,9,3,ref,mcf_drugs_l_raw
6hoq_6hoq_conf0,0.0863595117472594,1.0,939,14,3,ref,mcf_drugs_l_raw
6hrq_6hrq_conf0,0.6073121043353891,1.0,1000,23,5,ref,mcf_drugs_l_raw
6hsh_6hsh_conf0,2.39307057676852,0.0,601,29,6,ref,mcf_drugs_l_raw
6htg_6htg_conf0,0.5966146165890263,1.0,938,20,3,ref,mcf_drugs_l_raw
6i0z_6i0z_conf0,0.0724365254323978,1.0,1000,13,1,ref,mcf_drugs_l_raw
6i11_6i11_conf0,0.488635720828958,1.0,562,27,4,ref,mcf_drugs_l_raw
6i12_6i12_conf0,0.3628218251409686,1.0,452,28,4,ref,mcf_drugs_l_raw
6i13_6i13_conf0,0.3071799570048706,1.0,521,28,4,ref,mcf_drugs_l_raw
6i14_6i14_conf0,0.5828413654111722,1.0,461,29,4,ref,mcf_drugs_l_raw
6i18_6i18_conf0,0.3313699603335412,1.0,983,34,5,ref,mcf_drugs_l_raw
6i61_6i61_conf0,0.1035593529334194,1.0,1000,18,3,ref,mcf_drugs_l_raw
6i62_6i62_conf0,0.1775606160514634,1.0,999,19,2,ref,mcf_drugs_l_raw
6i63_6i63_conf0,0.1445186994679926,1.0,996,17,2,ref,mcf_drugs_l_raw
6i64_6i64_conf0,0.0819902160377763,1.0,1000,16,2,ref,mcf_drugs_l_raw
6i65_6i65_conf0,0.0648529963462165,1.0,1000,10,1,ref,mcf_drugs_l_raw
6iiu_6iiu_conf0,0.5869726956082896,1.0,490,29,6,ref,mcf_drugs_l_raw
6j1l_6j1l_conf0,0.7812500698882964,0.0,767,38,7,ref,mcf_drugs_l_raw
6k3l_6k3l_conf0,0.1345537882316454,1.0,1000,25,3,ref,mcf_drugs_l_raw
6mdu_6mdu_conf0,0.4161307827967395,1.0,950,25,4,ref,mcf_drugs_l_raw
6mg5_6mg5_conf0,0.1395286931521021,1.0,1000,17,3,ref,mcf_drugs_l_raw
6mh1_6mh1_conf0,0.3184053440858526,1.0,978,33,5,ref,mcf_drugs_l_raw
6mh7_6mh7_conf0,0.3630504174327418,1.0,979,33,5,ref,mcf_drugs_l_raw
6mnc_6mnc_conf0,0.1295802845085117,1.0,95,20,0,ref,mcf_drugs_l_raw
6n0j_6n0j_conf0,0.4868697735552396,1.0,505,31,4,ref,mcf_drugs_l_raw
6n78_6n78_conf0,0.2238470608704701,1.0,932,29,5,ref,mcf_drugs_l_raw
6n7a_6n7a_conf0,0.2306952032981269,1.0,900,28,4,ref,mcf_drugs_l_raw
6n7b_6n7b_conf0,0.2221750378330381,1.0,816,27,4,ref,mcf_drugs_l_raw
6n8x_6n8x_conf0,0.3403958230756037,1.0,1000,27,8,ref,mcf_drugs_l_raw
6ncn_6ncn_conf0,0.0858453089918953,1.0,1000,14,2,ref,mcf_drugs_l_raw
6nco_6nco_conf0,0.1844567037294517,1.0,1000,24,4,ref,mcf_drugs_l_raw
6o0k_6o0k_conf0,3.3773220265593906,0.0,62,61,13,ref,mcf_drugs_l_raw
6o0m_6o0m_conf0,3.665249589913624,0.0,59,61,13,ref,mcf_drugs_l_raw
6o0p_6o0p_conf0,3.564515561999729,0.0,52,61,13,ref,mcf_drugs_l_raw
6o5t_6o5t_conf0,0.4054994145697263,1.0,984,18,2,ref,mcf_drugs_l_raw
6o94_6o94_conf0,0.313900143001824,1.0,902,36,5,ref,mcf_drugs_l_raw
6odz_6odz_conf0,0.5431087244438083,1.0,939,25,4,ref,mcf_drugs_l_raw
6oe0_6oe0_conf0,0.4784814726459516,1.0,997,27,4,ref,mcf_drugs_l_raw
6oe1_6oe1_conf0,0.460451693661555,1.0,988,26,4,ref,mcf_drugs_l_raw
6olx_6olx_conf0,0.3875758836595985,1.0,1000,27,8,ref,mcf_drugs_l_raw
6ooy_6ooy_conf0,0.1502553392783411,1.0,1000,20,3,ref,mcf_drugs_l_raw
6p3t_6p3t_conf0,0.6338340723943161,1.0,1000,27,3,ref,mcf_drugs_l_raw
6p3v_6p3v_conf0,1.1997735808330048,0.0,1000,23,6,ref,mcf_drugs_l_raw
6p85_6p85_conf0,0.5582602052070642,1.0,1000,25,5,ref,mcf_drugs_l_raw
6p88_6p88_conf0,0.311727677015805,1.0,657,27,4,ref,mcf_drugs_l_raw
6pia_6pia_conf0,1.8434552759961431,0.0,985,14,9,ref,mcf_drugs_l_raw
6pl1_6pl1_conf0,2.396810372636232,0.0,10,33,5,ref,mcf_drugs_l_raw
6qas_6qas_conf0,0.9629292340876552,0.0,520,34,6,ref,mcf_drugs_l_raw
6ql1_6ql1_conf0,0.3365999197814323,1.0,1000,23,3,ref,mcf_drugs_l_raw
6ql2_6ql2_conf0,0.0855571803743108,1.0,1000,16,3,ref,mcf_drugs_l_raw
6qmj_6qmj_conf0,1.046847086472816,0.0,546,36,9,ref,mcf_drugs_l_raw
6qmk_6qmk_conf0,0.5951503851519063,1.0,492,38,7,ref,mcf_drugs_l_raw
6qpl_6qpl_conf0,0.4227501939032427,1.0,999,25,8,ref,mcf_drugs_l_raw
6qqq_6qqq_conf0,0.2344777608686609,1.0,998,23,5,ref,mcf_drugs_l_raw
6qqv_6qqv_conf0,0.4553497447024336,1.0,999,24,3,ref,mcf_drugs_l_raw
6qr1_6qr1_conf0,0.4260987790314825,1.0,1000,25,3,ref,mcf_drugs_l_raw
6qrc_6qrc_conf0,0.2022254476602496,1.0,1000,24,4,ref,mcf_drugs_l_raw
6r11_6r11_conf0,0.0576510149407989,1.0,518,19,1,ref,mcf_drugs_l_raw
6r18_6r18_conf0,1.020738032396335,0.0,516,20,4,ref,mcf_drugs_l_raw
6r9u_6r9u_conf0,0.116614986420429,1.0,1000,18,1,ref,mcf_drugs_l_raw
6r9x_6r9x_conf0,0.4388608442512023,1.0,999,18,3,ref,mcf_drugs_l_raw
6rih_6rih_conf0,0.2046236328630933,1.0,922,18,3,ref,mcf_drugs_l_raw
6s57_6s57_conf0,0.5794571776324653,1.0,995,30,5,ref,mcf_drugs_l_raw
6t1i_6t1i_conf0,0.3862638824717234,1.0,998,27,5,ref,mcf_drugs_l_raw
6t1j_6t1j_conf0,3.9227456456964735,0.0,1000,29,5,ref,mcf_drugs_l_raw
6t1l_6t1l_conf0,1.1766603182309,0.0,999,28,7,ref,mcf_drugs_l_raw
6u5y_6u5y_conf0,0.5676615842974073,1.0,999,30,5,ref,mcf_drugs_l_raw
6u6w_6u6w_conf0,0.2679850225571646,1.0,1000,21,4,ref,mcf_drugs_l_raw
6u8b_6u8b_conf0,0.4409956256629637,1.0,997,24,5,ref,mcf_drugs_l_raw
6u8o_6u8o_conf0,0.9320100167355496,0.0,999,25,4,ref,mcf_drugs_l_raw
6ugn_6ugn_conf0,0.0937396260495812,1.0,1000,15,0,ref,mcf_drugs_l_raw
6uh0_6uh0_conf0,0.1076555864021091,1.0,999,14,0,ref,mcf_drugs_l_raw
966c_966c_conf0,0.5520425285214406,1.0,999,27,6,ref,mcf_drugs_l_raw
1ado_1ado_conf0,0.6854304428447421,1.0,746,10,4,ref,nextmol_dmt_l_raw
1ai4_1ai4_conf0,0.2200326146907426,1.0,1000,12,2,ref,nextmol_dmt_l_raw
1ai5_1ai5_conf0,0.2767302481998254,1.0,1000,13,3,ref,nextmol_dmt_l_raw
1azm_1azm_conf0,0.2405606379470592,1.0,194,13,2,ref,nextmol_dmt_l_raw
1bjv_1bjv_conf0,0.5279896129422486,1.0,680,26,5,ref,nextmol_dmt_l_raw
1bm7_1bm7_conf0,0.1785592942041245,1.0,1000,20,3,ref,nextmol_dmt_l_raw
1bnn_1bnn_conf0,0.6712786778723117,1.0,1000,23,3,ref,nextmol_dmt_l_raw
1bty_1bty_conf0,0.0846734459182075,1.0,1000,9,1,ref,nextmol_dmt_l_raw
1bzj_1bzj_conf0,0.1140925625339592,1.0,1000,20,3,ref,nextmol_dmt_l_raw
1c1v_1c1v_conf0,1.1228837738138906,0.0,1000,25,4,ref,nextmol_dmt_l_raw
1c5n_1c5n_conf0,0.0811544008436812,1.0,1000,13,1,ref,nextmol_dmt_l_raw
1c5o_1c5o_conf0,0.04401655660291,1.0,1000,9,1,ref,nextmol_dmt_l_raw
1c5p_1c5p_conf0,0.0457647899782004,1.0,1000,9,1,ref,nextmol_dmt_l_raw
1c5q_1c5q_conf0,0.1039020105547079,1.0,1000,13,1,ref,nextmol_dmt_l_raw
1c5x_1c5x_conf0,0.080579321376244,1.0,1000,13,1,ref,nextmol_dmt_l_raw
1c83_1c83_conf0,0.160563125298262,1.0,659,18,2,ref,nextmol_dmt_l_raw
1c84_1c84_conf0,0.289975787126404,1.0,880,19,2,ref,nextmol_dmt_l_raw
1c86_1c86_conf0,0.2885444022993811,1.0,666,18,2,ref,nextmol_dmt_l_raw
1c87_1c87_conf0,0.2448769023234704,1.0,672,18,2,ref,nextmol_dmt_l_raw
1c88_1c88_conf0,0.269043597014215,1.0,686,18,2,ref,nextmol_dmt_l_raw
1cbx_1cbx_conf0,0.4941713932002656,1.0,500,15,5,ref,nextmol_dmt_l_raw
1ceb_1ceb_conf0,1.5178303682517889,0.0,6,11,2,ref,nextmol_dmt_l_raw
1ciz_1ciz_conf0,1.257932801988788,0.0,506,36,8,ref,nextmol_dmt_l_raw
1cnw_1cnw_conf0,2.530557145958912,0.0,997,26,12,ref,nextmol_dmt_l_raw
1d3d_1d3d_conf0,1.1725248060818247,0.0,995,38,9,ref,nextmol_dmt_l_raw
1d4p_1d4p_conf0,0.4463114232454722,1.0,1000,27,4,ref,nextmol_dmt_l_raw
1drj_1drj_conf0,0.0391479027707804,1.0,21,10,0,ref,nextmol_dmt_l_raw
1drk_1drk_conf0,0.0416822436602382,1.0,20,10,0,ref,nextmol_dmt_l_raw
1dzk_1dzk_conf0,0.3078948961010992,1.0,1000,12,3,ref,nextmol_dmt_l_raw
1e1v_1e1v_conf0,0.2119345785908758,1.0,1000,18,3,ref,nextmol_dmt_l_raw
1e1x_1e1x_conf0,0.1269036502837415,1.0,999,18,4,ref,nextmol_dmt_l_raw
1e4h_1e4h_conf0,0.0204144252413625,1.0,1000,12,0,ref,nextmol_dmt_l_raw
1ecv_1ecv_conf0,0.1837439111998274,1.0,928,16,2,ref,nextmol_dmt_l_raw
1efy_1efy_conf0,0.210367714242545,1.0,1000,20,3,ref,nextmol_dmt_l_raw
1enu_1enu_conf0,0.0383820787417382,1.0,1000,13,0,ref,nextmol_dmt_l_raw
1eoc_1eoc_conf0,0.0418471827197496,1.0,1000,11,1,ref,nextmol_dmt_l_raw
1f57_1f57_conf0,,,0,7,2,ref,nextmol_dmt_l_raw
1f5k_1f5k_conf0,0.0244679070968482,1.0,1000,9,1,ref,nextmol_dmt_l_raw
1f5l_1f5l_conf0,0.1594103227697957,1.0,506,15,1,ref,nextmol_dmt_l_raw
1fcx_1fcx_conf0,0.4585041241040343,1.0,503,29,3,ref,nextmol_dmt_l_raw
1fcy_1fcy_conf0,0.1849438942786366,1.0,1000,29,3,ref,nextmol_dmt_l_raw
1fcz_1fcz_conf0,0.2428874558890433,1.0,1000,27,4,ref,nextmol_dmt_l_raw
1fkh_1fkh_conf0,1.184925881617103,0.0,240,33,9,ref,nextmol_dmt_l_raw
1flr_1flr_conf0,0.2092376177305245,1.0,1000,25,2,ref,nextmol_dmt_l_raw
1fv0_1fv0_conf0,0.3244765719235253,1.0,953,26,3,ref,nextmol_dmt_l_raw
1g4o_1g4o_conf0,0.3911402726659184,1.0,1000,20,4,ref,nextmol_dmt_l_raw
1g98_1g98_conf0,0.7556463453426301,0.0,114,15,6,ref,nextmol_dmt_l_raw
1gfy_1gfy_conf0,0.2575551825136017,1.0,658,18,2,ref,nextmol_dmt_l_raw
1ghw_1ghw_conf0,0.1440952606856494,1.0,1000,19,2,ref,nextmol_dmt_l_raw
1gi1_1gi1_conf0,0.2086983687343871,1.0,1000,19,2,ref,nextmol_dmt_l_raw
1gj6_1gj6_conf0,0.1240800015509678,1.0,1000,26,3,ref,nextmol_dmt_l_raw
1gx8_1gx8_conf0,0.4968381794127467,1.0,989,21,5,ref,nextmol_dmt_l_raw
1gyx_1gyx_conf0,0.0467976165743513,1.0,1000,9,1,ref,nextmol_dmt_l_raw
1h1s_1h1s_conf0,0.7733967367986943,0.0,1000,28,6,ref,nextmol_dmt_l_raw
1h2k_1h2k_conf0,0.1623261206627216,1.0,1000,10,2,ref,nextmol_dmt_l_raw
1h4w_1h4w_conf0,0.099149047583947,1.0,1000,9,1,ref,nextmol_dmt_l_raw
1i2s_1i2s_conf0,0.3936136939734291,1.0,999,13,5,ref,nextmol_dmt_l_raw
1igb_1igb_conf0,0.4330174721718035,1.0,485,14,3,ref,nextmol_dmt_l_raw
1iih_1iih_conf0,0.5102034685407241,1.0,519,11,4,ref,nextmol_dmt_l_raw
1j14_1j14_conf0,0.0809186231263418,1.0,1000,9,1,ref,nextmol_dmt_l_raw
1j16_1j16_conf0,0.0720813534018822,1.0,1000,9,1,ref,nextmol_dmt_l_raw
1j17_1j17_conf0,0.3183745236109926,1.0,999,34,4,ref,nextmol_dmt_l_raw
1jsv_1jsv_conf0,0.3378984188799305,1.0,1000,18,3,ref,nextmol_dmt_l_raw
1kv1_1kv1_conf0,0.3954601010463385,1.0,765,21,2,ref,nextmol_dmt_l_raw
1lgw_1lgw_conf0,0.0341548764013049,1.0,1000,8,0,ref,nextmol_dmt_l_raw
1lpk_1lpk_conf0,0.9241934307734228,0.0,1000,32,7,ref,nextmol_dmt_l_raw
1lpz_1lpz_conf0,1.377887503166728,0.0,1000,32,6,ref,nextmol_dmt_l_raw
1lrh_1lrh_conf0,0.0599297109237717,1.0,1000,14,2,ref,nextmol_dmt_l_raw
1m2p_1m2p_conf0,0.1236625574058093,1.0,1000,21,1,ref,nextmol_dmt_l_raw
1m2q_1m2q_conf0,0.1045465259863732,1.0,1000,20,1,ref,nextmol_dmt_l_raw
1m2r_1m2r_conf0,0.0777679609917608,1.0,1000,20,0,ref,nextmol_dmt_l_raw
1mu6_1mu6_conf0,0.892293348538789,0.0,1000,31,8,ref,nextmol_dmt_l_raw
1mu8_1mu8_conf0,0.8498934355433129,0.0,1000,32,8,ref,nextmol_dmt_l_raw
1n0s_1n0s_conf0,0.1627013300037473,1.0,1000,25,2,ref,nextmol_dmt_l_raw
1n46_1n46_conf0,0.4937361835289383,1.0,1000,27,4,ref,nextmol_dmt_l_raw
1n4h_1n4h_conf0,0.3539783432410924,1.0,992,22,5,ref,nextmol_dmt_l_raw
1n5r_1n5r_conf0,0.3826138299532531,1.0,1000,31,7,ref,nextmol_dmt_l_raw
1ndw_1ndw_conf0,0.2645287485218354,1.0,503,19,6,ref,nextmol_dmt_l_raw
1ndy_1ndy_conf0,0.3180274954212435,1.0,474,23,6,ref,nextmol_dmt_l_raw
1nfu_1nfu_conf0,1.8985940419468528,0.0,1000,30,5,ref,nextmol_dmt_l_raw
1nfx_1nfx_conf0,1.1884028534401931,0.0,1000,33,6,ref,nextmol_dmt_l_raw
1nl9_1nl9_conf0,2.1231368770703924,0.0,465,39,11,ref,nextmol_dmt_l_raw
1no6_1no6_conf0,0.3646762663307156,1.0,1000,25,3,ref,nextmol_dmt_l_raw
1nq7_1nq7_conf0,0.4557098983815195,1.0,932,25,4,ref,nextmol_dmt_l_raw
1o2h_1o2h_conf0,0.2510409645135737,1.0,1000,25,4,ref,nextmol_dmt_l_raw
1o2j_1o2j_conf0,0.2142823563116445,1.0,1000,24,5,ref,nextmol_dmt_l_raw
1o2o_1o2o_conf0,0.218104572986676,1.0,1000,25,5,ref,nextmol_dmt_l_raw
1o35_1o35_conf0,0.1982183154480421,1.0,1000,20,2,ref,nextmol_dmt_l_raw
1o3d_1o3d_conf0,0.0975693869262091,1.0,1000,25,3,ref,nextmol_dmt_l_raw
1o3i_1o3i_conf0,0.0926179447309386,1.0,1000,21,2,ref,nextmol_dmt_l_raw
1o3j_1o3j_conf0,0.2141268881105992,1.0,1000,21,2,ref,nextmol_dmt_l_raw
1o5e_1o5e_conf0,0.1483069384688843,1.0,1000,26,3,ref,nextmol_dmt_l_raw
1oba_1oba_conf0,0.1399847114601751,1.0,1000,7,2,ref,nextmol_dmt_l_raw
1ogd_1ogd_conf0,0.0742728443121699,1.0,20,10,0,ref,nextmol_dmt_l_raw
1ols_1ols_conf0,2.436428019270693,0.0,525,26,8,ref,nextmol_dmt_l_raw
1olu_1olu_conf0,2.442539090834808,0.0,529,26,8,ref,nextmol_dmt_l_raw
1olx_1olx_conf0,2.258774264952788,0.0,530,26,8,ref,nextmol_dmt_l_raw
1om1_1om1_conf0,0.6044998637942356,1.0,1000,22,2,ref,nextmol_dmt_l_raw
1onz_1onz_conf0,0.3891448231270941,1.0,1000,26,3,ref,nextmol_dmt_l_raw
1oss_1oss_conf0,0.1057012155490505,1.0,1000,9,1,ref,nextmol_dmt_l_raw
1owe_1owe_conf0,0.2813430081651694,1.0,998,22,3,ref,nextmol_dmt_l_raw
1oxr_1oxr_conf0,0.2317382548301676,1.0,605,13,2,ref,nextmol_dmt_l_raw
1p57_1p57_conf0,0.1806022876575727,1.0,1000,19,2,ref,nextmol_dmt_l_raw
1pb8_1pb8_conf0,0.1214788441347739,1.0,4,7,2,ref,nextmol_dmt_l_raw
1pbq_1pbq_conf0,0.072107734098343,1.0,1000,16,1,ref,nextmol_dmt_l_raw
1ppc_1ppc_conf0,1.6631868027818872,0.0,534,37,9,ref,nextmol_dmt_l_raw
1pxo_1pxo_conf0,0.4900493346845203,1.0,1000,23,4,ref,nextmol_dmt_l_raw
1pxp_1pxp_conf0,0.1800334879779529,1.0,1000,23,4,ref,nextmol_dmt_l_raw
1q5k_1q5k_conf0,0.3847132295429764,1.0,260,21,5,ref,nextmol_dmt_l_raw
1q7a_1q7a_conf0,0.4868613994594983,1.0,497,24,5,ref,nextmol_dmt_l_raw
1qb6_1qb6_conf0,0.6538232889579679,1.0,999,29,6,ref,nextmol_dmt_l_raw
1ql7_1ql7_conf0,0.6198756814446449,1.0,1000,34,4,ref,nextmol_dmt_l_raw
1ql9_1ql9_conf0,0.3600224532264583,1.0,1000,34,4,ref,nextmol_dmt_l_raw
1qy1_1qy1_conf0,0.1191258678462816,1.0,1000,12,3,ref,nextmol_dmt_l_raw
1qy2_1qy2_conf0,0.0865533092971111,1.0,1000,11,2,ref,nextmol_dmt_l_raw
1r9l_1r9l_conf0,0.087594510694598,1.0,1000,8,2,ref,nextmol_dmt_l_raw
1rbp_1rbp_conf0,0.1653548664240702,1.0,989,21,5,ref,nextmol_dmt_l_raw
1rd4_1rd4_conf0,0.9839600209014396,0.0,1000,34,7,ref,nextmol_dmt_l_raw
1rmz_1rmz_conf0,0.5422426037625852,1.0,1000,21,7,ref,nextmol_dmt_l_raw
1ro6_1ro6_conf0,0.2851544696625205,1.0,544,20,4,ref,nextmol_dmt_l_raw
1rtf_1rtf_conf0,0.0163861475083458,1.0,1000,9,1,ref,nextmol_dmt_l_raw
1s39_1s39_conf0,0.0651057775051342,1.0,1000,12,0,ref,nextmol_dmt_l_raw
1sqo_1sqo_conf0,0.2360577619323182,1.0,1000,20,3,ref,nextmol_dmt_l_raw
1sv3_1sv3_conf0,0.0497641420242511,1.0,1000,11,2,ref,nextmol_dmt_l_raw
1sw2_1sw2_conf0,0.072192710459881,1.0,1000,8,2,ref,nextmol_dmt_l_raw
1t4v_1t4v_conf0,1.6011558340711156,0.0,999,27,10,ref,nextmol_dmt_l_raw
1td7_1td7_conf0,0.2123079165801711,1.0,1000,20,3,ref,nextmol_dmt_l_raw
1tkb_1tkb_conf0,2.403478543477772,0.0,460,26,8,ref,nextmol_dmt_l_raw
1tlp_1tlp_conf0,2.266220612365906,0.0,16,37,11,ref,nextmol_dmt_l_raw
1tng_1tng_conf0,0.0792419433810181,1.0,1000,8,1,ref,nextmol_dmt_l_raw
1tnh_1tnh_conf0,0.0380166426358834,1.0,1000,9,1,ref,nextmol_dmt_l_raw
1tni_1tni_conf0,0.4911081464282676,1.0,1000,11,4,ref,nextmol_dmt_l_raw
1ttm_1ttm_conf0,0.3340803278642321,1.0,999,21,2,ref,nextmol_dmt_l_raw
1u1w_1u1w_conf0,0.0493678332434779,1.0,1000,11,1,ref,nextmol_dmt_l_raw
1u71_1u71_conf0,0.3301947134636712,1.0,1000,24,4,ref,nextmol_dmt_l_raw
1usn_1usn_conf0,0.788510062699869,0.0,27,27,5,ref,nextmol_dmt_l_raw
1utj_1utj_conf0,0.0329718619972881,1.0,1000,8,1,ref,nextmol_dmt_l_raw
1utm_1utm_conf0,0.1100422373492004,1.0,1000,9,2,ref,nextmol_dmt_l_raw
1utn_1utn_conf0,0.0869683995246996,1.0,1000,8,1,ref,nextmol_dmt_l_raw
1uv6_1uv6_conf0,0.5898867853636592,1.0,1000,10,3,ref,nextmol_dmt_l_raw
1uvt_1uvt_conf0,0.9947383917141588,0.0,999,27,8,ref,nextmol_dmt_l_raw
1v11_1v11_conf0,2.476855170958315,0.0,530,26,8,ref,nextmol_dmt_l_raw
1v16_1v16_conf0,2.1226729264272017,0.0,532,26,8,ref,nextmol_dmt_l_raw
1v1m_1v1m_conf0,2.362779199714076,0.0,545,26,8,ref,nextmol_dmt_l_raw
1v2j_1v2j_conf0,0.1090705009061085,1.0,1000,9,1,ref,nextmol_dmt_l_raw
1v2k_1v2k_conf0,0.4013363861019834,1.0,1000,34,4,ref,nextmol_dmt_l_raw
1v2l_1v2l_conf0,0.1187305096669545,1.0,1000,9,1,ref,nextmol_dmt_l_raw
1v2s_1v2s_conf0,0.0871120439857225,1.0,1000,9,1,ref,nextmol_dmt_l_raw
1v2u_1v2u_conf0,0.0995109478353024,1.0,1000,9,1,ref,nextmol_dmt_l_raw
1wht_1wht_conf0,0.7137879653254623,1.0,498,15,5,ref,nextmol_dmt_l_raw
1xbo_1xbo_conf0,0.7664691684824761,0.0,998,31,8,ref,nextmol_dmt_l_raw
1xk9_1xk9_conf0,0.7404758549481529,1.0,1000,22,3,ref,nextmol_dmt_l_raw
1xpz_1xpz_conf0,0.3225114642949153,1.0,1000,26,6,ref,nextmol_dmt_l_raw
1xq0_1xq0_conf0,0.3559758365218489,1.0,999,27,6,ref,nextmol_dmt_l_raw
1xug_1xug_conf0,1.346377385434065,0.0,1000,25,4,ref,nextmol_dmt_l_raw
1y1z_1y1z_conf0,0.1116941868357038,1.0,987,8,1,ref,nextmol_dmt_l_raw
1y20_1y20_conf0,0.1051447185300469,1.0,999,7,1,ref,nextmol_dmt_l_raw
1y6q_1y6q_conf0,0.7452014116708299,1.0,442,20,4,ref,nextmol_dmt_l_raw
1yda_1yda_conf0,0.1772724879723947,1.0,188,13,2,ref,nextmol_dmt_l_raw
1ydb_1ydb_conf0,0.0979826198197576,1.0,187,13,2,ref,nextmol_dmt_l_raw
1ydd_1ydd_conf0,0.072173759063231,1.0,190,13,2,ref,nextmol_dmt_l_raw
1yds_1yds_conf0,0.3930179209396263,1.0,1000,18,5,ref,nextmol_dmt_l_raw
1z9y_1z9y_conf0,0.1927239564362567,1.0,1000,21,5,ref,nextmol_dmt_l_raw
1zc9_1zc9_conf0,0.5071112888837382,1.0,129,16,4,ref,nextmol_dmt_l_raw
1zdp_1zdp_conf0,0.4512570381012061,1.0,506,17,6,ref,nextmol_dmt_l_raw
1zfq_1zfq_conf0,0.0878289634904778,1.0,1000,14,1,ref,nextmol_dmt_l_raw
1zge_1zge_conf0,0.1895150122833305,1.0,1000,13,1,ref,nextmol_dmt_l_raw
1zoe_1zoe_conf0,0.078750830659153,1.0,1000,16,1,ref,nextmol_dmt_l_raw
1zog_1zog_conf0,0.2247773258465033,1.0,1000,15,1,ref,nextmol_dmt_l_raw
2afw_2afw_conf0,0.5895663901968289,1.0,1000,11,3,ref,nextmol_dmt_l_raw
2afx_2afx_conf0,0.2273657776942839,1.0,1000,12,2,ref,nextmol_dmt_l_raw
2aj8_2aj8_conf0,0.3424607768217543,1.0,1000,26,3,ref,nextmol_dmt_l_raw
2ans_2ans_conf0,0.2703989102550975,1.0,1000,21,3,ref,nextmol_dmt_l_raw
2ax9_2ax9_conf0,0.1449640088658882,1.0,500,21,4,ref,nextmol_dmt_l_raw
2ayr_2ayr_conf0,1.98168504535999,0.0,999,37,8,ref,nextmol_dmt_l_raw
2b4l_2b4l_conf0,0.0621401199002547,1.0,1000,8,2,ref,nextmol_dmt_l_raw
2b9a_2b9a_conf0,0.092446398277691,1.0,1000,17,2,ref,nextmol_dmt_l_raw
2baj_2baj_conf0,0.4679633589409132,1.0,536,27,3,ref,nextmol_dmt_l_raw
2bak_2bak_conf0,1.5434069987199746,0.0,977,43,10,ref,nextmol_dmt_l_raw
2bo4_2bo4_conf0,0.5343710627165693,1.0,1000,13,5,ref,nextmol_dmt_l_raw
2brm_2brm_conf0,0.2044766860840703,1.0,1000,25,5,ref,nextmol_dmt_l_raw
2buv_2buv_conf0,0.0410663061137189,1.0,1000,11,1,ref,nextmol_dmt_l_raw
2bza_2bza_conf0,0.0719906367298331,1.0,1000,8,1,ref,nextmol_dmt_l_raw
2c1p_2c1p_conf0,0.1362441509289753,1.0,217,24,5,ref,nextmol_dmt_l_raw
2c97_2c97_conf0,1.991672408265364,0.0,626,18,6,ref,nextmol_dmt_l_raw
2cc7_2cc7_conf0,0.0446043366691516,1.0,1000,18,0,ref,nextmol_dmt_l_raw
2cgr_2cgr_conf0,0.5523998820367915,1.0,619,29,6,ref,nextmol_dmt_l_raw
2csn_2csn_conf0,0.3638335834272131,1.0,1000,18,4,ref,nextmol_dmt_l_raw
2dri_2dri_conf0,0.0326920865132277,1.0,20,10,0,ref,nextmol_dmt_l_raw
2dw7_2dw7_conf0,0.1433192778326946,1.0,563,10,3,ref,nextmol_dmt_l_raw
2e2r_2e2r_conf0,0.0662360492986671,1.0,1000,17,2,ref,nextmol_dmt_l_raw
2exm_2exm_conf0,0.3058169176324786,1.0,1000,15,3,ref,nextmol_dmt_l_raw
2ez7_2ez7_conf0,0.2696439899209809,1.0,493,11,3,ref,nextmol_dmt_l_raw
2f7i_2f7i_conf0,0.1570084085125977,1.0,1000,17,2,ref,nextmol_dmt_l_raw
2fpz_2fpz_conf0,0.0426281833326891,1.0,1000,10,0,ref,nextmol_dmt_l_raw
2fw6_2fw6_conf0,0.1790110250741933,1.0,999,13,5,ref,nextmol_dmt_l_raw
2fx6_2fx6_conf0,0.0563473817775173,1.0,1000,10,0,ref,nextmol_dmt_l_raw
2g5u_2g5u_conf0,0.0973589485362706,1.0,1000,18,1,ref,nextmol_dmt_l_raw
2gkl_2gkl_conf0,0.1684267581142475,1.0,1000,12,2,ref,nextmol_dmt_l_raw
2glp_2glp_conf0,0.6302243948204839,1.0,416,21,3,ref,nextmol_dmt_l_raw
2gvj_2gvj_conf0,1.0905059940632906,0.0,998,29,8,ref,nextmol_dmt_l_raw
2h4g_2h4g_conf0,0.2924109533573384,1.0,1000,21,5,ref,nextmol_dmt_l_raw
2h4k_2h4k_conf0,0.3028135218182313,1.0,1000,20,5,ref,nextmol_dmt_l_raw
2h4n_2h4n_conf0,0.1346694097950725,1.0,184,13,2,ref,nextmol_dmt_l_raw
2h6b_2h6b_conf0,0.154171764988004,1.0,1000,12,2,ref,nextmol_dmt_l_raw
2ha3_2ha3_conf0,0.0720086145347803,1.0,1000,7,2,ref,nextmol_dmt_l_raw
2hjb_2hjb_conf0,0.2147774720200818,1.0,1000,10,2,ref,nextmol_dmt_l_raw
2hoc_2hoc_conf0,0.9978511581097592,0.0,1000,22,4,ref,nextmol_dmt_l_raw
2hxm_2hxm_conf0,0.5814191893914771,1.0,919,25,8,ref,nextmol_dmt_l_raw
2i19_2i19_conf0,0.3512261656616633,1.0,998,17,5,ref,nextmol_dmt_l_raw
2i6b_2i6b_conf0,0.5939047831825424,1.0,1000,30,3,ref,nextmol_dmt_l_raw
2i80_2i80_conf0,0.4512727961243837,1.0,1000,18,3,ref,nextmol_dmt_l_raw
2iko_2iko_conf0,0.290268932892101,1.0,1000,26,5,ref,nextmol_dmt_l_raw
2iuz_2iuz_conf0,2.0175972795573487,0.0,999,28,3,ref,nextmol_dmt_l_raw
2jew_2jew_conf0,0.910221445082994,0.0,258,17,8,ref,nextmol_dmt_l_raw
2jfz_2jfz_conf0,0.3260860773111479,1.0,1000,33,5,ref,nextmol_dmt_l_raw
2nn1_2nn1_conf0,0.4453060943366521,1.0,1000,15,4,ref,nextmol_dmt_l_raw
2nnd_2nnd_conf0,0.1395254142170572,1.0,1000,12,3,ref,nextmol_dmt_l_raw
2nta_2nta_conf0,0.2300162261891109,1.0,1000,20,2,ref,nextmol_dmt_l_raw
2o0u_2o0u_conf0,0.6016789937660217,1.0,990,34,5,ref,nextmol_dmt_l_raw
2ojj_2ojj_conf0,0.2252538117362809,1.0,481,31,6,ref,nextmol_dmt_l_raw
2ot1_2ot1_conf0,0.3103299120356087,1.0,987,25,4,ref,nextmol_dmt_l_raw
2p16_2p16_conf0,0.5241891658119184,1.0,1000,34,5,ref,nextmol_dmt_l_raw
2p7a_2p7a_conf0,0.0379416499860072,1.0,1000,9,0,ref,nextmol_dmt_l_raw
2p7g_2p7g_conf0,0.1767277005871447,1.0,1000,17,2,ref,nextmol_dmt_l_raw
2p7z_2p7z_conf0,0.3355622501762992,1.0,962,29,8,ref,nextmol_dmt_l_raw
2pou_2pou_conf0,0.1434610199432339,1.0,1000,16,2,ref,nextmol_dmt_l_raw
2pov_2pov_conf0,0.1359587962290147,1.0,1000,16,2,ref,nextmol_dmt_l_raw
2pow_2pow_conf0,0.1069309067497394,1.0,1000,19,2,ref,nextmol_dmt_l_raw
2pql_2pql_conf0,0.0749123417933592,1.0,1000,12,2,ref,nextmol_dmt_l_raw
2pu2_2pu2_conf0,0.2329381173828758,1.0,480,26,5,ref,nextmol_dmt_l_raw
2pvh_2pvh_conf0,0.4744520107903277,1.0,1000,23,4,ref,nextmol_dmt_l_raw
2pvj_2pvj_conf0,0.2298517595478338,1.0,1000,26,5,ref,nextmol_dmt_l_raw
2pvk_2pvk_conf0,0.3228978615056972,1.0,1000,27,5,ref,nextmol_dmt_l_raw
2pvl_2pvl_conf0,0.26065707422101,1.0,1000,26,4,ref,nextmol_dmt_l_raw
2pvm_2pvm_conf0,0.2907427711141756,1.0,1000,26,6,ref,nextmol_dmt_l_raw
2q1q_2q1q_conf0,0.4889397561946139,1.0,1000,18,2,ref,nextmol_dmt_l_raw
2q7q_2q7q_conf0,0.0936462112957411,1.0,1000,9,1,ref,nextmol_dmt_l_raw
2qbs_2qbs_conf0,0.4184480306258279,1.0,1000,27,7,ref,nextmol_dmt_l_raw
2qdt_2qdt_conf0,0.2984585649970315,1.0,488,11,4,ref,nextmol_dmt_l_raw
2qg2_2qg2_conf0,0.3838390129281091,1.0,995,24,2,ref,nextmol_dmt_l_raw
2qm9_2qm9_conf0,1.1586109836933338,0.0,242,31,5,ref,nextmol_dmt_l_raw
2qpq_2qpq_conf0,0.2926086781482012,1.0,1000,13,5,ref,nextmol_dmt_l_raw
2qrl_2qrl_conf0,0.0820770082478191,1.0,1000,10,2,ref,nextmol_dmt_l_raw
2qtt_2qtt_conf0,0.4795697543511741,1.0,384,19,2,ref,nextmol_dmt_l_raw
2r2m_2r2m_conf0,1.3715630051689989,0.0,999,30,10,ref,nextmol_dmt_l_raw
2ra0_2ra0_conf0,0.8392950729908094,0.0,1000,39,6,ref,nextmol_dmt_l_raw
2ra6_2ra6_conf0,0.0597030261973871,1.0,1000,9,1,ref,nextmol_dmt_l_raw
2rcb_2rcb_conf0,0.2416218194439979,1.0,5,7,2,ref,nextmol_dmt_l_raw
2reg_2reg_conf0,0.0498967414395692,1.0,1000,7,2,ref,nextmol_dmt_l_raw
2rfh_2rfh_conf0,0.5471721804896904,1.0,503,15,5,ref,nextmol_dmt_l_raw
2rin_2rin_conf0,0.5675855073399496,1.0,1000,10,3,ref,nextmol_dmt_l_raw
2rkd_2rkd_conf0,0.1843225824644442,1.0,1000,9,3,ref,nextmol_dmt_l_raw
2uwd_2uwd_conf0,0.4827121463540793,1.0,999,27,5,ref,nextmol_dmt_l_raw
2uxi_2uxi_conf0,0.3943000526665121,1.0,1000,20,4,ref,nextmol_dmt_l_raw
2uy5_2uy5_conf0,0.1973734413127411,1.0,1000,16,3,ref,nextmol_dmt_l_raw
2uyn_2uyn_conf0,0.1348178754943771,1.0,1000,7,2,ref,nextmol_dmt_l_raw
2uyq_2uyq_conf0,0.2344596858124833,1.0,427,17,1,ref,nextmol_dmt_l_raw
2v57_2v57_conf0,0.0338881329760467,1.0,1000,16,0,ref,nextmol_dmt_l_raw
2v58_2v58_conf0,0.057390976780462,1.0,1000,20,1,ref,nextmol_dmt_l_raw
2v59_2v59_conf0,0.1139497247767325,1.0,1000,22,3,ref,nextmol_dmt_l_raw
2vba_2vba_conf0,0.1937934418256527,1.0,1000,16,3,ref,nextmol_dmt_l_raw
2vnp_2vnp_conf0,1.1461574516902169,0.0,101,14,6,ref,nextmol_dmt_l_raw
2vuk_2vuk_conf0,0.1090130045591321,1.0,1000,18,3,ref,nextmol_dmt_l_raw
2vvv_2vvv_conf0,0.7558762040814669,0.0,790,32,6,ref,nextmol_dmt_l_raw
2w9h_2w9h_conf0,0.3314619351209156,1.0,1000,21,5,ref,nextmol_dmt_l_raw
2weh_2weh_conf0,0.0885723089321545,1.0,1000,11,1,ref,nextmol_dmt_l_raw
2wej_2wej_conf0,0.1388304654586348,1.0,1000,10,1,ref,nextmol_dmt_l_raw
2wnj_2wnj_conf0,0.3912518924391844,1.0,1000,23,4,ref,nextmol_dmt_l_raw
2wor_2wor_conf0,0.1690974498026071,1.0,1000,21,3,ref,nextmol_dmt_l_raw
2wos_2wos_conf0,0.1013960415593597,1.0,1000,21,3,ref,nextmol_dmt_l_raw
2xdk_2xdk_conf0,0.1822513424615112,1.0,1000,13,1,ref,nextmol_dmt_l_raw
2xdx_2xdx_conf0,0.129093557613658,1.0,999,16,2,ref,nextmol_dmt_l_raw
2xht_2xht_conf0,0.1159186724625244,1.0,1000,19,1,ref,nextmol_dmt_l_raw
2xj2_2xj2_conf0,0.6683653998801207,1.0,550,25,4,ref,nextmol_dmt_l_raw
2xjg_2xjg_conf0,0.1985631114511742,1.0,1000,23,3,ref,nextmol_dmt_l_raw
2xjj_2xjj_conf0,0.1365293142073975,1.0,999,23,1,ref,nextmol_dmt_l_raw
2xn3_2xn3_conf0,0.2901678549882531,1.0,1000,18,3,ref,nextmol_dmt_l_raw
2xn5_2xn5_conf0,0.1522296478007807,1.0,1000,21,5,ref,nextmol_dmt_l_raw
2xp7_2xp7_conf0,0.4364769609799502,1.0,1000,17,3,ref,nextmol_dmt_l_raw
2y8c_2y8c_conf0,0.3877286350068407,1.0,498,38,12,ref,nextmol_dmt_l_raw
2yi0_2yi0_conf0,0.2550944133142018,1.0,1000,22,3,ref,nextmol_dmt_l_raw
2yi7_2yi7_conf0,0.4294797803349168,1.0,1000,23,4,ref,nextmol_dmt_l_raw
2yix_2yix_conf0,0.7535931714620291,0.0,1000,26,6,ref,nextmol_dmt_l_raw
2yz3_2yz3_conf0,0.7619401454435158,0.0,499,15,6,ref,nextmol_dmt_l_raw
2z1w_2z1w_conf0,0.0788480543705138,1.0,1000,15,3,ref,nextmol_dmt_l_raw
2za0_2za0_conf0,0.1609594148778677,1.0,1000,22,3,ref,nextmol_dmt_l_raw
2za5_2za5_conf0,1.294573880227822,0.0,1000,31,2,ref,nextmol_dmt_l_raw
2zcs_2zcs_conf0,0.3349814591995761,1.0,501,24,7,ref,nextmol_dmt_l_raw
3acx_3acx_conf0,0.8664912989809263,0.0,1000,23,9,ref,nextmol_dmt_l_raw
3ai8_3ai8_conf0,0.2970869789663445,1.0,1000,14,1,ref,nextmol_dmt_l_raw
3ao2_3ao2_conf0,0.3607629492415352,1.0,1000,17,1,ref,nextmol_dmt_l_raw
3aqt_3aqt_conf0,0.0411447845785833,1.0,1000,8,0,ref,nextmol_dmt_l_raw
3arx_3arx_conf0,0.4895945514231103,1.0,1000,22,7,ref,nextmol_dmt_l_raw
3b24_3b24_conf0,0.4451788429409952,1.0,1000,11,2,ref,nextmol_dmt_l_raw
3b25_3b25_conf0,0.1899654236476151,1.0,1000,18,2,ref,nextmol_dmt_l_raw
3b26_3b26_conf0,0.0618206620070439,1.0,1000,21,1,ref,nextmol_dmt_l_raw
3b66_3b66_conf0,0.4944816622886028,1.0,519,29,6,ref,nextmol_dmt_l_raw
3b7j_3b7j_conf0,0.0574828396452919,1.0,1000,13,0,ref,nextmol_dmt_l_raw
3b92_3b92_conf0,0.3740670770303353,1.0,1000,18,6,ref,nextmol_dmt_l_raw
3bgc_3bgc_conf0,1.3777335535154718,0.0,998,41,14,ref,nextmol_dmt_l_raw
3bgq_3bgq_conf0,0.2791605964691239,1.0,1000,26,3,ref,nextmol_dmt_l_raw
3bl0_3bl0_conf0,0.2129094877051887,1.0,1000,13,3,ref,nextmol_dmt_l_raw
3bl1_3bl1_conf0,1.0969438382741832,0.0,98,24,3,ref,nextmol_dmt_l_raw
3bqc_3bqc_conf0,0.0542506994946531,1.0,1000,20,0,ref,nextmol_dmt_l_raw
3bra_3bra_conf0,0.1774802672388626,1.0,1000,10,2,ref,nextmol_dmt_l_raw
3brn_3brn_conf0,0.0822699201345866,1.0,1000,13,2,ref,nextmol_dmt_l_raw
3buf_3buf_conf0,0.0917228298317426,1.0,475,11,2,ref,nextmol_dmt_l_raw
3bug_3bug_conf0,0.2821758845493809,1.0,999,12,3,ref,nextmol_dmt_l_raw
3buh_3buh_conf0,0.2794268974768734,1.0,1000,16,3,ref,nextmol_dmt_l_raw
3bxe_3bxe_conf0,0.8679182654446479,0.0,744,10,4,ref,nextmol_dmt_l_raw
3c2o_3c2o_conf0,0.2065631910516603,1.0,1000,12,2,ref,nextmol_dmt_l_raw
3c2r_3c2r_conf0,0.2401469898573235,1.0,999,12,2,ref,nextmol_dmt_l_raw
3c39_3c39_conf0,0.6311384165886194,1.0,518,11,4,ref,nextmol_dmt_l_raw
3c4h_3c4h_conf0,0.0553438152371832,1.0,1000,12,0,ref,nextmol_dmt_l_raw
3c79_3c79_conf0,0.4482685775186476,1.0,1000,17,4,ref,nextmol_dmt_l_raw
3c84_3c84_conf0,0.1294124944851441,1.0,845,16,2,ref,nextmol_dmt_l_raw
3cf8_3cf8_conf0,0.2386125082196694,1.0,1000,22,1,ref,nextmol_dmt_l_raw
3cfn_3cfn_conf0,0.2775836209149874,1.0,1000,21,3,ref,nextmol_dmt_l_raw
3cj5_3cj5_conf0,0.9322177370603694,0.0,807,30,5,ref,nextmol_dmt_l_raw
3cs7_3cs7_conf0,0.6111441260687167,1.0,1000,37,6,ref,nextmol_dmt_l_raw
3cz1_3cz1_conf0,0.4352007821208098,1.0,1000,14,5,ref,nextmol_dmt_l_raw
3czv_3czv_conf0,0.1727483348146045,1.0,196,13,2,ref,nextmol_dmt_l_raw
3d0b_3d0b_conf0,0.348481410155028,1.0,1000,28,6,ref,nextmol_dmt_l_raw
3d78_3d78_conf0,0.5082816457389352,1.0,1000,14,5,ref,nextmol_dmt_l_raw
3d83_3d83_conf0,0.6292975105064076,1.0,622,35,7,ref,nextmol_dmt_l_raw
3d8w_3d8w_conf0,0.6974356939443319,1.0,999,19,4,ref,nextmol_dmt_l_raw
3d9z_3d9z_conf0,0.1108678857789377,1.0,1000,16,2,ref,nextmol_dmt_l_raw
3dbu_3dbu_conf0,0.775345905417733,0.0,999,19,4,ref,nextmol_dmt_l_raw
3dc3_3dc3_conf0,0.2280478525161259,1.0,193,13,2,ref,nextmol_dmt_l_raw
3dcc_3dcc_conf0,0.1107449448332951,1.0,1000,16,2,ref,nextmol_dmt_l_raw
3dd8_3dd8_conf0,0.5608885133664616,1.0,999,24,4,ref,nextmol_dmt_l_raw
3dnd_3dnd_conf0,0.2302744615892115,1.0,1000,13,2,ref,nextmol_dmt_l_raw
3e5u_3e5u_conf0,0.1219304926161637,1.0,1000,12,2,ref,nextmol_dmt_l_raw
3ebo_3ebo_conf0,0.0579711141094397,1.0,1000,19,1,ref,nextmol_dmt_l_raw
3ed0_3ed0_conf0,0.070050848998649,1.0,1000,20,0,ref,nextmol_dmt_l_raw
3eko_3eko_conf0,0.1409934932368637,1.0,1000,16,1,ref,nextmol_dmt_l_raw
3ekr_3ekr_conf0,0.3824791550843104,1.0,518,22,2,ref,nextmol_dmt_l_raw
3eqr_3eqr_conf0,0.614319643632645,1.0,1000,38,9,ref,nextmol_dmt_l_raw
3exh_3exh_conf0,2.3495180762647707,0.0,527,26,8,ref,nextmol_dmt_l_raw
3f18_3f18_conf0,0.5017643872172971,1.0,1000,19,6,ref,nextmol_dmt_l_raw
3f19_3f19_conf0,0.4852899116183115,1.0,995,16,4,ref,nextmol_dmt_l_raw
3f1a_3f1a_conf0,0.4077409129420344,1.0,994,15,4,ref,nextmol_dmt_l_raw
3f33_3f33_conf0,0.073623771444884,1.0,1000,13,2,ref,nextmol_dmt_l_raw
3f37_3f37_conf0,0.0190346716786054,1.0,1000,9,0,ref,nextmol_dmt_l_raw
3f78_3f78_conf0,0.1969857101324282,1.0,487,10,2,ref,nextmol_dmt_l_raw
3ffp_3ffp_conf0,0.330455696425823,1.0,999,18,2,ref,nextmol_dmt_l_raw
3fhb_3fhb_conf0,0.0402916592660176,1.0,1000,10,1,ref,nextmol_dmt_l_raw
3fj7_3fj7_conf0,0.1436439338988508,1.0,523,10,3,ref,nextmol_dmt_l_raw
3fjg_3fjg_conf0,0.1694179512827947,1.0,512,11,4,ref,nextmol_dmt_l_raw
3fl5_3fl5_conf0,0.0443792819426103,1.0,1000,20,0,ref,nextmol_dmt_l_raw
3fql_3fql_conf0,0.4449080796707469,1.0,1000,31,7,ref,nextmol_dmt_l_raw
3g0i_3g0i_conf0,0.2595326630480899,1.0,1000,10,5,ref,nextmol_dmt_l_raw
3g2y_3g2y_conf0,0.4405065196858674,1.0,1000,14,2,ref,nextmol_dmt_l_raw
3gcu_3gcu_conf0,1.4192613936836134,0.0,466,38,5,ref,nextmol_dmt_l_raw
3gy2_3gy2_conf0,0.3116108058371947,1.0,999,21,5,ref,nextmol_dmt_l_raw
3gy3_3gy3_conf0,0.8141857000062673,0.0,992,25,10,ref,nextmol_dmt_l_raw
3gy7_3gy7_conf0,0.0499300552251059,1.0,1000,9,1,ref,nextmol_dmt_l_raw
3h1x_3h1x_conf0,0.867147932445701,0.0,1000,25,4,ref,nextmol_dmt_l_raw
3h30_3h30_conf0,0.3364594809931611,1.0,342,20,2,ref,nextmol_dmt_l_raw
3h78_3h78_conf0,0.2017128819833752,1.0,1000,10,1,ref,nextmol_dmt_l_raw
3hig_3hig_conf0,0.3134846394064839,1.0,1000,21,5,ref,nextmol_dmt_l_raw
3hll_3hll_conf0,0.5312866130221756,1.0,1000,30,5,ref,nextmol_dmt_l_raw
3hp9_3hp9_conf0,0.2351990625503652,1.0,1000,23,4,ref,nextmol_dmt_l_raw
3hs4_3hs4_conf0,0.1082929452420185,1.0,188,13,2,ref,nextmol_dmt_l_raw
3hww_3hww_conf0,0.4249760749071654,1.0,1000,10,4,ref,nextmol_dmt_l_raw
3i51_3i51_conf0,0.047086637784094,1.0,1000,10,0,ref,nextmol_dmt_l_raw
3ibi_3ibi_conf0,0.5941017825943536,1.0,1000,13,8,ref,nextmol_dmt_l_raw
3ibl_3ibl_conf0,3.3269126226258727,0.0,996,18,11,ref,nextmol_dmt_l_raw
3ibu_3ibu_conf0,0.6988320185772823,1.0,999,15,10,ref,nextmol_dmt_l_raw
3igp_3igp_conf0,0.3322637704983642,1.0,1000,18,3,ref,nextmol_dmt_l_raw
3ime_3ime_conf0,0.1288155303545549,1.0,1000,12,1,ref,nextmol_dmt_l_raw
3iof_3iof_conf0,0.5824948026094217,1.0,1000,18,6,ref,nextmol_dmt_l_raw
3iog_3iog_conf0,0.2849299899479353,1.0,488,14,2,ref,nextmol_dmt_l_raw
3ip8_3ip8_conf0,0.1364322968325523,1.0,1000,11,2,ref,nextmol_dmt_l_raw
3iub_3iub_conf0,0.2684052648543052,1.0,396,24,4,ref,nextmol_dmt_l_raw
3iue_3iue_conf0,0.5222476945473147,1.0,909,28,6,ref,nextmol_dmt_l_raw
3ivx_3ivx_conf0,1.0277399923131243,0.0,972,30,6,ref,nextmol_dmt_l_raw
3iw5_3iw5_conf0,1.1235134011304868,0.0,1000,39,8,ref,nextmol_dmt_l_raw
3k8q_3k8q_conf0,0.335734349284137,1.0,1000,17,5,ref,nextmol_dmt_l_raw
3k97_3k97_conf0,0.3078678599224016,1.0,497,23,2,ref,nextmol_dmt_l_raw
3kgq_3kgq_conf0,0.4396792264371942,1.0,999,13,5,ref,nextmol_dmt_l_raw
3kgt_3kgt_conf0,0.1580290651531138,1.0,1000,20,1,ref,nextmol_dmt_l_raw
3kgu_3kgu_conf0,0.0956640536174396,1.0,1000,20,1,ref,nextmol_dmt_l_raw
3kku_3kku_conf0,0.9260292834933284,0.0,1000,23,6,ref,nextmol_dmt_l_raw
3kmx_3kmx_conf0,0.4372082814697585,1.0,1000,17,6,ref,nextmol_dmt_l_raw
3kmy_3kmy_conf0,0.4217779955676452,1.0,1000,16,3,ref,nextmol_dmt_l_raw
3l0v_3l0v_conf0,0.124042385475939,1.0,506,21,3,ref,nextmol_dmt_l_raw
3l3l_3l3l_conf0,0.7762762080083015,0.0,1000,19,2,ref,nextmol_dmt_l_raw
3l59_3l59_conf0,0.1460090833081147,1.0,1000,17,2,ref,nextmol_dmt_l_raw
3lgs_3lgs_conf0,0.1480879044271691,1.0,430,17,1,ref,nextmol_dmt_l_raw
3lk8_3lk8_conf0,0.4388128712133889,1.0,993,17,5,ref,nextmol_dmt_l_raw
3m35_3m35_conf0,1.7307901448878524,0.0,922,37,6,ref,nextmol_dmt_l_raw
3m36_3m36_conf0,1.7670939087090416,0.0,926,37,6,ref,nextmol_dmt_l_raw
3m37_3m37_conf0,1.682337572232447,0.0,888,37,6,ref,nextmol_dmt_l_raw
3m3x_3m3x_conf0,0.8268000104756853,0.0,1000,24,7,ref,nextmol_dmt_l_raw
3m40_3m40_conf0,0.3714210396751235,1.0,1000,21,4,ref,nextmol_dmt_l_raw
3m5e_3m5e_conf0,0.6489753830414098,1.0,1000,23,6,ref,nextmol_dmt_l_raw
3m67_3m67_conf0,1.2196412549363742,0.0,1000,28,5,ref,nextmol_dmt_l_raw
3m96_3m96_conf0,0.4107989168505704,1.0,1000,25,5,ref,nextmol_dmt_l_raw
3mam_3mam_conf0,0.0700090385226818,1.0,1000,8,2,ref,nextmol_dmt_l_raw
3mdz_3mdz_conf0,0.3003639190264053,1.0,1000,16,3,ref,nextmol_dmt_l_raw
3mhl_3mhl_conf0,0.7602799641073178,0.0,1000,23,6,ref,nextmol_dmt_l_raw
3mhm_3mhm_conf0,0.6381274993053441,1.0,1000,29,8,ref,nextmol_dmt_l_raw
3mho_3mho_conf0,0.4207470336313294,1.0,1000,22,5,ref,nextmol_dmt_l_raw
3mhw_3mhw_conf0,0.0990231045296885,1.0,1000,10,0,ref,nextmol_dmt_l_raw
3miy_3miy_conf0,0.894613136637668,0.0,898,29,7,ref,nextmol_dmt_l_raw
3ml2_3ml2_conf0,0.7435477979778244,1.0,760,27,5,ref,nextmol_dmt_l_raw
3ml5_3ml5_conf0,0.1162879811798611,1.0,191,13,2,ref,nextmol_dmt_l_raw
3mmf_3mmf_conf0,0.3299026752145499,1.0,1000,22,6,ref,nextmol_dmt_l_raw
3mna_3mna_conf0,0.412202699211273,1.0,1000,24,6,ref,nextmol_dmt_l_raw
3ms9_3ms9_conf0,0.0839969763208063,1.0,1000,12,1,ref,nextmol_dmt_l_raw
3myq_3myq_conf0,1.7636338497170734,0.0,1000,28,5,ref,nextmol_dmt_l_raw
3mzc_3mzc_conf0,0.6630784524827033,1.0,990,19,3,ref,nextmol_dmt_l_raw
3n0n_3n0n_conf0,0.3982663399800933,1.0,580,25,3,ref,nextmol_dmt_l_raw
3n2p_3n2p_conf0,0.3728900963200061,1.0,573,23,4,ref,nextmol_dmt_l_raw
3n2v_3n2v_conf0,0.4393102762223138,1.0,999,24,7,ref,nextmol_dmt_l_raw
3n3j_3n3j_conf0,0.5979433267361771,1.0,723,23,4,ref,nextmol_dmt_l_raw
3n4b_3n4b_conf0,0.36744961346633,1.0,718,21,3,ref,nextmol_dmt_l_raw
3n9r_3n9r_conf0,1.2232377003917878,0.0,617,15,7,ref,nextmol_dmt_l_raw
3nb5_3nb5_conf0,1.6813764700124456,0.0,1000,24,6,ref,nextmol_dmt_l_raw
3nee_3nee_conf0,0.5877579928692535,1.0,1000,24,6,ref,nextmol_dmt_l_raw
3nes_3nes_conf0,0.5075048844718434,1.0,1000,24,6,ref,nextmol_dmt_l_raw
3ni5_3ni5_conf0,2.261714598582645,0.0,997,30,11,ref,nextmol_dmt_l_raw
3npc_3npc_conf0,1.9636802882028777,0.0,632,39,7,ref,nextmol_dmt_l_raw
3o5x_3o5x_conf0,1.273683366113055,0.0,1000,42,8,ref,nextmol_dmt_l_raw
3o84_3o84_conf0,0.2661161993120567,1.0,1000,25,4,ref,nextmol_dmt_l_raw
3o8p_3o8p_conf0,0.3612266563835324,1.0,772,21,2,ref,nextmol_dmt_l_raw
3oaf_3oaf_conf0,0.4620840299779979,1.0,1000,22,3,ref,nextmol_dmt_l_raw
3ocp_3ocp_conf0,0.1256876361002362,1.0,383,22,1,ref,nextmol_dmt_l_raw
3ovn_3ovn_conf0,0.1606413717022772,1.0,1000,12,1,ref,nextmol_dmt_l_raw
3oy0_3oy0_conf0,0.5632129895148055,1.0,515,21,5,ref,nextmol_dmt_l_raw
3p3r_3p3r_conf0,0.3760797964119234,1.0,1000,20,3,ref,nextmol_dmt_l_raw
3p3t_3p3t_conf0,0.4385250228861003,1.0,1000,18,5,ref,nextmol_dmt_l_raw
3p58_3p58_conf0,0.1450505439425091,1.0,1000,12,2,ref,nextmol_dmt_l_raw
3p5l_3p5l_conf0,0.2308753914874196,1.0,1000,17,1,ref,nextmol_dmt_l_raw
3pb7_3pb7_conf0,0.8726261691105444,0.0,1000,22,7,ref,nextmol_dmt_l_raw
3pb8_3pb8_conf0,0.2412967535726628,1.0,1000,11,3,ref,nextmol_dmt_l_raw
3pb9_3pb9_conf0,0.1868560006047976,1.0,1000,12,2,ref,nextmol_dmt_l_raw
3pce_3pce_conf0,0.1978422057053069,1.0,1000,11,2,ref,nextmol_dmt_l_raw
3pcg_3pcg_conf0,0.0568749720015872,1.0,1000,11,2,ref,nextmol_dmt_l_raw
3pcn_3pcn_conf0,0.1085450067776259,1.0,1000,12,2,ref,nextmol_dmt_l_raw
3pe1_3pe1_conf0,0.3088185457571287,1.0,1000,25,3,ref,nextmol_dmt_l_raw
3po6_3po6_conf0,0.2604945330287943,1.0,515,19,3,ref,nextmol_dmt_l_raw
3ppm_3ppm_conf0,0.7459266332131413,1.0,1000,25,9,ref,nextmol_dmt_l_raw
3ppp_3ppp_conf0,0.0659226191089077,1.0,1000,8,2,ref,nextmol_dmt_l_raw
3ppq_3ppq_conf0,0.1025389461515113,1.0,1000,7,2,ref,nextmol_dmt_l_raw
3pwd_3pwd_conf0,0.070674758274445,1.0,1000,20,1,ref,nextmol_dmt_l_raw
3q2j_3q2j_conf0,0.5933594310042705,1.0,1000,18,4,ref,nextmol_dmt_l_raw
3q6w_3q6w_conf0,1.159790897975181,0.0,1000,39,7,ref,nextmol_dmt_l_raw
3qdd_3qdd_conf0,0.1569616608472518,1.0,1000,22,3,ref,nextmol_dmt_l_raw
3r16_3r16_conf0,0.604072472947201,1.0,971,19,4,ref,nextmol_dmt_l_raw
3r17_3r17_conf0,0.4614559940885703,1.0,963,20,4,ref,nextmol_dmt_l_raw
3r4m_3r4m_conf0,0.163567751960525,1.0,999,16,2,ref,nextmol_dmt_l_raw
3r4n_3r4n_conf0,0.1451180973316189,1.0,1000,23,5,ref,nextmol_dmt_l_raw
3r6u_3r6u_conf0,0.0824099145061509,1.0,1000,7,2,ref,nextmol_dmt_l_raw
3rbu_3rbu_conf0,0.6039627212989841,1.0,494,14,6,ref,nextmol_dmt_l_raw
3rf4_3rf4_conf0,0.2439386122062608,1.0,1000,21,5,ref,nextmol_dmt_l_raw
3rf5_3rf5_conf0,0.107156842652517,1.0,1000,16,4,ref,nextmol_dmt_l_raw
3rlb_3rlb_conf0,0.1958350775801855,1.0,1000,18,4,ref,nextmol_dmt_l_raw
3rlp_3rlp_conf0,0.1029854367625164,1.0,1000,18,2,ref,nextmol_dmt_l_raw
3rlq_3rlq_conf0,0.1683548828863506,1.0,1000,22,2,ref,nextmol_dmt_l_raw
3roc_3roc_conf0,0.7689879197576263,0.0,1000,31,7,ref,nextmol_dmt_l_raw
3ru1_3ru1_conf0,0.4285736597681791,1.0,1000,23,5,ref,nextmol_dmt_l_raw
3ryv_3ryv_conf0,0.3884239461817161,1.0,1000,15,3,ref,nextmol_dmt_l_raw
3ryx_3ryx_conf0,0.488156173114226,1.0,1000,21,4,ref,nextmol_dmt_l_raw
3ryy_3ryy_conf0,0.3337709112497323,1.0,1000,16,4,ref,nextmol_dmt_l_raw
3ryz_3ryz_conf0,0.3288199793601806,1.0,1000,24,5,ref,nextmol_dmt_l_raw
3rz0_3rz0_conf0,0.5370487622164911,1.0,1000,17,5,ref,nextmol_dmt_l_raw
3rz8_3rz8_conf0,0.5769601988787966,1.0,1000,19,7,ref,nextmol_dmt_l_raw
3s0b_3s0b_conf0,0.1230397542528933,1.0,1000,17,2,ref,nextmol_dmt_l_raw
3s0e_3s0e_conf0,0.1571898117928798,1.0,1000,12,3,ref,nextmol_dmt_l_raw
3s71_3s71_conf0,0.0569406668930939,1.0,1000,13,1,ref,nextmol_dmt_l_raw
3s73_3s73_conf0,0.0788290731228907,1.0,1000,13,1,ref,nextmol_dmt_l_raw
3s76_3s76_conf0,0.0623616762030163,1.0,1000,9,1,ref,nextmol_dmt_l_raw
3s78_3s78_conf0,0.0641716123381575,1.0,1000,9,1,ref,nextmol_dmt_l_raw
3std_3std_conf0,0.5040798547642762,1.0,1000,28,6,ref,nextmol_dmt_l_raw
3sww_3sww_conf0,0.3618170116805966,1.0,1000,25,5,ref,nextmol_dmt_l_raw
3sxf_3sxf_conf0,0.2738105501204831,1.0,1000,26,4,ref,nextmol_dmt_l_raw
3t3u_3t3u_conf0,0.9531174264357968,0.0,1000,29,4,ref,nextmol_dmt_l_raw
3t5u_3t5u_conf0,0.0612559801887747,1.0,1000,11,2,ref,nextmol_dmt_l_raw
3tf6_3tf6_conf0,0.3846270346091191,1.0,1000,11,1,ref,nextmol_dmt_l_raw
3th9_3th9_conf0,0.7197467524623753,1.0,103,34,6,ref,nextmol_dmt_l_raw
3u10_3u10_conf0,0.1600450489549976,1.0,393,22,1,ref,nextmol_dmt_l_raw
3u90_3u90_conf0,1.1951242082818654,0.0,1000,17,12,ref,nextmol_dmt_l_raw
3u92_3u92_conf0,0.8179356216607143,0.0,441,15,4,ref,nextmol_dmt_l_raw
3ucj_3ucj_conf0,0.1976632141263086,1.0,190,13,2,ref,nextmol_dmt_l_raw
3udd_3udd_conf0,0.6392352154213307,1.0,1000,29,7,ref,nextmol_dmt_l_raw
3ug2_3ug2_conf0,1.411331999722151,0.0,1000,31,8,ref,nextmol_dmt_l_raw
3uj9_3uj9_conf0,0.6380659881018594,1.0,999,11,4,ref,nextmol_dmt_l_raw
3ujc_3ujc_conf0,0.6278142703828825,1.0,1000,11,4,ref,nextmol_dmt_l_raw
3ujd_3ujd_conf0,0.6323662854944624,1.0,999,11,4,ref,nextmol_dmt_l_raw
3uod_3uod_conf0,0.630697860476315,1.0,1000,27,5,ref,nextmol_dmt_l_raw
3uu1_3uu1_conf0,0.0302111773427483,1.0,1000,12,1,ref,nextmol_dmt_l_raw
3uxk_3uxk_conf0,0.2200381386111265,1.0,852,10,1,ref,nextmol_dmt_l_raw
3v3q_3v3q_conf0,0.7944118044889422,0.0,998,27,13,ref,nextmol_dmt_l_raw
3v51_3v51_conf0,0.2532689259033748,1.0,1000,32,5,ref,nextmol_dmt_l_raw
3v5p_3v5p_conf0,0.9863610881115832,0.0,1000,26,4,ref,nextmol_dmt_l_raw
3v7x_3v7x_conf0,1.4483710752846126,0.0,999,25,7,ref,nextmol_dmt_l_raw
3vbd_3vbd_conf0,0.6409189771237606,1.0,486,22,3,ref,nextmol_dmt_l_raw
3vhk_3vhk_conf0,0.7748901328962469,0.0,1000,22,5,ref,nextmol_dmt_l_raw
3vw1_3vw1_conf0,0.587407533883092,1.0,1000,28,6,ref,nextmol_dmt_l_raw
3w5n_3w5n_conf0,0.1913943450271348,1.0,33,11,0,ref,nextmol_dmt_l_raw
3wha_3wha_conf0,0.3696295738968259,1.0,999,28,6,ref,nextmol_dmt_l_raw
3wtn_3wtn_conf0,0.2927004797295393,1.0,1000,14,2,ref,nextmol_dmt_l_raw
3wto_3wto_conf0,0.2988175315368218,1.0,1000,14,2,ref,nextmol_dmt_l_raw
3zbx_3zbx_conf0,0.2753810136290158,1.0,1000,27,3,ref,nextmol_dmt_l_raw
3zi8_3zi8_conf0,0.0786059522214078,1.0,80,10,0,ref,nextmol_dmt_l_raw
3zlr_3zlr_conf0,2.20525228890544,0.0,688,41,10,ref,nextmol_dmt_l_raw
3zxz_3zxz_conf0,0.265822178558092,1.0,1000,28,5,ref,nextmol_dmt_l_raw
456c_456c_conf0,0.4604384718328666,1.0,1000,28,6,ref,nextmol_dmt_l_raw
4a4v_4a4v_conf0,0.478579505075222,1.0,1000,22,8,ref,nextmol_dmt_l_raw
4a4w_4a4w_conf0,1.1974020852024352,0.0,74,30,10,ref,nextmol_dmt_l_raw
4a6l_4a6l_conf0,1.5452717797659945,0.0,1000,30,3,ref,nextmol_dmt_l_raw
4ab9_4ab9_conf0,0.1588931603488894,1.0,1000,11,1,ref,nextmol_dmt_l_raw
4abb_4abb_conf0,0.0605002866041247,1.0,1000,11,1,ref,nextmol_dmt_l_raw
4abe_4abe_conf0,0.2958507524488253,1.0,1000,13,2,ref,nextmol_dmt_l_raw
4abf_4abf_conf0,0.0659903155711639,1.0,1000,12,1,ref,nextmol_dmt_l_raw
4acc_4acc_conf0,0.5665764523513873,1.0,950,31,8,ref,nextmol_dmt_l_raw
4aci_4aci_conf0,0.2454319179839162,1.0,1000,13,5,ref,nextmol_dmt_l_raw
4ag8_4ag8_conf0,0.3759265944011303,1.0,1000,28,5,ref,nextmol_dmt_l_raw
4ahu_4ahu_conf0,0.0581562929646021,1.0,1000,12,1,ref,nextmol_dmt_l_raw
4ai5_4ai5_conf0,0.0660747915894003,1.0,1000,11,0,ref,nextmol_dmt_l_raw
4aia_4aia_conf0,0.06005320871389,1.0,1000,11,0,ref,nextmol_dmt_l_raw
4aj4_4aj4_conf0,1.0153676363389597,0.0,1000,21,7,ref,nextmol_dmt_l_raw
4aje_4aje_conf0,0.3785614936405846,1.0,999,15,4,ref,nextmol_dmt_l_raw
4aji_4aji_conf0,0.5155072920722049,1.0,1000,18,6,ref,nextmol_dmt_l_raw
4ajl_4ajl_conf0,0.4090857982510281,1.0,999,21,5,ref,nextmol_dmt_l_raw
4aoi_4aoi_conf0,0.4063327248992786,1.0,1000,27,3,ref,nextmol_dmt_l_raw
4ap7_4ap7_conf0,0.2377914583468862,1.0,1000,24,3,ref,nextmol_dmt_l_raw
4aq4_4aq4_conf0,0.6876766256075667,1.0,448,10,4,ref,nextmol_dmt_l_raw
4ara_4ara_conf0,0.549523361479887,1.0,480,25,7,ref,nextmol_dmt_l_raw
4asd_4asd_conf0,0.4598559538202464,1.0,782,32,5,ref,nextmol_dmt_l_raw
4b32_4b32_conf0,0.0207843031778005,1.0,1000,11,0,ref,nextmol_dmt_l_raw
4b33_4b33_conf0,0.0274521344560695,1.0,1000,11,0,ref,nextmol_dmt_l_raw
4b3c_4b3c_conf0,0.034528036580335,1.0,1000,10,0,ref,nextmol_dmt_l_raw
4b3d_4b3d_conf0,0.0367966787337652,1.0,1000,10,0,ref,nextmol_dmt_l_raw
4b76_4b76_conf0,0.1144449501134485,1.0,1000,17,3,ref,nextmol_dmt_l_raw
4bck_4bck_conf0,0.510420928092799,1.0,1000,27,5,ref,nextmol_dmt_l_raw
4bcm_4bcm_conf0,0.6115349054205156,1.0,1000,33,6,ref,nextmol_dmt_l_raw
4bco_4bco_conf0,0.8761701720194036,0.0,1000,33,5,ref,nextmol_dmt_l_raw
4bf1_4bf1_conf0,0.3843481020825804,1.0,1000,24,3,ref,nextmol_dmt_l_raw
4bf6_4bf6_conf0,0.3828387579364074,1.0,1000,22,3,ref,nextmol_dmt_l_raw
4bps_4bps_conf0,0.2461941090010036,1.0,1000,14,4,ref,nextmol_dmt_l_raw
4bqg_4bqg_conf0,0.2924046727021149,1.0,1000,17,2,ref,nextmol_dmt_l_raw
4btk_4btk_conf0,0.3640449430624696,1.0,1000,22,4,ref,nextmol_dmt_l_raw
4cfl_4cfl_conf0,0.1526342397278401,1.0,1000,23,2,ref,nextmol_dmt_l_raw
4d7b_4d7b_conf0,0.2002942354521382,1.0,1000,20,3,ref,nextmol_dmt_l_raw
4der_4der_conf0,0.2082126656883658,1.0,1000,20,1,ref,nextmol_dmt_l_raw
4det_4det_conf0,0.2330007011883574,1.0,1000,21,1,ref,nextmol_dmt_l_raw
4dff_4dff_conf0,0.1568165986656298,1.0,1000,22,3,ref,nextmol_dmt_l_raw
4dhl_4dhl_conf0,0.2629311509519159,1.0,1000,15,2,ref,nextmol_dmt_l_raw
4dkr_4dkr_conf0,0.7174556027833066,1.0,279,27,3,ref,nextmol_dmt_l_raw
4dst_4dst_conf0,0.2604390644658513,1.0,1000,15,2,ref,nextmol_dmt_l_raw
4dsy_4dsy_conf0,0.2653747359544817,1.0,1000,15,2,ref,nextmol_dmt_l_raw
4duh_4duh_conf0,0.4594517757109318,1.0,32,26,6,ref,nextmol_dmt_l_raw
4e0x_4e0x_conf0,0.8328439602261788,0.0,446,15,4,ref,nextmol_dmt_l_raw
4e3g_4e3g_conf0,0.0728319157044273,1.0,1000,10,1,ref,nextmol_dmt_l_raw
4e4l_4e4l_conf0,0.157674352454828,1.0,1000,23,2,ref,nextmol_dmt_l_raw
4e70_4e70_conf0,0.0541867347228111,1.0,1000,13,3,ref,nextmol_dmt_l_raw
4e9u_4e9u_conf0,0.7488229864535844,1.0,1000,19,6,ref,nextmol_dmt_l_raw
4ehz_4ehz_conf0,0.1191967491365036,1.0,1000,19,1,ref,nextmol_dmt_l_raw
4ej8_4ej8_conf0,0.0428863447431938,1.0,1000,12,1,ref,nextmol_dmt_l_raw
4ejl_4ejl_conf0,0.0984372824495475,1.0,1000,14,3,ref,nextmol_dmt_l_raw
4en4_4en4_conf0,0.1056222789077057,1.0,1000,13,3,ref,nextmol_dmt_l_raw
4f39_4f39_conf0,0.8414659842529584,0.0,434,15,4,ref,nextmol_dmt_l_raw
4f6w_4f6w_conf0,1.533195807073751,0.0,834,47,7,ref,nextmol_dmt_l_raw
4f9y_4f9y_conf0,0.1322141131528398,1.0,1000,25,3,ref,nextmol_dmt_l_raw
4fai_4fai_conf0,0.9186344061047512,0.0,1000,22,7,ref,nextmol_dmt_l_raw
4fcq_4fcq_conf0,0.2738989652876967,1.0,999,21,2,ref,nextmol_dmt_l_raw
4few_4few_conf0,0.30585258097582,1.0,1000,21,1,ref,nextmol_dmt_l_raw
4fht_4fht_conf0,0.0979554647793236,1.0,1000,11,1,ref,nextmol_dmt_l_raw
4g95_4g95_conf0,0.3734475705252096,1.0,1000,22,3,ref,nextmol_dmt_l_raw
4ge1_4ge1_conf0,0.1017379634365861,1.0,1000,12,2,ref,nextmol_dmt_l_raw
4gg7_4gg7_conf0,0.8051407911987466,0.0,1000,36,6,ref,nextmol_dmt_l_raw
4ghi_4ghi_conf0,0.2945648275790495,1.0,1000,21,3,ref,nextmol_dmt_l_raw
4gih_4gih_conf0,0.2805997776054892,1.0,509,23,4,ref,nextmol_dmt_l_raw
4gii_4gii_conf0,0.2832446615393515,1.0,448,25,4,ref,nextmol_dmt_l_raw
4gkh_4gkh_conf0,0.143739413570265,1.0,1000,24,1,ref,nextmol_dmt_l_raw
4gki_4gki_conf0,0.1697305501569794,1.0,1000,25,2,ref,nextmol_dmt_l_raw
4gny_4gny_conf0,1.020730115621747,0.0,1000,17,12,ref,nextmol_dmt_l_raw
4gqr_4gqr_conf0,0.2851221968113513,1.0,1000,23,1,ref,nextmol_dmt_l_raw
4gu6_4gu6_conf0,0.7240710966606896,1.0,1000,31,6,ref,nextmol_dmt_l_raw
4gu9_4gu9_conf0,0.323653568164151,1.0,1000,17,2,ref,nextmol_dmt_l_raw
4h7q_4h7q_conf0,0.3356938421205801,1.0,1000,9,3,ref,nextmol_dmt_l_raw
4ht0_4ht0_conf0,1.264273897370374,0.0,1000,23,3,ref,nextmol_dmt_l_raw
4ht2_4ht2_conf0,0.3127261028099723,1.0,1000,23,3,ref,nextmol_dmt_l_raw
4hu1_4hu1_conf0,0.3569376782554073,1.0,1000,20,4,ref,nextmol_dmt_l_raw
4hw3_4hw3_conf0,0.2250569171942484,1.0,1000,25,6,ref,nextmol_dmt_l_raw
4i7m_4i7m_conf0,0.169336974952534,1.0,1000,10,2,ref,nextmol_dmt_l_raw
4i8n_4i8n_conf0,1.2635827917743192,0.0,520,34,7,ref,nextmol_dmt_l_raw
4i8x_4i8x_conf0,0.093481886895064,1.0,1000,15,2,ref,nextmol_dmt_l_raw
4i9h_4i9h_conf0,3.3484370414895253,0.0,38,51,17,ref,nextmol_dmt_l_raw
4i9u_4i9u_conf0,0.4560343789676923,1.0,1000,23,6,ref,nextmol_dmt_l_raw
4ih3_4ih3_conf0,0.0980962018452861,1.0,1000,12,2,ref,nextmol_dmt_l_raw
4ih6_4ih6_conf0,0.2776310707261584,1.0,479,21,3,ref,nextmol_dmt_l_raw
4ij1_4ij1_conf0,0.4134778793583464,1.0,1000,19,4,ref,nextmol_dmt_l_raw
4itp_4itp_conf0,0.8840733591424641,0.0,1000,21,5,ref,nextmol_dmt_l_raw
4iue_4iue_conf0,0.0991897663670277,1.0,1000,19,1,ref,nextmol_dmt_l_raw
4iuo_4iuo_conf0,0.1094209539965317,1.0,81,13,1,ref,nextmol_dmt_l_raw
4iwz_4iwz_conf0,0.4537636263733884,1.0,198,18,4,ref,nextmol_dmt_l_raw
4j22_4j22_conf0,0.96176199178128,0.0,1000,30,5,ref,nextmol_dmt_l_raw
4jh0_4jh0_conf0,0.2489128906708368,1.0,1000,27,4,ref,nextmol_dmt_l_raw
4jkw_4jkw_conf0,0.7985687234797635,0.0,1000,14,6,ref,nextmol_dmt_l_raw
4jn2_4jn2_conf0,2.193676709029239,0.0,996,35,9,ref,nextmol_dmt_l_raw
4jsa_4jsa_conf0,0.1192171625792368,1.0,1000,10,1,ref,nextmol_dmt_l_raw
4jx9_4jx9_conf0,0.5778062964037894,1.0,163,17,2,ref,nextmol_dmt_l_raw
4jyt_4jyt_conf0,1.1238557499114097,0.0,997,40,9,ref,nextmol_dmt_l_raw
4jz1_4jz1_conf0,1.2052325997791735,0.0,997,37,9,ref,nextmol_dmt_l_raw
4k0y_4k0y_conf0,0.6598858816675031,1.0,981,26,3,ref,nextmol_dmt_l_raw
4k3n_4k3n_conf0,0.2336577433171213,1.0,419,17,3,ref,nextmol_dmt_l_raw
4k5p_4k5p_conf0,0.4043533578906631,1.0,294,15,3,ref,nextmol_dmt_l_raw
4k6i_4k6i_conf0,0.2070561595711104,1.0,1000,26,3,ref,nextmol_dmt_l_raw
4k7i_4k7i_conf0,0.0346770721726959,1.0,1000,8,0,ref,nextmol_dmt_l_raw
4k7n_4k7n_conf0,0.0345651474103932,1.0,1000,9,0,ref,nextmol_dmt_l_raw
4k7o_4k7o_conf0,0.2058824473152702,1.0,1000,12,0,ref,nextmol_dmt_l_raw
4k9y_4k9y_conf0,0.6577744324441767,1.0,375,36,4,ref,nextmol_dmt_l_raw
4kao_4kao_conf0,0.5119080803207627,1.0,469,32,4,ref,nextmol_dmt_l_raw
4kif_4kif_conf0,0.2677662067098437,1.0,999,12,3,ref,nextmol_dmt_l_raw
4km0_4km0_conf0,0.0929217525697655,1.0,1000,17,2,ref,nextmol_dmt_l_raw
4km2_4km2_conf0,0.4179031934239424,1.0,1000,21,5,ref,nextmol_dmt_l_raw
4kni_4kni_conf0,0.3343919487896512,1.0,1000,23,5,ref,nextmol_dmt_l_raw
4knj_4knj_conf0,0.5852749553992517,1.0,1000,21,5,ref,nextmol_dmt_l_raw
4knm_4knm_conf0,1.1020833291559484,0.0,1000,23,5,ref,nextmol_dmt_l_raw
4knn_4knn_conf0,0.5955427197345929,1.0,1000,21,5,ref,nextmol_dmt_l_raw
4kp5_4kp5_conf0,0.8007944079293857,0.0,1000,21,5,ref,nextmol_dmt_l_raw
4kp8_4kp8_conf0,0.8527883487704427,0.0,1000,20,5,ref,nextmol_dmt_l_raw
4kwf_4kwf_conf0,0.3108026937638182,1.0,1000,18,2,ref,nextmol_dmt_l_raw
4kwg_4kwg_conf0,0.051224013942354,1.0,1000,13,0,ref,nextmol_dmt_l_raw
4kyh_4kyh_conf0,0.42111299260585,1.0,931,29,4,ref,nextmol_dmt_l_raw
4kyk_4kyk_conf0,0.3772031978737659,1.0,1000,25,4,ref,nextmol_dmt_l_raw
4l2l_4l2l_conf0,0.3647255625811225,1.0,1000,19,3,ref,nextmol_dmt_l_raw
4lko_4lko_conf0,0.3988508703986271,1.0,999,25,5,ref,nextmol_dmt_l_raw
4llj_4llj_conf0,0.0489116522331635,1.0,1000,11,0,ref,nextmol_dmt_l_raw
4llp_4llp_conf0,0.0221793930161619,1.0,1000,9,0,ref,nextmol_dmt_l_raw
4lm2_4lm2_conf0,0.0876709407049149,1.0,1000,12,1,ref,nextmol_dmt_l_raw
4lm3_4lm3_conf0,0.135281699747631,1.0,1000,13,1,ref,nextmol_dmt_l_raw
4loo_4loo_conf0,0.2305047146509148,1.0,1000,25,3,ref,nextmol_dmt_l_raw
4lrr_4lrr_conf0,0.5595617457988692,1.0,879,25,3,ref,nextmol_dmt_l_raw
4luz_4luz_conf0,1.2495538070914125,0.0,1000,37,8,ref,nextmol_dmt_l_raw
4lxd_4lxd_conf0,1.951926335616689,0.0,454,48,10,ref,nextmol_dmt_l_raw
4lxz_4lxz_conf0,0.6750432960384519,1.0,1000,19,8,ref,nextmol_dmt_l_raw
4ly1_4ly1_conf0,0.5013996287240028,1.0,784,25,4,ref,nextmol_dmt_l_raw
4lyw_4lyw_conf0,0.5677176334344579,1.0,873,29,8,ref,nextmol_dmt_l_raw
4lzr_4lzr_conf0,0.6830266057188477,1.0,517,29,5,ref,nextmol_dmt_l_raw
4m0r_4m0r_conf0,0.8568359849789388,0.0,1000,29,7,ref,nextmol_dmt_l_raw
4m14_4m14_conf0,0.1922849678462506,1.0,933,26,5,ref,nextmol_dmt_l_raw
4m2r_4m2r_conf0,1.050986374251956,0.0,479,23,7,ref,nextmol_dmt_l_raw
4m2v_4m2v_conf0,1.22992098070121,0.0,484,23,7,ref,nextmol_dmt_l_raw
4m6u_4m6u_conf0,0.3684258588886379,1.0,1000,8,2,ref,nextmol_dmt_l_raw
4m8e_4m8e_conf0,,,0,23,4,ref,nextmol_dmt_l_raw
4mmm_4mmm_conf0,0.0464995220617545,1.0,1000,14,1,ref,nextmol_dmt_l_raw
4mo8_4mo8_conf0,0.2675417249410063,1.0,999,16,5,ref,nextmol_dmt_l_raw
4mr3_4mr3_conf0,0.1316158890913775,1.0,1000,24,3,ref,nextmol_dmt_l_raw
4mr6_4mr6_conf0,0.1518641423922666,1.0,1000,27,6,ref,nextmol_dmt_l_raw
4mre_4mre_conf0,0.0416402995335746,1.0,1000,9,0,ref,nextmol_dmt_l_raw
4mrg_4mrg_conf0,0.0545568628394278,1.0,1000,11,0,ref,nextmol_dmt_l_raw
4mrw_4mrw_conf0,0.02827809891223,1.0,1000,12,0,ref,nextmol_dmt_l_raw
4mrz_4mrz_conf0,0.0624078082003428,1.0,1000,11,1,ref,nextmol_dmt_l_raw
4msc_4msc_conf0,0.2912244247481995,1.0,1000,22,3,ref,nextmol_dmt_l_raw
4msn_4msn_conf0,0.09588739910816,1.0,1000,13,1,ref,nextmol_dmt_l_raw
4n9c_4n9c_conf0,0.0565160371319911,1.0,1000,12,1,ref,nextmol_dmt_l_raw
4nbl_4nbl_conf0,0.1418947829737676,1.0,1000,22,4,ref,nextmol_dmt_l_raw
4nl1_4nl1_conf0,0.2459613359056806,1.0,1000,13,2,ref,nextmol_dmt_l_raw
4np3_4np3_conf0,0.1285997128512312,1.0,1000,18,2,ref,nextmol_dmt_l_raw
4nuc_4nuc_conf0,0.2294287274056977,1.0,717,27,5,ref,nextmol_dmt_l_raw
4nvp_4nvp_conf0,0.1081977650652308,1.0,377,22,1,ref,nextmol_dmt_l_raw
4o09_4o09_conf0,0.2841735941085765,1.0,1000,28,3,ref,nextmol_dmt_l_raw
4o0b_4o0b_conf0,0.1883177933725518,1.0,1000,29,2,ref,nextmol_dmt_l_raw
4o0x_4o0x_conf0,0.2128526991005449,1.0,1000,26,1,ref,nextmol_dmt_l_raw
4o0y_4o0y_conf0,0.1433576521126857,1.0,1000,25,3,ref,nextmol_dmt_l_raw
4o2b_4o2b_conf0,0.291479117656012,1.0,510,29,5,ref,nextmol_dmt_l_raw
4o2p_4o2p_conf0,1.056321530166796,0.0,531,34,9,ref,nextmol_dmt_l_raw
4o3f_4o3f_conf0,0.294526644077734,1.0,519,28,4,ref,nextmol_dmt_l_raw
4o61_4o61_conf0,0.2531035495712738,1.0,1000,13,5,ref,nextmol_dmt_l_raw
4oak_4oak_conf0,0.6193917437055523,1.0,28,11,3,ref,nextmol_dmt_l_raw
4oct_4oct_conf0,0.1924193118771115,1.0,1000,10,4,ref,nextmol_dmt_l_raw
4oks_4oks_conf0,0.8827691379898394,0.0,1000,33,7,ref,nextmol_dmt_l_raw
4owv_4owv_conf0,0.0520146664136726,1.0,1000,10,1,ref,nextmol_dmt_l_raw
4p5z_4p5z_conf0,0.5356150413198688,1.0,678,37,4,ref,nextmol_dmt_l_raw
4poh_4poh_conf0,2.233120029658779,0.0,1,23,4,ref,nextmol_dmt_l_raw
4pop_4pop_conf0,0.1632140035427418,1.0,1000,17,3,ref,nextmol_dmt_l_raw
4pp3_4pp3_conf0,2.3021638254323222,0.0,1,23,4,ref,nextmol_dmt_l_raw
4pp5_4pp5_conf0,,,0,23,4,ref,nextmol_dmt_l_raw
4pvy_4pvy_conf0,0.3374441202858749,1.0,996,26,7,ref,nextmol_dmt_l_raw
4q08_4q08_conf0,0.8617980267701779,0.0,1000,26,6,ref,nextmol_dmt_l_raw
4q09_4q09_conf0,0.3956329427220542,1.0,1000,28,6,ref,nextmol_dmt_l_raw
4q19_4q19_conf0,0.4533257202491713,1.0,1000,27,7,ref,nextmol_dmt_l_raw
4q7p_4q7p_conf0,0.0455202096468894,1.0,1000,9,0,ref,nextmol_dmt_l_raw
4q7s_4q7s_conf0,0.045995789389135,1.0,1000,9,0,ref,nextmol_dmt_l_raw
4q7v_4q7v_conf0,0.0471793130587946,1.0,1000,9,0,ref,nextmol_dmt_l_raw
4q7w_4q7w_conf0,0.0583041441405775,1.0,1000,9,0,ref,nextmol_dmt_l_raw
4q81_4q81_conf0,0.0581855179861593,1.0,1000,10,0,ref,nextmol_dmt_l_raw
4q83_4q83_conf0,0.0734383967984956,1.0,1000,12,0,ref,nextmol_dmt_l_raw
4q87_4q87_conf0,0.0619956297684074,1.0,1000,12,0,ref,nextmol_dmt_l_raw
4qb3_4qb3_conf0,0.2708789332527569,1.0,1000,22,5,ref,nextmol_dmt_l_raw
4qem_4qem_conf0,0.2223510967228031,1.0,1000,12,2,ref,nextmol_dmt_l_raw
4qer_4qer_conf0,0.3324987028926165,1.0,1000,17,2,ref,nextmol_dmt_l_raw
4qjw_4qjw_conf0,0.3957384393096114,1.0,1000,27,7,ref,nextmol_dmt_l_raw
4qjx_4qjx_conf0,0.7213443324286404,1.0,1000,27,7,ref,nextmol_dmt_l_raw
4qp2_4qp2_conf0,0.0393572710920218,1.0,1000,11,0,ref,nextmol_dmt_l_raw
4qsv_4qsv_conf0,0.2812238357590814,1.0,188,17,2,ref,nextmol_dmt_l_raw
4qtl_4qtl_conf0,0.8610259385680216,0.0,1000,27,7,ref,nextmol_dmt_l_raw
4qxo_4qxo_conf0,0.1176904793517929,1.0,1000,21,2,ref,nextmol_dmt_l_raw
4r0a_4r0a_conf0,0.1656121155602132,1.0,164,17,2,ref,nextmol_dmt_l_raw
4r4c_4r4c_conf0,1.090898962957468,0.0,1000,41,8,ref,nextmol_dmt_l_raw
4r4o_4r4o_conf0,1.0188535361610846,0.0,1000,40,8,ref,nextmol_dmt_l_raw
4r4t_4r4t_conf0,0.88557016505173,0.0,1000,40,8,ref,nextmol_dmt_l_raw
4r76_4r76_conf0,0.5548277503407526,1.0,500,26,5,ref,nextmol_dmt_l_raw
4rak_4rak_conf0,0.3167785165855307,1.0,1000,35,6,ref,nextmol_dmt_l_raw
4rfc_4rfc_conf0,1.0812620133144122,0.0,999,23,7,ref,nextmol_dmt_l_raw
4rfd_4rfd_conf0,0.9304204550717372,0.0,1000,16,6,ref,nextmol_dmt_l_raw
4rj8_4rj8_conf0,0.4660318768621581,1.0,1000,29,5,ref,nextmol_dmt_l_raw
4rlu_4rlu_conf0,0.0877167339108061,1.0,1000,19,3,ref,nextmol_dmt_l_raw
4rpn_4rpn_conf0,0.0383015093660924,1.0,1000,12,0,ref,nextmol_dmt_l_raw
4rpo_4rpo_conf0,0.0216494785467167,1.0,1000,10,0,ref,nextmol_dmt_l_raw
4rqk_4rqk_conf0,0.7676513562199401,0.0,1000,23,3,ref,nextmol_dmt_l_raw
4rux_4rux_conf0,0.351602552079487,1.0,1000,14,4,ref,nextmol_dmt_l_raw
4ruy_4ruy_conf0,0.3596578010916873,1.0,1000,14,4,ref,nextmol_dmt_l_raw
4ruz_4ruz_conf0,0.3229174945245427,1.0,1000,13,3,ref,nextmol_dmt_l_raw
4rvr_4rvr_conf0,0.27370799970044,1.0,1000,26,6,ref,nextmol_dmt_l_raw
4rwj_4rwj_conf0,2.068835207212984,0.0,358,34,8,ref,nextmol_dmt_l_raw
4tjz_4tjz_conf0,0.2998714458432875,1.0,987,12,7,ref,nextmol_dmt_l_raw
4tqn_4tqn_conf0,0.1895048340034489,1.0,658,24,6,ref,nextmol_dmt_l_raw
4tte_4tte_conf0,0.1520269721230759,1.0,1000,18,2,ref,nextmol_dmt_l_raw
4u1b_4u1b_conf0,0.6997879374712177,1.0,195,13,6,ref,nextmol_dmt_l_raw
4u43_4u43_conf0,0.1709242125516349,1.0,1000,16,2,ref,nextmol_dmt_l_raw
4u54_4u54_conf0,0.1241480213313385,1.0,1000,15,3,ref,nextmol_dmt_l_raw
4u69_4u69_conf0,0.3819251637729595,1.0,240,11,4,ref,nextmol_dmt_l_raw
4u6w_4u6w_conf0,0.5415955297034185,1.0,195,13,6,ref,nextmol_dmt_l_raw
4u70_4u70_conf0,0.2853533603432965,1.0,238,13,3,ref,nextmol_dmt_l_raw
4u73_4u73_conf0,0.2872217337724886,1.0,180,12,2,ref,nextmol_dmt_l_raw
4ucc_4ucc_conf0,0.1325163741315238,1.0,1000,20,4,ref,nextmol_dmt_l_raw
4umb_4umb_conf0,0.1243625600681257,1.0,526,10,3,ref,nextmol_dmt_l_raw
4unp_4unp_conf0,0.151466265384691,1.0,1000,15,2,ref,nextmol_dmt_l_raw
4up5_4up5_conf0,0.1860934759368495,1.0,1000,12,1,ref,nextmol_dmt_l_raw
4urz_4urz_conf0,0.2136809993181238,1.0,1000,17,2,ref,nextmol_dmt_l_raw
4uye_4uye_conf0,0.1224750035299186,1.0,823,29,4,ref,nextmol_dmt_l_raw
4v24_4v24_conf0,2.584698509672577,0.0,510,33,9,ref,nextmol_dmt_l_raw
4wa9_4wa9_conf0,0.4281430065563449,1.0,1000,28,5,ref,nextmol_dmt_l_raw
4wkb_4wkb_conf0,0.7121297715757093,1.0,440,20,4,ref,nextmol_dmt_l_raw
4wkn_4wkn_conf0,0.6924619036206487,1.0,446,20,4,ref,nextmol_dmt_l_raw
4wov_4wov_conf0,0.5281541588948706,1.0,1000,28,6,ref,nextmol_dmt_l_raw
4wrb_4wrb_conf0,0.3793503035405192,1.0,1000,27,6,ref,nextmol_dmt_l_raw
4x24_4x24_conf0,0.6965692508701016,1.0,445,20,4,ref,nextmol_dmt_l_raw
4x8u_4x8u_conf0,0.0966726411226561,1.0,1000,13,1,ref,nextmol_dmt_l_raw
4xip_4xip_conf0,0.1158993575700263,1.0,1000,22,2,ref,nextmol_dmt_l_raw
4xiq_4xiq_conf0,0.1183983082891384,1.0,1000,25,1,ref,nextmol_dmt_l_raw
4xir_4xir_conf0,0.3631622024518253,1.0,483,29,3,ref,nextmol_dmt_l_raw
4xmb_4xmb_conf0,1.0061615644413169,0.0,1000,42,12,ref,nextmol_dmt_l_raw
4y2q_4y2q_conf0,0.1270332971563371,1.0,1000,16,1,ref,nextmol_dmt_l_raw
4y4j_4y4j_conf0,0.0961070602206111,1.0,507,12,2,ref,nextmol_dmt_l_raw
4ygf_4ygf_conf0,0.1756883153478697,1.0,197,13,2,ref,nextmol_dmt_l_raw
4yhm_4yhm_conf0,3.7650396685258976,0.0,997,35,9,ref,nextmol_dmt_l_raw
4yho_4yho_conf0,3.28429599812447,0.0,997,35,9,ref,nextmol_dmt_l_raw
4ykk_4ykk_conf0,0.3503561323062945,1.0,4,7,2,ref,nextmol_dmt_l_raw
4ymq_4ymq_conf0,2.087572280720425,0.0,487,40,10,ref,nextmol_dmt_l_raw
4yx4_4yx4_conf0,0.1975765051744999,1.0,1000,10,1,ref,nextmol_dmt_l_raw
4yxi_4yxi_conf0,0.2158858416661758,1.0,1000,11,1,ref,nextmol_dmt_l_raw
4yyt_4yyt_conf0,0.3741936173312006,1.0,1000,13,3,ref,nextmol_dmt_l_raw
4yzu_4yzu_conf0,0.7968236915188324,0.0,1000,27,5,ref,nextmol_dmt_l_raw
4z0q_4z0q_conf0,0.5426815848944134,1.0,1000,22,2,ref,nextmol_dmt_l_raw
4z1e_4z1e_conf0,0.636463055133009,1.0,1000,24,3,ref,nextmol_dmt_l_raw
4z1j_4z1j_conf0,0.3806639925544164,1.0,1000,22,2,ref,nextmol_dmt_l_raw
4z1k_4z1k_conf0,0.4764853730794702,1.0,1000,24,2,ref,nextmol_dmt_l_raw
4z93_4z93_conf0,0.1225192712545395,1.0,999,31,4,ref,nextmol_dmt_l_raw
4zbi_4zbi_conf0,0.2748111458041974,1.0,1000,29,6,ref,nextmol_dmt_l_raw
4zo5_4zo5_conf0,0.5803787194279101,1.0,1000,36,7,ref,nextmol_dmt_l_raw
4zx3_4zx3_conf0,0.2993843064613216,1.0,506,19,3,ref,nextmol_dmt_l_raw
4zx4_4zx4_conf0,0.5099998087690347,1.0,506,27,4,ref,nextmol_dmt_l_raw
4zzx_4zzx_conf0,0.1066241030710428,1.0,1000,18,5,ref,nextmol_dmt_l_raw
4zzz_4zzz_conf0,0.1718424952553753,1.0,1000,18,5,ref,nextmol_dmt_l_raw
5a5q_5a5q_conf0,0.1831521112304039,1.0,996,19,2,ref,nextmol_dmt_l_raw
5aan_5aan_conf0,0.9825949831899168,0.0,928,24,3,ref,nextmol_dmt_l_raw
5am6_5am6_conf0,0.2270001813087746,1.0,1000,29,2,ref,nextmol_dmt_l_raw
5am7_5am7_conf0,0.2322590250996314,1.0,1000,29,2,ref,nextmol_dmt_l_raw
5ant_5ant_conf0,0.5200489730499882,1.0,1000,24,7,ref,nextmol_dmt_l_raw
5anv_5anv_conf0,0.1844572093461273,1.0,1000,27,5,ref,nextmol_dmt_l_raw
5aoj_5aoj_conf0,0.1207747539151626,1.0,1000,17,2,ref,nextmol_dmt_l_raw
5aut_5aut_conf0,0.2024142078892949,1.0,1000,21,3,ref,nextmol_dmt_l_raw
5boj_5boj_conf0,0.4593596504398765,1.0,1000,18,6,ref,nextmol_dmt_l_raw
5btx_5btx_conf0,0.1930434393277931,1.0,388,22,1,ref,nextmol_dmt_l_raw
5c1w_5c1w_conf0,0.1036417776190437,1.0,1000,12,1,ref,nextmol_dmt_l_raw
5c2a_5c2a_conf0,0.2416222100889483,1.0,1000,20,4,ref,nextmol_dmt_l_raw
5c3p_5c3p_conf0,0.2841561462910155,1.0,1000,10,4,ref,nextmol_dmt_l_raw
5c5t_5c5t_conf0,0.1718649814180666,1.0,1000,10,4,ref,nextmol_dmt_l_raw
5c8n_5c8n_conf0,0.8657811849891824,0.0,983,31,7,ref,nextmol_dmt_l_raw
5cap_5cap_conf0,0.5127322577551858,1.0,999,29,7,ref,nextmol_dmt_l_raw
5cbs_5cbs_conf0,0.2146916252847754,1.0,363,19,4,ref,nextmol_dmt_l_raw
5cep_5cep_conf0,0.2822869871569126,1.0,1000,25,4,ref,nextmol_dmt_l_raw
5cjf_5cjf_conf0,0.3422505859107093,1.0,1000,25,4,ref,nextmol_dmt_l_raw
5cp5_5cp5_conf0,0.3845977012330727,1.0,1000,26,4,ref,nextmol_dmt_l_raw
5cqt_5cqt_conf0,0.3182312528430919,1.0,1000,25,4,ref,nextmol_dmt_l_raw
5cs6_5cs6_conf0,0.1973850440208288,1.0,1000,13,4,ref,nextmol_dmt_l_raw
5csp_5csp_conf0,0.0511382787790293,1.0,1000,11,1,ref,nextmol_dmt_l_raw
5cu4_5cu4_conf0,2.952058853047714,0.0,998,34,11,ref,nextmol_dmt_l_raw
5cy9_5cy9_conf0,0.1598987642912615,1.0,999,23,6,ref,nextmol_dmt_l_raw
5d0c_5d0c_conf0,0.4009469136732573,1.0,1000,29,5,ref,nextmol_dmt_l_raw
5d0r_5d0r_conf0,0.131678509072127,1.0,1000,19,2,ref,nextmol_dmt_l_raw
5d24_5d24_conf0,0.70511155131995,1.0,784,25,7,ref,nextmol_dmt_l_raw
5d25_5d25_conf0,0.5274984536390328,1.0,898,28,7,ref,nextmol_dmt_l_raw
5d26_5d26_conf0,0.4588958426580951,1.0,839,29,8,ref,nextmol_dmt_l_raw
5d3h_5d3h_conf0,0.374190311103703,1.0,770,30,9,ref,nextmol_dmt_l_raw
5d3j_5d3j_conf0,0.6413348982206957,1.0,784,28,8,ref,nextmol_dmt_l_raw
5d3l_5d3l_conf0,0.5347106721360887,1.0,825,30,8,ref,nextmol_dmt_l_raw
5d3n_5d3n_conf0,0.3737681951388927,1.0,573,26,6,ref,nextmol_dmt_l_raw
5d3t_5d3t_conf0,0.4469558090802435,1.0,1000,25,6,ref,nextmol_dmt_l_raw
5d45_5d45_conf0,0.2974722693803407,1.0,1000,29,6,ref,nextmol_dmt_l_raw
5d47_5d47_conf0,0.4410498499710428,1.0,997,31,7,ref,nextmol_dmt_l_raw
5d48_5d48_conf0,0.688212280054197,1.0,999,34,8,ref,nextmol_dmt_l_raw
5dh4_5dh4_conf0,0.2164361242932776,1.0,1000,19,3,ref,nextmol_dmt_l_raw
5dq8_5dq8_conf0,0.4564081918155192,1.0,1000,20,3,ref,nextmol_dmt_l_raw
5dqe_5dqe_conf0,0.3812062444065062,1.0,1000,17,3,ref,nextmol_dmt_l_raw
5dx4_5dx4_conf0,0.2814746145366295,1.0,1000,28,5,ref,nextmol_dmt_l_raw
5dyo_5dyo_conf0,0.1800494295627971,1.0,1000,25,2,ref,nextmol_dmt_l_raw
5e28_5e28_conf0,0.1111710509087802,1.0,1000,17,2,ref,nextmol_dmt_l_raw
5e2k_5e2k_conf0,0.0861659303220828,1.0,1000,17,2,ref,nextmol_dmt_l_raw
5e2l_5e2l_conf0,0.6882257473800908,1.0,79,12,3,ref,nextmol_dmt_l_raw
5e2r_5e2r_conf0,0.2582210771539315,1.0,1000,25,4,ref,nextmol_dmt_l_raw
5e2s_5e2s_conf0,0.1918662660522354,1.0,1000,19,3,ref,nextmol_dmt_l_raw
5e73_5e73_conf0,0.1744425477396513,1.0,1000,24,2,ref,nextmol_dmt_l_raw
5e74_5e74_conf0,0.5022509012791708,1.0,1000,33,3,ref,nextmol_dmt_l_raw
5e7n_5e7n_conf0,0.4034172837477979,1.0,965,30,6,ref,nextmol_dmt_l_raw
5edb_5edb_conf0,0.1008154038527823,1.0,1000,21,2,ref,nextmol_dmt_l_raw
5edc_5edc_conf0,0.2981001492039295,1.0,1000,26,3,ref,nextmol_dmt_l_raw
5eei_5eei_conf0,0.4956709579252006,1.0,1000,19,8,ref,nextmol_dmt_l_raw
5ef7_5ef7_conf0,0.4775698574539363,1.0,1000,23,6,ref,nextmol_dmt_l_raw
5ehr_5ehr_conf0,0.3707163464802557,1.0,998,23,2,ref,nextmol_dmt_l_raw
5eis_5eis_conf0,0.0538271477051888,1.0,1000,21,3,ref,nextmol_dmt_l_raw
5elw_5elw_conf0,0.3865570014058083,1.0,488,13,4,ref,nextmol_dmt_l_raw
5ep7_5ep7_conf0,0.5504237414082442,1.0,755,20,3,ref,nextmol_dmt_l_raw
5eq1_5eq1_conf0,0.0737637352699265,1.0,1000,13,0,ref,nextmol_dmt_l_raw
5etb_5etb_conf0,0.116859211892097,1.0,1000,13,1,ref,nextmol_dmt_l_raw
5eu1_5eu1_conf0,0.2562229582468541,1.0,1000,26,5,ref,nextmol_dmt_l_raw
5ewk_5ewk_conf0,0.3933645839191865,1.0,1000,22,3,ref,nextmol_dmt_l_raw
5f1h_5f1h_conf0,0.3046439571053613,1.0,1000,26,5,ref,nextmol_dmt_l_raw
5f25_5f25_conf0,0.1651268160308903,1.0,1000,18,2,ref,nextmol_dmt_l_raw
5f2p_5f2p_conf0,0.0378787541322309,1.0,1000,15,1,ref,nextmol_dmt_l_raw
5fbi_5fbi_conf0,0.6348327761727369,1.0,1000,23,5,ref,nextmol_dmt_l_raw
5fdc_5fdc_conf0,0.2672954360631014,1.0,1000,15,3,ref,nextmol_dmt_l_raw
5fe7_5fe7_conf0,0.0751881457198061,1.0,1000,14,2,ref,nextmol_dmt_l_raw
5fl4_5fl4_conf0,0.2616590896131952,1.0,1000,24,3,ref,nextmol_dmt_l_raw
5fl5_5fl5_conf0,0.5223682429620202,1.0,1000,22,4,ref,nextmol_dmt_l_raw
5fl6_5fl6_conf0,0.4770895765550255,1.0,1000,21,3,ref,nextmol_dmt_l_raw
5flt_5flt_conf0,0.1023539473239013,1.0,1000,16,3,ref,nextmol_dmt_l_raw
5g1z_5g1z_conf0,0.4416648483367653,1.0,999,22,6,ref,nextmol_dmt_l_raw
5g2b_5g2b_conf0,0.7477574094777437,1.0,418,39,7,ref,nextmol_dmt_l_raw
5gj9_5gj9_conf0,0.0416497221000628,1.0,1000,9,1,ref,nextmol_dmt_l_raw
5gja_5gja_conf0,0.0446952249153479,1.0,1000,9,1,ref,nextmol_dmt_l_raw
5gmh_5gmh_conf0,0.2655157459698986,1.0,1000,23,5,ref,nextmol_dmt_l_raw
5gmn_5gmn_conf0,0.3787709703121369,1.0,1000,25,3,ref,nextmol_dmt_l_raw
5gsa_5gsa_conf0,0.2779538578688522,1.0,1000,26,5,ref,nextmol_dmt_l_raw
5h1u_5h1u_conf0,0.1006842068416209,1.0,1000,13,1,ref,nextmol_dmt_l_raw
5h85_5h85_conf0,0.470262011074182,1.0,953,22,3,ref,nextmol_dmt_l_raw
5ha1_5ha1_conf0,0.2795435782402276,1.0,909,21,5,ref,nextmol_dmt_l_raw
5hbs_5hbs_conf0,0.4107828125237333,1.0,983,21,5,ref,nextmol_dmt_l_raw
5hcv_5hcv_conf0,0.2183069316684136,1.0,381,28,1,ref,nextmol_dmt_l_raw
5hcy_5hcy_conf0,0.4751406556698397,1.0,999,39,8,ref,nextmol_dmt_l_raw
5his_5his_conf0,0.0943466458188465,1.0,1000,9,1,ref,nextmol_dmt_l_raw
5hrv_5hrv_conf0,0.0494897715644936,1.0,1000,16,1,ref,nextmol_dmt_l_raw
5hvs_5hvs_conf0,0.2487983727660841,1.0,1000,33,5,ref,nextmol_dmt_l_raw
5hz5_5hz5_conf0,0.3875924403312132,1.0,1000,28,3,ref,nextmol_dmt_l_raw
5hz8_5hz8_conf0,0.2151728836843516,1.0,1000,27,3,ref,nextmol_dmt_l_raw
5hz9_5hz9_conf0,0.0527394488441489,1.0,1000,21,2,ref,nextmol_dmt_l_raw
5i29_5i29_conf0,0.1791006854385134,1.0,1000,22,2,ref,nextmol_dmt_l_raw
5i3a_5i3a_conf0,0.0202116829525438,1.0,1000,8,0,ref,nextmol_dmt_l_raw
5i3x_5i3x_conf0,1.92936572000286,0.0,1000,44,9,ref,nextmol_dmt_l_raw
5i3y_5i3y_conf0,2.008382038365544,0.0,1000,46,11,ref,nextmol_dmt_l_raw
5i7x_5i7x_conf0,0.2084888950710106,1.0,1000,22,2,ref,nextmol_dmt_l_raw
5i7y_5i7y_conf0,0.2085534922613574,1.0,961,25,4,ref,nextmol_dmt_l_raw
5i80_5i80_conf0,0.1833492162823696,1.0,1000,22,2,ref,nextmol_dmt_l_raw
5i88_5i88_conf0,0.1593169342892736,1.0,956,25,4,ref,nextmol_dmt_l_raw
5i9y_5i9y_conf0,0.5999886892275494,1.0,900,33,7,ref,nextmol_dmt_l_raw
5ia0_5ia0_conf0,0.2384738117653439,1.0,1000,37,6,ref,nextmol_dmt_l_raw
5ia1_5ia1_conf0,0.2586019996830876,1.0,1000,34,4,ref,nextmol_dmt_l_raw
5ia2_5ia2_conf0,0.2187090520715392,1.0,1000,31,3,ref,nextmol_dmt_l_raw
5ia3_5ia3_conf0,0.2971334993944519,1.0,1000,29,4,ref,nextmol_dmt_l_raw
5ia4_5ia4_conf0,1.4438833419016848,0.0,957,46,12,ref,nextmol_dmt_l_raw
5ie1_5ie1_conf0,0.5530730663523055,1.0,999,29,6,ref,nextmol_dmt_l_raw
5ih9_5ih9_conf0,1.127961077550332,0.0,999,32,6,ref,nextmol_dmt_l_raw
5ihh_5ihh_conf0,0.1329774815319489,1.0,1000,22,2,ref,nextmol_dmt_l_raw
5ii2_5ii2_conf0,0.07849135265321,1.0,1000,21,1,ref,nextmol_dmt_l_raw
5ikb_5ikb_conf0,0.822883161454897,0.0,431,15,4,ref,nextmol_dmt_l_raw
5ime_5ime_conf0,0.4054152553925871,1.0,1000,32,6,ref,nextmol_dmt_l_raw
5ivc_5ivc_conf0,0.2903225661302899,1.0,1000,26,6,ref,nextmol_dmt_l_raw
5ive_5ive_conf0,0.1467736852682845,1.0,1000,16,1,ref,nextmol_dmt_l_raw
5ivv_5ivv_conf0,0.1733313066939202,1.0,1000,20,3,ref,nextmol_dmt_l_raw
5ivy_5ivy_conf0,0.1255899445157341,1.0,933,20,4,ref,nextmol_dmt_l_raw
5iwg_5iwg_conf0,0.2790931475498383,1.0,1000,23,3,ref,nextmol_dmt_l_raw
5j27_5j27_conf0,0.7011607814507128,1.0,1000,29,6,ref,nextmol_dmt_l_raw
5j2x_5j2x_conf0,0.187812095364804,1.0,1000,22,2,ref,nextmol_dmt_l_raw
5j64_5j64_conf0,0.107908085771905,1.0,1000,21,2,ref,nextmol_dmt_l_raw
5j6l_5j6l_conf0,0.7613525802598753,0.0,1000,29,6,ref,nextmol_dmt_l_raw
5j6m_5j6m_conf0,0.787783516458097,0.0,1000,31,5,ref,nextmol_dmt_l_raw
5j6n_5j6n_conf0,0.5310469526034792,1.0,1000,29,6,ref,nextmol_dmt_l_raw
5j7q_5j7q_conf0,0.2164395137650317,1.0,1000,17,1,ref,nextmol_dmt_l_raw
5j82_5j82_conf0,0.6344065289354445,1.0,1000,29,5,ref,nextmol_dmt_l_raw
5j86_5j86_conf0,0.7614491936018483,0.0,1000,31,5,ref,nextmol_dmt_l_raw
5j8m_5j8m_conf0,0.244348678214535,1.0,1000,22,2,ref,nextmol_dmt_l_raw
5j8u_5j8u_conf0,0.1838273641566736,1.0,1000,21,2,ref,nextmol_dmt_l_raw
5j8z_5j8z_conf0,1.4947431928083363,0.0,488,32,6,ref,nextmol_dmt_l_raw
5ji8_5ji8_conf0,0.0654227620289273,1.0,1000,13,1,ref,nextmol_dmt_l_raw
5jq5_5jq5_conf0,0.9994622210716312,0.0,267,29,7,ref,nextmol_dmt_l_raw
5jsj_5jsj_conf0,2.4029834826404723,0.0,992,50,13,ref,nextmol_dmt_l_raw
5jy3_5jy3_conf0,0.5173088437082111,1.0,1000,40,7,ref,nextmol_dmt_l_raw
5k8s_5k8s_conf0,0.1030280938085236,1.0,390,22,1,ref,nextmol_dmt_l_raw
5k9w_5k9w_conf0,0.2243283857662425,1.0,693,18,2,ref,nextmol_dmt_l_raw
5ka1_5ka1_conf0,0.2235648873448863,1.0,686,18,2,ref,nextmol_dmt_l_raw
5ka7_5ka7_conf0,0.2568741309586157,1.0,688,18,2,ref,nextmol_dmt_l_raw
5ka9_5ka9_conf0,0.2562919234226268,1.0,688,18,2,ref,nextmol_dmt_l_raw
5kad_5kad_conf0,0.2474954657120872,1.0,688,18,2,ref,nextmol_dmt_l_raw
5kh3_5kh3_conf0,0.5173117990244441,1.0,1000,15,3,ref,nextmol_dmt_l_raw
5l3a_5l3a_conf0,0.2467445150620617,1.0,1000,14,2,ref,nextmol_dmt_l_raw
5l4i_5l4i_conf0,0.2566222460077333,1.0,1000,18,3,ref,nextmol_dmt_l_raw
5l4j_5l4j_conf0,0.4068120446925632,1.0,1000,17,2,ref,nextmol_dmt_l_raw
5l4m_5l4m_conf0,0.1203406671773533,1.0,999,14,3,ref,nextmol_dmt_l_raw
5l8a_5l8a_conf0,0.3902874090313333,1.0,1000,35,8,ref,nextmol_dmt_l_raw
5ld8_5ld8_conf0,0.4094828180417809,1.0,1000,18,5,ref,nextmol_dmt_l_raw
5ljq_5ljq_conf0,0.4842191898128574,1.0,1000,23,5,ref,nextmol_dmt_l_raw
5ljt_5ljt_conf0,0.6377913321064119,1.0,1000,23,5,ref,nextmol_dmt_l_raw
5llc_5llc_conf0,0.3832008714226642,1.0,1000,26,6,ref,nextmol_dmt_l_raw
5llg_5llg_conf0,0.4360238170116144,1.0,1000,14,4,ref,nextmol_dmt_l_raw
5llh_5llh_conf0,0.336845900574988,1.0,1000,24,3,ref,nextmol_dmt_l_raw
5lny_5lny_conf0,0.6345018198023581,1.0,1000,34,4,ref,nextmol_dmt_l_raw
5ltn_5ltn_conf0,0.695077641785922,1.0,976,14,4,ref,nextmol_dmt_l_raw
5lvq_5lvq_conf0,0.3017752433156414,1.0,1000,17,3,ref,nextmol_dmt_l_raw
5lvr_5lvr_conf0,0.0733560706017658,1.0,1000,15,2,ref,nextmol_dmt_l_raw
5lz4_5lz4_conf0,0.1443345703083541,1.0,1000,20,4,ref,nextmol_dmt_l_raw
5lz5_5lz5_conf0,0.224718924238168,1.0,510,25,5,ref,nextmol_dmt_l_raw
5meh_5meh_conf0,0.1017491681328353,1.0,83,11,1,ref,nextmol_dmt_l_raw
5mg2_5mg2_conf0,0.3253997749758794,1.0,1000,32,4,ref,nextmol_dmt_l_raw
5mgf_5mgf_conf0,0.2351390100806235,1.0,1000,13,3,ref,nextmol_dmt_l_raw
5mgk_5mgk_conf0,0.2135320358946185,1.0,1000,13,3,ref,nextmol_dmt_l_raw
5mme_5mme_conf0,0.5960334588312725,1.0,1000,27,7,ref,nextmol_dmt_l_raw
5mnn_5mnn_conf0,0.1404220127109101,1.0,1000,9,0,ref,nextmol_dmt_l_raw
5mod_5mod_conf0,0.2375141673836961,1.0,1000,13,3,ref,nextmol_dmt_l_raw
5mpz_5mpz_conf0,0.11658473045911,1.0,1000,14,1,ref,nextmol_dmt_l_raw
5mqe_5mqe_conf0,0.1580144751600237,1.0,817,10,1,ref,nextmol_dmt_l_raw
5msb_5msb_conf0,0.4192283010081553,1.0,1000,20,4,ref,nextmol_dmt_l_raw
5mwh_5mwh_conf0,0.5903915365414185,1.0,1000,34,6,ref,nextmol_dmt_l_raw
5my8_5my8_conf0,0.673444235414532,1.0,996,37,6,ref,nextmol_dmt_l_raw
5mz8_5mz8_conf0,0.4037890605719003,1.0,1000,8,3,ref,nextmol_dmt_l_raw
5n0e_5n0e_conf0,0.600560711661198,1.0,505,30,3,ref,nextmol_dmt_l_raw
5n1s_5n1s_conf0,0.2772629406793033,1.0,1000,19,2,ref,nextmol_dmt_l_raw
5n24_5n24_conf0,0.1161925298484097,1.0,1000,18,2,ref,nextmol_dmt_l_raw
5n25_5n25_conf0,0.3748027678643327,1.0,1000,16,2,ref,nextmol_dmt_l_raw
5n84_5n84_conf0,0.1862345483308714,1.0,1000,26,6,ref,nextmol_dmt_l_raw
5n93_5n93_conf0,0.2558709113756398,1.0,1000,24,4,ref,nextmol_dmt_l_raw
5n9r_5n9r_conf0,0.3693670939872087,1.0,480,30,5,ref,nextmol_dmt_l_raw
5nbw_5nbw_conf0,0.0243330463520353,1.0,1000,21,0,ref,nextmol_dmt_l_raw
5nea_5nea_conf0,0.2904956955993021,1.0,1000,16,2,ref,nextmol_dmt_l_raw
5nee_5nee_conf0,0.8883113482966459,0.0,1000,22,3,ref,nextmol_dmt_l_raw
5ngz_5ngz_conf0,0.1421168985117067,1.0,1000,11,1,ref,nextmol_dmt_l_raw
5nlk_5nlk_conf0,0.8725982026702287,0.0,656,33,8,ref,nextmol_dmt_l_raw
5nxi_5nxi_conf0,0.3431583088400336,1.0,1000,21,4,ref,nextmol_dmt_l_raw
5ny1_5ny1_conf0,0.7008305018572563,1.0,990,26,4,ref,nextmol_dmt_l_raw
5ny3_5ny3_conf0,0.5943538787316183,1.0,995,23,5,ref,nextmol_dmt_l_raw
5nya_5nya_conf0,0.1488424414255936,1.0,1000,10,1,ref,nextmol_dmt_l_raw
5o07_5o07_conf0,0.5310917092249219,1.0,1000,16,5,ref,nextmol_dmt_l_raw
5o1d_5o1d_conf0,0.2606936325084713,1.0,1000,20,5,ref,nextmol_dmt_l_raw
5o1f_5o1f_conf0,0.2615207609104498,1.0,1000,21,6,ref,nextmol_dmt_l_raw
5o1h_5o1h_conf0,0.1292222081879128,1.0,1000,20,5,ref,nextmol_dmt_l_raw
5o2d_5o2d_conf0,0.3331437975754704,1.0,999,24,3,ref,nextmol_dmt_l_raw
5o5a_5o5a_conf0,0.2376367394875356,1.0,1000,30,5,ref,nextmol_dmt_l_raw
5oh3_5oh3_conf0,0.1047438603192945,1.0,503,10,1,ref,nextmol_dmt_l_raw
5oku_5oku_conf0,0.1303531152831359,1.0,1000,10,5,ref,nextmol_dmt_l_raw
5op4_5op4_conf0,0.3748101215130192,1.0,1000,31,6,ref,nextmol_dmt_l_raw
5op5_5op5_conf0,0.2326424960241636,1.0,1000,23,2,ref,nextmol_dmt_l_raw
5oq8_5oq8_conf0,0.3586312292343598,1.0,998,30,6,ref,nextmol_dmt_l_raw
5oqu_5oqu_conf0,0.1682575002659932,1.0,1000,17,3,ref,nextmol_dmt_l_raw
5orh_5orh_conf0,0.1077573532864113,1.0,1000,16,2,ref,nextmol_dmt_l_raw
5orj_5orj_conf0,0.1802485763041634,1.0,1000,17,3,ref,nextmol_dmt_l_raw
5ork_5ork_conf0,0.1879548377519797,1.0,1000,16,2,ref,nextmol_dmt_l_raw
5orv_5orv_conf0,0.161157623031908,1.0,1000,11,3,ref,nextmol_dmt_l_raw
5os5_5os5_conf0,0.0859728262420799,1.0,1000,15,2,ref,nextmol_dmt_l_raw
5os7_5os7_conf0,0.2182500184162156,1.0,1000,18,3,ref,nextmol_dmt_l_raw
5ov8_5ov8_conf0,0.6892026345106447,1.0,1000,33,6,ref,nextmol_dmt_l_raw
5qa8_5qa8_conf0,0.153781754761096,1.0,1000,16,2,ref,nextmol_dmt_l_raw
5qal_5qal_conf0,0.163280944475118,1.0,1000,18,3,ref,nextmol_dmt_l_raw
5qay_5qay_conf0,0.128496351834153,1.0,999,15,2,ref,nextmol_dmt_l_raw
5sym_5sym_conf0,1.1117242479032057,0.0,1000,28,4,ref,nextmol_dmt_l_raw
5sz0_5sz0_conf0,0.2626003178795423,1.0,1000,16,2,ref,nextmol_dmt_l_raw
5sz1_5sz1_conf0,0.3227908144518689,1.0,1000,17,2,ref,nextmol_dmt_l_raw
5sz2_5sz2_conf0,0.1647038048129524,1.0,1000,18,3,ref,nextmol_dmt_l_raw
5sz3_5sz3_conf0,0.3870213039772044,1.0,1000,20,2,ref,nextmol_dmt_l_raw
5sz4_5sz4_conf0,0.1622970725864499,1.0,1000,16,2,ref,nextmol_dmt_l_raw
5sz5_5sz5_conf0,0.2775900233641736,1.0,1000,17,2,ref,nextmol_dmt_l_raw
5sz6_5sz6_conf0,0.3313230658591188,1.0,1000,18,3,ref,nextmol_dmt_l_raw
5sz7_5sz7_conf0,0.3222775299213729,1.0,1000,20,2,ref,nextmol_dmt_l_raw
5t8o_5t8o_conf0,0.1807464847689146,1.0,1000,23,1,ref,nextmol_dmt_l_raw
5t8p_5t8p_conf0,0.2620530619106629,1.0,1000,17,1,ref,nextmol_dmt_l_raw
5tcy_5tcy_conf0,1.2454217948760438,0.0,1000,27,8,ref,nextmol_dmt_l_raw
5tt3_5tt3_conf0,0.3506091550094042,1.0,1000,16,3,ref,nextmol_dmt_l_raw
5u11_5u11_conf0,0.4869692789634923,1.0,1000,17,3,ref,nextmol_dmt_l_raw
5u12_5u12_conf0,0.724284347865477,1.0,1000,20,3,ref,nextmol_dmt_l_raw
5u28_5u28_conf0,0.2912030892982449,1.0,1000,26,2,ref,nextmol_dmt_l_raw
5u49_5u49_conf0,0.1759450717630296,1.0,1000,18,2,ref,nextmol_dmt_l_raw
5u4b_5u4b_conf0,0.2598381036038333,1.0,996,18,3,ref,nextmol_dmt_l_raw
5u4d_5u4d_conf0,0.1789223570859792,1.0,999,19,3,ref,nextmol_dmt_l_raw
5uez_5uez_conf0,0.2997311564721368,1.0,1000,23,4,ref,nextmol_dmt_l_raw
5uf0_5uf0_conf0,0.1926171421988251,1.0,1000,16,2,ref,nextmol_dmt_l_raw
5ufp_5ufp_conf0,0.679795668297137,1.0,499,28,4,ref,nextmol_dmt_l_raw
5ula_5ula_conf0,0.3858980367617277,1.0,981,26,5,ref,nextmol_dmt_l_raw
5uln_5uln_conf0,0.3325157677503317,1.0,1000,21,3,ref,nextmol_dmt_l_raw
5uoo_5uoo_conf0,0.153564425341023,1.0,1000,33,3,ref,nextmol_dmt_l_raw
5ut6_5ut6_conf0,0.1354007639527588,1.0,1000,23,4,ref,nextmol_dmt_l_raw
5v82_5v82_conf0,0.6210089420123153,1.0,499,30,3,ref,nextmol_dmt_l_raw
5vcv_5vcv_conf0,0.6176730495459031,1.0,898,33,7,ref,nextmol_dmt_l_raw
5vcw_5vcw_conf0,0.5272516200414726,1.0,994,33,8,ref,nextmol_dmt_l_raw
5vd0_5vd0_conf0,0.4494773656677832,1.0,1000,37,7,ref,nextmol_dmt_l_raw
5vd1_5vd1_conf0,0.3556906372466318,1.0,1000,34,4,ref,nextmol_dmt_l_raw
5vd2_5vd2_conf0,0.3624872271257347,1.0,485,34,6,ref,nextmol_dmt_l_raw
5vja_5vja_conf0,0.3668080079138066,1.0,498,23,4,ref,nextmol_dmt_l_raw
5vkc_5vkc_conf0,2.0506004851556874,0.0,998,57,13,ref,nextmol_dmt_l_raw
5vl2_5vl2_conf0,0.2940711704909913,1.0,763,19,2,ref,nextmol_dmt_l_raw
5vm0_5vm0_conf0,0.3696410883628518,1.0,761,19,2,ref,nextmol_dmt_l_raw
5vyy_5vyy_conf0,0.5816341399440429,1.0,1000,27,6,ref,nextmol_dmt_l_raw
5w1e_5w1e_conf0,0.0329193186479767,1.0,1000,10,1,ref,nextmol_dmt_l_raw
5wbo_5wbo_conf0,0.3434321988352047,1.0,1000,16,1,ref,nextmol_dmt_l_raw
5wcm_5wcm_conf0,0.0871290785003798,1.0,1000,13,2,ref,nextmol_dmt_l_raw
5wgp_5wgp_conf0,0.1696669269741294,1.0,1000,10,0,ref,nextmol_dmt_l_raw
5wij_5wij_conf0,0.509313859639929,1.0,999,31,8,ref,nextmol_dmt_l_raw
5win_5win_conf0,0.3519138180739938,1.0,1000,27,4,ref,nextmol_dmt_l_raw
5wqc_5wqc_conf0,0.8003193930202918,0.0,1000,32,9,ref,nextmol_dmt_l_raw
5wuk_5wuk_conf0,0.4501240483571023,1.0,1000,26,5,ref,nextmol_dmt_l_raw
5wyx_5wyx_conf0,0.1598051547578967,1.0,1000,19,2,ref,nextmol_dmt_l_raw
5wyz_5wyz_conf0,0.0816472364625364,1.0,1000,19,1,ref,nextmol_dmt_l_raw
5xmx_5xmx_conf0,1.165111776924921,0.0,934,32,10,ref,nextmol_dmt_l_raw
5xpi_5xpi_conf0,1.017467942974574,0.0,1000,26,8,ref,nextmol_dmt_l_raw
5y12_5y12_conf0,0.7718473903747252,0.0,1000,23,8,ref,nextmol_dmt_l_raw
5y13_5y13_conf0,0.8887881784887003,0.0,1000,22,7,ref,nextmol_dmt_l_raw
5y8y_5y8y_conf0,0.2799326026130395,1.0,1000,25,5,ref,nextmol_dmt_l_raw
5y94_5y94_conf0,0.2829465960202452,1.0,1000,25,5,ref,nextmol_dmt_l_raw
5ya5_5ya5_conf0,0.2088080079330645,1.0,1000,26,4,ref,nextmol_dmt_l_raw
5yas_5yas_conf0,0.0832859803070287,1.0,1000,11,0,ref,nextmol_dmt_l_raw
5yl2_5yl2_conf0,0.2836144014796457,1.0,998,27,5,ref,nextmol_dmt_l_raw
5z7b_5z7b_conf0,0.1003073785930867,1.0,1000,12,2,ref,nextmol_dmt_l_raw
5za7_5za7_conf0,0.1506643401641541,1.0,356,21,2,ref,nextmol_dmt_l_raw
5za8_5za8_conf0,0.499367170338691,1.0,305,26,3,ref,nextmol_dmt_l_raw
5za9_5za9_conf0,0.6539175775324659,1.0,342,29,3,ref,nextmol_dmt_l_raw
5zae_5zae_conf0,0.5001035508651938,1.0,303,25,3,ref,nextmol_dmt_l_raw
5zag_5zag_conf0,0.4144037457032351,1.0,336,26,3,ref,nextmol_dmt_l_raw
5zaj_5zaj_conf0,0.3757676414338494,1.0,374,30,5,ref,nextmol_dmt_l_raw
5zc5_5zc5_conf0,0.455912382028788,1.0,317,30,3,ref,nextmol_dmt_l_raw
5zni_5zni_conf0,0.299278877206428,1.0,183,26,2,ref,nextmol_dmt_l_raw
6abx_6abx_conf0,0.488392353825026,1.0,1000,13,5,ref,nextmol_dmt_l_raw
6ajv_6ajv_conf0,0.1298378177136971,1.0,1000,19,4,ref,nextmol_dmt_l_raw
6ajz_6ajz_conf0,0.2894855301092616,1.0,502,29,5,ref,nextmol_dmt_l_raw
6ayq_6ayq_conf0,0.6260399381463726,1.0,445,20,4,ref,nextmol_dmt_l_raw
6b1k_6b1k_conf0,0.1345966379230865,1.0,1000,24,2,ref,nextmol_dmt_l_raw
6b4d_6b4d_conf0,0.4298025219038261,1.0,1000,20,3,ref,nextmol_dmt_l_raw
6b4l_6b4l_conf0,0.283242932457568,1.0,1000,26,6,ref,nextmol_dmt_l_raw
6b4u_6b4u_conf0,1.2180936199223946,0.0,987,41,10,ref,nextmol_dmt_l_raw
6b59_6b59_conf0,2.68302389499198,0.0,1000,26,6,ref,nextmol_dmt_l_raw
6b7b_6b7b_conf0,0.1127237412799592,1.0,1000,12,1,ref,nextmol_dmt_l_raw
6b98_6b98_conf0,0.0476994644667437,1.0,1000,13,1,ref,nextmol_dmt_l_raw
6c7q_6c7q_conf0,0.2669586060491443,1.0,1000,34,4,ref,nextmol_dmt_l_raw
6c7w_6c7w_conf0,0.6720816608695361,1.0,447,23,4,ref,nextmol_dmt_l_raw
6cbg_6cbg_conf0,0.0620088694857688,1.0,1000,14,2,ref,nextmol_dmt_l_raw
6ce6_6ce6_conf0,0.6810230830393937,1.0,1000,22,6,ref,nextmol_dmt_l_raw
6ced_6ced_conf0,0.5632100641517757,1.0,1000,17,3,ref,nextmol_dmt_l_raw
6cjs_6cjs_conf0,0.6361057422340886,1.0,1000,34,7,ref,nextmol_dmt_l_raw
6ckr_6ckr_conf0,0.2099612009469471,1.0,999,29,4,ref,nextmol_dmt_l_raw
6cks_6cks_conf0,0.2863679067189561,1.0,1000,31,5,ref,nextmol_dmt_l_raw
6cn5_6cn5_conf0,0.7577151604431746,0.0,986,35,4,ref,nextmol_dmt_l_raw
6csp_6csp_conf0,0.1451429896206073,1.0,987,10,1,ref,nextmol_dmt_l_raw
6csq_6csq_conf0,0.1035379740245979,1.0,1000,10,1,ref,nextmol_dmt_l_raw
6csr_6csr_conf0,0.0866865406857045,1.0,854,10,1,ref,nextmol_dmt_l_raw
6css_6css_conf0,0.2228477570620842,1.0,790,9,1,ref,nextmol_dmt_l_raw
6d15_6d15_conf0,0.112510434987378,1.0,999,18,2,ref,nextmol_dmt_l_raw
6d16_6d16_conf0,0.2412405465625408,1.0,1000,18,3,ref,nextmol_dmt_l_raw
6d17_6d17_conf0,0.2289901150718822,1.0,1000,19,2,ref,nextmol_dmt_l_raw
6d18_6d18_conf0,0.1354008048308712,1.0,1000,18,2,ref,nextmol_dmt_l_raw
6d19_6d19_conf0,0.2845224095609416,1.0,1000,18,2,ref,nextmol_dmt_l_raw
6d1a_6d1a_conf0,0.1433236381816105,1.0,1000,18,2,ref,nextmol_dmt_l_raw
6d1b_6d1b_conf0,0.1646543865416613,1.0,1000,18,3,ref,nextmol_dmt_l_raw
6d1d_6d1d_conf0,0.127230970204789,1.0,1000,18,2,ref,nextmol_dmt_l_raw
6d1g_6d1g_conf0,0.2115355844202573,1.0,1000,18,2,ref,nextmol_dmt_l_raw
6d1h_6d1h_conf0,0.1014445235236639,1.0,1000,16,2,ref,nextmol_dmt_l_raw
6d1i_6d1i_conf0,0.108679690686716,1.0,1000,17,2,ref,nextmol_dmt_l_raw
6d1j_6d1j_conf0,0.1020047533201777,1.0,1000,18,2,ref,nextmol_dmt_l_raw
6d1k_6d1k_conf0,0.1386761621127767,1.0,1000,15,2,ref,nextmol_dmt_l_raw
6d55_6d55_conf0,0.4981865288987615,1.0,1000,34,4,ref,nextmol_dmt_l_raw
6d56_6d56_conf0,0.5209108130840339,1.0,967,34,4,ref,nextmol_dmt_l_raw
6d5e_6d5e_conf0,0.3097990260062577,1.0,492,33,5,ref,nextmol_dmt_l_raw
6d5g_6d5g_conf0,0.1942293945229467,1.0,1000,32,4,ref,nextmol_dmt_l_raw
6d5h_6d5h_conf0,0.9930261855279506,0.0,1000,33,4,ref,nextmol_dmt_l_raw
6d5j_6d5j_conf0,0.8200088757226258,0.0,1000,26,3,ref,nextmol_dmt_l_raw
6dar_6dar_conf0,0.9651930077254984,0.0,999,30,7,ref,nextmol_dmt_l_raw
6dd0_6dd0_conf0,0.1641101375523178,1.0,1000,18,2,ref,nextmol_dmt_l_raw
6dl2_6dl2_conf0,0.1592197533708825,1.0,1000,22,2,ref,nextmol_dmt_l_raw
6dq4_6dq4_conf0,0.6482962663374066,1.0,999,29,6,ref,nextmol_dmt_l_raw
6dyn_6dyn_conf0,0.4252389760456545,1.0,1000,8,2,ref,nextmol_dmt_l_raw
6dyr_6dyr_conf0,0.9488147888416848,0.0,997,13,5,ref,nextmol_dmt_l_raw
6dzx_6dzx_conf0,0.6374386633148353,1.0,69,9,4,ref,nextmol_dmt_l_raw
6e1z_6e1z_conf0,0.0940096089287514,1.0,1000,14,3,ref,nextmol_dmt_l_raw
6ebe_6ebe_conf0,0.6116786321843348,1.0,589,28,4,ref,nextmol_dmt_l_raw
6ecz_6ecz_conf0,0.6505038901267853,1.0,613,29,4,ref,nextmol_dmt_l_raw
6eed_6eed_conf0,0.5768780409491892,1.0,486,30,6,ref,nextmol_dmt_l_raw
6eeo_6eeo_conf0,1.082825849361119,0.0,586,26,4,ref,nextmol_dmt_l_raw
6eif_6eif_conf0,0.4165140949332588,1.0,1000,25,3,ref,nextmol_dmt_l_raw
6eiq_6eiq_conf0,0.5942851639953303,1.0,1000,30,6,ref,nextmol_dmt_l_raw
6eis_6eis_conf0,0.1286050162792949,1.0,1000,31,2,ref,nextmol_dmt_l_raw
6eiz_6eiz_conf0,0.5755617521321014,1.0,604,16,7,ref,nextmol_dmt_l_raw
6el5_6el5_conf0,0.2686322094095696,1.0,999,30,8,ref,nextmol_dmt_l_raw
6elp_6elp_conf0,0.9895487884455466,0.0,1000,28,5,ref,nextmol_dmt_l_raw
6ep4_6ep4_conf0,1.2601070275243955,0.0,1000,18,11,ref,nextmol_dmt_l_raw
6epa_6epa_conf0,0.9262995131590968,0.0,171,26,5,ref,nextmol_dmt_l_raw
6eq2_6eq2_conf0,0.0514025847320972,1.0,1000,10,0,ref,nextmol_dmt_l_raw
6eq3_6eq3_conf0,0.0927216849635255,1.0,1000,16,2,ref,nextmol_dmt_l_raw
6eq5_6eq5_conf0,0.0470293336338942,1.0,1000,10,0,ref,nextmol_dmt_l_raw
6eq7_6eq7_conf0,0.1467751025659822,1.0,1000,17,1,ref,nextmol_dmt_l_raw
6eqp_6eqp_conf0,0.4044846312704696,1.0,503,22,5,ref,nextmol_dmt_l_raw
6ey8_6ey8_conf0,0.7138896021985317,1.0,1000,29,5,ref,nextmol_dmt_l_raw
6ey9_6ey9_conf0,0.4537878441511483,1.0,1000,30,5,ref,nextmol_dmt_l_raw
6eya_6eya_conf0,0.3834177185231256,1.0,1000,31,4,ref,nextmol_dmt_l_raw
6f20_6f20_conf0,0.1877660313310558,1.0,999,14,2,ref,nextmol_dmt_l_raw
6f3b_6f3b_conf0,0.4217029500780527,1.0,975,23,4,ref,nextmol_dmt_l_raw
6faf_6faf_conf0,0.6115804711585278,1.0,722,23,3,ref,nextmol_dmt_l_raw
6fag_6fag_conf0,0.6313226581851352,1.0,756,23,4,ref,nextmol_dmt_l_raw
6fba_6fba_conf0,0.0196286398650168,1.0,1000,12,0,ref,nextmol_dmt_l_raw
6fe0_6fe0_conf0,0.6071637059667615,1.0,1000,26,6,ref,nextmol_dmt_l_raw
6fe1_6fe1_conf0,0.5378441998241118,1.0,1000,28,6,ref,nextmol_dmt_l_raw
6fnf_6fnf_conf0,0.6731996786420136,1.0,947,37,5,ref,nextmol_dmt_l_raw
6fni_6fni_conf0,0.6439505990052271,1.0,953,37,5,ref,nextmol_dmt_l_raw
6fo5_6fo5_conf0,2.3100400261977287,0.0,1000,37,7,ref,nextmol_dmt_l_raw
6fs1_6fs1_conf0,1.2924457205759308,0.0,1000,43,11,ref,nextmol_dmt_l_raw
6fsy_6fsy_conf0,0.2865100388551834,1.0,502,22,3,ref,nextmol_dmt_l_raw
6ftz_6ftz_conf0,1.2882996852516797,0.0,882,23,4,ref,nextmol_dmt_l_raw
6fuj_6fuj_conf0,0.8359482483770684,0.0,1000,21,5,ref,nextmol_dmt_l_raw
6fz4_6fz4_conf0,0.2129643223668238,1.0,792,27,2,ref,nextmol_dmt_l_raw
6g27_6g27_conf0,0.560348308888381,1.0,1000,20,2,ref,nextmol_dmt_l_raw
6g2b_6g2b_conf0,0.1465140607427377,1.0,1000,18,2,ref,nextmol_dmt_l_raw
6g2o_6g2o_conf0,0.2472755785829901,1.0,1000,27,3,ref,nextmol_dmt_l_raw
6g34_6g34_conf0,0.1868377713419566,1.0,431,20,2,ref,nextmol_dmt_l_raw
6g39_6g39_conf0,0.2488215964963009,1.0,423,20,2,ref,nextmol_dmt_l_raw
6g3a_6g3a_conf0,0.1202387390096605,1.0,424,20,2,ref,nextmol_dmt_l_raw
6g5l_6g5l_conf0,0.3902597703034374,1.0,1000,24,6,ref,nextmol_dmt_l_raw
6g5u_6g5u_conf0,0.4707413803644414,1.0,1000,19,5,ref,nextmol_dmt_l_raw
6g6t_6g6t_conf0,0.1135230289601347,1.0,1000,19,5,ref,nextmol_dmt_l_raw
6g7a_6g7a_conf0,0.4316126647874132,1.0,1000,25,7,ref,nextmol_dmt_l_raw
6g9i_6g9i_conf0,0.7532457367930266,0.0,928,22,4,ref,nextmol_dmt_l_raw
6gdy_6gdy_conf0,0.182236848545628,1.0,1000,10,4,ref,nextmol_dmt_l_raw
6gl9_6gl9_conf0,0.2109071535637399,1.0,947,28,3,ref,nextmol_dmt_l_raw
6gla_6gla_conf0,0.3787611348377598,1.0,951,27,3,ref,nextmol_dmt_l_raw
6glb_6glb_conf0,0.3063380323366684,1.0,1000,27,4,ref,nextmol_dmt_l_raw
6gnm_6gnm_conf0,0.2958555645036649,1.0,1000,18,2,ref,nextmol_dmt_l_raw
6gnr_6gnr_conf0,0.1755534473593965,1.0,1000,18,3,ref,nextmol_dmt_l_raw
6gnw_6gnw_conf0,0.3609049983469349,1.0,1000,14,3,ref,nextmol_dmt_l_raw
6got_6got_conf0,0.7134802566877461,1.0,1000,19,5,ref,nextmol_dmt_l_raw
6gue_6gue_conf0,0.532596951087186,1.0,1000,26,5,ref,nextmol_dmt_l_raw
6guh_6guh_conf0,0.4912666732094368,1.0,1000,26,5,ref,nextmol_dmt_l_raw
6gvf_6gvf_conf0,0.2128241300583081,1.0,1000,23,2,ref,nextmol_dmt_l_raw
6h29_6h29_conf0,0.0629222640118816,1.0,1000,11,2,ref,nextmol_dmt_l_raw
6h33_6h33_conf0,0.6044757073423005,1.0,1000,25,3,ref,nextmol_dmt_l_raw
6h34_6h34_conf0,0.6422373061465192,1.0,1000,26,4,ref,nextmol_dmt_l_raw
6h36_6h36_conf0,0.581606283452526,1.0,1000,24,3,ref,nextmol_dmt_l_raw
6h38_6h38_conf0,0.6812590244984258,1.0,1000,26,4,ref,nextmol_dmt_l_raw
6h8s_6h8s_conf0,0.347323876825838,1.0,1000,20,2,ref,nextmol_dmt_l_raw
6haz_6haz_conf0,0.1022955489018246,1.0,999,20,2,ref,nextmol_dmt_l_raw
6hd6_6hd6_conf0,1.1359974486964532,0.0,882,27,5,ref,nextmol_dmt_l_raw
6hk3_6hk3_conf0,0.2750584595894417,1.0,965,34,6,ref,nextmol_dmt_l_raw
6hk4_6hk4_conf0,0.3225226488504844,1.0,954,31,5,ref,nextmol_dmt_l_raw
6hke_6hke_conf0,0.1490402690734296,1.0,478,9,3,ref,nextmol_dmt_l_raw
6hoq_6hoq_conf0,0.094159071963648,1.0,998,14,3,ref,nextmol_dmt_l_raw
6hrq_6hrq_conf0,0.725180778208184,1.0,1000,23,5,ref,nextmol_dmt_l_raw
6hsh_6hsh_conf0,0.9645256774281448,0.0,997,29,6,ref,nextmol_dmt_l_raw
6htg_6htg_conf0,0.6074424490515333,1.0,858,20,3,ref,nextmol_dmt_l_raw
6i0z_6i0z_conf0,0.0689063292153283,1.0,1000,13,1,ref,nextmol_dmt_l_raw
6i11_6i11_conf0,0.4424800913485517,1.0,673,27,4,ref,nextmol_dmt_l_raw
6i12_6i12_conf0,0.3876242545703705,1.0,681,28,4,ref,nextmol_dmt_l_raw
6i13_6i13_conf0,0.3885049716259144,1.0,695,28,4,ref,nextmol_dmt_l_raw
6i14_6i14_conf0,0.4229970957026215,1.0,708,29,4,ref,nextmol_dmt_l_raw
6i18_6i18_conf0,0.4083001569581512,1.0,931,34,5,ref,nextmol_dmt_l_raw
6i61_6i61_conf0,0.1038936557542325,1.0,1000,18,3,ref,nextmol_dmt_l_raw
6i62_6i62_conf0,0.1864131063521326,1.0,1000,19,2,ref,nextmol_dmt_l_raw
6i63_6i63_conf0,0.0641401916850547,1.0,1000,17,2,ref,nextmol_dmt_l_raw
6i64_6i64_conf0,0.0812505245953218,1.0,1000,16,2,ref,nextmol_dmt_l_raw
6i65_6i65_conf0,0.0798527014716083,1.0,1000,10,1,ref,nextmol_dmt_l_raw
6iiu_6iiu_conf0,0.8801018345073877,0.0,504,29,6,ref,nextmol_dmt_l_raw
6j1l_6j1l_conf0,0.986415510217085,0.0,636,38,7,ref,nextmol_dmt_l_raw
6k3l_6k3l_conf0,0.3647471938391334,1.0,1000,25,3,ref,nextmol_dmt_l_raw
6mdu_6mdu_conf0,0.4196307031846708,1.0,998,25,4,ref,nextmol_dmt_l_raw
6mg5_6mg5_conf0,0.1489576638312614,1.0,1000,17,3,ref,nextmol_dmt_l_raw
6mh1_6mh1_conf0,0.2490370084134414,1.0,998,33,5,ref,nextmol_dmt_l_raw
6mh7_6mh7_conf0,0.1702878218333917,1.0,999,33,5,ref,nextmol_dmt_l_raw
6mnc_6mnc_conf0,0.1577389998023842,1.0,284,20,0,ref,nextmol_dmt_l_raw
6n0j_6n0j_conf0,0.4986675075080941,1.0,490,31,4,ref,nextmol_dmt_l_raw
6n78_6n78_conf0,0.3478110524578693,1.0,974,29,5,ref,nextmol_dmt_l_raw
6n7a_6n7a_conf0,0.2647328911474645,1.0,959,28,4,ref,nextmol_dmt_l_raw
6n7b_6n7b_conf0,0.2724687498221982,1.0,944,27,4,ref,nextmol_dmt_l_raw
6n8x_6n8x_conf0,0.4331775947674875,1.0,999,27,8,ref,nextmol_dmt_l_raw
6ncn_6ncn_conf0,0.118913452345981,1.0,1000,14,2,ref,nextmol_dmt_l_raw
6nco_6nco_conf0,0.2446849847447223,1.0,1000,24,4,ref,nextmol_dmt_l_raw
6o0k_6o0k_conf0,1.9898931479257207,0.0,628,61,13,ref,nextmol_dmt_l_raw
6o0m_6o0m_conf0,1.8403182254861383,0.0,637,61,13,ref,nextmol_dmt_l_raw
6o0p_6o0p_conf0,2.009075824564327,0.0,640,61,13,ref,nextmol_dmt_l_raw
6o5t_6o5t_conf0,0.407282682039703,1.0,1000,18,2,ref,nextmol_dmt_l_raw
6o94_6o94_conf0,0.3453174766886259,1.0,994,36,5,ref,nextmol_dmt_l_raw
6odz_6odz_conf0,0.5244727857724159,1.0,966,25,4,ref,nextmol_dmt_l_raw
6oe0_6oe0_conf0,0.344075342902729,1.0,998,27,4,ref,nextmol_dmt_l_raw
6oe1_6oe1_conf0,0.4881086676001867,1.0,996,26,4,ref,nextmol_dmt_l_raw
6olx_6olx_conf0,0.3942027687382777,1.0,1000,27,8,ref,nextmol_dmt_l_raw
6ooy_6ooy_conf0,0.1309966874028771,1.0,1000,20,3,ref,nextmol_dmt_l_raw
6p3t_6p3t_conf0,0.4356299037953406,1.0,1000,27,3,ref,nextmol_dmt_l_raw
6p3v_6p3v_conf0,1.4002014571032986,0.0,1000,23,6,ref,nextmol_dmt_l_raw
6p85_6p85_conf0,0.4791104412638176,1.0,1000,25,5,ref,nextmol_dmt_l_raw
6p88_6p88_conf0,0.3486814761586518,1.0,830,27,4,ref,nextmol_dmt_l_raw
6pia_6pia_conf0,2.3294301364756707,0.0,1000,14,9,ref,nextmol_dmt_l_raw
6pl1_6pl1_conf0,2.153168185652278,0.0,13,33,5,ref,nextmol_dmt_l_raw
6qas_6qas_conf0,0.5373517745709686,1.0,497,34,6,ref,nextmol_dmt_l_raw
6ql1_6ql1_conf0,0.2842314980588643,1.0,1000,23,3,ref,nextmol_dmt_l_raw
6ql2_6ql2_conf0,0.0810625634561432,1.0,1000,16,3,ref,nextmol_dmt_l_raw
6qmj_6qmj_conf0,0.2832720710464507,1.0,491,36,9,ref,nextmol_dmt_l_raw
6qmk_6qmk_conf0,0.5123928776671355,1.0,505,38,7,ref,nextmol_dmt_l_raw
6qpl_6qpl_conf0,0.2490770086820755,1.0,998,25,8,ref,nextmol_dmt_l_raw
6qqq_6qqq_conf0,0.2238427982706475,1.0,998,23,5,ref,nextmol_dmt_l_raw
6qqv_6qqv_conf0,0.2793760746501998,1.0,1000,24,3,ref,nextmol_dmt_l_raw
6qr1_6qr1_conf0,0.3773473206631044,1.0,1000,25,3,ref,nextmol_dmt_l_raw
6qrc_6qrc_conf0,0.3145316083221462,1.0,1000,24,4,ref,nextmol_dmt_l_raw
6r11_6r11_conf0,0.0712991684304368,1.0,492,19,1,ref,nextmol_dmt_l_raw
6r18_6r18_conf0,0.8245340588560789,0.0,471,20,4,ref,nextmol_dmt_l_raw
6r9u_6r9u_conf0,0.1033349039091673,1.0,1000,18,1,ref,nextmol_dmt_l_raw
6r9x_6r9x_conf0,0.582123760856991,1.0,1000,18,3,ref,nextmol_dmt_l_raw
6rih_6rih_conf0,0.2028012038582275,1.0,986,18,3,ref,nextmol_dmt_l_raw
6s57_6s57_conf0,0.5762002901838716,1.0,998,30,5,ref,nextmol_dmt_l_raw
6t1i_6t1i_conf0,0.5253939026488528,1.0,1000,27,5,ref,nextmol_dmt_l_raw
6t1j_6t1j_conf0,2.633430613055969,0.0,1000,29,5,ref,nextmol_dmt_l_raw
6t1l_6t1l_conf0,1.0668018844504206,0.0,1000,28,7,ref,nextmol_dmt_l_raw
6u5y_6u5y_conf0,0.7999458248320227,0.0,1000,30,5,ref,nextmol_dmt_l_raw
6u6w_6u6w_conf0,0.3421983853373754,1.0,1000,21,4,ref,nextmol_dmt_l_raw
6u8b_6u8b_conf0,0.6661802029198082,1.0,1000,24,5,ref,nextmol_dmt_l_raw
6u8o_6u8o_conf0,0.743341528598988,1.0,1000,25,4,ref,nextmol_dmt_l_raw
6ugn_6ugn_conf0,0.1666538071686971,1.0,1000,15,0,ref,nextmol_dmt_l_raw
6uh0_6uh0_conf0,0.1281884548102909,1.0,1000,14,0,ref,nextmol_dmt_l_raw
966c_966c_conf0,0.5892671102258054,1.0,1000,27,6,ref,nextmol_dmt_l_raw
1ado_1ado_conf0,0.4547004525754641,1.0,1000,10,4,ref,rdkit_random_raw
1ai4_1ai4_conf0,0.1566094346391673,1.0,1000,12,2,ref,rdkit_random_raw
1ai5_1ai5_conf0,0.1890489026803782,1.0,1000,13,3,ref,rdkit_random_raw
1azm_1azm_conf0,0.5019152852762048,1.0,1000,13,2,ref,rdkit_random_raw
1bjv_1bjv_conf0,0.4752788874488659,1.0,1000,26,5,ref,rdkit_random_raw
1bm7_1bm7_conf0,0.2138563201167419,1.0,1000,20,3,ref,rdkit_random_raw
1bnn_1bnn_conf0,0.5036092218168379,1.0,1000,23,3,ref,rdkit_random_raw
1bty_1bty_conf0,0.1019168164760113,1.0,1000,9,1,ref,rdkit_random_raw
1bzj_1bzj_conf0,0.1021136371241202,1.0,1000,20,3,ref,rdkit_random_raw
1c1v_1c1v_conf0,0.6826290319036779,1.0,1000,25,4,ref,rdkit_random_raw
1c5n_1c5n_conf0,0.2580215707064881,1.0,1000,13,1,ref,rdkit_random_raw
1c5o_1c5o_conf0,0.1774540301862146,1.0,1000,9,1,ref,rdkit_random_raw
1c5p_1c5p_conf0,0.0641091025336905,1.0,1000,9,1,ref,rdkit_random_raw
1c5q_1c5q_conf0,0.1411362136725147,1.0,1000,13,1,ref,rdkit_random_raw
1c5x_1c5x_conf0,0.1698994190828385,1.0,1000,13,1,ref,rdkit_random_raw
1c83_1c83_conf0,0.3342017159425186,1.0,1000,18,2,ref,rdkit_random_raw
1c84_1c84_conf0,0.3970449959940925,1.0,1000,19,2,ref,rdkit_random_raw
1c86_1c86_conf0,0.3824251563109344,1.0,1000,18,2,ref,rdkit_random_raw
1c87_1c87_conf0,0.3843588531928837,1.0,1000,18,2,ref,rdkit_random_raw
1c88_1c88_conf0,0.3887113137634081,1.0,1000,18,2,ref,rdkit_random_raw
1cbx_1cbx_conf0,0.3149823145654116,1.0,1000,15,5,ref,rdkit_random_raw
1ceb_1ceb_conf0,0.2594388566657326,1.0,1000,11,2,ref,rdkit_random_raw
1ciz_1ciz_conf0,0.7556947682164387,0.0,1000,36,8,ref,rdkit_random_raw
1cnw_1cnw_conf0,0.969946157909602,0.0,1000,26,12,ref,rdkit_random_raw
1d3d_1d3d_conf0,1.0919347176108365,0.0,1000,38,9,ref,rdkit_random_raw
1d4p_1d4p_conf0,0.3306777786726228,1.0,1000,27,4,ref,rdkit_random_raw
1drj_1drj_conf0,0.1044277602158,1.0,1000,10,0,ref,rdkit_random_raw
1drk_1drk_conf0,0.0902680915130106,1.0,1000,10,0,ref,rdkit_random_raw
1dzk_1dzk_conf0,0.412183115600146,1.0,1000,12,3,ref,rdkit_random_raw
1e1v_1e1v_conf0,0.227427902631771,1.0,1000,18,3,ref,rdkit_random_raw
1e1x_1e1x_conf0,0.2418947136450093,1.0,1000,18,4,ref,rdkit_random_raw
1e4h_1e4h_conf0,0.0190611206871694,1.0,1000,12,0,ref,rdkit_random_raw
1ecv_1ecv_conf0,0.3588099602495401,1.0,1000,16,2,ref,rdkit_random_raw
1efy_1efy_conf0,0.383855654608026,1.0,1000,20,3,ref,rdkit_random_raw
1enu_1enu_conf0,0.0512538171362104,1.0,1000,13,0,ref,rdkit_random_raw
1eoc_1eoc_conf0,0.0332893858974557,1.0,1000,11,1,ref,rdkit_random_raw
1f57_1f57_conf0,0.0682438918401044,1.0,1000,7,2,ref,rdkit_random_raw
1f5k_1f5k_conf0,0.2342947839733322,1.0,1000,9,1,ref,rdkit_random_raw
1f5l_1f5l_conf0,0.1529120923880889,1.0,1000,15,1,ref,rdkit_random_raw
1fcx_1fcx_conf0,0.5526064676775683,1.0,1000,29,3,ref,rdkit_random_raw
1fcy_1fcy_conf0,0.1702103438202035,1.0,1000,29,3,ref,rdkit_random_raw
1fcz_1fcz_conf0,0.898332851306977,0.0,1000,27,4,ref,rdkit_random_raw
1fkh_1fkh_conf0,1.2274594101657197,0.0,1000,33,9,ref,rdkit_random_raw
1flr_1flr_conf0,0.48076888798608,1.0,1000,25,2,ref,rdkit_random_raw
1fv0_1fv0_conf0,0.3064731606235769,1.0,901,26,3,ref,rdkit_random_raw
1g4o_1g4o_conf0,0.7571655514717505,0.0,1000,20,4,ref,rdkit_random_raw
1g98_1g98_conf0,0.1666208823432661,1.0,1000,15,6,ref,rdkit_random_raw
1gfy_1gfy_conf0,0.3803724862633249,1.0,1000,18,2,ref,rdkit_random_raw
1ghw_1ghw_conf0,0.1524151092247167,1.0,1000,19,2,ref,rdkit_random_raw
1gi1_1gi1_conf0,0.2165737521101088,1.0,1000,19,2,ref,rdkit_random_raw
1gj6_1gj6_conf0,0.2549006399924797,1.0,1000,26,3,ref,rdkit_random_raw
1gx8_1gx8_conf0,0.7626144727823255,0.0,991,21,5,ref,rdkit_random_raw
1gyx_1gyx_conf0,0.1317117090127487,1.0,1000,9,1,ref,rdkit_random_raw
1h1s_1h1s_conf0,0.5507080433504165,1.0,1000,28,6,ref,rdkit_random_raw
1h2k_1h2k_conf0,0.2285513049066579,1.0,1000,10,2,ref,rdkit_random_raw
1h4w_1h4w_conf0,0.1309813245394138,1.0,1000,9,1,ref,rdkit_random_raw
1i2s_1i2s_conf0,0.2062047361782279,1.0,1000,13,5,ref,rdkit_random_raw
1igb_1igb_conf0,0.2839736695885442,1.0,1000,14,3,ref,rdkit_random_raw
1iih_1iih_conf0,0.6448526815225918,1.0,1000,11,4,ref,rdkit_random_raw
1j14_1j14_conf0,0.0961883931847696,1.0,1000,9,1,ref,rdkit_random_raw
1j16_1j16_conf0,0.0831751902272271,1.0,1000,9,1,ref,rdkit_random_raw
1j17_1j17_conf0,0.6162357283302113,1.0,1000,34,4,ref,rdkit_random_raw
1jsv_1jsv_conf0,0.3264334617903957,1.0,1000,18,3,ref,rdkit_random_raw
1kv1_1kv1_conf0,0.4312612912660342,1.0,1000,21,2,ref,rdkit_random_raw
1lgw_1lgw_conf0,0.0323416957357181,1.0,1000,8,0,ref,rdkit_random_raw
1lpk_1lpk_conf0,1.401454863868098,0.0,1000,32,7,ref,rdkit_random_raw
1lpz_1lpz_conf0,1.2298579799123182,0.0,1000,32,6,ref,rdkit_random_raw
1lrh_1lrh_conf0,0.1177058556836217,1.0,1000,14,2,ref,rdkit_random_raw
1m2p_1m2p_conf0,0.301422822427968,1.0,1000,21,1,ref,rdkit_random_raw
1m2q_1m2q_conf0,0.1651955717630815,1.0,1000,20,1,ref,rdkit_random_raw
1m2r_1m2r_conf0,0.0831641813256227,1.0,1000,20,0,ref,rdkit_random_raw
1mu6_1mu6_conf0,1.2320436253186604,0.0,996,31,8,ref,rdkit_random_raw
1mu8_1mu8_conf0,1.1775288200294802,0.0,999,32,8,ref,rdkit_random_raw
1n0s_1n0s_conf0,0.4036957858025813,1.0,1000,25,2,ref,rdkit_random_raw
1n46_1n46_conf0,0.5903342889683858,1.0,1000,27,4,ref,rdkit_random_raw
1n4h_1n4h_conf0,0.8193640025769653,0.0,991,22,5,ref,rdkit_random_raw
1n5r_1n5r_conf0,0.4116836101197805,1.0,1000,31,7,ref,rdkit_random_raw
1ndw_1ndw_conf0,0.5467752568815424,1.0,1000,19,6,ref,rdkit_random_raw
1ndy_1ndy_conf0,0.4903967664303524,1.0,1000,23,6,ref,rdkit_random_raw
1nfu_1nfu_conf0,0.954850451419331,0.0,1000,30,5,ref,rdkit_random_raw
1nfx_1nfx_conf0,1.096459844418526,0.0,1000,33,6,ref,rdkit_random_raw
1nl9_1nl9_conf0,0.7194242593872238,1.0,1000,39,11,ref,rdkit_random_raw
1no6_1no6_conf0,0.3593755527080782,1.0,1000,25,3,ref,rdkit_random_raw
1nq7_1nq7_conf0,0.3205253328114518,1.0,996,25,4,ref,rdkit_random_raw
1o2h_1o2h_conf0,0.3562318518028221,1.0,1000,25,4,ref,rdkit_random_raw
1o2j_1o2j_conf0,0.3125083577528835,1.0,1000,24,5,ref,rdkit_random_raw
1o2o_1o2o_conf0,0.3821694847520124,1.0,1000,25,5,ref,rdkit_random_raw
1o35_1o35_conf0,0.2109022885052129,1.0,1000,20,2,ref,rdkit_random_raw
1o3d_1o3d_conf0,0.1956742814204136,1.0,1000,25,3,ref,rdkit_random_raw
1o3i_1o3i_conf0,0.1586132654227396,1.0,1000,21,2,ref,rdkit_random_raw
1o3j_1o3j_conf0,0.1953368610329897,1.0,1000,21,2,ref,rdkit_random_raw
1o5e_1o5e_conf0,0.1698833646924768,1.0,1000,26,3,ref,rdkit_random_raw
1oba_1oba_conf0,0.1490070306877768,1.0,1000,7,2,ref,rdkit_random_raw
1ogd_1ogd_conf0,0.0824803424799798,1.0,1000,10,0,ref,rdkit_random_raw
1ols_1ols_conf0,0.913767712387836,0.0,1000,26,8,ref,rdkit_random_raw
1olu_1olu_conf0,0.8975342204957227,0.0,1000,26,8,ref,rdkit_random_raw
1olx_1olx_conf0,1.0836935161951384,0.0,1000,26,8,ref,rdkit_random_raw
1om1_1om1_conf0,0.4683029994874616,1.0,1000,22,2,ref,rdkit_random_raw
1onz_1onz_conf0,0.5981662738762984,1.0,1000,26,3,ref,rdkit_random_raw
1oss_1oss_conf0,0.1195495038388298,1.0,1000,9,1,ref,rdkit_random_raw
1owe_1owe_conf0,0.4077865555554149,1.0,1000,22,3,ref,rdkit_random_raw
1oxr_1oxr_conf0,0.8566963056786842,0.0,1000,13,2,ref,rdkit_random_raw
1p57_1p57_conf0,0.2036582813842793,1.0,1000,19,2,ref,rdkit_random_raw
1pb8_1pb8_conf0,0.1627675682506044,1.0,1000,7,2,ref,rdkit_random_raw
1pbq_1pbq_conf0,0.1162806331858977,1.0,1000,16,1,ref,rdkit_random_raw
1ppc_1ppc_conf0,1.1061035538984392,0.0,1000,37,9,ref,rdkit_random_raw
1pxo_1pxo_conf0,0.5537471390127128,1.0,1000,23,4,ref,rdkit_random_raw
1pxp_1pxp_conf0,0.217708442760847,1.0,1000,23,4,ref,rdkit_random_raw
1q5k_1q5k_conf0,0.5616384687940833,1.0,1000,21,5,ref,rdkit_random_raw
1q7a_1q7a_conf0,0.4560807491365408,1.0,1000,24,5,ref,rdkit_random_raw
1qb6_1qb6_conf0,0.6883051477052339,1.0,1000,29,6,ref,rdkit_random_raw
1ql7_1ql7_conf0,0.5207062986508026,1.0,1000,34,4,ref,rdkit_random_raw
1ql9_1ql9_conf0,0.5626804647359033,1.0,1000,34,4,ref,rdkit_random_raw
1qy1_1qy1_conf0,0.1413516284333915,1.0,1000,12,3,ref,rdkit_random_raw
1qy2_1qy2_conf0,0.4079888286296937,1.0,1000,11,2,ref,rdkit_random_raw
1r9l_1r9l_conf0,0.1247476870738851,1.0,1000,8,2,ref,rdkit_random_raw
1rbp_1rbp_conf0,0.568148521852111,1.0,983,21,5,ref,rdkit_random_raw
1rd4_1rd4_conf0,0.8786739212513986,0.0,1000,34,7,ref,rdkit_random_raw
1rmz_1rmz_conf0,0.4828437290589024,1.0,1000,21,7,ref,rdkit_random_raw
1ro6_1ro6_conf0,0.4458890091141855,1.0,1000,20,4,ref,rdkit_random_raw
1rtf_1rtf_conf0,0.2098318276481839,1.0,1000,9,1,ref,rdkit_random_raw
1s39_1s39_conf0,0.0792869398064269,1.0,1000,12,0,ref,rdkit_random_raw
1sqo_1sqo_conf0,0.5695819108935694,1.0,1000,20,3,ref,rdkit_random_raw
1sv3_1sv3_conf0,0.0324337353985719,1.0,1000,11,2,ref,rdkit_random_raw
1sw2_1sw2_conf0,0.5577558960520179,1.0,1000,8,2,ref,rdkit_random_raw
1t4v_1t4v_conf0,0.8314606656735178,0.0,1000,27,10,ref,rdkit_random_raw
1td7_1td7_conf0,0.2084557662963596,1.0,1000,20,3,ref,rdkit_random_raw
1tkb_1tkb_conf0,0.9094136785359728,0.0,1000,26,8,ref,rdkit_random_raw
1tlp_1tlp_conf0,1.4729566819514932,0.0,1000,37,11,ref,rdkit_random_raw
1tng_1tng_conf0,0.1317263096074064,1.0,1000,8,1,ref,rdkit_random_raw
1tnh_1tnh_conf0,0.2052467647708851,1.0,1000,9,1,ref,rdkit_random_raw
1tni_1tni_conf0,0.4832912660845499,1.0,1000,11,4,ref,rdkit_random_raw
1ttm_1ttm_conf0,0.2893317833966184,1.0,1000,21,2,ref,rdkit_random_raw
1u1w_1u1w_conf0,0.0796961649852221,1.0,1000,11,1,ref,rdkit_random_raw
1u71_1u71_conf0,0.323688684241844,1.0,1000,24,4,ref,rdkit_random_raw
1usn_1usn_conf0,0.3144650924210972,1.0,1000,27,5,ref,rdkit_random_raw
1utj_1utj_conf0,0.2232363911907331,1.0,1000,8,1,ref,rdkit_random_raw
1utm_1utm_conf0,0.3024995399077121,1.0,1000,9,2,ref,rdkit_random_raw
1utn_1utn_conf0,0.1492973347983005,1.0,1000,8,1,ref,rdkit_random_raw
1uv6_1uv6_conf0,0.7421114448679463,1.0,1000,10,3,ref,rdkit_random_raw
1uvt_1uvt_conf0,0.9310925127685746,0.0,1000,27,8,ref,rdkit_random_raw
1v11_1v11_conf0,0.8684637322562959,0.0,1000,26,8,ref,rdkit_random_raw
1v16_1v16_conf0,0.7844405942980834,0.0,998,26,8,ref,rdkit_random_raw
1v1m_1v1m_conf0,0.8367811513244997,0.0,1000,26,8,ref,rdkit_random_raw
1v2j_1v2j_conf0,0.1344810044251021,1.0,1000,9,1,ref,rdkit_random_raw
1v2k_1v2k_conf0,0.4308552417802847,1.0,1000,34,4,ref,rdkit_random_raw
1v2l_1v2l_conf0,0.1572051596369854,1.0,1000,9,1,ref,rdkit_random_raw
1v2s_1v2s_conf0,0.2115130670318369,1.0,1000,9,1,ref,rdkit_random_raw
1v2u_1v2u_conf0,0.1830561651164266,1.0,1000,9,1,ref,rdkit_random_raw
1wht_1wht_conf0,0.2756631746311458,1.0,1000,15,5,ref,rdkit_random_raw
1xbo_1xbo_conf0,0.4872917412096396,1.0,1000,31,8,ref,rdkit_random_raw
1xk9_1xk9_conf0,1.0435547118205664,0.0,1000,22,3,ref,rdkit_random_raw
1xpz_1xpz_conf0,0.331151686259863,1.0,1000,26,6,ref,rdkit_random_raw
1xq0_1xq0_conf0,0.5611677195807867,1.0,1000,27,6,ref,rdkit_random_raw
1xug_1xug_conf0,0.6167179162724388,1.0,1000,25,4,ref,rdkit_random_raw
1y1z_1y1z_conf0,0.0674610291349676,1.0,1000,8,1,ref,rdkit_random_raw
1y20_1y20_conf0,0.0549832014657903,1.0,1000,7,1,ref,rdkit_random_raw
1y6q_1y6q_conf0,0.3105706604798334,1.0,1000,20,4,ref,rdkit_random_raw
1yda_1yda_conf0,0.5145560261217493,1.0,1000,13,2,ref,rdkit_random_raw
1ydb_1ydb_conf0,0.3714269966128017,1.0,1000,13,2,ref,rdkit_random_raw
1ydd_1ydd_conf0,0.5525342281148731,1.0,1000,13,2,ref,rdkit_random_raw
1yds_1yds_conf0,0.5935663902691678,1.0,1000,18,5,ref,rdkit_random_raw
1z9y_1z9y_conf0,0.1102223864755193,1.0,1000,21,5,ref,rdkit_random_raw
1zc9_1zc9_conf0,0.2518338979096484,1.0,1000,16,4,ref,rdkit_random_raw
1zdp_1zdp_conf0,0.6700333825061445,1.0,1000,17,6,ref,rdkit_random_raw
1zfq_1zfq_conf0,0.3156526881573485,1.0,1000,14,1,ref,rdkit_random_raw
1zge_1zge_conf0,0.3341286151036197,1.0,1000,13,1,ref,rdkit_random_raw
1zoe_1zoe_conf0,0.0839751209999135,1.0,1000,16,1,ref,rdkit_random_raw
1zog_1zog_conf0,0.2273010633607756,1.0,1000,15,1,ref,rdkit_random_raw
2afw_2afw_conf0,0.8993059407268189,0.0,1000,11,3,ref,rdkit_random_raw
2afx_2afx_conf0,0.6102375078294284,1.0,1000,12,2,ref,rdkit_random_raw
2aj8_2aj8_conf0,0.3682104965373074,1.0,1000,26,3,ref,rdkit_random_raw
2ans_2ans_conf0,0.4637110029533771,1.0,1000,21,3,ref,rdkit_random_raw
2ax9_2ax9_conf0,0.2659601965011899,1.0,1000,21,4,ref,rdkit_random_raw
2ayr_2ayr_conf0,0.6112062170095394,1.0,1000,37,8,ref,rdkit_random_raw
2b4l_2b4l_conf0,0.0752843400812366,1.0,1000,8,2,ref,rdkit_random_raw
2b9a_2b9a_conf0,0.3454996497008062,1.0,1000,17,2,ref,rdkit_random_raw
2baj_2baj_conf0,0.5760207750627507,1.0,1000,27,3,ref,rdkit_random_raw
2bak_2bak_conf0,0.9643897454656108,0.0,999,43,10,ref,rdkit_random_raw
2bo4_2bo4_conf0,0.5953417374655654,1.0,1000,13,5,ref,rdkit_random_raw
2brm_2brm_conf0,0.4553738861473119,1.0,1000,25,5,ref,rdkit_random_raw
2buv_2buv_conf0,0.451459555146314,1.0,1000,11,1,ref,rdkit_random_raw
2bza_2bza_conf0,0.1690358855448553,1.0,1000,8,1,ref,rdkit_random_raw
2c1p_2c1p_conf0,0.1827739625489557,1.0,1000,24,5,ref,rdkit_random_raw
2c97_2c97_conf0,0.6850739097170269,1.0,1000,18,6,ref,rdkit_random_raw
2cc7_2cc7_conf0,0.0335134567809513,1.0,1000,18,0,ref,rdkit_random_raw
2cgr_2cgr_conf0,1.2348688808195571,0.0,1000,29,6,ref,rdkit_random_raw
2csn_2csn_conf0,0.4791921929350964,1.0,1000,18,4,ref,rdkit_random_raw
2dri_2dri_conf0,0.1040956790754037,1.0,1000,10,0,ref,rdkit_random_raw
2dw7_2dw7_conf0,0.3976354459032797,1.0,1000,10,3,ref,rdkit_random_raw
2e2r_2e2r_conf0,0.0834882292187833,1.0,1000,17,2,ref,rdkit_random_raw
2exm_2exm_conf0,0.4227214725516899,1.0,999,15,3,ref,rdkit_random_raw
2ez7_2ez7_conf0,0.1916433297071401,1.0,1000,11,3,ref,rdkit_random_raw
2f7i_2f7i_conf0,0.5625740858346695,1.0,1000,17,2,ref,rdkit_random_raw
2fpz_2fpz_conf0,0.0425478335354601,1.0,1000,10,0,ref,rdkit_random_raw
2fw6_2fw6_conf0,0.260689981529388,1.0,1000,13,5,ref,rdkit_random_raw
2fx6_2fx6_conf0,0.0725162987901802,1.0,1000,10,0,ref,rdkit_random_raw
2g5u_2g5u_conf0,0.1259228934871489,1.0,1000,18,1,ref,rdkit_random_raw
2gkl_2gkl_conf0,0.1805722346204812,1.0,1000,12,2,ref,rdkit_random_raw
2glp_2glp_conf0,1.2167555342048375,0.0,1000,21,3,ref,rdkit_random_raw
2gvj_2gvj_conf0,0.6704133750079011,1.0,1000,29,8,ref,rdkit_random_raw
2h4g_2h4g_conf0,0.4773421797348077,1.0,1000,21,5,ref,rdkit_random_raw
2h4k_2h4k_conf0,0.4375363418448048,1.0,1000,20,5,ref,rdkit_random_raw
2h4n_2h4n_conf0,0.4289071293643467,1.0,1000,13,2,ref,rdkit_random_raw
2h6b_2h6b_conf0,0.181244219952673,1.0,1000,12,2,ref,rdkit_random_raw
2ha3_2ha3_conf0,0.0482891738643263,1.0,1000,7,2,ref,rdkit_random_raw
2hjb_2hjb_conf0,0.2212828225214224,1.0,1000,10,2,ref,rdkit_random_raw
2hoc_2hoc_conf0,1.2795849883964154,0.0,1000,22,4,ref,rdkit_random_raw
2hxm_2hxm_conf0,0.9424473944586372,0.0,1000,25,8,ref,rdkit_random_raw
2i19_2i19_conf0,0.4732338835776024,1.0,1000,17,5,ref,rdkit_random_raw
2i6b_2i6b_conf0,0.570593355277359,1.0,1000,30,3,ref,rdkit_random_raw
2i80_2i80_conf0,0.505597154396781,1.0,1000,18,3,ref,rdkit_random_raw
2iko_2iko_conf0,0.965115245421432,0.0,1000,26,5,ref,rdkit_random_raw
2iuz_2iuz_conf0,0.1980496567378521,1.0,1000,28,3,ref,rdkit_random_raw
2jew_2jew_conf0,0.6987570512025818,1.0,1000,17,8,ref,rdkit_random_raw
2jfz_2jfz_conf0,0.7604751564243769,0.0,1000,33,5,ref,rdkit_random_raw
2nn1_2nn1_conf0,0.480677571869275,1.0,1000,15,4,ref,rdkit_random_raw
2nnd_2nnd_conf0,0.0982660954684403,1.0,1000,12,3,ref,rdkit_random_raw
2nta_2nta_conf0,0.4295230048872746,1.0,1000,20,2,ref,rdkit_random_raw
2o0u_2o0u_conf0,0.8098833332995188,0.0,1000,34,5,ref,rdkit_random_raw
2ojj_2ojj_conf0,1.30133954211214,0.0,1000,31,6,ref,rdkit_random_raw
2ot1_2ot1_conf0,0.3802021164977758,1.0,1000,25,4,ref,rdkit_random_raw
2p16_2p16_conf0,0.3899437404530063,1.0,1000,34,5,ref,rdkit_random_raw
2p7a_2p7a_conf0,0.0464672027843318,1.0,1000,9,0,ref,rdkit_random_raw
2p7g_2p7g_conf0,0.1288734773551958,1.0,1000,17,2,ref,rdkit_random_raw
2p7z_2p7z_conf0,0.4754514872864339,1.0,1000,29,8,ref,rdkit_random_raw
2pou_2pou_conf0,0.1740250482247506,1.0,1000,16,2,ref,rdkit_random_raw
2pov_2pov_conf0,0.1480856815061876,1.0,1000,16,2,ref,rdkit_random_raw
2pow_2pow_conf0,0.2551060540390935,1.0,1000,19,2,ref,rdkit_random_raw
2pql_2pql_conf0,0.0771576542040981,1.0,1000,12,2,ref,rdkit_random_raw
2pu2_2pu2_conf0,0.2825510963541303,1.0,1000,26,5,ref,rdkit_random_raw
2pvh_2pvh_conf0,0.4588906285320321,1.0,1000,23,4,ref,rdkit_random_raw
2pvj_2pvj_conf0,0.3670918193675177,1.0,1000,26,5,ref,rdkit_random_raw
2pvk_2pvk_conf0,0.3871837586554571,1.0,1000,27,5,ref,rdkit_random_raw
2pvl_2pvl_conf0,0.4544513923084607,1.0,1000,26,4,ref,rdkit_random_raw
2pvm_2pvm_conf0,0.5888506849204498,1.0,1000,26,6,ref,rdkit_random_raw
2q1q_2q1q_conf0,0.4404450014334722,1.0,1000,18,2,ref,rdkit_random_raw
2q7q_2q7q_conf0,0.1282740607045006,1.0,1000,9,1,ref,rdkit_random_raw
2qbs_2qbs_conf0,0.6665721850782675,1.0,1000,27,7,ref,rdkit_random_raw
2qdt_2qdt_conf0,1.03054305227382,0.0,1000,11,4,ref,rdkit_random_raw
2qg2_2qg2_conf0,0.2878413584201858,1.0,1000,24,2,ref,rdkit_random_raw
2qm9_2qm9_conf0,1.2527735145723748,0.0,1000,31,5,ref,rdkit_random_raw
2qpq_2qpq_conf0,0.1713454044870583,1.0,1000,13,5,ref,rdkit_random_raw
2qrl_2qrl_conf0,0.1561987487222031,1.0,1000,10,2,ref,rdkit_random_raw
2qtt_2qtt_conf0,0.9428752992616276,0.0,1000,19,2,ref,rdkit_random_raw
2r2m_2r2m_conf0,0.8404075679077773,0.0,998,30,10,ref,rdkit_random_raw
2ra0_2ra0_conf0,0.4180259776837586,1.0,1000,39,6,ref,rdkit_random_raw
2ra6_2ra6_conf0,0.0606086730881891,1.0,1000,9,1,ref,rdkit_random_raw
2rcb_2rcb_conf0,0.3239433616352611,1.0,1000,7,2,ref,rdkit_random_raw
2reg_2reg_conf0,0.0861785492907402,1.0,1000,7,2,ref,rdkit_random_raw
2rfh_2rfh_conf0,0.744631902778457,1.0,1000,15,5,ref,rdkit_random_raw
2rin_2rin_conf0,0.4410343068242215,1.0,1000,10,3,ref,rdkit_random_raw
2rkd_2rkd_conf0,0.2302749539244883,1.0,1000,9,3,ref,rdkit_random_raw
2uwd_2uwd_conf0,0.2654634117665098,1.0,1000,27,5,ref,rdkit_random_raw
2uxi_2uxi_conf0,0.5914000727503117,1.0,1000,20,4,ref,rdkit_random_raw
2uy5_2uy5_conf0,0.3152645267328086,1.0,1000,16,3,ref,rdkit_random_raw
2uyn_2uyn_conf0,0.3758048288648815,1.0,1000,7,2,ref,rdkit_random_raw
2uyq_2uyq_conf0,0.1031731684559055,1.0,1000,17,1,ref,rdkit_random_raw
2v57_2v57_conf0,0.0248485101946061,1.0,1000,16,0,ref,rdkit_random_raw
2v58_2v58_conf0,0.2279026056339824,1.0,1000,20,1,ref,rdkit_random_raw
2v59_2v59_conf0,0.32692674379796,1.0,1000,22,3,ref,rdkit_random_raw
2vba_2vba_conf0,0.2439916338096916,1.0,1000,16,3,ref,rdkit_random_raw
2vnp_2vnp_conf0,0.4034338077891788,1.0,1000,14,6,ref,rdkit_random_raw
2vuk_2vuk_conf0,0.1202021461816631,1.0,1000,18,3,ref,rdkit_random_raw
2vvv_2vvv_conf0,0.7360880321892203,1.0,1000,32,6,ref,rdkit_random_raw
2w9h_2w9h_conf0,0.3748653027655957,1.0,1000,21,5,ref,rdkit_random_raw
2weh_2weh_conf0,0.0873548772410855,1.0,1000,11,1,ref,rdkit_random_raw
2wej_2wej_conf0,0.3876403820901953,1.0,1000,10,1,ref,rdkit_random_raw
2wnj_2wnj_conf0,0.4600664629274747,1.0,1000,23,4,ref,rdkit_random_raw
2wor_2wor_conf0,0.5197310674499973,1.0,1000,21,3,ref,rdkit_random_raw
2wos_2wos_conf0,0.1158048362285131,1.0,1000,21,3,ref,rdkit_random_raw
2xdk_2xdk_conf0,0.4245354868007906,1.0,1000,13,1,ref,rdkit_random_raw
2xdx_2xdx_conf0,0.7501383016930152,0.0,1000,16,2,ref,rdkit_random_raw
2xht_2xht_conf0,0.1870771240731883,1.0,1000,19,1,ref,rdkit_random_raw
2xj2_2xj2_conf0,0.336071205912625,1.0,1000,25,4,ref,rdkit_random_raw
2xjg_2xjg_conf0,0.8842729559495921,0.0,1000,23,3,ref,rdkit_random_raw
2xjj_2xjj_conf0,0.6798033096332353,1.0,1000,23,1,ref,rdkit_random_raw
2xn3_2xn3_conf0,0.3137831868959349,1.0,1000,18,3,ref,rdkit_random_raw
2xn5_2xn5_conf0,0.5703258985342969,1.0,1000,21,5,ref,rdkit_random_raw
2xp7_2xp7_conf0,0.3342157718649568,1.0,1000,17,3,ref,rdkit_random_raw
2y8c_2y8c_conf0,1.0044482927276452,0.0,1000,38,12,ref,rdkit_random_raw
2yi0_2yi0_conf0,0.1421892650188756,1.0,1000,22,3,ref,rdkit_random_raw
2yi7_2yi7_conf0,0.1363927433224627,1.0,1000,23,4,ref,rdkit_random_raw
2yix_2yix_conf0,1.097970451957376,0.0,1000,26,6,ref,rdkit_random_raw
2yz3_2yz3_conf0,0.7698373152187055,0.0,1000,15,6,ref,rdkit_random_raw
2z1w_2z1w_conf0,0.076836450927932,1.0,1000,15,3,ref,rdkit_random_raw
2za0_2za0_conf0,0.7780937932088345,0.0,1000,22,3,ref,rdkit_random_raw
2za5_2za5_conf0,0.5787894451791269,1.0,1000,31,2,ref,rdkit_random_raw
2zcs_2zcs_conf0,0.338879907083449,1.0,1000,24,7,ref,rdkit_random_raw
3acx_3acx_conf0,0.7812498772590538,0.0,1000,23,9,ref,rdkit_random_raw
3ai8_3ai8_conf0,0.2482939750674325,1.0,1000,14,1,ref,rdkit_random_raw
3ao2_3ao2_conf0,0.4731623451684651,1.0,1000,17,1,ref,rdkit_random_raw
3aqt_3aqt_conf0,0.0263293076209239,1.0,1000,8,0,ref,rdkit_random_raw
3arx_3arx_conf0,0.5870525815151149,1.0,1000,22,7,ref,rdkit_random_raw
3b24_3b24_conf0,0.3794333396533142,1.0,1000,11,2,ref,rdkit_random_raw
3b25_3b25_conf0,0.450067421681371,1.0,1000,18,2,ref,rdkit_random_raw
3b26_3b26_conf0,0.220515811256144,1.0,1000,21,1,ref,rdkit_random_raw
3b66_3b66_conf0,0.6604308131407514,1.0,1000,29,6,ref,rdkit_random_raw
3b7j_3b7j_conf0,0.0442044676041144,1.0,1000,13,0,ref,rdkit_random_raw
3b92_3b92_conf0,0.4195198354447182,1.0,1000,18,6,ref,rdkit_random_raw
3bgc_3bgc_conf0,1.4342304516162565,0.0,1000,41,14,ref,rdkit_random_raw
3bgq_3bgq_conf0,0.3812697712627337,1.0,1000,26,3,ref,rdkit_random_raw
3bl0_3bl0_conf0,0.27946821026772,1.0,1000,13,3,ref,rdkit_random_raw
3bl1_3bl1_conf0,1.3851232736343155,0.0,1000,24,3,ref,rdkit_random_raw
3bqc_3bqc_conf0,0.0438036234311767,1.0,1000,20,0,ref,rdkit_random_raw
3bra_3bra_conf0,0.1987962171494361,1.0,1000,10,2,ref,rdkit_random_raw
3brn_3brn_conf0,0.0837350187290345,1.0,1000,13,2,ref,rdkit_random_raw
3buf_3buf_conf0,0.1460847823392753,1.0,1000,11,2,ref,rdkit_random_raw
3bug_3bug_conf0,0.3003655007531132,1.0,1000,12,3,ref,rdkit_random_raw
3buh_3buh_conf0,0.4795215259497428,1.0,1000,16,3,ref,rdkit_random_raw
3bxe_3bxe_conf0,0.2269761870723026,1.0,1000,10,4,ref,rdkit_random_raw
3c2o_3c2o_conf0,0.1683909407415969,1.0,1000,12,2,ref,rdkit_random_raw
3c2r_3c2r_conf0,0.1793103864034165,1.0,1000,12,2,ref,rdkit_random_raw
3c39_3c39_conf0,0.2531945486980808,1.0,1000,11,4,ref,rdkit_random_raw
3c4h_3c4h_conf0,0.0638501689726541,1.0,1000,12,0,ref,rdkit_random_raw
3c79_3c79_conf0,0.5716564110384014,1.0,1000,17,4,ref,rdkit_random_raw
3c84_3c84_conf0,0.4954571313070485,1.0,1000,16,2,ref,rdkit_random_raw
3cf8_3cf8_conf0,0.7416903055085947,1.0,1000,22,1,ref,rdkit_random_raw
3cfn_3cfn_conf0,0.346065075010553,1.0,1000,21,3,ref,rdkit_random_raw
3cj5_3cj5_conf0,1.2264952330302532,0.0,1000,30,5,ref,rdkit_random_raw
3cs7_3cs7_conf0,0.5743177149436339,1.0,1000,37,6,ref,rdkit_random_raw
3cz1_3cz1_conf0,0.5799046276362695,1.0,1000,14,5,ref,rdkit_random_raw
3czv_3czv_conf0,0.2938060857912195,1.0,1000,13,2,ref,rdkit_random_raw
3d0b_3d0b_conf0,0.3088195759139212,1.0,1000,28,6,ref,rdkit_random_raw
3d78_3d78_conf0,0.4987490985967378,1.0,1000,14,5,ref,rdkit_random_raw
3d83_3d83_conf0,0.5961141521386736,1.0,1000,35,7,ref,rdkit_random_raw
3d8w_3d8w_conf0,1.086044075589872,0.0,1000,19,4,ref,rdkit_random_raw
3d9z_3d9z_conf0,0.3307171433071905,1.0,1000,16,2,ref,rdkit_random_raw
3dbu_3dbu_conf0,1.1558915932712577,0.0,1000,19,4,ref,rdkit_random_raw
3dc3_3dc3_conf0,0.3606953441887451,1.0,1000,13,2,ref,rdkit_random_raw
3dcc_3dcc_conf0,0.3426768307665254,1.0,1000,16,2,ref,rdkit_random_raw
3dd8_3dd8_conf0,0.6518215497359083,1.0,1000,24,4,ref,rdkit_random_raw
3dnd_3dnd_conf0,0.3599608554880064,1.0,1000,13,2,ref,rdkit_random_raw
3e5u_3e5u_conf0,0.1176855657945435,1.0,1000,12,2,ref,rdkit_random_raw
3ebo_3ebo_conf0,0.262948334217554,1.0,1000,19,1,ref,rdkit_random_raw
3ed0_3ed0_conf0,0.0524333395058511,1.0,1000,20,0,ref,rdkit_random_raw
3eko_3eko_conf0,0.4015119052396594,1.0,1000,16,1,ref,rdkit_random_raw
3ekr_3ekr_conf0,0.8278210194212644,0.0,1000,22,2,ref,rdkit_random_raw
3eqr_3eqr_conf0,0.4863588442777082,1.0,1000,38,9,ref,rdkit_random_raw
3exh_3exh_conf0,0.9082967019452676,0.0,1000,26,8,ref,rdkit_random_raw
3f18_3f18_conf0,0.5326702862586186,1.0,1000,19,6,ref,rdkit_random_raw
3f19_3f19_conf0,0.5760172703009123,1.0,1000,16,4,ref,rdkit_random_raw
3f1a_3f1a_conf0,0.590238982672449,1.0,1000,15,4,ref,rdkit_random_raw
3f33_3f33_conf0,0.1534529229386805,1.0,1000,13,2,ref,rdkit_random_raw
3f37_3f37_conf0,0.0201567914913854,1.0,1000,9,0,ref,rdkit_random_raw
3f78_3f78_conf0,0.3384382858066957,1.0,1000,10,2,ref,rdkit_random_raw
3ffp_3ffp_conf0,0.3333355313675791,1.0,1000,18,2,ref,rdkit_random_raw
3fhb_3fhb_conf0,0.2296473697224839,1.0,1000,10,1,ref,rdkit_random_raw
3fj7_3fj7_conf0,0.3324316519880672,1.0,1000,10,3,ref,rdkit_random_raw
3fjg_3fjg_conf0,0.3432320395412682,1.0,1000,11,4,ref,rdkit_random_raw
3fl5_3fl5_conf0,0.0359610041786174,1.0,1000,20,0,ref,rdkit_random_raw
3fql_3fql_conf0,0.5849506420144208,1.0,1000,31,7,ref,rdkit_random_raw
3g0i_3g0i_conf0,0.3180623603498556,1.0,1000,10,5,ref,rdkit_random_raw
3g2y_3g2y_conf0,0.1255589370533882,1.0,1000,14,2,ref,rdkit_random_raw
3gcu_3gcu_conf0,0.6448068851244639,1.0,1000,38,5,ref,rdkit_random_raw
3gy2_3gy2_conf0,0.404086629773234,1.0,1000,21,5,ref,rdkit_random_raw
3gy3_3gy3_conf0,0.6844281297382582,1.0,1000,25,10,ref,rdkit_random_raw
3gy7_3gy7_conf0,0.1517892333616922,1.0,1000,9,1,ref,rdkit_random_raw
3h1x_3h1x_conf0,0.5270603769924698,1.0,1000,25,4,ref,rdkit_random_raw
3h30_3h30_conf0,0.1261277729576242,1.0,1000,20,2,ref,rdkit_random_raw
3h78_3h78_conf0,0.2328998172950219,1.0,1000,10,1,ref,rdkit_random_raw
3hig_3hig_conf0,0.3898593669400706,1.0,1000,21,5,ref,rdkit_random_raw
3hll_3hll_conf0,0.5492402390279232,1.0,1000,30,5,ref,rdkit_random_raw
3hp9_3hp9_conf0,0.5311258351070669,1.0,1000,23,4,ref,rdkit_random_raw
3hs4_3hs4_conf0,0.3382591489187252,1.0,1000,13,2,ref,rdkit_random_raw
3hww_3hww_conf0,0.267928758795837,1.0,1000,10,4,ref,rdkit_random_raw
3i51_3i51_conf0,0.0415232566278136,1.0,1000,10,0,ref,rdkit_random_raw
3ibi_3ibi_conf0,0.7914736810292002,0.0,1000,13,8,ref,rdkit_random_raw
3ibl_3ibl_conf0,0.902227233194996,0.0,1000,18,11,ref,rdkit_random_raw
3ibu_3ibu_conf0,0.8355638019902893,0.0,1000,15,10,ref,rdkit_random_raw
3igp_3igp_conf0,0.3286180704907046,1.0,1000,18,3,ref,rdkit_random_raw
3ime_3ime_conf0,0.0891212189511743,1.0,1000,12,1,ref,rdkit_random_raw
3iof_3iof_conf0,0.2966263477091613,1.0,1000,18,6,ref,rdkit_random_raw
3iog_3iog_conf0,0.1236599623153175,1.0,1000,14,2,ref,rdkit_random_raw
3ip8_3ip8_conf0,0.6949914984798715,1.0,1000,11,2,ref,rdkit_random_raw
3iub_3iub_conf0,0.6253448852985143,1.0,1000,24,4,ref,rdkit_random_raw
3iue_3iue_conf0,0.6652863097567506,1.0,1000,28,6,ref,rdkit_random_raw
3ivx_3ivx_conf0,0.7100921625256105,1.0,1000,30,6,ref,rdkit_random_raw
3iw5_3iw5_conf0,1.2250909549367628,0.0,1000,39,8,ref,rdkit_random_raw
3k8q_3k8q_conf0,0.3833491921858407,1.0,1000,17,5,ref,rdkit_random_raw
3k97_3k97_conf0,0.9648229724263312,0.0,1000,23,2,ref,rdkit_random_raw
3kgq_3kgq_conf0,0.1897324426637947,1.0,1000,13,5,ref,rdkit_random_raw
3kgt_3kgt_conf0,0.1125820136942727,1.0,1000,20,1,ref,rdkit_random_raw
3kgu_3kgu_conf0,0.1291916461202717,1.0,1000,20,1,ref,rdkit_random_raw
3kku_3kku_conf0,0.7964336726436171,0.0,1000,23,6,ref,rdkit_random_raw
3kmx_3kmx_conf0,0.2819360483651032,1.0,1000,17,6,ref,rdkit_random_raw
3kmy_3kmy_conf0,0.2660034967644261,1.0,1000,16,3,ref,rdkit_random_raw
3l0v_3l0v_conf0,0.1693504039409138,1.0,1000,21,3,ref,rdkit_random_raw
3l3l_3l3l_conf0,0.1627727967708845,1.0,1000,19,2,ref,rdkit_random_raw
3l59_3l59_conf0,0.1774775624461266,1.0,1000,17,2,ref,rdkit_random_raw
3lgs_3lgs_conf0,0.1723592876466262,1.0,1000,17,1,ref,rdkit_random_raw
3lk8_3lk8_conf0,0.8402364762768783,0.0,1000,17,5,ref,rdkit_random_raw
3m35_3m35_conf0,0.4641056366737097,1.0,1000,37,6,ref,rdkit_random_raw
3m36_3m36_conf0,0.4781823968443046,1.0,1000,37,6,ref,rdkit_random_raw
3m37_3m37_conf0,0.5443541854491013,1.0,1000,37,6,ref,rdkit_random_raw
3m3x_3m3x_conf0,0.5753269842950094,1.0,1000,24,7,ref,rdkit_random_raw
3m40_3m40_conf0,0.3298972446052292,1.0,1000,21,4,ref,rdkit_random_raw
3m5e_3m5e_conf0,0.8901470778048164,0.0,1000,23,6,ref,rdkit_random_raw
3m67_3m67_conf0,0.8153461538716056,0.0,1000,28,5,ref,rdkit_random_raw
3m96_3m96_conf0,0.9779601852984978,0.0,1000,25,5,ref,rdkit_random_raw
3mam_3mam_conf0,0.5357077412033446,1.0,1000,8,2,ref,rdkit_random_raw
3mdz_3mdz_conf0,0.4591826432506749,1.0,1000,16,3,ref,rdkit_random_raw
3mhl_3mhl_conf0,0.8666934986768589,0.0,1000,23,6,ref,rdkit_random_raw
3mhm_3mhm_conf0,0.8599686499678241,0.0,999,29,8,ref,rdkit_random_raw
3mho_3mho_conf0,0.5197167143001068,1.0,1000,22,5,ref,rdkit_random_raw
3mhw_3mhw_conf0,0.1606351835480337,1.0,1000,10,0,ref,rdkit_random_raw
3miy_3miy_conf0,0.6630029164401021,1.0,999,29,7,ref,rdkit_random_raw
3ml2_3ml2_conf0,0.7275610767664924,1.0,1000,27,5,ref,rdkit_random_raw
3ml5_3ml5_conf0,0.3261511717008874,1.0,1000,13,2,ref,rdkit_random_raw
3mmf_3mmf_conf0,0.3697511354779229,1.0,1000,22,6,ref,rdkit_random_raw
3mna_3mna_conf0,0.5559714742610602,1.0,1000,24,6,ref,rdkit_random_raw
3ms9_3ms9_conf0,0.0744549713970515,1.0,1000,12,1,ref,rdkit_random_raw
3myq_3myq_conf0,0.8455543889719314,0.0,1000,28,5,ref,rdkit_random_raw
3mzc_3mzc_conf0,0.74901626343371,1.0,1000,19,3,ref,rdkit_random_raw
3n0n_3n0n_conf0,1.1303441781991252,0.0,1000,25,3,ref,rdkit_random_raw
3n2p_3n2p_conf0,0.4074484301734648,1.0,1000,23,4,ref,rdkit_random_raw
3n2v_3n2v_conf0,0.4020677216359054,1.0,1000,24,7,ref,rdkit_random_raw
3n3j_3n3j_conf0,0.5209086535765427,1.0,1000,23,4,ref,rdkit_random_raw
3n4b_3n4b_conf0,1.1307347907755685,0.0,1000,21,3,ref,rdkit_random_raw
3n9r_3n9r_conf0,0.6770343449508702,1.0,1000,15,7,ref,rdkit_random_raw
3nb5_3nb5_conf0,0.7788893674815393,0.0,1000,24,6,ref,rdkit_random_raw
3nee_3nee_conf0,0.7531361214770013,0.0,1000,24,6,ref,rdkit_random_raw
3nes_3nes_conf0,0.8903234927524767,0.0,1000,24,6,ref,rdkit_random_raw
3ni5_3ni5_conf0,1.7176450909472305,0.0,1000,30,11,ref,rdkit_random_raw
3npc_3npc_conf0,0.7913846344173434,0.0,1000,39,7,ref,rdkit_random_raw
3o5x_3o5x_conf0,1.5678725997305811,0.0,999,42,8,ref,rdkit_random_raw
3o84_3o84_conf0,0.5236462653264137,1.0,1000,25,4,ref,rdkit_random_raw
3o8p_3o8p_conf0,0.4592200786139885,1.0,1000,21,2,ref,rdkit_random_raw
3oaf_3oaf_conf0,0.7567891420541997,0.0,1000,22,3,ref,rdkit_random_raw
3ocp_3ocp_conf0,0.1705595026121451,1.0,1000,22,1,ref,rdkit_random_raw
3ovn_3ovn_conf0,0.1655651217804981,1.0,1000,12,1,ref,rdkit_random_raw
3oy0_3oy0_conf0,0.5408847958887367,1.0,1000,21,5,ref,rdkit_random_raw
3p3r_3p3r_conf0,0.3636423390599835,1.0,1000,20,3,ref,rdkit_random_raw
3p3t_3p3t_conf0,0.5002420018202698,1.0,1000,18,5,ref,rdkit_random_raw
3p58_3p58_conf0,0.4293731280069168,1.0,1000,12,2,ref,rdkit_random_raw
3p5l_3p5l_conf0,0.229992347969603,1.0,1000,17,1,ref,rdkit_random_raw
3pb7_3pb7_conf0,0.2572010541936418,1.0,1000,22,7,ref,rdkit_random_raw
3pb8_3pb8_conf0,0.2278515330883802,1.0,1000,11,3,ref,rdkit_random_raw
3pb9_3pb9_conf0,0.5920977232074784,1.0,1000,12,2,ref,rdkit_random_raw
3pce_3pce_conf0,0.11700598794743,1.0,1000,11,2,ref,rdkit_random_raw
3pcg_3pcg_conf0,0.0777529122231939,1.0,1000,11,2,ref,rdkit_random_raw
3pcn_3pcn_conf0,0.118193266882414,1.0,1000,12,2,ref,rdkit_random_raw
3pe1_3pe1_conf0,0.1915753809943715,1.0,1000,25,3,ref,rdkit_random_raw
3po6_3po6_conf0,0.2345590076475902,1.0,1000,19,3,ref,rdkit_random_raw
3ppm_3ppm_conf0,0.8249544292899017,0.0,1000,25,9,ref,rdkit_random_raw
3ppp_3ppp_conf0,0.1401017163346997,1.0,1000,8,2,ref,rdkit_random_raw
3ppq_3ppq_conf0,0.1119782259082547,1.0,1000,7,2,ref,rdkit_random_raw
3pwd_3pwd_conf0,0.0873803033343775,1.0,1000,20,1,ref,rdkit_random_raw
3q2j_3q2j_conf0,0.3858392945340541,1.0,1000,18,4,ref,rdkit_random_raw
3q6w_3q6w_conf0,0.7545759275861346,0.0,1000,39,7,ref,rdkit_random_raw
3qdd_3qdd_conf0,0.4859787430704902,1.0,1000,22,3,ref,rdkit_random_raw
3r16_3r16_conf0,0.4616804223051596,1.0,1000,19,4,ref,rdkit_random_raw
3r17_3r17_conf0,0.5069524447269866,1.0,1000,20,4,ref,rdkit_random_raw
3r4m_3r4m_conf0,0.6372300106146396,1.0,1000,16,2,ref,rdkit_random_raw
3r4n_3r4n_conf0,0.2978257976935335,1.0,1000,23,5,ref,rdkit_random_raw
3r6u_3r6u_conf0,0.1086225384687252,1.0,1000,7,2,ref,rdkit_random_raw
3rbu_3rbu_conf0,0.3235487748921838,1.0,1000,14,6,ref,rdkit_random_raw
3rf4_3rf4_conf0,0.2321531368362232,1.0,1000,21,5,ref,rdkit_random_raw
3rf5_3rf5_conf0,0.1392474601261114,1.0,1000,16,4,ref,rdkit_random_raw
3rlb_3rlb_conf0,0.996871769043294,0.0,1000,18,4,ref,rdkit_random_raw
3rlp_3rlp_conf0,0.8907941957511669,0.0,1000,18,2,ref,rdkit_random_raw
3rlq_3rlq_conf0,0.1624483452858781,1.0,1000,22,2,ref,rdkit_random_raw
3roc_3roc_conf0,0.8455463740902782,0.0,1000,31,7,ref,rdkit_random_raw
3ru1_3ru1_conf0,0.8408478267724601,0.0,1000,23,5,ref,rdkit_random_raw
3ryv_3ryv_conf0,0.4090027325528263,1.0,1000,15,3,ref,rdkit_random_raw
3ryx_3ryx_conf0,0.7065262643909708,1.0,1000,21,4,ref,rdkit_random_raw
3ryy_3ryy_conf0,0.4693955191863985,1.0,1000,16,4,ref,rdkit_random_raw
3ryz_3ryz_conf0,0.5254544560025004,1.0,1000,24,5,ref,rdkit_random_raw
3rz0_3rz0_conf0,0.6261264511039102,1.0,1000,17,5,ref,rdkit_random_raw
3rz8_3rz8_conf0,0.6434810374113494,1.0,1000,19,7,ref,rdkit_random_raw
3s0b_3s0b_conf0,0.1594008075622882,1.0,1000,17,2,ref,rdkit_random_raw
3s0e_3s0e_conf0,0.2568837182484082,1.0,1000,12,3,ref,rdkit_random_raw
3s71_3s71_conf0,0.0715531345550952,1.0,1000,13,1,ref,rdkit_random_raw
3s73_3s73_conf0,0.2631592471075804,1.0,1000,13,1,ref,rdkit_random_raw
3s76_3s76_conf0,0.1166209924646261,1.0,1000,9,1,ref,rdkit_random_raw
3s78_3s78_conf0,0.4229366912758436,1.0,1000,9,1,ref,rdkit_random_raw
3std_3std_conf0,0.5119077560943495,1.0,1000,28,6,ref,rdkit_random_raw
3sww_3sww_conf0,0.2996783197577273,1.0,1000,25,5,ref,rdkit_random_raw
3sxf_3sxf_conf0,0.1997985518863685,1.0,1000,26,4,ref,rdkit_random_raw
3t3u_3t3u_conf0,0.2770889081087498,1.0,1000,29,4,ref,rdkit_random_raw
3t5u_3t5u_conf0,0.751017260086448,0.0,1000,11,2,ref,rdkit_random_raw
3tf6_3tf6_conf0,0.4022463009516973,1.0,1000,11,1,ref,rdkit_random_raw
3th9_3th9_conf0,0.8926290159134987,0.0,1000,34,6,ref,rdkit_random_raw
3u10_3u10_conf0,0.2721708701684879,1.0,1000,22,1,ref,rdkit_random_raw
3u90_3u90_conf0,0.8247880081161285,0.0,1000,17,12,ref,rdkit_random_raw
3u92_3u92_conf0,0.4590091519862496,1.0,1000,15,4,ref,rdkit_random_raw
3ucj_3ucj_conf0,0.3763115607815895,1.0,1000,13,2,ref,rdkit_random_raw
3udd_3udd_conf0,0.8271475905691497,0.0,1000,29,7,ref,rdkit_random_raw
3ug2_3ug2_conf0,0.72007596748603,1.0,1000,31,8,ref,rdkit_random_raw
3uj9_3uj9_conf0,0.1353510254655434,1.0,1000,11,4,ref,rdkit_random_raw
3ujc_3ujc_conf0,0.1580258012422173,1.0,1000,11,4,ref,rdkit_random_raw
3ujd_3ujd_conf0,0.1306051053910846,1.0,1000,11,4,ref,rdkit_random_raw
3uod_3uod_conf0,0.643682600961629,1.0,1000,27,5,ref,rdkit_random_raw
3uu1_3uu1_conf0,0.05288654330913,1.0,1000,12,1,ref,rdkit_random_raw
3uxk_3uxk_conf0,0.2354816814393259,1.0,1000,10,1,ref,rdkit_random_raw
3v3q_3v3q_conf0,1.1353463495467475,0.0,1000,27,13,ref,rdkit_random_raw
3v51_3v51_conf0,0.802005705809237,0.0,1000,32,5,ref,rdkit_random_raw
3v5p_3v5p_conf0,0.4078899872474529,1.0,1000,26,4,ref,rdkit_random_raw
3v7x_3v7x_conf0,0.5854690805774113,1.0,1000,25,7,ref,rdkit_random_raw
3vbd_3vbd_conf0,0.5861789469362838,1.0,1000,22,3,ref,rdkit_random_raw
3vhk_3vhk_conf0,0.6363233496806788,1.0,1000,22,5,ref,rdkit_random_raw
3vw1_3vw1_conf0,0.6531894127327748,1.0,1000,28,6,ref,rdkit_random_raw
3w5n_3w5n_conf0,0.1655749687025007,1.0,1000,11,0,ref,rdkit_random_raw
3wha_3wha_conf0,0.667710504025519,1.0,1000,28,6,ref,rdkit_random_raw
3wtn_3wtn_conf0,0.7676034606423674,0.0,1000,14,2,ref,rdkit_random_raw
3wto_3wto_conf0,0.779690332577948,0.0,1000,14,2,ref,rdkit_random_raw
3zbx_3zbx_conf0,0.4026934180203085,1.0,1000,27,3,ref,rdkit_random_raw
3zi8_3zi8_conf0,0.126894175829348,1.0,1000,10,0,ref,rdkit_random_raw
3zlr_3zlr_conf0,0.7574105011393544,0.0,1000,41,10,ref,rdkit_random_raw
3zxz_3zxz_conf0,0.3433975308137572,1.0,1000,28,5,ref,rdkit_random_raw
456c_456c_conf0,0.4809239299739222,1.0,1000,28,6,ref,rdkit_random_raw
4a4v_4a4v_conf0,0.6099271400536044,1.0,1000,22,8,ref,rdkit_random_raw
4a4w_4a4w_conf0,0.7650639668654378,0.0,999,30,10,ref,rdkit_random_raw
4a6l_4a6l_conf0,0.9802367895313971,0.0,1000,30,3,ref,rdkit_random_raw
4ab9_4ab9_conf0,0.3377294756284743,1.0,1000,11,1,ref,rdkit_random_raw
4abb_4abb_conf0,0.0608127948955911,1.0,1000,11,1,ref,rdkit_random_raw
4abe_4abe_conf0,0.2751230410014423,1.0,1000,13,2,ref,rdkit_random_raw
4abf_4abf_conf0,0.0811282070577705,1.0,1000,12,1,ref,rdkit_random_raw
4acc_4acc_conf0,0.3629280587317737,1.0,1000,31,8,ref,rdkit_random_raw
4aci_4aci_conf0,0.3086733312219483,1.0,1000,13,5,ref,rdkit_random_raw
4ag8_4ag8_conf0,0.6834183516683884,1.0,1000,28,5,ref,rdkit_random_raw
4ahu_4ahu_conf0,0.0944216110805019,1.0,1000,12,1,ref,rdkit_random_raw
4ai5_4ai5_conf0,0.0524456128915431,1.0,1000,11,0,ref,rdkit_random_raw
4aia_4aia_conf0,0.0486106285339267,1.0,1000,11,0,ref,rdkit_random_raw
4aj4_4aj4_conf0,0.5724143881632928,1.0,1000,21,7,ref,rdkit_random_raw
4aje_4aje_conf0,0.6518317686174848,1.0,1000,15,4,ref,rdkit_random_raw
4aji_4aji_conf0,0.3024566989865582,1.0,1000,18,6,ref,rdkit_random_raw
4ajl_4ajl_conf0,0.6067310247029398,1.0,1000,21,5,ref,rdkit_random_raw
4aoi_4aoi_conf0,0.2172950481359779,1.0,1000,27,3,ref,rdkit_random_raw
4ap7_4ap7_conf0,0.3844433259076655,1.0,1000,24,3,ref,rdkit_random_raw
4aq4_4aq4_conf0,0.1759018640026249,1.0,1000,10,4,ref,rdkit_random_raw
4ara_4ara_conf0,0.4414032492446176,1.0,1000,25,7,ref,rdkit_random_raw
4asd_4asd_conf0,0.6067490332667862,1.0,1000,32,5,ref,rdkit_random_raw
4b32_4b32_conf0,0.0142970911134049,1.0,1000,11,0,ref,rdkit_random_raw
4b33_4b33_conf0,0.015464710912952,1.0,1000,11,0,ref,rdkit_random_raw
4b3c_4b3c_conf0,0.0208765022457734,1.0,1000,10,0,ref,rdkit_random_raw
4b3d_4b3d_conf0,0.0220291255892965,1.0,1000,10,0,ref,rdkit_random_raw
4b76_4b76_conf0,0.1385450089217865,1.0,1000,17,3,ref,rdkit_random_raw
4bck_4bck_conf0,0.5106179586224608,1.0,1000,27,5,ref,rdkit_random_raw
4bcm_4bcm_conf0,0.683680622307843,1.0,1000,33,6,ref,rdkit_random_raw
4bco_4bco_conf0,0.8643315230272228,0.0,996,33,5,ref,rdkit_random_raw
4bf1_4bf1_conf0,0.1788651987923478,1.0,1000,24,3,ref,rdkit_random_raw
4bf6_4bf6_conf0,0.5010586355016189,1.0,1000,22,3,ref,rdkit_random_raw
4bps_4bps_conf0,0.5210208141203935,1.0,1000,14,4,ref,rdkit_random_raw
4bqg_4bqg_conf0,0.2859561004061439,1.0,1000,17,2,ref,rdkit_random_raw
4btk_4btk_conf0,0.213798200935358,1.0,1000,22,4,ref,rdkit_random_raw
4cfl_4cfl_conf0,0.2311591320096009,1.0,1000,23,2,ref,rdkit_random_raw
4d7b_4d7b_conf0,0.1880875363966899,1.0,1000,20,3,ref,rdkit_random_raw
4der_4der_conf0,0.569235223105984,1.0,1000,20,1,ref,rdkit_random_raw
4det_4det_conf0,0.6429359828301027,1.0,1000,21,1,ref,rdkit_random_raw
4dff_4dff_conf0,0.3441788113276578,1.0,1000,22,3,ref,rdkit_random_raw
4dhl_4dhl_conf0,0.3156589746711792,1.0,1000,15,2,ref,rdkit_random_raw
4dkr_4dkr_conf0,0.2980175454412607,1.0,1000,27,3,ref,rdkit_random_raw
4dst_4dst_conf0,0.1354402828386042,1.0,1000,15,2,ref,rdkit_random_raw
4dsy_4dsy_conf0,0.3589794204476381,1.0,1000,15,2,ref,rdkit_random_raw
4duh_4duh_conf0,0.3460052736144849,1.0,1000,26,6,ref,rdkit_random_raw
4e0x_4e0x_conf0,0.2766469958440307,1.0,1000,15,4,ref,rdkit_random_raw
4e3g_4e3g_conf0,0.0938484170509098,1.0,999,10,1,ref,rdkit_random_raw
4e4l_4e4l_conf0,0.1941566585463595,1.0,1000,23,2,ref,rdkit_random_raw
4e70_4e70_conf0,0.1273769562973894,1.0,1000,13,3,ref,rdkit_random_raw
4e9u_4e9u_conf0,0.8340605955938329,0.0,1000,19,6,ref,rdkit_random_raw
4ehz_4ehz_conf0,0.1191758848448524,1.0,1000,19,1,ref,rdkit_random_raw
4ej8_4ej8_conf0,0.0364750032730677,1.0,1000,12,1,ref,rdkit_random_raw
4ejl_4ejl_conf0,0.1082828670341385,1.0,1000,14,3,ref,rdkit_random_raw
4en4_4en4_conf0,0.0975038255629645,1.0,1000,13,3,ref,rdkit_random_raw
4f39_4f39_conf0,0.2967450478014518,1.0,1000,15,4,ref,rdkit_random_raw
4f6w_4f6w_conf0,1.2307138780259093,0.0,1000,47,7,ref,rdkit_random_raw
4f9y_4f9y_conf0,0.1724909297483974,1.0,1000,25,3,ref,rdkit_random_raw
4fai_4fai_conf0,0.2960707209383896,1.0,1000,22,7,ref,rdkit_random_raw
4fcq_4fcq_conf0,0.3220634724704663,1.0,1000,21,2,ref,rdkit_random_raw
4few_4few_conf0,0.4359138571146718,1.0,1000,21,1,ref,rdkit_random_raw
4fht_4fht_conf0,0.2026759499317397,1.0,1000,11,1,ref,rdkit_random_raw
4g95_4g95_conf0,0.80118244021351,0.0,1000,22,3,ref,rdkit_random_raw
4ge1_4ge1_conf0,0.1679763989340305,1.0,1000,12,2,ref,rdkit_random_raw
4gg7_4gg7_conf0,0.52647643705033,1.0,1000,36,6,ref,rdkit_random_raw
4ghi_4ghi_conf0,0.1828925224375319,1.0,1000,21,3,ref,rdkit_random_raw
4gih_4gih_conf0,0.6327731348746748,1.0,1000,23,4,ref,rdkit_random_raw
4gii_4gii_conf0,0.690802354580116,1.0,1000,25,4,ref,rdkit_random_raw
4gkh_4gkh_conf0,0.284809354355023,1.0,1000,24,1,ref,rdkit_random_raw
4gki_4gki_conf0,0.2341236171813812,1.0,1000,25,2,ref,rdkit_random_raw
4gny_4gny_conf0,0.8818907447613616,0.0,1000,17,12,ref,rdkit_random_raw
4gqr_4gqr_conf0,0.4032029164186601,1.0,1000,23,1,ref,rdkit_random_raw
4gu6_4gu6_conf0,0.4210446163460229,1.0,1000,31,6,ref,rdkit_random_raw
4gu9_4gu9_conf0,0.2991085336398211,1.0,1000,17,2,ref,rdkit_random_raw
4h7q_4h7q_conf0,0.4515905992959539,1.0,1000,9,3,ref,rdkit_random_raw
4ht0_4ht0_conf0,0.9740684769827508,0.0,1000,23,3,ref,rdkit_random_raw
4ht2_4ht2_conf0,0.5689499757193297,1.0,1000,23,3,ref,rdkit_random_raw
4hu1_4hu1_conf0,0.7954249323182018,0.0,1000,20,4,ref,rdkit_random_raw
4hw3_4hw3_conf0,0.2846553326492582,1.0,1000,25,6,ref,rdkit_random_raw
4i7m_4i7m_conf0,0.1219526001335716,1.0,1000,10,2,ref,rdkit_random_raw
4i8n_4i8n_conf0,1.092342749594018,0.0,1000,34,7,ref,rdkit_random_raw
4i8x_4i8x_conf0,0.3069453379324184,1.0,1000,15,2,ref,rdkit_random_raw
4i9h_4i9h_conf0,1.7470693596462197,0.0,1000,51,17,ref,rdkit_random_raw
4i9u_4i9u_conf0,0.3906206220955622,1.0,1000,23,6,ref,rdkit_random_raw
4ih3_4ih3_conf0,0.5652454535954039,1.0,1000,12,2,ref,rdkit_random_raw
4ih6_4ih6_conf0,0.6114981566709079,1.0,1000,21,3,ref,rdkit_random_raw
4ij1_4ij1_conf0,0.3135372204602755,1.0,1000,19,4,ref,rdkit_random_raw
4itp_4itp_conf0,0.96824313841081,0.0,1000,21,5,ref,rdkit_random_raw
4iue_4iue_conf0,0.1071562607234396,1.0,1000,19,1,ref,rdkit_random_raw
4iuo_4iuo_conf0,0.159344290393311,1.0,1000,13,1,ref,rdkit_random_raw
4iwz_4iwz_conf0,0.3616014345408714,1.0,1000,18,4,ref,rdkit_random_raw
4j22_4j22_conf0,0.3762564650737848,1.0,1000,30,5,ref,rdkit_random_raw
4jh0_4jh0_conf0,0.2037937046558708,1.0,1000,27,4,ref,rdkit_random_raw
4jkw_4jkw_conf0,0.4704264405997063,1.0,1000,14,6,ref,rdkit_random_raw
4jn2_4jn2_conf0,0.6847680213664921,1.0,1000,35,9,ref,rdkit_random_raw
4jsa_4jsa_conf0,0.3027385112795233,1.0,1000,10,1,ref,rdkit_random_raw
4jx9_4jx9_conf0,0.429450472770838,1.0,1000,17,2,ref,rdkit_random_raw
4jyt_4jyt_conf0,1.4853391771844926,0.0,1000,40,9,ref,rdkit_random_raw
4jz1_4jz1_conf0,0.8594164383356884,0.0,1000,37,9,ref,rdkit_random_raw
4k0y_4k0y_conf0,0.2927171070519021,1.0,1000,26,3,ref,rdkit_random_raw
4k3n_4k3n_conf0,0.2773841479932804,1.0,1000,17,3,ref,rdkit_random_raw
4k5p_4k5p_conf0,0.3360343867976885,1.0,1000,15,3,ref,rdkit_random_raw
4k6i_4k6i_conf0,0.7527065065382567,0.0,1000,26,3,ref,rdkit_random_raw
4k7i_4k7i_conf0,0.0329022362879109,1.0,1000,8,0,ref,rdkit_random_raw
4k7n_4k7n_conf0,0.0243250322024379,1.0,1000,9,0,ref,rdkit_random_raw
4k7o_4k7o_conf0,0.1683964702667461,1.0,1000,12,0,ref,rdkit_random_raw
4k9y_4k9y_conf0,0.5613791377962973,1.0,1000,36,4,ref,rdkit_random_raw
4kao_4kao_conf0,0.4191742227353252,1.0,1000,32,4,ref,rdkit_random_raw
4kif_4kif_conf0,0.5908638718531357,1.0,1000,12,3,ref,rdkit_random_raw
4km0_4km0_conf0,0.3172431563329351,1.0,1000,17,2,ref,rdkit_random_raw
4km2_4km2_conf0,0.5635374715720582,1.0,1000,21,5,ref,rdkit_random_raw
4kni_4kni_conf0,0.6696445435628988,1.0,1000,23,5,ref,rdkit_random_raw
4knj_4knj_conf0,0.3288736985123168,1.0,1000,21,5,ref,rdkit_random_raw
4knm_4knm_conf0,0.2988760584281535,1.0,1000,23,5,ref,rdkit_random_raw
4knn_4knn_conf0,0.7405867176067461,1.0,1000,21,5,ref,rdkit_random_raw
4kp5_4kp5_conf0,0.2733480511644501,1.0,1000,21,5,ref,rdkit_random_raw
4kp8_4kp8_conf0,1.0827849734428183,0.0,1000,20,5,ref,rdkit_random_raw
4kwf_4kwf_conf0,1.03327577032466,0.0,1000,18,2,ref,rdkit_random_raw
4kwg_4kwg_conf0,0.0410430658895708,1.0,1000,13,0,ref,rdkit_random_raw
4kyh_4kyh_conf0,0.5245642609369366,1.0,1000,29,4,ref,rdkit_random_raw
4kyk_4kyk_conf0,0.5019241076360298,1.0,1000,25,4,ref,rdkit_random_raw
4l2l_4l2l_conf0,0.4810140120639442,1.0,1000,19,3,ref,rdkit_random_raw
4lko_4lko_conf0,0.3216773044355788,1.0,1000,25,5,ref,rdkit_random_raw
4llj_4llj_conf0,0.0517582713603264,1.0,1000,11,0,ref,rdkit_random_raw
4llp_4llp_conf0,0.025033066024295,1.0,1000,9,0,ref,rdkit_random_raw
4lm2_4lm2_conf0,0.2956765378095929,1.0,1000,12,1,ref,rdkit_random_raw
4lm3_4lm3_conf0,0.2035436826843511,1.0,1000,13,1,ref,rdkit_random_raw
4loo_4loo_conf0,0.3728718603390542,1.0,1000,25,3,ref,rdkit_random_raw
4lrr_4lrr_conf0,2.3351611962578662,0.0,1000,25,3,ref,rdkit_random_raw
4luz_4luz_conf0,0.826791297429414,0.0,1000,37,8,ref,rdkit_random_raw
4lxd_4lxd_conf0,0.8539853181594618,0.0,1000,48,10,ref,rdkit_random_raw
4lxz_4lxz_conf0,0.8225858150701421,0.0,1000,19,8,ref,rdkit_random_raw
4ly1_4ly1_conf0,0.4590995801165809,1.0,1000,25,4,ref,rdkit_random_raw
4lyw_4lyw_conf0,0.6589003301973394,1.0,1000,29,8,ref,rdkit_random_raw
4lzr_4lzr_conf0,1.0581453228725777,0.0,1000,29,5,ref,rdkit_random_raw
4m0r_4m0r_conf0,0.91054266417963,0.0,1000,29,7,ref,rdkit_random_raw
4m14_4m14_conf0,0.436882000293156,1.0,1000,26,5,ref,rdkit_random_raw
4m2r_4m2r_conf0,0.6293870793522515,1.0,1000,23,7,ref,rdkit_random_raw
4m2v_4m2v_conf0,0.8354907460719598,0.0,1000,23,7,ref,rdkit_random_raw
4m6u_4m6u_conf0,0.3360117237614101,1.0,1000,8,2,ref,rdkit_random_raw
4m8e_4m8e_conf0,1.5026307339783578,0.0,996,23,4,ref,rdkit_random_raw
4mmm_4mmm_conf0,0.0503532769961137,1.0,1000,14,1,ref,rdkit_random_raw
4mo8_4mo8_conf0,0.6524509274012829,1.0,1000,16,5,ref,rdkit_random_raw
4mr3_4mr3_conf0,0.417293181580658,1.0,1000,24,3,ref,rdkit_random_raw
4mr6_4mr6_conf0,0.2403558884677407,1.0,1000,27,6,ref,rdkit_random_raw
4mre_4mre_conf0,0.0343081995024204,1.0,1000,9,0,ref,rdkit_random_raw
4mrg_4mrg_conf0,0.0468312006398655,1.0,1000,11,0,ref,rdkit_random_raw
4mrw_4mrw_conf0,0.0172835926835982,1.0,1000,12,0,ref,rdkit_random_raw
4mrz_4mrz_conf0,0.0916996427664714,1.0,1000,11,1,ref,rdkit_random_raw
4msc_4msc_conf0,0.3793182098011539,1.0,1000,22,3,ref,rdkit_random_raw
4msn_4msn_conf0,0.1429981012732664,1.0,1000,13,1,ref,rdkit_random_raw
4n9c_4n9c_conf0,0.0440071027349153,1.0,1000,12,1,ref,rdkit_random_raw
4nbl_4nbl_conf0,0.1783751169144705,1.0,1000,22,4,ref,rdkit_random_raw
4nl1_4nl1_conf0,0.1150097149431196,1.0,1000,13,2,ref,rdkit_random_raw
4np3_4np3_conf0,0.2281044166602489,1.0,1000,18,2,ref,rdkit_random_raw
4nuc_4nuc_conf0,0.3070735177380114,1.0,1000,27,5,ref,rdkit_random_raw
4nvp_4nvp_conf0,0.2335661717325912,1.0,1000,22,1,ref,rdkit_random_raw
4o09_4o09_conf0,0.3678653740525985,1.0,1000,28,3,ref,rdkit_random_raw
4o0b_4o0b_conf0,0.3779901607966113,1.0,1000,29,2,ref,rdkit_random_raw
4o0x_4o0x_conf0,0.2170176989543525,1.0,1000,26,1,ref,rdkit_random_raw
4o0y_4o0y_conf0,0.2886780224440067,1.0,1000,25,3,ref,rdkit_random_raw
4o2b_4o2b_conf0,0.8188311067690734,0.0,1000,29,5,ref,rdkit_random_raw
4o2p_4o2p_conf0,0.8661163630832521,0.0,1000,34,9,ref,rdkit_random_raw
4o3f_4o3f_conf0,0.5954634247227961,1.0,1000,28,4,ref,rdkit_random_raw
4o61_4o61_conf0,0.2674755395581142,1.0,1000,13,5,ref,rdkit_random_raw
4oak_4oak_conf0,0.3498926402517934,1.0,1000,11,3,ref,rdkit_random_raw
4oct_4oct_conf0,0.2301704186953638,1.0,1000,10,4,ref,rdkit_random_raw
4oks_4oks_conf0,1.2216494388362211,0.0,1000,33,7,ref,rdkit_random_raw
4owv_4owv_conf0,0.063461858434704,1.0,1000,10,1,ref,rdkit_random_raw
4p5z_4p5z_conf0,0.5357855209351252,1.0,1000,37,4,ref,rdkit_random_raw
4poh_4poh_conf0,0.6527714394864542,1.0,995,23,4,ref,rdkit_random_raw
4pop_4pop_conf0,0.2171073739647879,1.0,1000,17,3,ref,rdkit_random_raw
4pp3_4pp3_conf0,0.5628519041595773,1.0,998,23,4,ref,rdkit_random_raw
4pp5_4pp5_conf0,0.5184608298449634,1.0,998,23,4,ref,rdkit_random_raw
4pvy_4pvy_conf0,0.7783228408812148,0.0,1000,26,7,ref,rdkit_random_raw
4q08_4q08_conf0,0.7635310631935782,0.0,1000,26,6,ref,rdkit_random_raw
4q09_4q09_conf0,0.8039514180623176,0.0,1000,28,6,ref,rdkit_random_raw
4q19_4q19_conf0,0.8933736032710307,0.0,1000,27,7,ref,rdkit_random_raw
4q7p_4q7p_conf0,0.0418112186437768,1.0,1000,9,0,ref,rdkit_random_raw
4q7s_4q7s_conf0,0.0396563447316008,1.0,1000,9,0,ref,rdkit_random_raw
4q7v_4q7v_conf0,0.0267561247301667,1.0,1000,9,0,ref,rdkit_random_raw
4q7w_4q7w_conf0,0.0373481337353107,1.0,1000,9,0,ref,rdkit_random_raw
4q81_4q81_conf0,0.0459462486067,1.0,1000,10,0,ref,rdkit_random_raw
4q83_4q83_conf0,0.0760556379797966,1.0,1000,12,0,ref,rdkit_random_raw
4q87_4q87_conf0,0.0603960185231182,1.0,1000,12,0,ref,rdkit_random_raw
4qb3_4qb3_conf0,0.5011454683441002,1.0,1000,22,5,ref,rdkit_random_raw
4qem_4qem_conf0,0.223667106889748,1.0,1000,12,2,ref,rdkit_random_raw
4qer_4qer_conf0,0.3740777498580439,1.0,1000,17,2,ref,rdkit_random_raw
4qjw_4qjw_conf0,0.7370241410051677,1.0,1000,27,7,ref,rdkit_random_raw
4qjx_4qjx_conf0,0.863796029800826,0.0,1000,27,7,ref,rdkit_random_raw
4qp2_4qp2_conf0,0.0286935476164419,1.0,1000,11,0,ref,rdkit_random_raw
4qsv_4qsv_conf0,0.245329614239275,1.0,1000,17,2,ref,rdkit_random_raw
4qtl_4qtl_conf0,0.9062236591099546,0.0,1000,27,7,ref,rdkit_random_raw
4qxo_4qxo_conf0,0.1680907105576229,1.0,1000,21,2,ref,rdkit_random_raw
4r0a_4r0a_conf0,0.3221259300307799,1.0,1000,17,2,ref,rdkit_random_raw
4r4c_4r4c_conf0,1.242824154407186,0.0,1000,41,8,ref,rdkit_random_raw
4r4o_4r4o_conf0,1.06015621824103,0.0,1000,40,8,ref,rdkit_random_raw
4r4t_4r4t_conf0,0.9088621375222424,0.0,1000,40,8,ref,rdkit_random_raw
4r76_4r76_conf0,0.7187933802929712,1.0,1000,26,5,ref,rdkit_random_raw
4rak_4rak_conf0,0.4268717569596406,1.0,1000,35,6,ref,rdkit_random_raw
4rfc_4rfc_conf0,0.8639515899721388,0.0,1000,23,7,ref,rdkit_random_raw
4rfd_4rfd_conf0,0.6526543902982667,1.0,1000,16,6,ref,rdkit_random_raw
4rj8_4rj8_conf0,0.3643946590294451,1.0,1000,29,5,ref,rdkit_random_raw
4rlu_4rlu_conf0,0.0937060139320423,1.0,1000,19,3,ref,rdkit_random_raw
4rpn_4rpn_conf0,0.0260048067580324,1.0,1000,12,0,ref,rdkit_random_raw
4rpo_4rpo_conf0,0.0210740112390247,1.0,1000,10,0,ref,rdkit_random_raw
4rqk_4rqk_conf0,0.846329563714824,0.0,1000,23,3,ref,rdkit_random_raw
4rux_4rux_conf0,0.4712620310729054,1.0,1000,14,4,ref,rdkit_random_raw
4ruy_4ruy_conf0,0.463973792321774,1.0,1000,14,4,ref,rdkit_random_raw
4ruz_4ruz_conf0,0.3517935300822673,1.0,1000,13,3,ref,rdkit_random_raw
4rvr_4rvr_conf0,0.3255677061548652,1.0,1000,26,6,ref,rdkit_random_raw
4rwj_4rwj_conf0,0.8590957127733283,0.0,1000,34,8,ref,rdkit_random_raw
4tjz_4tjz_conf0,0.4613902111903618,1.0,1000,12,7,ref,rdkit_random_raw
4tqn_4tqn_conf0,0.2459358331761153,1.0,1000,24,6,ref,rdkit_random_raw
4tte_4tte_conf0,0.5970672281877478,1.0,1000,18,2,ref,rdkit_random_raw
4u1b_4u1b_conf0,0.5500776035425965,1.0,1000,13,6,ref,rdkit_random_raw
4u43_4u43_conf0,0.1400394788805051,1.0,1000,16,2,ref,rdkit_random_raw
4u54_4u54_conf0,0.2024695669953677,1.0,1000,15,3,ref,rdkit_random_raw
4u69_4u69_conf0,0.3512162679989984,1.0,1000,11,4,ref,rdkit_random_raw
4u6w_4u6w_conf0,0.5479042118903581,1.0,1000,13,6,ref,rdkit_random_raw
4u70_4u70_conf0,0.3309417974657404,1.0,1000,13,3,ref,rdkit_random_raw
4u73_4u73_conf0,0.2004076745785521,1.0,1000,12,2,ref,rdkit_random_raw
4ucc_4ucc_conf0,0.1817818308391015,1.0,1000,20,4,ref,rdkit_random_raw
4umb_4umb_conf0,0.359289099705981,1.0,1000,10,3,ref,rdkit_random_raw
4unp_4unp_conf0,0.0985532383591536,1.0,1000,15,2,ref,rdkit_random_raw
4up5_4up5_conf0,0.218740657061838,1.0,1000,12,1,ref,rdkit_random_raw
4urz_4urz_conf0,0.4417657215240637,1.0,1000,17,2,ref,rdkit_random_raw
4uye_4uye_conf0,0.443509898122804,1.0,1000,29,4,ref,rdkit_random_raw
4v24_4v24_conf0,1.1800524038531164,0.0,1000,33,9,ref,rdkit_random_raw
4wa9_4wa9_conf0,0.5699309979489023,1.0,999,28,5,ref,rdkit_random_raw
4wkb_4wkb_conf0,0.3795373050959285,1.0,1000,20,4,ref,rdkit_random_raw
4wkn_4wkn_conf0,0.3018938667858619,1.0,1000,20,4,ref,rdkit_random_raw
4wov_4wov_conf0,0.7837227484746583,0.0,1000,28,6,ref,rdkit_random_raw
4wrb_4wrb_conf0,0.3256429023206185,1.0,1000,27,6,ref,rdkit_random_raw
4x24_4x24_conf0,0.4434617459985938,1.0,1000,20,4,ref,rdkit_random_raw
4x8u_4x8u_conf0,0.1055722989438242,1.0,1000,13,1,ref,rdkit_random_raw
4xip_4xip_conf0,0.2035850444571439,1.0,1000,22,2,ref,rdkit_random_raw
4xiq_4xiq_conf0,0.3932028706904771,1.0,1000,25,1,ref,rdkit_random_raw
4xir_4xir_conf0,0.4618385928190971,1.0,1000,29,3,ref,rdkit_random_raw
4xmb_4xmb_conf0,1.3416596448328797,0.0,1000,42,12,ref,rdkit_random_raw
4y2q_4y2q_conf0,0.2313068796563301,1.0,1000,16,1,ref,rdkit_random_raw
4y4j_4y4j_conf0,0.083356342621831,1.0,1000,12,2,ref,rdkit_random_raw
4ygf_4ygf_conf0,0.2558273427935089,1.0,1000,13,2,ref,rdkit_random_raw
4yhm_4yhm_conf0,0.91496313227406,0.0,1000,35,9,ref,rdkit_random_raw
4yho_4yho_conf0,0.9631464664864816,0.0,1000,35,9,ref,rdkit_random_raw
4ykk_4ykk_conf0,0.2480528702405561,1.0,1000,7,2,ref,rdkit_random_raw
4ymq_4ymq_conf0,0.9815708951671024,0.0,1000,40,10,ref,rdkit_random_raw
4yx4_4yx4_conf0,0.4156683890560606,1.0,1000,10,1,ref,rdkit_random_raw
4yxi_4yxi_conf0,0.3684222703729159,1.0,1000,11,1,ref,rdkit_random_raw
4yyt_4yyt_conf0,0.35567133738888,1.0,1000,13,3,ref,rdkit_random_raw
4yzu_4yzu_conf0,0.474099862886639,1.0,1000,27,5,ref,rdkit_random_raw
4z0q_4z0q_conf0,0.5085353150054481,1.0,1000,22,2,ref,rdkit_random_raw
4z1e_4z1e_conf0,0.5510064441479015,1.0,1000,24,3,ref,rdkit_random_raw
4z1j_4z1j_conf0,0.5485771707099193,1.0,1000,22,2,ref,rdkit_random_raw
4z1k_4z1k_conf0,0.548528718682596,1.0,1000,24,2,ref,rdkit_random_raw
4z93_4z93_conf0,0.7117609182172947,1.0,1000,31,4,ref,rdkit_random_raw
4zbi_4zbi_conf0,0.2893708021087765,1.0,1000,29,6,ref,rdkit_random_raw
4zo5_4zo5_conf0,0.8453273750297938,0.0,1000,36,7,ref,rdkit_random_raw
4zx3_4zx3_conf0,0.6030957061668132,1.0,1000,19,3,ref,rdkit_random_raw
4zx4_4zx4_conf0,0.6563306943619092,1.0,1000,27,4,ref,rdkit_random_raw
4zzx_4zzx_conf0,0.1383833460111789,1.0,1000,18,5,ref,rdkit_random_raw
4zzz_4zzz_conf0,0.1932757472590937,1.0,1000,18,5,ref,rdkit_random_raw
5a5q_5a5q_conf0,0.2706467480312662,1.0,1000,19,2,ref,rdkit_random_raw
5aan_5aan_conf0,1.1925798040219064,0.0,1000,24,3,ref,rdkit_random_raw
5am6_5am6_conf0,0.5288211700258072,1.0,1000,29,2,ref,rdkit_random_raw
5am7_5am7_conf0,0.4218683925123645,1.0,1000,29,2,ref,rdkit_random_raw
5ant_5ant_conf0,0.544056130943306,1.0,1000,24,7,ref,rdkit_random_raw
5anv_5anv_conf0,0.6442595550599336,1.0,1000,27,5,ref,rdkit_random_raw
5aoj_5aoj_conf0,0.1114824443753772,1.0,1000,17,2,ref,rdkit_random_raw
5aut_5aut_conf0,0.5329775690651951,1.0,1000,21,3,ref,rdkit_random_raw
5boj_5boj_conf0,0.4353843046162796,1.0,1000,18,6,ref,rdkit_random_raw
5btx_5btx_conf0,0.1706548864380082,1.0,1000,22,1,ref,rdkit_random_raw
5c1w_5c1w_conf0,0.101242852840293,1.0,1000,12,1,ref,rdkit_random_raw
5c2a_5c2a_conf0,0.3146458156194817,1.0,1000,20,4,ref,rdkit_random_raw
5c3p_5c3p_conf0,0.2514818379499254,1.0,1000,10,4,ref,rdkit_random_raw
5c5t_5c5t_conf0,0.1665372470563383,1.0,1000,10,4,ref,rdkit_random_raw
5c8n_5c8n_conf0,0.5820798418752766,1.0,1000,31,7,ref,rdkit_random_raw
5cap_5cap_conf0,0.5061458683825419,1.0,1000,29,7,ref,rdkit_random_raw
5cbs_5cbs_conf0,0.2327826265412341,1.0,1000,19,4,ref,rdkit_random_raw
5cep_5cep_conf0,0.4248235828085148,1.0,1000,25,4,ref,rdkit_random_raw
5cjf_5cjf_conf0,0.4784393954386443,1.0,1000,25,4,ref,rdkit_random_raw
5cp5_5cp5_conf0,0.4042602518273599,1.0,1000,26,4,ref,rdkit_random_raw
5cqt_5cqt_conf0,0.2123005370397236,1.0,1000,25,4,ref,rdkit_random_raw
5cs6_5cs6_conf0,0.1802904119065347,1.0,1000,13,4,ref,rdkit_random_raw
5csp_5csp_conf0,0.064870757287791,1.0,1000,11,1,ref,rdkit_random_raw
5cu4_5cu4_conf0,1.1020109921785015,0.0,1000,34,11,ref,rdkit_random_raw
5cy9_5cy9_conf0,0.3408438481378634,1.0,1000,23,6,ref,rdkit_random_raw
5d0c_5d0c_conf0,0.5027586201577654,1.0,1000,29,5,ref,rdkit_random_raw
5d0r_5d0r_conf0,0.1574490581346223,1.0,1000,19,2,ref,rdkit_random_raw
5d24_5d24_conf0,0.6090396364777425,1.0,1000,25,7,ref,rdkit_random_raw
5d25_5d25_conf0,0.5979710400281211,1.0,1000,28,7,ref,rdkit_random_raw
5d26_5d26_conf0,0.499035847718602,1.0,1000,29,8,ref,rdkit_random_raw
5d3h_5d3h_conf0,0.6433646740128128,1.0,1000,30,9,ref,rdkit_random_raw
5d3j_5d3j_conf0,0.6950414274030428,1.0,1000,28,8,ref,rdkit_random_raw
5d3l_5d3l_conf0,0.7410680082259711,1.0,1000,30,8,ref,rdkit_random_raw
5d3n_5d3n_conf0,0.6534102484803156,1.0,1000,26,6,ref,rdkit_random_raw
5d3t_5d3t_conf0,0.4066994730561143,1.0,1000,25,6,ref,rdkit_random_raw
5d45_5d45_conf0,0.3802366046541778,1.0,1000,29,6,ref,rdkit_random_raw
5d47_5d47_conf0,0.4585590224498242,1.0,1000,31,7,ref,rdkit_random_raw
5d48_5d48_conf0,0.5531062429311066,1.0,1000,34,8,ref,rdkit_random_raw
5dh4_5dh4_conf0,0.3814887542861574,1.0,1000,19,3,ref,rdkit_random_raw
5dq8_5dq8_conf0,0.2729594470119789,1.0,1000,20,3,ref,rdkit_random_raw
5dqe_5dqe_conf0,0.2567639265733424,1.0,1000,17,3,ref,rdkit_random_raw
5dx4_5dx4_conf0,0.7600254296758197,0.0,1000,28,5,ref,rdkit_random_raw
5dyo_5dyo_conf0,0.4885447685104679,1.0,1000,25,2,ref,rdkit_random_raw
5e28_5e28_conf0,0.3276891858208862,1.0,1000,17,2,ref,rdkit_random_raw
5e2k_5e2k_conf0,0.4458028695901311,1.0,1000,17,2,ref,rdkit_random_raw
5e2l_5e2l_conf0,0.4519410042477067,1.0,1000,12,3,ref,rdkit_random_raw
5e2r_5e2r_conf0,0.3637480714159786,1.0,1000,25,4,ref,rdkit_random_raw
5e2s_5e2s_conf0,0.6901723166725857,1.0,1000,19,3,ref,rdkit_random_raw
5e73_5e73_conf0,0.566611635112909,1.0,1000,24,2,ref,rdkit_random_raw
5e74_5e74_conf0,0.4534100981213044,1.0,1000,33,3,ref,rdkit_random_raw
5e7n_5e7n_conf0,0.3926574963375412,1.0,1000,30,6,ref,rdkit_random_raw
5edb_5edb_conf0,0.1737823499437332,1.0,1000,21,2,ref,rdkit_random_raw
5edc_5edc_conf0,0.4443768706193034,1.0,1000,26,3,ref,rdkit_random_raw
5eei_5eei_conf0,0.8624078343211709,0.0,1000,19,8,ref,rdkit_random_raw
5ef7_5ef7_conf0,0.4844314076959803,1.0,1000,23,6,ref,rdkit_random_raw
5ehr_5ehr_conf0,0.5859164708551244,1.0,1000,23,2,ref,rdkit_random_raw
5eis_5eis_conf0,0.1034273407334049,1.0,1000,21,3,ref,rdkit_random_raw
5elw_5elw_conf0,0.5337618688590796,1.0,1000,13,4,ref,rdkit_random_raw
5ep7_5ep7_conf0,0.3544269434870478,1.0,1000,20,3,ref,rdkit_random_raw
5eq1_5eq1_conf0,0.0736392782805705,1.0,1000,13,0,ref,rdkit_random_raw
5etb_5etb_conf0,0.1104017301847102,1.0,1000,13,1,ref,rdkit_random_raw
5eu1_5eu1_conf0,0.2686078989320958,1.0,1000,26,5,ref,rdkit_random_raw
5ewk_5ewk_conf0,1.0772614299881742,0.0,1000,22,3,ref,rdkit_random_raw
5f1h_5f1h_conf0,0.6762987499063645,1.0,1000,26,5,ref,rdkit_random_raw
5f25_5f25_conf0,0.245523791511742,1.0,1000,18,2,ref,rdkit_random_raw
5f2p_5f2p_conf0,0.0627940761273422,1.0,1000,15,1,ref,rdkit_random_raw
5fbi_5fbi_conf0,0.5175830303842307,1.0,1000,23,5,ref,rdkit_random_raw
5fdc_5fdc_conf0,0.6310519745578392,1.0,1000,15,3,ref,rdkit_random_raw
5fe7_5fe7_conf0,0.2300957300351532,1.0,1000,14,2,ref,rdkit_random_raw
5fl4_5fl4_conf0,0.5681677600100252,1.0,1000,24,3,ref,rdkit_random_raw
5fl5_5fl5_conf0,0.5590973120204894,1.0,1000,22,4,ref,rdkit_random_raw
5fl6_5fl6_conf0,0.5474519224443084,1.0,1000,21,3,ref,rdkit_random_raw
5flt_5flt_conf0,0.454302227717408,1.0,1000,16,3,ref,rdkit_random_raw
5g1z_5g1z_conf0,0.6428860683515488,1.0,1000,22,6,ref,rdkit_random_raw
5g2b_5g2b_conf0,1.0593301359877931,0.0,1000,39,7,ref,rdkit_random_raw
5gj9_5gj9_conf0,0.046821767653299,1.0,1000,9,1,ref,rdkit_random_raw
5gja_5gja_conf0,0.0334806757527918,1.0,1000,9,1,ref,rdkit_random_raw
5gmh_5gmh_conf0,0.257061697623493,1.0,1000,23,5,ref,rdkit_random_raw
5gmn_5gmn_conf0,0.5067595966340758,1.0,1000,25,3,ref,rdkit_random_raw
5gsa_5gsa_conf0,0.5592808598917772,1.0,1000,26,5,ref,rdkit_random_raw
5h1u_5h1u_conf0,0.1521526050415496,1.0,1000,13,1,ref,rdkit_random_raw
5h85_5h85_conf0,0.532835464929106,1.0,1000,22,3,ref,rdkit_random_raw
5ha1_5ha1_conf0,0.2830038828007552,1.0,993,21,5,ref,rdkit_random_raw
5hbs_5hbs_conf0,0.3134269911543024,1.0,988,21,5,ref,rdkit_random_raw
5hcv_5hcv_conf0,0.4126911463899558,1.0,1000,28,1,ref,rdkit_random_raw
5hcy_5hcy_conf0,0.8443349647971418,0.0,1000,39,8,ref,rdkit_random_raw
5his_5his_conf0,0.1151065557768171,1.0,1000,9,1,ref,rdkit_random_raw
5hrv_5hrv_conf0,0.1086922021740807,1.0,1000,16,1,ref,rdkit_random_raw
5hvs_5hvs_conf0,0.2864577019199044,1.0,1000,33,5,ref,rdkit_random_raw
5hz5_5hz5_conf0,0.3978031723283104,1.0,1000,28,3,ref,rdkit_random_raw
5hz8_5hz8_conf0,0.2921258821042116,1.0,1000,27,3,ref,rdkit_random_raw
5hz9_5hz9_conf0,0.1008066224303712,1.0,1000,21,2,ref,rdkit_random_raw
5i29_5i29_conf0,0.2148089068171876,1.0,1000,22,2,ref,rdkit_random_raw
5i3a_5i3a_conf0,0.0103879923356989,1.0,1000,8,0,ref,rdkit_random_raw
5i3x_5i3x_conf0,1.5113921053737365,0.0,1000,44,9,ref,rdkit_random_raw
5i3y_5i3y_conf0,1.403778642118325,0.0,1000,46,11,ref,rdkit_random_raw
5i7x_5i7x_conf0,0.1477086557616283,1.0,1000,22,2,ref,rdkit_random_raw
5i7y_5i7y_conf0,0.161199078091189,1.0,1000,25,4,ref,rdkit_random_raw
5i80_5i80_conf0,0.1053698028159169,1.0,1000,22,2,ref,rdkit_random_raw
5i88_5i88_conf0,0.3564003658986694,1.0,1000,25,4,ref,rdkit_random_raw
5i9y_5i9y_conf0,0.8273810023619773,0.0,1000,33,7,ref,rdkit_random_raw
5ia0_5ia0_conf0,0.4720254786955423,1.0,1000,37,6,ref,rdkit_random_raw
5ia1_5ia1_conf0,0.4467678436920088,1.0,1000,34,4,ref,rdkit_random_raw
5ia2_5ia2_conf0,0.262718279170605,1.0,1000,31,3,ref,rdkit_random_raw
5ia3_5ia3_conf0,0.3573612696025089,1.0,1000,29,4,ref,rdkit_random_raw
5ia4_5ia4_conf0,1.5548004136028468,0.0,1000,46,12,ref,rdkit_random_raw
5ie1_5ie1_conf0,0.9584453799037024,0.0,1000,29,6,ref,rdkit_random_raw
5ih9_5ih9_conf0,0.5580259640940445,1.0,1000,32,6,ref,rdkit_random_raw
5ihh_5ihh_conf0,0.477444432638672,1.0,1000,22,2,ref,rdkit_random_raw
5ii2_5ii2_conf0,0.0946834102905088,1.0,1000,21,1,ref,rdkit_random_raw
5ikb_5ikb_conf0,0.4058152923513394,1.0,1000,15,4,ref,rdkit_random_raw
5ime_5ime_conf0,0.3095384527307495,1.0,1000,32,6,ref,rdkit_random_raw
5ivc_5ivc_conf0,0.7645237762370155,0.0,1000,26,6,ref,rdkit_random_raw
5ive_5ive_conf0,0.0978302333442845,1.0,1000,16,1,ref,rdkit_random_raw
5ivv_5ivv_conf0,0.5318732289117439,1.0,1000,20,3,ref,rdkit_random_raw
5ivy_5ivy_conf0,0.2783901655583413,1.0,1000,20,4,ref,rdkit_random_raw
5iwg_5iwg_conf0,0.3320936810551091,1.0,1000,23,3,ref,rdkit_random_raw
5j27_5j27_conf0,0.9960680556801156,0.0,1000,29,6,ref,rdkit_random_raw
5j2x_5j2x_conf0,0.8487439485023324,0.0,1000,22,2,ref,rdkit_random_raw
5j64_5j64_conf0,0.6668767773562647,1.0,1000,21,2,ref,rdkit_random_raw
5j6l_5j6l_conf0,1.4214527295699908,0.0,1000,29,6,ref,rdkit_random_raw
5j6m_5j6m_conf0,1.5620953320503423,0.0,1000,31,5,ref,rdkit_random_raw
5j6n_5j6n_conf0,1.0499018737612975,0.0,1000,29,6,ref,rdkit_random_raw
5j7q_5j7q_conf0,0.3256474733822355,1.0,1000,17,1,ref,rdkit_random_raw
5j82_5j82_conf0,0.8763866005888127,0.0,1000,29,5,ref,rdkit_random_raw
5j86_5j86_conf0,1.5443589285641617,0.0,1000,31,5,ref,rdkit_random_raw
5j8m_5j8m_conf0,0.8173426002769935,0.0,1000,22,2,ref,rdkit_random_raw
5j8u_5j8u_conf0,0.6250578246739165,1.0,1000,21,2,ref,rdkit_random_raw
5j8z_5j8z_conf0,1.2630892137621144,0.0,1000,32,6,ref,rdkit_random_raw
5ji8_5ji8_conf0,0.1235316593874898,1.0,1000,13,1,ref,rdkit_random_raw
5jq5_5jq5_conf0,0.8075744531519686,0.0,1000,29,7,ref,rdkit_random_raw
5jsj_5jsj_conf0,1.9634655661658835,0.0,1000,50,13,ref,rdkit_random_raw
5jy3_5jy3_conf0,0.8293119620878522,0.0,1000,40,7,ref,rdkit_random_raw
5k8s_5k8s_conf0,0.1134094354377706,1.0,1000,22,1,ref,rdkit_random_raw
5k9w_5k9w_conf0,0.3433869240284434,1.0,1000,18,2,ref,rdkit_random_raw
5ka1_5ka1_conf0,0.3649146305882368,1.0,1000,18,2,ref,rdkit_random_raw
5ka7_5ka7_conf0,0.3719285854448967,1.0,1000,18,2,ref,rdkit_random_raw
5ka9_5ka9_conf0,0.3405889216839121,1.0,1000,18,2,ref,rdkit_random_raw
5kad_5kad_conf0,0.3584285758747443,1.0,1000,18,2,ref,rdkit_random_raw
5kh3_5kh3_conf0,0.2520787458758095,1.0,1000,15,3,ref,rdkit_random_raw
5l3a_5l3a_conf0,0.2793430866016715,1.0,1000,14,2,ref,rdkit_random_raw
5l4i_5l4i_conf0,0.3708213289808979,1.0,1000,18,3,ref,rdkit_random_raw
5l4j_5l4j_conf0,0.3418136475387346,1.0,1000,17,2,ref,rdkit_random_raw
5l4m_5l4m_conf0,0.3012050097830197,1.0,1000,14,3,ref,rdkit_random_raw
5l8a_5l8a_conf0,0.8333081869076848,0.0,1000,35,8,ref,rdkit_random_raw
5ld8_5ld8_conf0,0.4331881082350197,1.0,1000,18,5,ref,rdkit_random_raw
5ljq_5ljq_conf0,0.3463275816926683,1.0,1000,23,5,ref,rdkit_random_raw
5ljt_5ljt_conf0,0.7326403257593944,1.0,1000,23,5,ref,rdkit_random_raw
5llc_5llc_conf0,0.4360256067909916,1.0,1000,26,6,ref,rdkit_random_raw
5llg_5llg_conf0,0.3465115339127272,1.0,1000,14,4,ref,rdkit_random_raw
5llh_5llh_conf0,0.6461795537201757,1.0,1000,24,3,ref,rdkit_random_raw
5lny_5lny_conf0,0.5998022711610259,1.0,1000,34,4,ref,rdkit_random_raw
5ltn_5ltn_conf0,0.2618478462125675,1.0,1000,14,4,ref,rdkit_random_raw
5lvq_5lvq_conf0,0.1912936150179459,1.0,1000,17,3,ref,rdkit_random_raw
5lvr_5lvr_conf0,0.1001293547538732,1.0,1000,15,2,ref,rdkit_random_raw
5lz4_5lz4_conf0,0.4074736735064645,1.0,1000,20,4,ref,rdkit_random_raw
5lz5_5lz5_conf0,0.5162925701197623,1.0,1000,25,5,ref,rdkit_random_raw
5meh_5meh_conf0,0.1226133936381337,1.0,1000,11,1,ref,rdkit_random_raw
5mg2_5mg2_conf0,0.4137513754846244,1.0,1000,32,4,ref,rdkit_random_raw
5mgf_5mgf_conf0,0.2547236907770044,1.0,1000,13,3,ref,rdkit_random_raw
5mgk_5mgk_conf0,0.1997401719385506,1.0,1000,13,3,ref,rdkit_random_raw
5mme_5mme_conf0,0.3681620691898278,1.0,1000,27,7,ref,rdkit_random_raw
5mnn_5mnn_conf0,0.1234401092596809,1.0,1000,9,0,ref,rdkit_random_raw
5mod_5mod_conf0,0.5680175742401248,1.0,1000,13,3,ref,rdkit_random_raw
5mpz_5mpz_conf0,0.1270156201611912,1.0,1000,14,1,ref,rdkit_random_raw
5mqe_5mqe_conf0,0.1723116548411271,1.0,1000,10,1,ref,rdkit_random_raw
5msb_5msb_conf0,0.8865937032651662,0.0,1000,20,4,ref,rdkit_random_raw
5mwh_5mwh_conf0,0.5278357262819778,1.0,1000,34,6,ref,rdkit_random_raw
5my8_5my8_conf0,0.7850790735879049,0.0,1000,37,6,ref,rdkit_random_raw
5mz8_5mz8_conf0,0.4181974531945693,1.0,1000,8,3,ref,rdkit_random_raw
5n0e_5n0e_conf0,0.5448520766689143,1.0,1000,30,3,ref,rdkit_random_raw
5n1s_5n1s_conf0,0.5676256097442226,1.0,1000,19,2,ref,rdkit_random_raw
5n24_5n24_conf0,0.3668635729522082,1.0,1000,18,2,ref,rdkit_random_raw
5n25_5n25_conf0,0.4248224357959868,1.0,1000,16,2,ref,rdkit_random_raw
5n84_5n84_conf0,0.3037696951504128,1.0,1000,26,6,ref,rdkit_random_raw
5n93_5n93_conf0,0.2836644644366205,1.0,1000,24,4,ref,rdkit_random_raw
5n9r_5n9r_conf0,0.5941561491970327,1.0,1000,30,5,ref,rdkit_random_raw
5nbw_5nbw_conf0,0.0830181564895476,1.0,1000,21,0,ref,rdkit_random_raw
5nea_5nea_conf0,0.2916031813678814,1.0,1000,16,2,ref,rdkit_random_raw
5nee_5nee_conf0,0.921603300821831,0.0,1000,22,3,ref,rdkit_random_raw
5ngz_5ngz_conf0,0.3456668382577174,1.0,1000,11,1,ref,rdkit_random_raw
5nlk_5nlk_conf0,0.6561931587304485,1.0,1000,33,8,ref,rdkit_random_raw
5nxi_5nxi_conf0,1.4693620584600702,0.0,1000,21,4,ref,rdkit_random_raw
5ny1_5ny1_conf0,0.9219544583850754,0.0,1000,26,4,ref,rdkit_random_raw
5ny3_5ny3_conf0,0.5287355550808938,1.0,1000,23,5,ref,rdkit_random_raw
5nya_5nya_conf0,0.3636046358813383,1.0,1000,10,1,ref,rdkit_random_raw
5o07_5o07_conf0,0.2131851143025022,1.0,1000,16,5,ref,rdkit_random_raw
5o1d_5o1d_conf0,0.1624005230676555,1.0,1000,20,5,ref,rdkit_random_raw
5o1f_5o1f_conf0,0.2404784218789338,1.0,1000,21,6,ref,rdkit_random_raw
5o1h_5o1h_conf0,0.2034597665492431,1.0,1000,20,5,ref,rdkit_random_raw
5o2d_5o2d_conf0,0.9011981200667336,0.0,1000,24,3,ref,rdkit_random_raw
5o5a_5o5a_conf0,0.2379375639910119,1.0,1000,30,5,ref,rdkit_random_raw
5oh3_5oh3_conf0,0.1093394501046291,1.0,1000,10,1,ref,rdkit_random_raw
5oku_5oku_conf0,0.2464591931715368,1.0,1000,10,5,ref,rdkit_random_raw
5op4_5op4_conf0,0.4724028616896519,1.0,1000,31,6,ref,rdkit_random_raw
5op5_5op5_conf0,0.4063383569720921,1.0,1000,23,2,ref,rdkit_random_raw
5oq8_5oq8_conf0,0.394262812373127,1.0,1000,30,6,ref,rdkit_random_raw
5oqu_5oqu_conf0,0.2082628923458053,1.0,1000,17,3,ref,rdkit_random_raw
5orh_5orh_conf0,0.212809208760258,1.0,1000,16,2,ref,rdkit_random_raw
5orj_5orj_conf0,0.3194895826036897,1.0,1000,17,3,ref,rdkit_random_raw
5ork_5ork_conf0,0.3302189449356846,1.0,1000,16,2,ref,rdkit_random_raw
5orv_5orv_conf0,0.2783612982401279,1.0,1000,11,3,ref,rdkit_random_raw
5os5_5os5_conf0,0.4219160579809852,1.0,1000,15,2,ref,rdkit_random_raw
5os7_5os7_conf0,0.3044856407313999,1.0,1000,18,3,ref,rdkit_random_raw
5ov8_5ov8_conf0,0.5708192454831571,1.0,1000,33,6,ref,rdkit_random_raw
5qa8_5qa8_conf0,0.488584338432045,1.0,1000,16,2,ref,rdkit_random_raw
5qal_5qal_conf0,0.4262668047910912,1.0,1000,18,3,ref,rdkit_random_raw
5qay_5qay_conf0,0.4526033399547854,1.0,1000,15,2,ref,rdkit_random_raw
5sym_5sym_conf0,0.6307315992309046,1.0,1000,28,4,ref,rdkit_random_raw
5sz0_5sz0_conf0,0.4981322335313075,1.0,1000,16,2,ref,rdkit_random_raw
5sz1_5sz1_conf0,0.4492038875176165,1.0,1000,17,2,ref,rdkit_random_raw
5sz2_5sz2_conf0,0.5681107221879181,1.0,1000,18,3,ref,rdkit_random_raw
5sz3_5sz3_conf0,0.449478624176685,1.0,1000,20,2,ref,rdkit_random_raw
5sz4_5sz4_conf0,0.3280481979826029,1.0,1000,16,2,ref,rdkit_random_raw
5sz5_5sz5_conf0,0.2796703787557398,1.0,1000,17,2,ref,rdkit_random_raw
5sz6_5sz6_conf0,0.2556405714802516,1.0,1000,18,3,ref,rdkit_random_raw
5sz7_5sz7_conf0,0.3360264801134995,1.0,1000,20,2,ref,rdkit_random_raw
5t8o_5t8o_conf0,0.2001713794306964,1.0,1000,23,1,ref,rdkit_random_raw
5t8p_5t8p_conf0,0.2967982180472028,1.0,1000,17,1,ref,rdkit_random_raw
5tcy_5tcy_conf0,0.6551534816333183,1.0,1000,27,8,ref,rdkit_random_raw
5tt3_5tt3_conf0,0.4508412893792044,1.0,1000,16,3,ref,rdkit_random_raw
5u11_5u11_conf0,0.4239074833060451,1.0,1000,17,3,ref,rdkit_random_raw
5u12_5u12_conf0,0.7776760814458681,0.0,1000,20,3,ref,rdkit_random_raw
5u28_5u28_conf0,0.2736171100558209,1.0,1000,26,2,ref,rdkit_random_raw
5u49_5u49_conf0,0.5768308372426189,1.0,1000,18,2,ref,rdkit_random_raw
5u4b_5u4b_conf0,0.4811183937652668,1.0,1000,18,3,ref,rdkit_random_raw
5u4d_5u4d_conf0,0.5167538222504617,1.0,1000,19,3,ref,rdkit_random_raw
5uez_5uez_conf0,0.2933675282516553,1.0,1000,23,4,ref,rdkit_random_raw
5uf0_5uf0_conf0,0.2303157328119037,1.0,1000,16,2,ref,rdkit_random_raw
5ufp_5ufp_conf0,0.4345629501017452,1.0,1000,28,4,ref,rdkit_random_raw
5ula_5ula_conf0,0.7076712224604688,1.0,1000,26,5,ref,rdkit_random_raw
5uln_5uln_conf0,0.6169372309083234,1.0,1000,21,3,ref,rdkit_random_raw
5uoo_5uoo_conf0,0.7017394296889209,1.0,1000,33,3,ref,rdkit_random_raw
5ut6_5ut6_conf0,0.2754607450257713,1.0,1000,23,4,ref,rdkit_random_raw
5v82_5v82_conf0,0.3544896790360693,1.0,1000,30,3,ref,rdkit_random_raw
5vcv_5vcv_conf0,0.7125630953940973,1.0,1000,33,7,ref,rdkit_random_raw
5vcw_5vcw_conf0,1.103365820087573,0.0,1000,33,8,ref,rdkit_random_raw
5vd0_5vd0_conf0,0.5257926208718625,1.0,1000,37,7,ref,rdkit_random_raw
5vd1_5vd1_conf0,0.3429773121482944,1.0,1000,34,4,ref,rdkit_random_raw
5vd2_5vd2_conf0,0.4324474792942018,1.0,1000,34,6,ref,rdkit_random_raw
5vja_5vja_conf0,0.4994001551980549,1.0,1000,23,4,ref,rdkit_random_raw
5vkc_5vkc_conf0,1.47838561219548,0.0,1000,57,13,ref,rdkit_random_raw
5vl2_5vl2_conf0,0.365993276191011,1.0,1000,19,2,ref,rdkit_random_raw
5vm0_5vm0_conf0,0.4143304803342697,1.0,1000,19,2,ref,rdkit_random_raw
5vyy_5vyy_conf0,0.8670036466503619,0.0,1000,27,6,ref,rdkit_random_raw
5w1e_5w1e_conf0,0.0358898228287962,1.0,1000,10,1,ref,rdkit_random_raw
5wbo_5wbo_conf0,0.3161881928719395,1.0,1000,16,1,ref,rdkit_random_raw
5wcm_5wcm_conf0,0.7049257483221324,1.0,1000,13,2,ref,rdkit_random_raw
5wgp_5wgp_conf0,0.1873419943519906,1.0,1000,10,0,ref,rdkit_random_raw
5wij_5wij_conf0,0.5910143650391387,1.0,1000,31,8,ref,rdkit_random_raw
5win_5win_conf0,0.7850922672953291,0.0,1000,27,4,ref,rdkit_random_raw
5wqc_5wqc_conf0,1.3576956496333508,0.0,1000,32,9,ref,rdkit_random_raw
5wuk_5wuk_conf0,0.5169473908539076,1.0,1000,26,5,ref,rdkit_random_raw
5wyx_5wyx_conf0,0.1067599389593834,1.0,1000,19,2,ref,rdkit_random_raw
5wyz_5wyz_conf0,0.1028444866332488,1.0,1000,19,1,ref,rdkit_random_raw
5xmx_5xmx_conf0,1.0445503643480796,0.0,1000,32,10,ref,rdkit_random_raw
5xpi_5xpi_conf0,0.8598962252061981,0.0,1000,26,8,ref,rdkit_random_raw
5y12_5y12_conf0,0.7159055372594733,1.0,1000,23,8,ref,rdkit_random_raw
5y13_5y13_conf0,0.8468295284945636,0.0,1000,22,7,ref,rdkit_random_raw
5y8y_5y8y_conf0,0.7213588126702871,1.0,1000,25,5,ref,rdkit_random_raw
5y94_5y94_conf0,0.3864194998115426,1.0,1000,25,5,ref,rdkit_random_raw
5ya5_5ya5_conf0,0.2497576687641291,1.0,1000,26,4,ref,rdkit_random_raw
5yas_5yas_conf0,0.0994507830864633,1.0,1000,11,0,ref,rdkit_random_raw
5yl2_5yl2_conf0,1.320611680816445,0.0,1000,27,5,ref,rdkit_random_raw
5z7b_5z7b_conf0,0.2771617817854337,1.0,1000,12,2,ref,rdkit_random_raw
5za7_5za7_conf0,0.3709571496429486,1.0,1000,21,2,ref,rdkit_random_raw
5za8_5za8_conf0,0.5102640917512541,1.0,1000,26,3,ref,rdkit_random_raw
5za9_5za9_conf0,0.785990464210924,0.0,1000,29,3,ref,rdkit_random_raw
5zae_5zae_conf0,0.5965987199006514,1.0,1000,25,3,ref,rdkit_random_raw
5zag_5zag_conf0,0.385687753844169,1.0,1000,26,3,ref,rdkit_random_raw
5zaj_5zaj_conf0,0.491112026175493,1.0,1000,30,5,ref,rdkit_random_raw
5zc5_5zc5_conf0,0.7057827861461342,1.0,1000,30,3,ref,rdkit_random_raw
5zni_5zni_conf0,0.2865946423943223,1.0,1000,26,2,ref,rdkit_random_raw
6abx_6abx_conf0,0.4604166818312488,1.0,1000,13,5,ref,rdkit_random_raw
6ajv_6ajv_conf0,0.3585888124712881,1.0,1000,19,4,ref,rdkit_random_raw
6ajz_6ajz_conf0,0.8573485424577516,0.0,1000,29,5,ref,rdkit_random_raw
6ayq_6ayq_conf0,0.2589287495849379,1.0,1000,20,4,ref,rdkit_random_raw
6b1k_6b1k_conf0,0.1044804725147153,1.0,1000,24,2,ref,rdkit_random_raw
6b4d_6b4d_conf0,0.6116805281513024,1.0,1000,20,3,ref,rdkit_random_raw
6b4l_6b4l_conf0,0.3067747558297826,1.0,1000,26,6,ref,rdkit_random_raw
6b4u_6b4u_conf0,0.7030253563538964,1.0,1000,41,10,ref,rdkit_random_raw
6b59_6b59_conf0,0.6101047116219548,1.0,1000,26,6,ref,rdkit_random_raw
6b7b_6b7b_conf0,0.2329655641079721,1.0,1000,12,1,ref,rdkit_random_raw
6b98_6b98_conf0,0.213656170155486,1.0,1000,13,1,ref,rdkit_random_raw
6c7q_6c7q_conf0,0.4282941779395713,1.0,1000,34,4,ref,rdkit_random_raw
6c7w_6c7w_conf0,0.6205814446330917,1.0,1000,23,4,ref,rdkit_random_raw
6cbg_6cbg_conf0,0.1487824772957951,1.0,1000,14,2,ref,rdkit_random_raw
6ce6_6ce6_conf0,0.5033729639723169,1.0,1000,22,6,ref,rdkit_random_raw
6ced_6ced_conf0,0.1830315049562464,1.0,1000,17,3,ref,rdkit_random_raw
6cjs_6cjs_conf0,0.5578707389926125,1.0,1000,34,7,ref,rdkit_random_raw
6ckr_6ckr_conf0,0.2702818002589677,1.0,1000,29,4,ref,rdkit_random_raw
6cks_6cks_conf0,0.508252762863767,1.0,1000,31,5,ref,rdkit_random_raw
6cn5_6cn5_conf0,1.02540441456513,0.0,1000,35,4,ref,rdkit_random_raw
6csp_6csp_conf0,0.1817455477619447,1.0,1000,10,1,ref,rdkit_random_raw
6csq_6csq_conf0,0.3546721130184143,1.0,1000,10,1,ref,rdkit_random_raw
6csr_6csr_conf0,0.2678109707397032,1.0,1000,10,1,ref,rdkit_random_raw
6css_6css_conf0,0.3552356946645258,1.0,1000,9,1,ref,rdkit_random_raw
6d15_6d15_conf0,0.0963864994080716,1.0,1000,18,2,ref,rdkit_random_raw
6d16_6d16_conf0,0.3163923707491653,1.0,1000,18,3,ref,rdkit_random_raw
6d17_6d17_conf0,0.2854084529478883,1.0,1000,19,2,ref,rdkit_random_raw
6d18_6d18_conf0,0.1513965463440983,1.0,1000,18,2,ref,rdkit_random_raw
6d19_6d19_conf0,0.2290287806151128,1.0,1000,18,2,ref,rdkit_random_raw
6d1a_6d1a_conf0,0.1270052147534102,1.0,1000,18,2,ref,rdkit_random_raw
6d1b_6d1b_conf0,0.2130156335505981,1.0,1000,18,3,ref,rdkit_random_raw
6d1d_6d1d_conf0,0.1173804612059535,1.0,1000,18,2,ref,rdkit_random_raw
6d1g_6d1g_conf0,0.2403181207860175,1.0,1000,18,2,ref,rdkit_random_raw
6d1h_6d1h_conf0,0.0997623136281929,1.0,1000,16,2,ref,rdkit_random_raw
6d1i_6d1i_conf0,0.1118222431502211,1.0,1000,17,2,ref,rdkit_random_raw
6d1j_6d1j_conf0,0.1042322314844432,1.0,1000,18,2,ref,rdkit_random_raw
6d1k_6d1k_conf0,0.2820010280989017,1.0,1000,15,2,ref,rdkit_random_raw
6d55_6d55_conf0,0.6676134821073186,1.0,1000,34,4,ref,rdkit_random_raw
6d56_6d56_conf0,0.5532342481310656,1.0,1000,34,4,ref,rdkit_random_raw
6d5e_6d5e_conf0,0.6371858699527688,1.0,1000,33,5,ref,rdkit_random_raw
6d5g_6d5g_conf0,0.6353289571415143,1.0,1000,32,4,ref,rdkit_random_raw
6d5h_6d5h_conf0,0.5830832465831917,1.0,1000,33,4,ref,rdkit_random_raw
6d5j_6d5j_conf0,0.307600510454553,1.0,1000,26,3,ref,rdkit_random_raw
6dar_6dar_conf0,0.3802615820549796,1.0,1000,30,7,ref,rdkit_random_raw
6dd0_6dd0_conf0,0.3361658195426086,1.0,1000,18,2,ref,rdkit_random_raw
6dl2_6dl2_conf0,0.2785647635343638,1.0,1000,22,2,ref,rdkit_random_raw
6dq4_6dq4_conf0,0.6153805006827034,1.0,1000,29,6,ref,rdkit_random_raw
6dyn_6dyn_conf0,0.334580663486586,1.0,1000,8,2,ref,rdkit_random_raw
6dyr_6dyr_conf0,0.3600932889025161,1.0,1000,13,5,ref,rdkit_random_raw
6dzx_6dzx_conf0,0.2953264500147,1.0,1000,9,4,ref,rdkit_random_raw
6e1z_6e1z_conf0,0.2125340497513731,1.0,1000,14,3,ref,rdkit_random_raw
6ebe_6ebe_conf0,0.7796593885688213,0.0,1000,28,4,ref,rdkit_random_raw
6ecz_6ecz_conf0,0.9013028578706384,0.0,1000,29,4,ref,rdkit_random_raw
6eed_6eed_conf0,0.882369908848828,0.0,1000,30,6,ref,rdkit_random_raw
6eeo_6eeo_conf0,0.993119017429402,0.0,1000,26,4,ref,rdkit_random_raw
6eif_6eif_conf0,0.4616417161161781,1.0,1000,25,3,ref,rdkit_random_raw
6eiq_6eiq_conf0,0.6853922451561286,1.0,1000,30,6,ref,rdkit_random_raw
6eis_6eis_conf0,0.1723154966379569,1.0,1000,31,2,ref,rdkit_random_raw
6eiz_6eiz_conf0,0.7008801482405034,1.0,1000,16,7,ref,rdkit_random_raw
6el5_6el5_conf0,0.7735098778770755,0.0,1000,30,8,ref,rdkit_random_raw
6elp_6elp_conf0,0.8298831696003832,0.0,1000,28,5,ref,rdkit_random_raw
6ep4_6ep4_conf0,0.76093737450249,0.0,1000,18,11,ref,rdkit_random_raw
6epa_6epa_conf0,0.966210417445896,0.0,1000,26,5,ref,rdkit_random_raw
6eq2_6eq2_conf0,0.0345833679311066,1.0,1000,10,0,ref,rdkit_random_raw
6eq3_6eq3_conf0,0.3796274861458474,1.0,1000,16,2,ref,rdkit_random_raw
6eq5_6eq5_conf0,0.0477113628301988,1.0,1000,10,0,ref,rdkit_random_raw
6eq7_6eq7_conf0,0.3970351475230502,1.0,1000,17,1,ref,rdkit_random_raw
6eqp_6eqp_conf0,0.6995161457453561,1.0,1000,22,5,ref,rdkit_random_raw
6ey8_6ey8_conf0,1.311366035349114,0.0,1000,29,5,ref,rdkit_random_raw
6ey9_6ey9_conf0,1.3398280899849446,0.0,1000,30,5,ref,rdkit_random_raw
6eya_6eya_conf0,0.9288448503935584,0.0,1000,31,4,ref,rdkit_random_raw
6f20_6f20_conf0,0.1973076606836906,1.0,1000,14,2,ref,rdkit_random_raw
6f3b_6f3b_conf0,1.0277709370583257,0.0,1000,23,4,ref,rdkit_random_raw
6faf_6faf_conf0,1.3385948864842931,0.0,1000,23,3,ref,rdkit_random_raw
6fag_6fag_conf0,1.1675132528427663,0.0,1000,23,4,ref,rdkit_random_raw
6fba_6fba_conf0,0.0365955507737223,1.0,1000,12,0,ref,rdkit_random_raw
6fe0_6fe0_conf0,0.8708740521396227,0.0,1000,26,6,ref,rdkit_random_raw
6fe1_6fe1_conf0,0.81379243595349,0.0,1000,28,6,ref,rdkit_random_raw
6fnf_6fnf_conf0,0.5562109186972578,1.0,1000,37,5,ref,rdkit_random_raw
6fni_6fni_conf0,0.8752389799089059,0.0,1000,37,5,ref,rdkit_random_raw
6fo5_6fo5_conf0,0.50988695792324,1.0,1000,37,7,ref,rdkit_random_raw
6fs1_6fs1_conf0,0.39196440122875,1.0,1000,43,11,ref,rdkit_random_raw
6fsy_6fsy_conf0,0.7961205469680419,0.0,1000,22,3,ref,rdkit_random_raw
6ftz_6ftz_conf0,0.360083262932512,1.0,1000,23,4,ref,rdkit_random_raw
6fuj_6fuj_conf0,0.7019111427000688,1.0,1000,21,5,ref,rdkit_random_raw
6fz4_6fz4_conf0,0.3332719688184972,1.0,1000,27,2,ref,rdkit_random_raw
6g27_6g27_conf0,0.2781819521580708,1.0,1000,20,2,ref,rdkit_random_raw
6g2b_6g2b_conf0,0.1634952292436411,1.0,1000,18,2,ref,rdkit_random_raw
6g2o_6g2o_conf0,0.2493207468239092,1.0,1000,27,3,ref,rdkit_random_raw
6g34_6g34_conf0,0.1832533577573037,1.0,1000,20,2,ref,rdkit_random_raw
6g39_6g39_conf0,0.2500195201651853,1.0,1000,20,2,ref,rdkit_random_raw
6g3a_6g3a_conf0,0.2370652470842486,1.0,1000,20,2,ref,rdkit_random_raw
6g5l_6g5l_conf0,0.4558533654621806,1.0,1000,24,6,ref,rdkit_random_raw
6g5u_6g5u_conf0,0.493676960729304,1.0,1000,19,5,ref,rdkit_random_raw
6g6t_6g6t_conf0,0.3579589393408355,1.0,1000,19,5,ref,rdkit_random_raw
6g7a_6g7a_conf0,0.3802954933732995,1.0,1000,25,7,ref,rdkit_random_raw
6g9i_6g9i_conf0,0.4251943310606399,1.0,1000,22,4,ref,rdkit_random_raw
6gdy_6gdy_conf0,0.1429819829316973,1.0,1000,10,4,ref,rdkit_random_raw
6gl9_6gl9_conf0,0.2454714910968704,1.0,1000,28,3,ref,rdkit_random_raw
6gla_6gla_conf0,0.3187360564233551,1.0,1000,27,3,ref,rdkit_random_raw
6glb_6glb_conf0,0.5606416811928687,1.0,1000,27,4,ref,rdkit_random_raw
6gnm_6gnm_conf0,0.9633725050983866,0.0,1000,18,2,ref,rdkit_random_raw
6gnr_6gnr_conf0,0.4801635824478809,1.0,1000,18,3,ref,rdkit_random_raw
6gnw_6gnw_conf0,0.3753097304194319,1.0,1000,14,3,ref,rdkit_random_raw
6got_6got_conf0,0.7824810562175516,0.0,1000,19,5,ref,rdkit_random_raw
6gue_6gue_conf0,0.6270376452875405,1.0,1000,26,5,ref,rdkit_random_raw
6guh_6guh_conf0,0.5591708206451471,1.0,1000,26,5,ref,rdkit_random_raw
6gvf_6gvf_conf0,0.1430388621732147,1.0,1000,23,2,ref,rdkit_random_raw
6h29_6h29_conf0,0.700661776770454,1.0,1000,11,2,ref,rdkit_random_raw
6h33_6h33_conf0,0.5279303576899761,1.0,1000,25,3,ref,rdkit_random_raw
6h34_6h34_conf0,0.7209670281057429,1.0,1000,26,4,ref,rdkit_random_raw
6h36_6h36_conf0,0.6293177968836354,1.0,1000,24,3,ref,rdkit_random_raw
6h38_6h38_conf0,0.6683916547314181,1.0,1000,26,4,ref,rdkit_random_raw
6h8s_6h8s_conf0,0.6218400091554056,1.0,1000,20,2,ref,rdkit_random_raw
6haz_6haz_conf0,0.1659863106339866,1.0,1000,20,2,ref,rdkit_random_raw
6hd6_6hd6_conf0,0.7961609994927842,0.0,1000,27,5,ref,rdkit_random_raw
6hk3_6hk3_conf0,0.5908500091993335,1.0,1000,34,6,ref,rdkit_random_raw
6hk4_6hk4_conf0,0.4588507749172322,1.0,1000,31,5,ref,rdkit_random_raw
6hke_6hke_conf0,0.2296598392540645,1.0,1000,9,3,ref,rdkit_random_raw
6hoq_6hoq_conf0,0.123948048421268,1.0,1000,14,3,ref,rdkit_random_raw
6hrq_6hrq_conf0,0.5053998727203339,1.0,1000,23,5,ref,rdkit_random_raw
6hsh_6hsh_conf0,0.5287264928228353,1.0,1000,29,6,ref,rdkit_random_raw
6htg_6htg_conf0,0.5232271997078359,1.0,1000,20,3,ref,rdkit_random_raw
6i0z_6i0z_conf0,0.1371845594163138,1.0,1000,13,1,ref,rdkit_random_raw
6i11_6i11_conf0,0.3043380486290348,1.0,1000,27,4,ref,rdkit_random_raw
6i12_6i12_conf0,0.2943200785868318,1.0,1000,28,4,ref,rdkit_random_raw
6i13_6i13_conf0,0.3133527483415112,1.0,1000,28,4,ref,rdkit_random_raw
6i14_6i14_conf0,0.32168698833336,1.0,1000,29,4,ref,rdkit_random_raw
6i18_6i18_conf0,0.5488261446754958,1.0,1000,34,5,ref,rdkit_random_raw
6i61_6i61_conf0,0.1208247416171811,1.0,1000,18,3,ref,rdkit_random_raw
6i62_6i62_conf0,0.1418923324308991,1.0,1000,19,2,ref,rdkit_random_raw
6i63_6i63_conf0,0.0618966699841941,1.0,1000,17,2,ref,rdkit_random_raw
6i64_6i64_conf0,0.3962829018059854,1.0,1000,16,2,ref,rdkit_random_raw
6i65_6i65_conf0,0.0488937523940688,1.0,1000,10,1,ref,rdkit_random_raw
6iiu_6iiu_conf0,0.6859573832061141,1.0,1000,29,6,ref,rdkit_random_raw
6j1l_6j1l_conf0,0.8165425416561483,0.0,1000,38,7,ref,rdkit_random_raw
6k3l_6k3l_conf0,0.1384072733866008,1.0,1000,25,3,ref,rdkit_random_raw
6mdu_6mdu_conf0,0.3620770463192892,1.0,1000,25,4,ref,rdkit_random_raw
6mg5_6mg5_conf0,0.2066057560089317,1.0,1000,17,3,ref,rdkit_random_raw
6mh1_6mh1_conf0,0.715564825743622,1.0,1000,33,5,ref,rdkit_random_raw
6mh7_6mh7_conf0,0.970503046799426,0.0,1000,33,5,ref,rdkit_random_raw
6mnc_6mnc_conf0,0.1441528354800743,1.0,1000,20,0,ref,rdkit_random_raw
6n0j_6n0j_conf0,0.9138019735911186,0.0,1000,31,4,ref,rdkit_random_raw
6n78_6n78_conf0,0.7191748337956951,1.0,1000,29,5,ref,rdkit_random_raw
6n7a_6n7a_conf0,0.361973117148623,1.0,1000,28,4,ref,rdkit_random_raw
6n7b_6n7b_conf0,0.3534480484466297,1.0,1000,27,4,ref,rdkit_random_raw
6n8x_6n8x_conf0,0.9071239471947368,0.0,1000,27,8,ref,rdkit_random_raw
6ncn_6ncn_conf0,0.3706050420636069,1.0,1000,14,2,ref,rdkit_random_raw
6nco_6nco_conf0,0.3832379980823915,1.0,1000,24,4,ref,rdkit_random_raw
6o0k_6o0k_conf0,1.9440342878454755,0.0,999,61,13,ref,rdkit_random_raw
6o0m_6o0m_conf0,2.186465779521841,0.0,1000,61,13,ref,rdkit_random_raw
6o0p_6o0p_conf0,2.265595445885007,0.0,998,61,13,ref,rdkit_random_raw
6o5t_6o5t_conf0,0.169813914335632,1.0,1000,18,2,ref,rdkit_random_raw
6o94_6o94_conf0,0.7458943021927437,1.0,1000,36,5,ref,rdkit_random_raw
6odz_6odz_conf0,0.7602581688153106,0.0,1000,25,4,ref,rdkit_random_raw
6oe0_6oe0_conf0,0.6502744808102418,1.0,1000,27,4,ref,rdkit_random_raw
6oe1_6oe1_conf0,0.6022878280091177,1.0,1000,26,4,ref,rdkit_random_raw
6olx_6olx_conf0,0.919882035589495,0.0,1000,27,8,ref,rdkit_random_raw
6ooy_6ooy_conf0,0.4262038524325474,1.0,1000,20,3,ref,rdkit_random_raw
6p3t_6p3t_conf0,0.8232709096860897,0.0,1000,27,3,ref,rdkit_random_raw
6p3v_6p3v_conf0,0.5099767842238355,1.0,1000,23,6,ref,rdkit_random_raw
6p85_6p85_conf0,0.37540773899719,1.0,1000,25,5,ref,rdkit_random_raw
6p88_6p88_conf0,0.6162900280573551,1.0,1000,27,4,ref,rdkit_random_raw
6pia_6pia_conf0,0.7647556182137363,0.0,1000,14,9,ref,rdkit_random_raw
6pl1_6pl1_conf0,1.366844281379458,0.0,1000,33,5,ref,rdkit_random_raw
6qas_6qas_conf0,0.717671537056799,1.0,1000,34,6,ref,rdkit_random_raw
6ql1_6ql1_conf0,0.815216286890501,0.0,1000,23,3,ref,rdkit_random_raw
6ql2_6ql2_conf0,0.324330171394482,1.0,1000,16,3,ref,rdkit_random_raw
6qmj_6qmj_conf0,0.9496043483603978,0.0,1000,36,9,ref,rdkit_random_raw
6qmk_6qmk_conf0,0.8078447942438113,0.0,1000,38,7,ref,rdkit_random_raw
6qpl_6qpl_conf0,0.6033840424015787,1.0,1000,25,8,ref,rdkit_random_raw
6qqq_6qqq_conf0,0.2236546018336651,1.0,1000,23,5,ref,rdkit_random_raw
6qqv_6qqv_conf0,0.1897913589663804,1.0,1000,24,3,ref,rdkit_random_raw
6qr1_6qr1_conf0,0.5276893951944792,1.0,1000,25,3,ref,rdkit_random_raw
6qrc_6qrc_conf0,1.1848755120978298,0.0,1000,24,4,ref,rdkit_random_raw
6r11_6r11_conf0,0.0986297947850244,1.0,1000,19,1,ref,rdkit_random_raw
6r18_6r18_conf0,0.4359152361885705,1.0,1000,20,4,ref,rdkit_random_raw
6r9u_6r9u_conf0,0.2935993275609123,1.0,1000,18,1,ref,rdkit_random_raw
6r9x_6r9x_conf0,0.7227454393252986,1.0,1000,18,3,ref,rdkit_random_raw
6rih_6rih_conf0,0.1884023277885004,1.0,1000,18,3,ref,rdkit_random_raw
6s57_6s57_conf0,0.3277237779670444,1.0,1000,30,5,ref,rdkit_random_raw
6t1i_6t1i_conf0,0.7902050930456053,0.0,1000,27,5,ref,rdkit_random_raw
6t1j_6t1j_conf0,1.121292012032576,0.0,1000,29,5,ref,rdkit_random_raw
6t1l_6t1l_conf0,1.185056515921511,0.0,1000,28,7,ref,rdkit_random_raw
6u5y_6u5y_conf0,1.0791598728818417,0.0,1000,30,5,ref,rdkit_random_raw
6u6w_6u6w_conf0,0.9802998082264166,0.0,1000,21,4,ref,rdkit_random_raw
6u8b_6u8b_conf0,1.061309981474998,0.0,1000,24,5,ref,rdkit_random_raw
6u8o_6u8o_conf0,1.2646294152623672,0.0,1000,25,4,ref,rdkit_random_raw
6ugn_6ugn_conf0,0.1596535362244787,1.0,1000,15,0,ref,rdkit_random_raw
6uh0_6uh0_conf0,0.1188397254181498,1.0,1000,14,0,ref,rdkit_random_raw
966c_966c_conf0,0.5528066571251163,1.0,1000,27,6,ref,rdkit_random_raw
1ado_1ado_conf0,0.3361768524701071,1.0,994,10,4,ref,torsion_raw
1ai4_1ai4_conf0,0.1810031381270762,1.0,960,12,2,ref,torsion_raw
1ai5_1ai5_conf0,0.4839317569770992,1.0,962,13,3,ref,torsion_raw
1azm_1azm_conf0,0.4703935098058913,1.0,1000,13,2,ref,torsion_raw
1bjv_1bjv_conf0,0.5301418661604944,1.0,876,26,5,ref,torsion_raw
1bm7_1bm7_conf0,0.216855876835291,1.0,999,20,3,ref,torsion_raw
1bnn_1bnn_conf0,0.8607889768531268,0.0,1000,23,3,ref,torsion_raw
1bty_1bty_conf0,0.035455710671074,1.0,1000,9,1,ref,torsion_raw
1bzj_1bzj_conf0,0.6137415366964631,1.0,1000,20,3,ref,torsion_raw
1c1v_1c1v_conf0,0.4487923727256983,1.0,971,25,4,ref,torsion_raw
1c5n_1c5n_conf0,0.1174300871969322,1.0,1000,13,1,ref,torsion_raw
1c5o_1c5o_conf0,0.0310775375732387,1.0,1000,9,1,ref,torsion_raw
1c5p_1c5p_conf0,0.0321181425422777,1.0,1000,9,1,ref,torsion_raw
1c5q_1c5q_conf0,0.1155642081615511,1.0,1000,13,1,ref,torsion_raw
1c5x_1c5x_conf0,0.072074659115873,1.0,1000,13,1,ref,torsion_raw
1c83_1c83_conf0,0.1936997980956881,1.0,1000,18,2,ref,torsion_raw
1c84_1c84_conf0,0.1868193326857831,1.0,1000,19,2,ref,torsion_raw
1c86_1c86_conf0,0.3570569315787631,1.0,1000,18,2,ref,torsion_raw
1c87_1c87_conf0,0.4022296502730518,1.0,1000,18,2,ref,torsion_raw
1c88_1c88_conf0,0.2765986863196579,1.0,1000,18,2,ref,torsion_raw
1cbx_1cbx_conf0,0.4259375912129214,1.0,919,15,5,ref,torsion_raw
1ceb_1ceb_conf0,0.3144546555274921,1.0,1000,11,2,ref,torsion_raw
1ciz_1ciz_conf0,1.08612712530465,0.0,831,36,8,ref,torsion_raw
1cnw_1cnw_conf0,0.9694957067758238,0.0,913,26,12,ref,torsion_raw
1d3d_1d3d_conf0,1.5259393476500918,0.0,746,38,9,ref,torsion_raw
1d4p_1d4p_conf0,0.7834309216800753,0.0,748,27,4,ref,torsion_raw
1drj_1drj_conf0,1.1290506092882848,0.0,1000,10,0,ref,torsion_raw
1drk_1drk_conf0,1.1229146635261935,0.0,1000,10,0,ref,torsion_raw
1dzk_1dzk_conf0,0.2932495222264496,1.0,926,12,3,ref,torsion_raw
1e1v_1e1v_conf0,0.2025708788361087,1.0,992,18,3,ref,torsion_raw
1e1x_1e1x_conf0,0.2305792038043933,1.0,988,18,4,ref,torsion_raw
1e4h_1e4h_conf0,0.0206625734882776,1.0,1000,12,0,ref,torsion_raw
1ecv_1ecv_conf0,0.2223055642930332,1.0,1000,16,2,ref,torsion_raw
1efy_1efy_conf0,0.3322711585451824,1.0,1000,20,3,ref,torsion_raw
1enu_1enu_conf0,0.0302697476385059,1.0,1000,13,0,ref,torsion_raw
1eoc_1eoc_conf0,0.034290344677946,1.0,1000,11,1,ref,torsion_raw
1f57_1f57_conf0,0.0600153708159961,1.0,1000,7,2,ref,torsion_raw
1f5k_1f5k_conf0,0.0359988466240754,1.0,1000,9,1,ref,torsion_raw
1f5l_1f5l_conf0,0.0910162678990208,1.0,994,15,1,ref,torsion_raw
1fcx_1fcx_conf0,0.355376723971918,1.0,822,29,3,ref,torsion_raw
1fcy_1fcy_conf0,0.266447195029083,1.0,958,29,3,ref,torsion_raw
1fcz_1fcz_conf0,0.319814456690219,1.0,1000,27,4,ref,torsion_raw
1fkh_1fkh_conf0,1.4961146893029191,0.0,680,33,9,ref,torsion_raw
1flr_1flr_conf0,0.1657300227503466,1.0,1000,25,2,ref,torsion_raw
1fv0_1fv0_conf0,0.3534584103662403,1.0,784,26,3,ref,torsion_raw
1g4o_1g4o_conf0,0.4048365178354814,1.0,956,20,4,ref,torsion_raw
1g98_1g98_conf0,0.6298133697040131,1.0,952,15,6,ref,torsion_raw
1gfy_1gfy_conf0,0.2814833218295035,1.0,1000,18,2,ref,torsion_raw
1ghw_1ghw_conf0,0.2775553182397204,1.0,1000,19,2,ref,torsion_raw
1gi1_1gi1_conf0,0.2139835113611689,1.0,1000,19,2,ref,torsion_raw
1gj6_1gj6_conf0,0.1934506503438943,1.0,979,26,3,ref,torsion_raw
1gx8_1gx8_conf0,0.3514946556800291,1.0,927,21,5,ref,torsion_raw
1gyx_1gyx_conf0,0.0407589021885519,1.0,1000,9,1,ref,torsion_raw
1h1s_1h1s_conf0,0.28859779684445,1.0,994,28,6,ref,torsion_raw
1h2k_1h2k_conf0,0.2282598942914782,1.0,1000,10,2,ref,torsion_raw
1h4w_1h4w_conf0,0.0499317949576623,1.0,1000,9,1,ref,torsion_raw
1i2s_1i2s_conf0,0.476418344019106,1.0,968,13,5,ref,torsion_raw
1igb_1igb_conf0,0.1118023089527209,1.0,872,14,3,ref,torsion_raw
1iih_1iih_conf0,0.2380168090881225,1.0,998,11,4,ref,torsion_raw
1j14_1j14_conf0,0.0350538164732314,1.0,1000,9,1,ref,torsion_raw
1j16_1j16_conf0,0.0542163381696006,1.0,1000,9,1,ref,torsion_raw
1j17_1j17_conf0,1.0135141109590435,0.0,479,34,4,ref,torsion_raw
1jsv_1jsv_conf0,0.5223383687154812,1.0,1000,18,3,ref,torsion_raw
1kv1_1kv1_conf0,0.4685503658608601,1.0,994,21,2,ref,torsion_raw
1lgw_1lgw_conf0,0.0439341908884789,1.0,1000,8,0,ref,torsion_raw
1lpk_1lpk_conf0,0.7719869355616683,0.0,905,32,7,ref,torsion_raw
1lpz_1lpz_conf0,0.6085558827581532,1.0,894,32,6,ref,torsion_raw
1lrh_1lrh_conf0,0.0843544513382013,1.0,922,14,2,ref,torsion_raw
1m2p_1m2p_conf0,0.0961857485771121,1.0,1000,21,1,ref,torsion_raw
1m2q_1m2q_conf0,0.0981359603291392,1.0,1000,20,1,ref,torsion_raw
1m2r_1m2r_conf0,0.0642424446363234,1.0,1000,20,0,ref,torsion_raw
1mu6_1mu6_conf0,1.0106309045400717,0.0,898,31,8,ref,torsion_raw
1mu8_1mu8_conf0,1.3717296694919907,0.0,884,32,8,ref,torsion_raw
1n0s_1n0s_conf0,0.146596608352626,1.0,1000,25,2,ref,torsion_raw
1n46_1n46_conf0,0.5888140094008556,1.0,806,27,4,ref,torsion_raw
1n4h_1n4h_conf0,0.3119052959160631,1.0,929,22,5,ref,torsion_raw
1n5r_1n5r_conf0,0.9314000609144396,0.0,181,31,7,ref,torsion_raw
1ndw_1ndw_conf0,0.4615328088409405,1.0,855,19,6,ref,torsion_raw
1ndy_1ndy_conf0,0.7403366621948015,1.0,744,23,6,ref,torsion_raw
1nfu_1nfu_conf0,1.4298873278935835,0.0,660,30,5,ref,torsion_raw
1nfx_1nfx_conf0,0.9775200214261436,0.0,683,33,6,ref,torsion_raw
1nl9_1nl9_conf0,1.663221942734486,0.0,660,39,11,ref,torsion_raw
1no6_1no6_conf0,0.6661389997956794,1.0,890,25,3,ref,torsion_raw
1nq7_1nq7_conf0,0.3852511579131339,1.0,1000,25,4,ref,torsion_raw
1o2h_1o2h_conf0,0.3997808004646863,1.0,786,25,4,ref,torsion_raw
1o2j_1o2j_conf0,0.4654610178101314,1.0,908,24,5,ref,torsion_raw
1o2o_1o2o_conf0,0.5462463559135423,1.0,909,25,5,ref,torsion_raw
1o35_1o35_conf0,0.4586646561110211,1.0,1000,20,2,ref,torsion_raw
1o3d_1o3d_conf0,0.3635430271876366,1.0,1000,25,3,ref,torsion_raw
1o3i_1o3i_conf0,0.1161451411361392,1.0,1000,21,2,ref,torsion_raw
1o3j_1o3j_conf0,0.2765663988970911,1.0,1000,21,2,ref,torsion_raw
1o5e_1o5e_conf0,0.2227094543702644,1.0,966,26,3,ref,torsion_raw
1oba_1oba_conf0,0.1302625560859323,1.0,843,7,2,ref,torsion_raw
1ogd_1ogd_conf0,0.0472685858162522,1.0,1000,10,0,ref,torsion_raw
1ols_1ols_conf0,1.0901870493325485,0.0,826,26,8,ref,torsion_raw
1olu_1olu_conf0,1.0460990163963673,0.0,827,26,8,ref,torsion_raw
1olx_1olx_conf0,1.0717829948941582,0.0,832,26,8,ref,torsion_raw
1om1_1om1_conf0,0.4801222323815988,1.0,954,22,2,ref,torsion_raw
1onz_1onz_conf0,0.4066011021954561,1.0,875,26,3,ref,torsion_raw
1oss_1oss_conf0,0.0512358315959186,1.0,1000,9,1,ref,torsion_raw
1owe_1owe_conf0,0.4425886370677726,1.0,983,22,3,ref,torsion_raw
1oxr_1oxr_conf0,0.3705537453342388,1.0,999,13,2,ref,torsion_raw
1p57_1p57_conf0,0.2167649943267831,1.0,1000,19,2,ref,torsion_raw
1pb8_1pb8_conf0,0.0471312384902427,1.0,985,7,2,ref,torsion_raw
1pbq_1pbq_conf0,0.0866298995470417,1.0,1000,16,1,ref,torsion_raw
1ppc_1ppc_conf0,1.0580803659929825,0.0,678,37,9,ref,torsion_raw
1pxo_1pxo_conf0,0.3343094268776225,1.0,1000,23,4,ref,torsion_raw
1pxp_1pxp_conf0,0.2551237742477938,1.0,1000,23,4,ref,torsion_raw
1q5k_1q5k_conf0,0.7517290143301608,0.0,973,21,5,ref,torsion_raw
1q7a_1q7a_conf0,0.532035488433851,1.0,821,24,5,ref,torsion_raw
1qb6_1qb6_conf0,0.7028211871786866,1.0,989,29,6,ref,torsion_raw
1ql7_1ql7_conf0,0.8909023003792972,0.0,480,34,4,ref,torsion_raw
1ql9_1ql9_conf0,1.0616595910539366,0.0,515,34,4,ref,torsion_raw
1qy1_1qy1_conf0,0.1043558615293909,1.0,905,12,3,ref,torsion_raw
1qy2_1qy2_conf0,0.0587016506695548,1.0,919,11,2,ref,torsion_raw
1r9l_1r9l_conf0,0.0759268557842315,1.0,922,8,2,ref,torsion_raw
1rbp_1rbp_conf0,0.3489654678630701,1.0,925,21,5,ref,torsion_raw
1rd4_1rd4_conf0,1.4613479784556975,0.0,812,34,7,ref,torsion_raw
1rmz_1rmz_conf0,0.6352010473342761,1.0,455,21,7,ref,torsion_raw
1ro6_1ro6_conf0,0.7508422719014795,0.0,784,20,4,ref,torsion_raw
1rtf_1rtf_conf0,0.0206085032757188,1.0,1000,9,1,ref,torsion_raw
1s39_1s39_conf0,0.0524790183183635,1.0,1000,12,0,ref,torsion_raw
1sqo_1sqo_conf0,0.1227532023220993,1.0,1000,20,3,ref,torsion_raw
1sv3_1sv3_conf0,0.0830001627584622,1.0,1000,11,2,ref,torsion_raw
1sw2_1sw2_conf0,0.0754892611240961,1.0,932,8,2,ref,torsion_raw
1t4v_1t4v_conf0,1.2304919347141476,0.0,692,27,10,ref,torsion_raw
1td7_1td7_conf0,0.2757492751751286,1.0,1000,20,3,ref,torsion_raw
1tkb_1tkb_conf0,0.7807398113785194,0.0,818,26,8,ref,torsion_raw
1tlp_1tlp_conf0,1.4944549962040443,0.0,801,37,11,ref,torsion_raw
1tng_1tng_conf0,0.0472103705132801,1.0,1000,8,1,ref,torsion_raw
1tnh_1tnh_conf0,0.0356569974772254,1.0,1000,9,1,ref,torsion_raw
1tni_1tni_conf0,0.1413900312551023,1.0,969,11,4,ref,torsion_raw
1ttm_1ttm_conf0,0.7340026328969694,1.0,998,21,2,ref,torsion_raw
1u1w_1u1w_conf0,0.0652184290075117,1.0,1000,11,1,ref,torsion_raw
1u71_1u71_conf0,0.4575878846216551,1.0,762,24,4,ref,torsion_raw
1usn_1usn_conf0,0.7143331553302145,1.0,983,27,5,ref,torsion_raw
1utj_1utj_conf0,0.0153142204400383,1.0,1000,8,1,ref,torsion_raw
1utm_1utm_conf0,0.0129948174464033,1.0,996,9,2,ref,torsion_raw
1utn_1utn_conf0,0.0655696926456938,1.0,1000,8,1,ref,torsion_raw
1uv6_1uv6_conf0,0.414941235700028,1.0,855,10,3,ref,torsion_raw
1uvt_1uvt_conf0,0.9433571145428172,0.0,845,27,8,ref,torsion_raw
1v11_1v11_conf0,1.2487756620104904,0.0,822,26,8,ref,torsion_raw
1v16_1v16_conf0,0.808802966253995,0.0,801,26,8,ref,torsion_raw
1v1m_1v1m_conf0,1.169679825835091,0.0,817,26,8,ref,torsion_raw
1v2j_1v2j_conf0,0.0895548125635138,1.0,1000,9,1,ref,torsion_raw
1v2k_1v2k_conf0,1.018937996041884,0.0,501,34,4,ref,torsion_raw
1v2l_1v2l_conf0,0.0863301116141328,1.0,1000,9,1,ref,torsion_raw
1v2s_1v2s_conf0,0.0907885761724778,1.0,1000,9,1,ref,torsion_raw
1v2u_1v2u_conf0,0.0928447498195943,1.0,1000,9,1,ref,torsion_raw
1wht_1wht_conf0,0.6295827785793398,1.0,920,15,5,ref,torsion_raw
1xbo_1xbo_conf0,0.7381371816968957,1.0,935,31,8,ref,torsion_raw
1xk9_1xk9_conf0,0.3830975184429191,1.0,933,22,3,ref,torsion_raw
1xpz_1xpz_conf0,0.712746290569727,1.0,858,26,6,ref,torsion_raw
1xq0_1xq0_conf0,0.627684010849803,1.0,860,27,6,ref,torsion_raw
1xug_1xug_conf0,0.3238796223775895,1.0,983,25,4,ref,torsion_raw
1y1z_1y1z_conf0,0.2573569115213213,1.0,1000,8,1,ref,torsion_raw
1y20_1y20_conf0,0.0630301355157414,1.0,1000,7,1,ref,torsion_raw
1y6q_1y6q_conf0,0.574496152792882,1.0,934,20,4,ref,torsion_raw
1yda_1yda_conf0,0.3788121903925047,1.0,1000,13,2,ref,torsion_raw
1ydb_1ydb_conf0,0.3490844510469076,1.0,1000,13,2,ref,torsion_raw
1ydd_1ydd_conf0,0.3913492354636793,1.0,1000,13,2,ref,torsion_raw
1yds_1yds_conf0,0.3704217995152778,1.0,733,18,5,ref,torsion_raw
1z9y_1z9y_conf0,0.4608643923099713,1.0,988,21,5,ref,torsion_raw
1zc9_1zc9_conf0,0.3143516186302649,1.0,852,16,4,ref,torsion_raw
1zdp_1zdp_conf0,0.767738900520214,0.0,793,17,6,ref,torsion_raw
1zfq_1zfq_conf0,0.0896264279844595,1.0,1000,14,1,ref,torsion_raw
1zge_1zge_conf0,0.1043714748986959,1.0,1000,13,1,ref,torsion_raw
1zoe_1zoe_conf0,0.0865832891183288,1.0,1000,16,1,ref,torsion_raw
1zog_1zog_conf0,0.0783240249233702,1.0,1000,15,1,ref,torsion_raw
2afw_2afw_conf0,0.4015248808258048,1.0,989,11,3,ref,torsion_raw
2afx_2afx_conf0,0.1404602073966078,1.0,806,12,2,ref,torsion_raw
2aj8_2aj8_conf0,1.188756703784414,0.0,737,26,3,ref,torsion_raw
2ans_2ans_conf0,0.2144269893376309,1.0,766,21,3,ref,torsion_raw
2ax9_2ax9_conf0,0.6314249053245587,1.0,944,21,4,ref,torsion_raw
2ayr_2ayr_conf0,0.7480363399723315,1.0,824,37,8,ref,torsion_raw
2b4l_2b4l_conf0,0.0654711023877779,1.0,928,8,2,ref,torsion_raw
2b9a_2b9a_conf0,0.0862820687456057,1.0,1000,17,2,ref,torsion_raw
2baj_2baj_conf0,0.4636912881745993,1.0,970,27,3,ref,torsion_raw
2bak_2bak_conf0,1.2874257663600115,0.0,878,43,10,ref,torsion_raw
2bo4_2bo4_conf0,0.3151165675890491,1.0,968,13,5,ref,torsion_raw
2brm_2brm_conf0,0.3490398163107945,1.0,632,25,5,ref,torsion_raw
2buv_2buv_conf0,0.0216195956230674,1.0,1000,11,1,ref,torsion_raw
2bza_2bza_conf0,0.0595716268141564,1.0,1000,8,1,ref,torsion_raw
2c1p_2c1p_conf0,0.5401343700658016,1.0,806,24,5,ref,torsion_raw
2c97_2c97_conf0,0.5699308066094172,1.0,947,18,6,ref,torsion_raw
2cc7_2cc7_conf0,0.0430813228533245,1.0,1000,18,0,ref,torsion_raw
2cgr_2cgr_conf0,0.6736336303871505,1.0,754,29,6,ref,torsion_raw
2csn_2csn_conf0,0.2674985514710967,1.0,725,18,4,ref,torsion_raw
2dri_2dri_conf0,1.1492032809998438,0.0,1000,10,0,ref,torsion_raw
2dw7_2dw7_conf0,0.396028739900726,1.0,996,10,3,ref,torsion_raw
2e2r_2e2r_conf0,0.1130474316373393,1.0,854,17,2,ref,torsion_raw
2exm_2exm_conf0,0.3983009279428884,1.0,932,15,3,ref,torsion_raw
2ez7_2ez7_conf0,0.4009423918940232,1.0,998,11,3,ref,torsion_raw
2f7i_2f7i_conf0,0.0614851262259233,1.0,1000,17,2,ref,torsion_raw
2fpz_2fpz_conf0,0.0419173037559153,1.0,1000,10,0,ref,torsion_raw
2fw6_2fw6_conf0,0.41846683155321,1.0,974,13,5,ref,torsion_raw
2fx6_2fx6_conf0,0.0764220946529551,1.0,1000,10,0,ref,torsion_raw
2g5u_2g5u_conf0,0.1020026778666952,1.0,1000,18,1,ref,torsion_raw
2gkl_2gkl_conf0,0.062115073728563,1.0,1000,12,2,ref,torsion_raw
2glp_2glp_conf0,0.4433384961975735,1.0,991,21,3,ref,torsion_raw
2gvj_2gvj_conf0,0.917397911290938,0.0,831,29,8,ref,torsion_raw
2h4g_2h4g_conf0,0.2796086852814337,1.0,954,21,5,ref,torsion_raw
2h4k_2h4k_conf0,0.2812397959068362,1.0,964,20,5,ref,torsion_raw
2h4n_2h4n_conf0,0.3272676642424149,1.0,1000,13,2,ref,torsion_raw
2h6b_2h6b_conf0,0.1438374727311364,1.0,950,12,2,ref,torsion_raw
2ha3_2ha3_conf0,0.0762868941336643,1.0,867,7,2,ref,torsion_raw
2hjb_2hjb_conf0,0.2060026296405208,1.0,1000,10,2,ref,torsion_raw
2hoc_2hoc_conf0,1.0030924225629323,0.0,964,22,4,ref,torsion_raw
2hxm_2hxm_conf0,0.4833708284428835,1.0,984,25,8,ref,torsion_raw
2i19_2i19_conf0,0.3552493353823664,1.0,900,17,5,ref,torsion_raw
2i6b_2i6b_conf0,1.1131072805258058,0.0,884,30,3,ref,torsion_raw
2i80_2i80_conf0,0.3863691091566716,1.0,921,18,3,ref,torsion_raw
2iko_2iko_conf0,0.3842404555256555,1.0,637,26,5,ref,torsion_raw
2iuz_2iuz_conf0,0.3967402040005602,1.0,1000,28,3,ref,torsion_raw
2jew_2jew_conf0,0.6673386894827589,1.0,931,17,8,ref,torsion_raw
2jfz_2jfz_conf0,0.6229412613444122,1.0,830,33,5,ref,torsion_raw
2nn1_2nn1_conf0,0.1998162815880241,1.0,989,15,4,ref,torsion_raw
2nnd_2nnd_conf0,0.5040210618794748,1.0,912,12,3,ref,torsion_raw
2nta_2nta_conf0,0.1422976359095719,1.0,1000,20,2,ref,torsion_raw
2o0u_2o0u_conf0,0.8992363954792649,0.0,952,34,5,ref,torsion_raw
2ojj_2ojj_conf0,1.0988844328511669,0.0,892,31,6,ref,torsion_raw
2ot1_2ot1_conf0,0.3589098465748604,1.0,993,25,4,ref,torsion_raw
2p16_2p16_conf0,0.4599134491280867,1.0,909,34,5,ref,torsion_raw
2p7a_2p7a_conf0,0.041568641246222,1.0,1000,9,0,ref,torsion_raw
2p7g_2p7g_conf0,0.1261413842345743,1.0,868,17,2,ref,torsion_raw
2p7z_2p7z_conf0,0.6020696287234617,1.0,441,29,8,ref,torsion_raw
2pou_2pou_conf0,0.4618149525488261,1.0,1000,16,2,ref,torsion_raw
2pov_2pov_conf0,0.4889628872647754,1.0,894,16,2,ref,torsion_raw
2pow_2pow_conf0,0.1384124533655147,1.0,925,19,2,ref,torsion_raw
2pql_2pql_conf0,0.0979447315787805,1.0,862,12,2,ref,torsion_raw
2pu2_2pu2_conf0,0.8838703638912055,0.0,973,26,5,ref,torsion_raw
2pvh_2pvh_conf0,0.6158560219437671,1.0,1000,23,4,ref,torsion_raw
2pvj_2pvj_conf0,0.6517868121521855,1.0,993,26,5,ref,torsion_raw
2pvk_2pvk_conf0,0.7275896067351484,1.0,996,27,5,ref,torsion_raw
2pvl_2pvl_conf0,0.7447606920659327,1.0,1000,26,4,ref,torsion_raw
2pvm_2pvm_conf0,0.4004171922332707,1.0,981,26,6,ref,torsion_raw
2q1q_2q1q_conf0,0.2665716563403495,1.0,1000,18,2,ref,torsion_raw
2q7q_2q7q_conf0,0.063476377664811,1.0,1000,9,1,ref,torsion_raw
2qbs_2qbs_conf0,0.7242742001953016,1.0,893,27,7,ref,torsion_raw
2qdt_2qdt_conf0,0.4747256795450152,1.0,981,11,4,ref,torsion_raw
2qg2_2qg2_conf0,0.3455390497905786,1.0,1000,24,2,ref,torsion_raw
2qm9_2qm9_conf0,0.8087139168016463,0.0,852,31,5,ref,torsion_raw
2qpq_2qpq_conf0,0.2980616909563229,1.0,969,13,5,ref,torsion_raw
2qrl_2qrl_conf0,0.1144617998062651,1.0,1000,10,2,ref,torsion_raw
2qtt_2qtt_conf0,0.3591441962285475,1.0,1000,19,2,ref,torsion_raw
2r2m_2r2m_conf0,1.192331775003254,0.0,955,30,10,ref,torsion_raw
2ra0_2ra0_conf0,0.6839686286185728,1.0,906,39,6,ref,torsion_raw
2ra6_2ra6_conf0,0.0309742596729991,1.0,1000,9,1,ref,torsion_raw
2rcb_2rcb_conf0,0.0556873789554532,1.0,984,7,2,ref,torsion_raw
2reg_2reg_conf0,0.0918406993643595,1.0,838,7,2,ref,torsion_raw
2rfh_2rfh_conf0,0.4218465525793131,1.0,841,15,5,ref,torsion_raw
2rin_2rin_conf0,0.3213815498088612,1.0,854,10,3,ref,torsion_raw
2rkd_2rkd_conf0,0.1191755613882882,1.0,1000,9,3,ref,torsion_raw
2uwd_2uwd_conf0,0.3602340350833503,1.0,877,27,5,ref,torsion_raw
2uxi_2uxi_conf0,0.301430049422071,1.0,903,20,4,ref,torsion_raw
2uy5_2uy5_conf0,0.2081696777007158,1.0,1000,16,3,ref,torsion_raw
2uyn_2uyn_conf0,0.0853737266515624,1.0,1000,7,2,ref,torsion_raw
2uyq_2uyq_conf0,0.2201905783717877,1.0,1000,17,1,ref,torsion_raw
2v57_2v57_conf0,0.0288957378652273,1.0,1000,16,0,ref,torsion_raw
2v58_2v58_conf0,0.0614018536246347,1.0,963,20,1,ref,torsion_raw
2v59_2v59_conf0,0.0934672768357187,1.0,898,22,3,ref,torsion_raw
2vba_2vba_conf0,0.2648771934498281,1.0,1000,16,3,ref,torsion_raw
2vnp_2vnp_conf0,0.4754286523504404,1.0,876,14,6,ref,torsion_raw
2vuk_2vuk_conf0,0.3501384365041555,1.0,871,18,3,ref,torsion_raw
2vvv_2vvv_conf0,1.290413896311048,0.0,997,32,6,ref,torsion_raw
2w9h_2w9h_conf0,0.3736216070740416,1.0,752,21,5,ref,torsion_raw
2weh_2weh_conf0,0.1103462278630538,1.0,954,11,1,ref,torsion_raw
2wej_2wej_conf0,0.0894139678574282,1.0,1000,10,1,ref,torsion_raw
2wnj_2wnj_conf0,0.3569763444811932,1.0,531,23,4,ref,torsion_raw
2wor_2wor_conf0,0.2033658266089679,1.0,768,21,3,ref,torsion_raw
2wos_2wos_conf0,0.1224786027237651,1.0,1000,21,3,ref,torsion_raw
2xdk_2xdk_conf0,0.0384801808288877,1.0,1000,13,1,ref,torsion_raw
2xdx_2xdx_conf0,0.1151423128358631,1.0,901,16,2,ref,torsion_raw
2xht_2xht_conf0,0.4818987752914558,1.0,896,19,1,ref,torsion_raw
2xj2_2xj2_conf0,0.7860227915737037,0.0,1000,25,4,ref,torsion_raw
2xjg_2xjg_conf0,0.8920356816672294,0.0,875,23,3,ref,torsion_raw
2xjj_2xjj_conf0,0.9201299151670668,0.0,913,23,1,ref,torsion_raw
2xn3_2xn3_conf0,0.4106360988332364,1.0,954,18,3,ref,torsion_raw
2xn5_2xn5_conf0,0.4961989902513652,1.0,984,21,5,ref,torsion_raw
2xp7_2xp7_conf0,0.1053001172973522,1.0,1000,17,3,ref,torsion_raw
2y8c_2y8c_conf0,1.4821996608004309,0.0,293,38,12,ref,torsion_raw
2yi0_2yi0_conf0,0.2167677635084058,1.0,828,22,3,ref,torsion_raw
2yi7_2yi7_conf0,0.2155676445145019,1.0,801,23,4,ref,torsion_raw
2yix_2yix_conf0,0.7982337265455803,0.0,706,26,6,ref,torsion_raw
2yz3_2yz3_conf0,0.2880508947018194,1.0,913,15,6,ref,torsion_raw
2z1w_2z1w_conf0,0.0822884545813949,1.0,996,15,3,ref,torsion_raw
2za0_2za0_conf0,0.521378273827128,1.0,800,22,3,ref,torsion_raw
2za5_2za5_conf0,1.2672169160663584,0.0,1000,31,2,ref,torsion_raw
2zcs_2zcs_conf0,0.5928196163708631,1.0,921,24,7,ref,torsion_raw
3acx_3acx_conf0,0.5543173634590228,1.0,793,23,9,ref,torsion_raw
3ai8_3ai8_conf0,0.1802495908912967,1.0,1000,14,1,ref,torsion_raw
3ao2_3ao2_conf0,0.2037375737224136,1.0,1000,17,1,ref,torsion_raw
3aqt_3aqt_conf0,0.0377659839655991,1.0,1000,8,0,ref,torsion_raw
3arx_3arx_conf0,0.6381357046252474,1.0,884,22,7,ref,torsion_raw
3b24_3b24_conf0,0.0743927362522188,1.0,1000,11,2,ref,torsion_raw
3b25_3b25_conf0,0.6438528076995538,1.0,942,18,2,ref,torsion_raw
3b26_3b26_conf0,0.3242785246716292,1.0,881,21,1,ref,torsion_raw
3b66_3b66_conf0,0.8379133410020319,0.0,898,29,6,ref,torsion_raw
3b7j_3b7j_conf0,0.0681479295787698,1.0,1000,13,0,ref,torsion_raw
3b92_3b92_conf0,0.7637651163090637,0.0,977,18,6,ref,torsion_raw
3bgc_3bgc_conf0,1.983586766217519,0.0,258,41,14,ref,torsion_raw
3bgq_3bgq_conf0,0.3121074265270499,1.0,998,26,3,ref,torsion_raw
3bl0_3bl0_conf0,0.2195529945464097,1.0,1000,13,3,ref,torsion_raw
3bl1_3bl1_conf0,0.811214222451443,0.0,919,24,3,ref,torsion_raw
3bqc_3bqc_conf0,0.0621359288106298,1.0,1000,20,0,ref,torsion_raw
3bra_3bra_conf0,0.0566397601511721,1.0,994,10,2,ref,torsion_raw
3brn_3brn_conf0,0.1548787450252283,1.0,897,13,2,ref,torsion_raw
3buf_3buf_conf0,0.0624711340503119,1.0,792,11,2,ref,torsion_raw
3bug_3bug_conf0,0.3036973754838553,1.0,980,12,3,ref,torsion_raw
3buh_3buh_conf0,0.2018390925694751,1.0,997,16,3,ref,torsion_raw
3bxe_3bxe_conf0,0.1293471795633543,1.0,995,10,4,ref,torsion_raw
3c2o_3c2o_conf0,0.0864818359192547,1.0,1000,12,2,ref,torsion_raw
3c2r_3c2r_conf0,0.0602488654176423,1.0,1000,12,2,ref,torsion_raw
3c39_3c39_conf0,0.2691964482700983,1.0,998,11,4,ref,torsion_raw
3c4h_3c4h_conf0,0.0592325407789183,1.0,1000,12,0,ref,torsion_raw
3c79_3c79_conf0,0.2643435550213356,1.0,873,17,4,ref,torsion_raw
3c84_3c84_conf0,0.5567789968175888,1.0,817,16,2,ref,torsion_raw
3cf8_3cf8_conf0,0.1777250705957689,1.0,1000,22,1,ref,torsion_raw
3cfn_3cfn_conf0,0.1557942850170919,1.0,760,21,3,ref,torsion_raw
3cj5_3cj5_conf0,0.9704141120472224,0.0,832,30,5,ref,torsion_raw
3cs7_3cs7_conf0,0.5095713940324693,1.0,770,37,6,ref,torsion_raw
3cz1_3cz1_conf0,0.5213262569571258,1.0,750,14,5,ref,torsion_raw
3czv_3czv_conf0,0.345325645632193,1.0,1000,13,2,ref,torsion_raw
3d0b_3d0b_conf0,0.9686071182292544,0.0,942,28,6,ref,torsion_raw
3d78_3d78_conf0,0.2823190629575635,1.0,764,14,5,ref,torsion_raw
3d83_3d83_conf0,1.0186008245507563,0.0,827,35,7,ref,torsion_raw
3d8w_3d8w_conf0,0.5044280192665846,1.0,961,19,4,ref,torsion_raw
3d9z_3d9z_conf0,0.2225511875279981,1.0,1000,16,2,ref,torsion_raw
3dbu_3dbu_conf0,0.5317979889089774,1.0,957,19,4,ref,torsion_raw
3dc3_3dc3_conf0,0.33003050634364,1.0,1000,13,2,ref,torsion_raw
3dcc_3dcc_conf0,0.2118373558473705,1.0,1000,16,2,ref,torsion_raw
3dd8_3dd8_conf0,0.414567145525026,1.0,783,24,4,ref,torsion_raw
3dnd_3dnd_conf0,0.1262160081605943,1.0,953,13,2,ref,torsion_raw
3e5u_3e5u_conf0,0.113386122594985,1.0,961,12,2,ref,torsion_raw
3ebo_3ebo_conf0,0.0614895050947079,1.0,1000,19,1,ref,torsion_raw
3ed0_3ed0_conf0,0.0825198681005593,1.0,1000,20,0,ref,torsion_raw
3eko_3eko_conf0,0.0365460221586369,1.0,891,16,1,ref,torsion_raw
3ekr_3ekr_conf0,0.9405918592471576,0.0,631,22,2,ref,torsion_raw
3eqr_3eqr_conf0,0.592009677723053,1.0,755,38,9,ref,torsion_raw
3exh_3exh_conf0,1.334288466842991,0.0,826,26,8,ref,torsion_raw
3f18_3f18_conf0,0.7097765839151047,1.0,542,19,6,ref,torsion_raw
3f19_3f19_conf0,0.6549093711862688,1.0,835,16,4,ref,torsion_raw
3f1a_3f1a_conf0,0.5489865480648686,1.0,818,15,4,ref,torsion_raw
3f33_3f33_conf0,0.2442564669358628,1.0,880,13,2,ref,torsion_raw
3f37_3f37_conf0,0.0359206872519569,1.0,1000,9,0,ref,torsion_raw
3f78_3f78_conf0,0.0729129292271638,1.0,972,10,2,ref,torsion_raw
3ffp_3ffp_conf0,0.221032036697753,1.0,1000,18,2,ref,torsion_raw
3fhb_3fhb_conf0,0.0391926037125367,1.0,1000,10,1,ref,torsion_raw
3fj7_3fj7_conf0,0.1197734687261806,1.0,975,10,3,ref,torsion_raw
3fjg_3fjg_conf0,0.1783950386878601,1.0,1000,11,4,ref,torsion_raw
3fl5_3fl5_conf0,0.0330081510045374,1.0,1000,20,0,ref,torsion_raw
3fql_3fql_conf0,0.6297008935154832,1.0,761,31,7,ref,torsion_raw
3g0i_3g0i_conf0,0.3629151365463514,1.0,768,10,5,ref,torsion_raw
3g2y_3g2y_conf0,0.2545074648363621,1.0,995,14,2,ref,torsion_raw
3gcu_3gcu_conf0,0.5609893994683351,1.0,963,38,5,ref,torsion_raw
3gy2_3gy2_conf0,0.3719667173460858,1.0,1000,21,5,ref,torsion_raw
3gy3_3gy3_conf0,0.7980170371590232,0.0,889,25,10,ref,torsion_raw
3gy7_3gy7_conf0,0.0249065955697071,1.0,1000,9,1,ref,torsion_raw
3h1x_3h1x_conf0,0.475373867665553,1.0,834,25,4,ref,torsion_raw
3h30_3h30_conf0,0.1992126200395359,1.0,976,20,2,ref,torsion_raw
3h78_3h78_conf0,0.045451272366394,1.0,1000,10,1,ref,torsion_raw
3hig_3hig_conf0,0.221280301875557,1.0,1000,21,5,ref,torsion_raw
3hll_3hll_conf0,1.6664138746680088,0.0,821,30,5,ref,torsion_raw
3hp9_3hp9_conf0,0.3256957001561196,1.0,984,23,4,ref,torsion_raw
3hs4_3hs4_conf0,0.375341400453908,1.0,1000,13,2,ref,torsion_raw
3hww_3hww_conf0,0.321973743348088,1.0,1000,10,4,ref,torsion_raw
3i51_3i51_conf0,0.0517329490016937,1.0,1000,10,0,ref,torsion_raw
3ibi_3ibi_conf0,0.6517509738392975,1.0,969,13,8,ref,torsion_raw
3ibl_3ibl_conf0,0.8742571810985964,0.0,963,18,11,ref,torsion_raw
3ibu_3ibu_conf0,0.6883436250434726,1.0,962,15,10,ref,torsion_raw
3igp_3igp_conf0,0.3362214002246309,1.0,949,18,3,ref,torsion_raw
3ime_3ime_conf0,0.1247523785268655,1.0,1000,12,1,ref,torsion_raw
3iof_3iof_conf0,0.8953622908824393,0.0,541,18,6,ref,torsion_raw
3iog_3iog_conf0,0.1214444909456809,1.0,1000,14,2,ref,torsion_raw
3ip8_3ip8_conf0,0.1928487520739062,1.0,921,11,2,ref,torsion_raw
3iub_3iub_conf0,0.3311685973474746,1.0,983,24,4,ref,torsion_raw
3iue_3iue_conf0,0.7942061950455047,0.0,983,28,6,ref,torsion_raw
3ivx_3ivx_conf0,0.8998011489550423,0.0,978,30,6,ref,torsion_raw
3iw5_3iw5_conf0,1.3355765743566967,0.0,851,39,8,ref,torsion_raw
3k8q_3k8q_conf0,0.5692359314281608,1.0,883,17,5,ref,torsion_raw
3k97_3k97_conf0,0.9630954661756091,0.0,639,23,2,ref,torsion_raw
3kgq_3kgq_conf0,0.3570439800274237,1.0,960,13,5,ref,torsion_raw
3kgt_3kgt_conf0,0.1137414110404386,1.0,1000,20,1,ref,torsion_raw
3kgu_3kgu_conf0,0.1473175115463884,1.0,1000,20,1,ref,torsion_raw
3kku_3kku_conf0,0.7209651016245114,1.0,950,23,6,ref,torsion_raw
3kmx_3kmx_conf0,0.7799389983494763,0.0,773,17,6,ref,torsion_raw
3kmy_3kmy_conf0,0.4618420985366308,1.0,815,16,3,ref,torsion_raw
3l0v_3l0v_conf0,0.5927125461566691,1.0,926,21,3,ref,torsion_raw
3l3l_3l3l_conf0,0.1106861002305107,1.0,968,19,2,ref,torsion_raw
3l59_3l59_conf0,0.7454526996276208,1.0,901,17,2,ref,torsion_raw
3lgs_3lgs_conf0,0.4999142423038289,1.0,1000,17,1,ref,torsion_raw
3lk8_3lk8_conf0,0.6462866326772216,1.0,805,17,5,ref,torsion_raw
3m35_3m35_conf0,1.1336032552788773,0.0,784,37,6,ref,torsion_raw
3m36_3m36_conf0,1.167319988905959,0.0,771,37,6,ref,torsion_raw
3m37_3m37_conf0,0.9967350497304974,0.0,831,37,6,ref,torsion_raw
3m3x_3m3x_conf0,0.6128107934907551,1.0,999,24,7,ref,torsion_raw
3m40_3m40_conf0,0.3277066615140783,1.0,999,21,4,ref,torsion_raw
3m5e_3m5e_conf0,0.410796876844726,1.0,986,23,6,ref,torsion_raw
3m67_3m67_conf0,0.7642759528797561,0.0,996,28,5,ref,torsion_raw
3m96_3m96_conf0,0.853333226253587,0.0,992,25,5,ref,torsion_raw
3mam_3mam_conf0,0.0581740351244589,1.0,934,8,2,ref,torsion_raw
3mdz_3mdz_conf0,0.2512488705918385,1.0,960,16,3,ref,torsion_raw
3mhl_3mhl_conf0,0.4683504511024817,1.0,993,23,6,ref,torsion_raw
3mhm_3mhm_conf0,0.5453886714451103,1.0,994,29,8,ref,torsion_raw
3mho_3mho_conf0,0.3018901784813452,1.0,999,22,5,ref,torsion_raw
3mhw_3mhw_conf0,0.1007133608246364,1.0,1000,10,0,ref,torsion_raw
3miy_3miy_conf0,0.8646052324130614,0.0,531,29,7,ref,torsion_raw
3ml2_3ml2_conf0,0.8168576896992568,0.0,922,27,5,ref,torsion_raw
3ml5_3ml5_conf0,0.3041608062505743,1.0,1000,13,2,ref,torsion_raw
3mmf_3mmf_conf0,0.6449327126683706,1.0,999,22,6,ref,torsion_raw
3mna_3mna_conf0,0.7890747123070551,0.0,992,24,6,ref,torsion_raw
3ms9_3ms9_conf0,0.1114318017940028,1.0,980,12,1,ref,torsion_raw
3myq_3myq_conf0,0.8573213495342157,0.0,997,28,5,ref,torsion_raw
3mzc_3mzc_conf0,0.5185697426587235,1.0,988,19,3,ref,torsion_raw
3n0n_3n0n_conf0,0.5771700924553921,1.0,1000,25,3,ref,torsion_raw
3n2p_3n2p_conf0,0.7100083499198424,1.0,997,23,4,ref,torsion_raw
3n2v_3n2v_conf0,0.6708293448676604,1.0,592,24,7,ref,torsion_raw
3n3j_3n3j_conf0,0.4903626924989142,1.0,859,23,4,ref,torsion_raw
3n4b_3n4b_conf0,0.4373707416594402,1.0,994,21,3,ref,torsion_raw
3n9r_3n9r_conf0,0.8277809284896188,0.0,943,15,7,ref,torsion_raw
3nb5_3nb5_conf0,1.0785595474501513,0.0,832,24,6,ref,torsion_raw
3nee_3nee_conf0,0.4298242069873306,1.0,795,24,6,ref,torsion_raw
3nes_3nes_conf0,0.6434926124962268,1.0,812,24,6,ref,torsion_raw
3ni5_3ni5_conf0,1.1826647975896494,0.0,962,30,11,ref,torsion_raw
3npc_3npc_conf0,0.7500684932448505,0.0,814,39,7,ref,torsion_raw
3o5x_3o5x_conf0,1.1589867331103163,0.0,870,42,8,ref,torsion_raw
3o84_3o84_conf0,0.2666035873605135,1.0,971,25,4,ref,torsion_raw
3o8p_3o8p_conf0,0.3995059498010266,1.0,987,21,2,ref,torsion_raw
3oaf_3oaf_conf0,0.2537610750556921,1.0,980,22,3,ref,torsion_raw
3ocp_3ocp_conf0,0.6400366245956898,1.0,1000,22,1,ref,torsion_raw
3ovn_3ovn_conf0,0.0686335958617712,1.0,1000,12,1,ref,torsion_raw
3oy0_3oy0_conf0,0.8030019672230233,0.0,668,21,5,ref,torsion_raw
3p3r_3p3r_conf0,0.7739271325645306,0.0,945,20,3,ref,torsion_raw
3p3t_3p3t_conf0,0.372995471054135,1.0,896,18,5,ref,torsion_raw
3p58_3p58_conf0,0.6021992315558568,1.0,737,12,2,ref,torsion_raw
3p5l_3p5l_conf0,0.1637626358490002,1.0,1000,17,1,ref,torsion_raw
3pb7_3pb7_conf0,0.8565662451381064,0.0,922,22,7,ref,torsion_raw
3pb8_3pb8_conf0,0.3336647664861841,1.0,982,11,3,ref,torsion_raw
3pb9_3pb9_conf0,0.1138563986965622,1.0,823,12,2,ref,torsion_raw
3pce_3pce_conf0,0.5000217079899278,1.0,956,11,2,ref,torsion_raw
3pcg_3pcg_conf0,0.0684629885044183,1.0,968,11,2,ref,torsion_raw
3pcn_3pcn_conf0,0.4012675907725714,1.0,958,12,2,ref,torsion_raw
3pe1_3pe1_conf0,0.1562681406758003,1.0,979,25,3,ref,torsion_raw
3po6_3po6_conf0,0.1546716048360907,1.0,879,19,3,ref,torsion_raw
3ppm_3ppm_conf0,1.0185141314788178,0.0,821,25,9,ref,torsion_raw
3ppp_3ppp_conf0,0.074561773575244,1.0,928,8,2,ref,torsion_raw
3ppq_3ppq_conf0,0.1493761939792593,1.0,851,7,2,ref,torsion_raw
3pwd_3pwd_conf0,0.079478657470774,1.0,1000,20,1,ref,torsion_raw
3q2j_3q2j_conf0,0.5697564540319704,1.0,734,18,4,ref,torsion_raw
3q6w_3q6w_conf0,0.8276377194701746,0.0,956,39,7,ref,torsion_raw
3qdd_3qdd_conf0,0.2366634709250329,1.0,650,22,3,ref,torsion_raw
3r16_3r16_conf0,0.6260470217263573,1.0,986,19,4,ref,torsion_raw
3r17_3r17_conf0,0.3430757288060566,1.0,993,20,4,ref,torsion_raw
3r4m_3r4m_conf0,0.0505777300297543,1.0,907,16,2,ref,torsion_raw
3r4n_3r4n_conf0,0.8347486505850081,0.0,903,23,5,ref,torsion_raw
3r6u_3r6u_conf0,0.13528339897279,1.0,863,7,2,ref,torsion_raw
3rbu_3rbu_conf0,0.4689251395314217,1.0,955,14,6,ref,torsion_raw
3rf4_3rf4_conf0,0.2724269208324296,1.0,982,21,5,ref,torsion_raw
3rf5_3rf5_conf0,0.2883075890588907,1.0,999,16,4,ref,torsion_raw
3rlb_3rlb_conf0,0.4406403067131464,1.0,801,18,4,ref,torsion_raw
3rlp_3rlp_conf0,0.4601168155179819,1.0,972,18,2,ref,torsion_raw
3rlq_3rlq_conf0,0.1751192260194759,1.0,998,22,2,ref,torsion_raw
3roc_3roc_conf0,0.9406452039588395,0.0,729,31,7,ref,torsion_raw
3ru1_3ru1_conf0,0.5713931597107581,1.0,826,23,5,ref,torsion_raw
3ryv_3ryv_conf0,0.3517929743636064,1.0,964,15,3,ref,torsion_raw
3ryx_3ryx_conf0,0.5267672277648887,1.0,999,21,4,ref,torsion_raw
3ryy_3ryy_conf0,0.5647720463631763,1.0,954,16,4,ref,torsion_raw
3ryz_3ryz_conf0,0.7793428709667045,0.0,991,24,5,ref,torsion_raw
3rz0_3rz0_conf0,0.4512753817439736,1.0,934,17,5,ref,torsion_raw
3rz8_3rz8_conf0,0.6203320890974324,1.0,928,19,7,ref,torsion_raw
3s0b_3s0b_conf0,0.4904224699551283,1.0,975,17,2,ref,torsion_raw
3s0e_3s0e_conf0,0.1569405448446526,1.0,937,12,3,ref,torsion_raw
3s71_3s71_conf0,0.0575723032175967,1.0,1000,13,1,ref,torsion_raw
3s73_3s73_conf0,0.0740237445354674,1.0,1000,13,1,ref,torsion_raw
3s76_3s76_conf0,0.0629304053295824,1.0,1000,9,1,ref,torsion_raw
3s78_3s78_conf0,0.0752744596473536,1.0,1000,9,1,ref,torsion_raw
3std_3std_conf0,0.5576088424182499,1.0,587,28,6,ref,torsion_raw
3sww_3sww_conf0,0.3220103531595409,1.0,663,25,5,ref,torsion_raw
3sxf_3sxf_conf0,0.1450269261537062,1.0,809,26,4,ref,torsion_raw
3t3u_3t3u_conf0,0.4738117430414453,1.0,841,29,4,ref,torsion_raw
3t5u_3t5u_conf0,0.0907233123244592,1.0,992,11,2,ref,torsion_raw
3tf6_3tf6_conf0,0.0382239132621105,1.0,1000,11,1,ref,torsion_raw
3th9_3th9_conf0,1.7299572864255286,0.0,703,34,6,ref,torsion_raw
3u10_3u10_conf0,0.5779433690905262,1.0,1000,22,1,ref,torsion_raw
3u90_3u90_conf0,0.7767714508764967,0.0,964,17,12,ref,torsion_raw
3u92_3u92_conf0,0.5501797531810186,1.0,712,15,4,ref,torsion_raw
3ucj_3ucj_conf0,0.3734778895405312,1.0,1000,13,2,ref,torsion_raw
3udd_3udd_conf0,0.498027204382706,1.0,893,29,7,ref,torsion_raw
3ug2_3ug2_conf0,0.5985159986553451,1.0,874,31,8,ref,torsion_raw
3uj9_3uj9_conf0,0.2220759150835733,1.0,872,11,4,ref,torsion_raw
3ujc_3ujc_conf0,0.1311109116116722,1.0,875,11,4,ref,torsion_raw
3ujd_3ujd_conf0,0.1791807243989595,1.0,865,11,4,ref,torsion_raw
3uod_3uod_conf0,0.5096785316407115,1.0,1000,27,5,ref,torsion_raw
3uu1_3uu1_conf0,0.0512920467128032,1.0,1000,12,1,ref,torsion_raw
3uxk_3uxk_conf0,0.1970883395157995,1.0,1000,10,1,ref,torsion_raw
3v3q_3v3q_conf0,1.2002423107283298,0.0,624,27,13,ref,torsion_raw
3v51_3v51_conf0,0.5915051021702149,1.0,806,32,5,ref,torsion_raw
3v5p_3v5p_conf0,0.5113685032849257,1.0,844,26,4,ref,torsion_raw
3v7x_3v7x_conf0,0.7098359753200472,1.0,910,25,7,ref,torsion_raw
3vbd_3vbd_conf0,0.4435256531941262,1.0,1000,22,3,ref,torsion_raw
3vhk_3vhk_conf0,0.5121007335858984,1.0,983,22,5,ref,torsion_raw
3vw1_3vw1_conf0,0.5532880346192877,1.0,665,28,6,ref,torsion_raw
3w5n_3w5n_conf0,0.8886300372580236,0.0,1000,11,0,ref,torsion_raw
3wha_3wha_conf0,0.6250895479356873,1.0,993,28,6,ref,torsion_raw
3wtn_3wtn_conf0,0.4924359491331226,1.0,866,14,2,ref,torsion_raw
3wto_3wto_conf0,0.304130531742192,1.0,870,14,2,ref,torsion_raw
3zbx_3zbx_conf0,0.9100601578452686,0.0,974,27,3,ref,torsion_raw
3zi8_3zi8_conf0,0.1097358733505508,1.0,1000,10,0,ref,torsion_raw
3zlr_3zlr_conf0,1.3934353633935344,0.0,840,41,10,ref,torsion_raw
3zxz_3zxz_conf0,0.7165074308738607,1.0,967,28,5,ref,torsion_raw
456c_456c_conf0,0.6744641672788458,1.0,358,28,6,ref,torsion_raw
4a4v_4a4v_conf0,0.5758183732452014,1.0,918,22,8,ref,torsion_raw
4a4w_4a4w_conf0,1.067173295417602,0.0,739,30,10,ref,torsion_raw
4a6l_4a6l_conf0,1.2815273764874835,0.0,1000,30,3,ref,torsion_raw
4ab9_4ab9_conf0,0.1524943071169111,1.0,1000,11,1,ref,torsion_raw
4abb_4abb_conf0,0.0827500890388548,1.0,987,11,1,ref,torsion_raw
4abe_4abe_conf0,0.155165910469953,1.0,1000,13,2,ref,torsion_raw
4abf_4abf_conf0,0.0957553029195521,1.0,972,12,1,ref,torsion_raw
4acc_4acc_conf0,0.7583770148487655,0.0,782,31,8,ref,torsion_raw
4aci_4aci_conf0,0.4089288304655952,1.0,970,13,5,ref,torsion_raw
4ag8_4ag8_conf0,0.4918405149242731,1.0,912,28,5,ref,torsion_raw
4ahu_4ahu_conf0,0.078621367441518,1.0,1000,12,1,ref,torsion_raw
4ai5_4ai5_conf0,0.084041457624606,1.0,1000,11,0,ref,torsion_raw
4aia_4aia_conf0,0.0660052763736274,1.0,1000,11,0,ref,torsion_raw
4aj4_4aj4_conf0,0.6797362725688895,1.0,996,21,7,ref,torsion_raw
4aje_4aje_conf0,0.2122346421989736,1.0,906,15,4,ref,torsion_raw
4aji_4aji_conf0,0.6073564080627799,1.0,926,18,6,ref,torsion_raw
4ajl_4ajl_conf0,0.4789194497088253,1.0,985,21,5,ref,torsion_raw
4aoi_4aoi_conf0,1.1482360980535813,0.0,997,27,3,ref,torsion_raw
4ap7_4ap7_conf0,0.1920898275316804,1.0,987,24,3,ref,torsion_raw
4aq4_4aq4_conf0,0.1943751987903025,1.0,978,10,4,ref,torsion_raw
4ara_4ara_conf0,0.917697252062048,0.0,807,25,7,ref,torsion_raw
4asd_4asd_conf0,0.9621677327235952,0.0,864,32,5,ref,torsion_raw
4b32_4b32_conf0,0.0255352917017575,1.0,1000,11,0,ref,torsion_raw
4b33_4b33_conf0,0.0441191292447934,1.0,1000,11,0,ref,torsion_raw
4b3c_4b3c_conf0,0.0478596649792672,1.0,1000,10,0,ref,torsion_raw
4b3d_4b3d_conf0,0.0479216522629644,1.0,1000,10,0,ref,torsion_raw
4b76_4b76_conf0,0.3021738761429123,1.0,959,17,3,ref,torsion_raw
4bck_4bck_conf0,0.8151168549189676,0.0,998,27,5,ref,torsion_raw
4bcm_4bcm_conf0,0.7925332708725912,0.0,758,33,6,ref,torsion_raw
4bco_4bco_conf0,1.271420827343549,0.0,991,33,5,ref,torsion_raw
4bf1_4bf1_conf0,0.4686226720221504,1.0,965,24,3,ref,torsion_raw
4bf6_4bf6_conf0,0.2407325906619958,1.0,1000,22,3,ref,torsion_raw
4bps_4bps_conf0,0.250174720477619,1.0,992,14,4,ref,torsion_raw
4bqg_4bqg_conf0,0.2548291945976074,1.0,858,17,2,ref,torsion_raw
4btk_4btk_conf0,0.177342488637694,1.0,929,22,4,ref,torsion_raw
4cfl_4cfl_conf0,0.1634503529759451,1.0,1000,23,2,ref,torsion_raw
4d7b_4d7b_conf0,0.1157373298956029,1.0,942,20,3,ref,torsion_raw
4der_4der_conf0,0.1838388953009219,1.0,1000,20,1,ref,torsion_raw
4det_4det_conf0,0.2559408529257688,1.0,1000,21,1,ref,torsion_raw
4dff_4dff_conf0,0.3295673927791912,1.0,816,22,3,ref,torsion_raw
4dhl_4dhl_conf0,0.0932898826039463,1.0,1000,15,2,ref,torsion_raw
4dkr_4dkr_conf0,0.8446304405339218,0.0,880,27,3,ref,torsion_raw
4dst_4dst_conf0,0.3611540448913786,1.0,805,15,2,ref,torsion_raw
4dsy_4dsy_conf0,0.0623602731232776,1.0,1000,15,2,ref,torsion_raw
4duh_4duh_conf0,0.6746190957535758,1.0,999,26,6,ref,torsion_raw
4e0x_4e0x_conf0,0.2444864361781052,1.0,724,15,4,ref,torsion_raw
4e3g_4e3g_conf0,0.0643689664170047,1.0,1000,10,1,ref,torsion_raw
4e4l_4e4l_conf0,0.1821289031978328,1.0,315,23,2,ref,torsion_raw
4e70_4e70_conf0,0.1666683902123256,1.0,1000,13,3,ref,torsion_raw
4e9u_4e9u_conf0,0.7206382916588208,1.0,875,19,6,ref,torsion_raw
4ehz_4ehz_conf0,0.4355270661015785,1.0,538,19,1,ref,torsion_raw
4ej8_4ej8_conf0,0.0418994823202791,1.0,1000,12,1,ref,torsion_raw
4ejl_4ejl_conf0,0.1335991605360877,1.0,999,14,3,ref,torsion_raw
4en4_4en4_conf0,0.0935899900369964,1.0,931,13,3,ref,torsion_raw
4f39_4f39_conf0,0.2856113483971947,1.0,730,15,4,ref,torsion_raw
4f6w_4f6w_conf0,1.2700649701755025,0.0,865,47,7,ref,torsion_raw
4f9y_4f9y_conf0,0.5980615446890777,1.0,903,25,3,ref,torsion_raw
4fai_4fai_conf0,0.7716815770363762,0.0,941,22,7,ref,torsion_raw
4fcq_4fcq_conf0,0.1217780874620108,1.0,1000,21,2,ref,torsion_raw
4few_4few_conf0,0.0939965231704492,1.0,847,21,1,ref,torsion_raw
4fht_4fht_conf0,0.028027311865114,1.0,1000,11,1,ref,torsion_raw
4g95_4g95_conf0,0.6376147712268241,1.0,973,22,3,ref,torsion_raw
4ge1_4ge1_conf0,0.1986215868378954,1.0,863,12,2,ref,torsion_raw
4gg7_4gg7_conf0,0.9822138818922048,0.0,995,36,6,ref,torsion_raw
4ghi_4ghi_conf0,0.2033082520148825,1.0,995,21,3,ref,torsion_raw
4gih_4gih_conf0,0.614257547423116,1.0,991,23,4,ref,torsion_raw
4gii_4gii_conf0,0.6384290951968805,1.0,992,25,4,ref,torsion_raw
4gkh_4gkh_conf0,0.1959412978215947,1.0,866,24,1,ref,torsion_raw
4gki_4gki_conf0,0.1370971194139889,1.0,972,25,2,ref,torsion_raw
4gny_4gny_conf0,0.6925674711165348,1.0,963,17,12,ref,torsion_raw
4gqr_4gqr_conf0,0.3081335769329569,1.0,1000,23,1,ref,torsion_raw
4gu6_4gu6_conf0,0.9098745627357008,0.0,831,31,6,ref,torsion_raw
4gu9_4gu9_conf0,0.0887051273216788,1.0,1000,17,2,ref,torsion_raw
4h7q_4h7q_conf0,0.1668936014887214,1.0,939,9,3,ref,torsion_raw
4ht0_4ht0_conf0,1.2000339325748557,0.0,1000,23,3,ref,torsion_raw
4ht2_4ht2_conf0,0.5230413465739897,1.0,1000,23,3,ref,torsion_raw
4hu1_4hu1_conf0,0.4685770969405085,1.0,992,20,4,ref,torsion_raw
4hw3_4hw3_conf0,0.6016829059610195,1.0,819,25,6,ref,torsion_raw
4i7m_4i7m_conf0,0.1387415449895716,1.0,957,10,2,ref,torsion_raw
4i8n_4i8n_conf0,0.9079076165271152,0.0,859,34,7,ref,torsion_raw
4i8x_4i8x_conf0,0.1094099168386084,1.0,1000,15,2,ref,torsion_raw
4i9h_4i9h_conf0,2.0325348829960013,0.0,838,51,17,ref,torsion_raw
4i9u_4i9u_conf0,0.800516431941022,0.0,865,23,6,ref,torsion_raw
4ih3_4ih3_conf0,0.0768533358531541,1.0,1000,12,2,ref,torsion_raw
4ih6_4ih6_conf0,0.2944172689189417,1.0,973,21,3,ref,torsion_raw
4ij1_4ij1_conf0,0.1344848217431809,1.0,995,19,4,ref,torsion_raw
4itp_4itp_conf0,0.4826121942243122,1.0,884,21,5,ref,torsion_raw
4iue_4iue_conf0,0.0502153247881402,1.0,1000,19,1,ref,torsion_raw
4iuo_4iuo_conf0,0.0879744304128663,1.0,1000,13,1,ref,torsion_raw
4iwz_4iwz_conf0,0.587316564476753,1.0,1000,18,4,ref,torsion_raw
4j22_4j22_conf0,0.771927001507715,0.0,878,30,5,ref,torsion_raw
4jh0_4jh0_conf0,0.6919889376225938,1.0,746,27,4,ref,torsion_raw
4jkw_4jkw_conf0,0.4827899646858892,1.0,923,14,6,ref,torsion_raw
4jn2_4jn2_conf0,1.2290837725154806,0.0,773,35,9,ref,torsion_raw
4jsa_4jsa_conf0,0.1058349747665248,1.0,1000,10,1,ref,torsion_raw
4jx9_4jx9_conf0,1.1014019865389415,0.0,989,17,2,ref,torsion_raw
4jyt_4jyt_conf0,1.1636989653127796,0.0,908,40,9,ref,torsion_raw
4jz1_4jz1_conf0,1.2108341968950225,0.0,888,37,9,ref,torsion_raw
4k0y_4k0y_conf0,0.4694842861853513,1.0,996,26,3,ref,torsion_raw
4k3n_4k3n_conf0,0.1890808180706437,1.0,1000,17,3,ref,torsion_raw
4k5p_4k5p_conf0,0.3281802734125764,1.0,970,15,3,ref,torsion_raw
4k6i_4k6i_conf0,0.3675648472891972,1.0,704,26,3,ref,torsion_raw
4k7i_4k7i_conf0,0.0587463715122976,1.0,1000,8,0,ref,torsion_raw
4k7n_4k7n_conf0,0.0374432042185098,1.0,1000,9,0,ref,torsion_raw
4k7o_4k7o_conf0,0.2091718982456415,1.0,1000,12,0,ref,torsion_raw
4k9y_4k9y_conf0,0.6765725311217775,1.0,983,36,4,ref,torsion_raw
4kao_4kao_conf0,0.6090292515319626,1.0,976,32,4,ref,torsion_raw
4kif_4kif_conf0,0.2661871714343365,1.0,993,12,3,ref,torsion_raw
4km0_4km0_conf0,0.1561137399196651,1.0,616,17,2,ref,torsion_raw
4km2_4km2_conf0,0.4471824079942425,1.0,754,21,5,ref,torsion_raw
4kni_4kni_conf0,0.5401744496719803,1.0,952,23,5,ref,torsion_raw
4knj_4knj_conf0,0.5477328662799077,1.0,947,21,5,ref,torsion_raw
4knm_4knm_conf0,0.3979938473901478,1.0,970,23,5,ref,torsion_raw
4knn_4knn_conf0,0.8446496219783713,0.0,964,21,5,ref,torsion_raw
4kp5_4kp5_conf0,0.777958322540667,0.0,960,21,5,ref,torsion_raw
4kp8_4kp8_conf0,0.608931983077235,1.0,992,20,5,ref,torsion_raw
4kwf_4kwf_conf0,0.1292243698041326,1.0,923,18,2,ref,torsion_raw
4kwg_4kwg_conf0,0.0509665560552349,1.0,1000,13,0,ref,torsion_raw
4kyh_4kyh_conf0,1.0702145186663286,0.0,984,29,4,ref,torsion_raw
4kyk_4kyk_conf0,0.6002246683860706,1.0,791,25,4,ref,torsion_raw
4l2l_4l2l_conf0,0.2144618847929793,1.0,819,19,3,ref,torsion_raw
4lko_4lko_conf0,1.346381989623027,0.0,729,25,5,ref,torsion_raw
4llj_4llj_conf0,0.0637884293502117,1.0,1000,11,0,ref,torsion_raw
4llp_4llp_conf0,0.0318962776956176,1.0,1000,9,0,ref,torsion_raw
4lm2_4lm2_conf0,0.090118294976768,1.0,1000,12,1,ref,torsion_raw
4lm3_4lm3_conf0,0.5044616898345264,1.0,1000,13,1,ref,torsion_raw
4loo_4loo_conf0,0.258726233648526,1.0,747,25,3,ref,torsion_raw
4lrr_4lrr_conf0,0.6731703475658333,1.0,965,25,3,ref,torsion_raw
4luz_4luz_conf0,0.9075354244814534,0.0,804,37,8,ref,torsion_raw
4lxd_4lxd_conf0,1.1804602120736818,0.0,560,48,10,ref,torsion_raw
4lxz_4lxz_conf0,0.8142114133122959,0.0,966,19,8,ref,torsion_raw
4ly1_4ly1_conf0,0.4135436155175922,1.0,983,25,4,ref,torsion_raw
4lyw_4lyw_conf0,1.1771074500204397,0.0,519,29,8,ref,torsion_raw
4lzr_4lzr_conf0,2.2302553381002044,0.0,859,29,5,ref,torsion_raw
4m0r_4m0r_conf0,0.4494423427883515,1.0,999,29,7,ref,torsion_raw
4m14_4m14_conf0,0.3348372980222455,1.0,756,26,5,ref,torsion_raw
4m2r_4m2r_conf0,0.6258343515765533,1.0,813,23,7,ref,torsion_raw
4m2v_4m2v_conf0,0.9170819072273484,0.0,810,23,7,ref,torsion_raw
4m6u_4m6u_conf0,0.0665500034829601,1.0,1000,8,2,ref,torsion_raw
4m8e_4m8e_conf0,0.630021619163574,1.0,834,23,4,ref,torsion_raw
4mmm_4mmm_conf0,0.0408391121424889,1.0,1000,14,1,ref,torsion_raw
4mo8_4mo8_conf0,0.3424910583292836,1.0,797,16,5,ref,torsion_raw
4mr3_4mr3_conf0,0.2680690784917792,1.0,957,24,3,ref,torsion_raw
4mr6_4mr6_conf0,0.4437301628271631,1.0,537,27,6,ref,torsion_raw
4mre_4mre_conf0,0.0532088456602964,1.0,1000,9,0,ref,torsion_raw
4mrg_4mrg_conf0,0.0406855301541784,1.0,1000,11,0,ref,torsion_raw
4mrw_4mrw_conf0,0.0212694420706151,1.0,1000,12,0,ref,torsion_raw
4mrz_4mrz_conf0,0.0464908793416891,1.0,1000,11,1,ref,torsion_raw
4msc_4msc_conf0,0.2885260275800885,1.0,980,22,3,ref,torsion_raw
4msn_4msn_conf0,0.0311834893740162,1.0,1000,13,1,ref,torsion_raw
4n9c_4n9c_conf0,0.0424989448739783,1.0,1000,12,1,ref,torsion_raw
4nbl_4nbl_conf0,0.2546732113049174,1.0,998,22,4,ref,torsion_raw
4nl1_4nl1_conf0,0.1413601889901908,1.0,994,13,2,ref,torsion_raw
4np3_4np3_conf0,0.1129849270085832,1.0,783,18,2,ref,torsion_raw
4nuc_4nuc_conf0,0.4503710893061904,1.0,946,27,5,ref,torsion_raw
4nvp_4nvp_conf0,0.1895353667960893,1.0,1000,22,1,ref,torsion_raw
4o09_4o09_conf0,1.03031993330246,0.0,831,28,3,ref,torsion_raw
4o0b_4o0b_conf0,0.8570492188314112,0.0,983,29,2,ref,torsion_raw
4o0x_4o0x_conf0,0.9786144560104032,0.0,1000,26,1,ref,torsion_raw
4o0y_4o0y_conf0,0.9197734983101604,0.0,1000,25,3,ref,torsion_raw
4o2b_4o2b_conf0,2.305602277784349,0.0,857,29,5,ref,torsion_raw
4o2p_4o2p_conf0,1.0706061469759336,0.0,912,34,9,ref,torsion_raw
4o3f_4o3f_conf0,0.6188178532467584,1.0,831,28,4,ref,torsion_raw
4o61_4o61_conf0,0.4636737647962822,1.0,972,13,5,ref,torsion_raw
4oak_4oak_conf0,0.2386715476066321,1.0,965,11,3,ref,torsion_raw
4oct_4oct_conf0,0.3044713313793163,1.0,1000,10,4,ref,torsion_raw
4oks_4oks_conf0,1.1290544994509757,0.0,909,33,7,ref,torsion_raw
4owv_4owv_conf0,0.0536306282279988,1.0,1000,10,1,ref,torsion_raw
4p5z_4p5z_conf0,0.6767907569772171,1.0,967,37,4,ref,torsion_raw
4poh_4poh_conf0,0.4027412785667223,1.0,779,23,4,ref,torsion_raw
4pop_4pop_conf0,0.5278219115076741,1.0,833,17,3,ref,torsion_raw
4pp3_4pp3_conf0,0.3654022072361546,1.0,861,23,4,ref,torsion_raw
4pp5_4pp5_conf0,0.2998187774324421,1.0,837,23,4,ref,torsion_raw
4pvy_4pvy_conf0,0.6893147795923914,1.0,759,26,7,ref,torsion_raw
4q08_4q08_conf0,0.7815150237923684,0.0,794,26,6,ref,torsion_raw
4q09_4q09_conf0,0.908236861215841,0.0,797,28,6,ref,torsion_raw
4q19_4q19_conf0,1.0064537802652451,0.0,952,27,7,ref,torsion_raw
4q7p_4q7p_conf0,0.0809988873923114,1.0,1000,9,0,ref,torsion_raw
4q7s_4q7s_conf0,0.0645911172706148,1.0,1000,9,0,ref,torsion_raw
4q7v_4q7v_conf0,0.0625981228928735,1.0,1000,9,0,ref,torsion_raw
4q7w_4q7w_conf0,0.0682430547437959,1.0,1000,9,0,ref,torsion_raw
4q81_4q81_conf0,0.0544767381299691,1.0,1000,10,0,ref,torsion_raw
4q83_4q83_conf0,0.0667615786818153,1.0,1000,12,0,ref,torsion_raw
4q87_4q87_conf0,0.0744040152756509,1.0,1000,12,0,ref,torsion_raw
4qb3_4qb3_conf0,0.6007832955246677,1.0,746,22,5,ref,torsion_raw
4qem_4qem_conf0,0.0996687064318149,1.0,1000,12,2,ref,torsion_raw
4qer_4qer_conf0,0.2309540041383457,1.0,1000,17,2,ref,torsion_raw
4qjw_4qjw_conf0,0.7288214073592155,1.0,780,27,7,ref,torsion_raw
4qjx_4qjx_conf0,0.666990450789897,1.0,817,27,7,ref,torsion_raw
4qp2_4qp2_conf0,0.0443655978274712,1.0,1000,11,0,ref,torsion_raw
4qsv_4qsv_conf0,0.3840207284120142,1.0,989,17,2,ref,torsion_raw
4qtl_4qtl_conf0,0.7428122029522499,1.0,816,27,7,ref,torsion_raw
4qxo_4qxo_conf0,0.1286120403247986,1.0,1000,21,2,ref,torsion_raw
4r0a_4r0a_conf0,0.3631867286957621,1.0,993,17,2,ref,torsion_raw
4r4c_4r4c_conf0,0.8988342507116017,0.0,818,41,8,ref,torsion_raw
4r4o_4r4o_conf0,1.048401673747971,0.0,783,40,8,ref,torsion_raw
4r4t_4r4t_conf0,1.12988384866926,0.0,795,40,8,ref,torsion_raw
4r76_4r76_conf0,0.3927401497910525,1.0,913,26,5,ref,torsion_raw
4rak_4rak_conf0,0.7355209957589645,1.0,718,35,6,ref,torsion_raw
4rfc_4rfc_conf0,0.6849636191431407,1.0,840,23,7,ref,torsion_raw
4rfd_4rfd_conf0,0.4305573676325628,1.0,927,16,6,ref,torsion_raw
4rj8_4rj8_conf0,0.9207611790863028,0.0,960,29,5,ref,torsion_raw
4rlu_4rlu_conf0,0.2245375092884151,1.0,976,19,3,ref,torsion_raw
4rpn_4rpn_conf0,0.0429703697012649,1.0,1000,12,0,ref,torsion_raw
4rpo_4rpo_conf0,0.0318057206496598,1.0,1000,10,0,ref,torsion_raw
4rqk_4rqk_conf0,0.3621274967364445,1.0,956,23,3,ref,torsion_raw
4rux_4rux_conf0,0.1732590911143503,1.0,935,14,4,ref,torsion_raw
4ruy_4ruy_conf0,0.1753320559310983,1.0,935,14,4,ref,torsion_raw
4ruz_4ruz_conf0,0.1041295704774848,1.0,953,13,3,ref,torsion_raw
4rvr_4rvr_conf0,0.2949234690003586,1.0,831,26,6,ref,torsion_raw
4rwj_4rwj_conf0,0.8417802494387008,0.0,954,34,8,ref,torsion_raw
4tjz_4tjz_conf0,0.4479217396533939,1.0,971,12,7,ref,torsion_raw
4tqn_4tqn_conf0,0.7392298206661639,1.0,893,24,6,ref,torsion_raw
4tte_4tte_conf0,0.6807723221931982,1.0,1000,18,2,ref,torsion_raw
4u1b_4u1b_conf0,0.4339452714048337,1.0,761,13,6,ref,torsion_raw
4u43_4u43_conf0,0.2592725423568821,1.0,1000,16,2,ref,torsion_raw
4u54_4u54_conf0,0.2905571296833846,1.0,997,15,3,ref,torsion_raw
4u69_4u69_conf0,0.284017054081387,1.0,805,11,4,ref,torsion_raw
4u6w_4u6w_conf0,0.5559374092350614,1.0,738,13,6,ref,torsion_raw
4u70_4u70_conf0,0.2323925090624688,1.0,789,13,3,ref,torsion_raw
4u73_4u73_conf0,0.2035516830721948,1.0,932,12,2,ref,torsion_raw
4ucc_4ucc_conf0,0.1024108417904213,1.0,1000,20,4,ref,torsion_raw
4umb_4umb_conf0,0.1233089905730613,1.0,982,10,3,ref,torsion_raw
4unp_4unp_conf0,0.314881485177127,1.0,990,15,2,ref,torsion_raw
4up5_4up5_conf0,0.0192491016646492,1.0,1000,12,1,ref,torsion_raw
4urz_4urz_conf0,0.2889979229851426,1.0,699,17,2,ref,torsion_raw
4uye_4uye_conf0,0.3530762135147146,1.0,851,29,4,ref,torsion_raw
4v24_4v24_conf0,1.2946353026027988,0.0,709,33,9,ref,torsion_raw
4wa9_4wa9_conf0,0.4523779248107634,1.0,903,28,5,ref,torsion_raw
4wkb_4wkb_conf0,0.5430090405395464,1.0,927,20,4,ref,torsion_raw
4wkn_4wkn_conf0,0.6175349305634545,1.0,906,20,4,ref,torsion_raw
4wov_4wov_conf0,0.6316869788998192,1.0,975,28,6,ref,torsion_raw
4wrb_4wrb_conf0,0.6479585605575874,1.0,972,27,6,ref,torsion_raw
4x24_4x24_conf0,0.7121369663751882,1.0,923,20,4,ref,torsion_raw
4x8u_4x8u_conf0,0.0866949621771447,1.0,1000,13,1,ref,torsion_raw
4xip_4xip_conf0,0.2031561338219818,1.0,1000,22,2,ref,torsion_raw
4xiq_4xiq_conf0,0.3854729901048899,1.0,1000,25,1,ref,torsion_raw
4xir_4xir_conf0,0.5924552500074836,1.0,997,29,3,ref,torsion_raw
4xmb_4xmb_conf0,1.621841223350362,0.0,376,42,12,ref,torsion_raw
4y2q_4y2q_conf0,0.1111495504286025,1.0,818,16,1,ref,torsion_raw
4y4j_4y4j_conf0,0.0628489070054227,1.0,993,12,2,ref,torsion_raw
4ygf_4ygf_conf0,0.4053977314395087,1.0,1000,13,2,ref,torsion_raw
4yhm_4yhm_conf0,1.2602236535563762,0.0,750,35,9,ref,torsion_raw
4yho_4yho_conf0,1.2975034507021328,0.0,754,35,9,ref,torsion_raw
4ykk_4ykk_conf0,0.066781236463668,1.0,984,7,2,ref,torsion_raw
4ymq_4ymq_conf0,1.297910535746234,0.0,632,40,10,ref,torsion_raw
4yx4_4yx4_conf0,0.0720828330298932,1.0,1000,10,1,ref,torsion_raw
4yxi_4yxi_conf0,0.0789493126574239,1.0,1000,11,1,ref,torsion_raw
4yyt_4yyt_conf0,0.1629602260633657,1.0,932,13,3,ref,torsion_raw
4yzu_4yzu_conf0,0.5250002249625032,1.0,957,27,5,ref,torsion_raw
4z0q_4z0q_conf0,0.504588494698566,1.0,872,22,2,ref,torsion_raw
4z1e_4z1e_conf0,0.5745874487970725,1.0,846,24,3,ref,torsion_raw
4z1j_4z1j_conf0,0.9596764108608068,0.0,918,22,2,ref,torsion_raw
4z1k_4z1k_conf0,1.0584055495418754,0.0,897,24,2,ref,torsion_raw
4z93_4z93_conf0,0.828490785855571,0.0,989,31,4,ref,torsion_raw
4zbi_4zbi_conf0,0.7477103342250904,1.0,795,29,6,ref,torsion_raw
4zo5_4zo5_conf0,0.6706760624248957,1.0,637,36,7,ref,torsion_raw
4zx3_4zx3_conf0,0.3928213653128726,1.0,841,19,3,ref,torsion_raw
4zx4_4zx4_conf0,0.5282447784635192,1.0,883,27,4,ref,torsion_raw
4zzx_4zzx_conf0,0.3173714728929734,1.0,825,18,5,ref,torsion_raw
4zzz_4zzz_conf0,0.4089633498302694,1.0,834,18,5,ref,torsion_raw
5a5q_5a5q_conf0,0.086833344573809,1.0,977,19,2,ref,torsion_raw
5aan_5aan_conf0,0.8341500255254256,0.0,810,24,3,ref,torsion_raw
5am6_5am6_conf0,0.2724007383283993,1.0,990,29,2,ref,torsion_raw
5am7_5am7_conf0,0.3099669876258171,1.0,983,29,2,ref,torsion_raw
5ant_5ant_conf0,0.4733277381209529,1.0,965,24,7,ref,torsion_raw
5anv_5anv_conf0,0.4751085807913163,1.0,809,27,5,ref,torsion_raw
5aoj_5aoj_conf0,0.1207220805364392,1.0,1000,17,2,ref,torsion_raw
5aut_5aut_conf0,0.1896585431654192,1.0,786,21,3,ref,torsion_raw
5boj_5boj_conf0,0.4658737947886165,1.0,803,18,6,ref,torsion_raw
5btx_5btx_conf0,0.1577865460067851,1.0,1000,22,1,ref,torsion_raw
5c1w_5c1w_conf0,0.1003808097822761,1.0,1000,12,1,ref,torsion_raw
5c2a_5c2a_conf0,0.2578097098636132,1.0,987,20,4,ref,torsion_raw
5c3p_5c3p_conf0,0.1120322687044558,1.0,1000,10,4,ref,torsion_raw
5c5t_5c5t_conf0,0.2343282267564471,1.0,1000,10,4,ref,torsion_raw
5c8n_5c8n_conf0,0.9657727820672184,0.0,547,31,7,ref,torsion_raw
5cap_5cap_conf0,1.066245114695119,0.0,789,29,7,ref,torsion_raw
5cbs_5cbs_conf0,0.8373779088331377,0.0,945,19,4,ref,torsion_raw
5cep_5cep_conf0,0.6969669892693021,1.0,705,25,4,ref,torsion_raw
5cjf_5cjf_conf0,0.2982729695424103,1.0,941,25,4,ref,torsion_raw
5cp5_5cp5_conf0,0.452800296079769,1.0,826,26,4,ref,torsion_raw
5cqt_5cqt_conf0,0.7877306669971187,0.0,750,25,4,ref,torsion_raw
5cs6_5cs6_conf0,0.1234750021755895,1.0,926,13,4,ref,torsion_raw
5csp_5csp_conf0,0.0408481850224631,1.0,1000,11,1,ref,torsion_raw
5cu4_5cu4_conf0,1.2708512345129743,0.0,929,34,11,ref,torsion_raw
5cy9_5cy9_conf0,0.4042959791944762,1.0,785,23,6,ref,torsion_raw
5d0c_5d0c_conf0,0.9409112617440288,0.0,772,29,5,ref,torsion_raw
5d0r_5d0r_conf0,0.1473144705300507,1.0,819,19,2,ref,torsion_raw
5d24_5d24_conf0,1.018312321134086,0.0,850,25,7,ref,torsion_raw
5d25_5d25_conf0,1.0119824982232593,0.0,591,28,7,ref,torsion_raw
5d26_5d26_conf0,0.9978720816323148,0.0,504,29,8,ref,torsion_raw
5d3h_5d3h_conf0,1.1765318737146178,0.0,534,30,9,ref,torsion_raw
5d3j_5d3j_conf0,1.045955962890147,0.0,500,28,8,ref,torsion_raw
5d3l_5d3l_conf0,1.0553071884060616,0.0,621,30,8,ref,torsion_raw
5d3n_5d3n_conf0,1.0583296386255163,0.0,750,26,6,ref,torsion_raw
5d3t_5d3t_conf0,1.03637175369198,0.0,659,25,6,ref,torsion_raw
5d45_5d45_conf0,0.7036926530842592,1.0,737,29,6,ref,torsion_raw
5d47_5d47_conf0,0.9399685579604516,0.0,753,31,7,ref,torsion_raw
5d48_5d48_conf0,0.7013881667122668,1.0,666,34,8,ref,torsion_raw
5dh4_5dh4_conf0,0.1043553664700784,1.0,992,19,3,ref,torsion_raw
5dq8_5dq8_conf0,0.2519121208101818,1.0,998,20,3,ref,torsion_raw
5dqe_5dqe_conf0,0.1789413369332481,1.0,997,17,3,ref,torsion_raw
5dx4_5dx4_conf0,0.3686807427425467,1.0,825,28,5,ref,torsion_raw
5dyo_5dyo_conf0,1.2159191558263571,0.0,1000,25,2,ref,torsion_raw
5e28_5e28_conf0,0.0631635715804414,1.0,1000,17,2,ref,torsion_raw
5e2k_5e2k_conf0,0.0934458264831243,1.0,1000,17,2,ref,torsion_raw
5e2l_5e2l_conf0,0.1316170530048563,1.0,920,12,3,ref,torsion_raw
5e2r_5e2r_conf0,0.2102245387010067,1.0,958,25,4,ref,torsion_raw
5e2s_5e2s_conf0,0.2371445543352606,1.0,642,19,3,ref,torsion_raw
5e73_5e73_conf0,0.7216692376382192,1.0,754,24,2,ref,torsion_raw
5e74_5e74_conf0,0.7976993701816086,0.0,821,33,3,ref,torsion_raw
5e7n_5e7n_conf0,1.0307992598508822,0.0,790,30,6,ref,torsion_raw
5edb_5edb_conf0,0.0751685998939991,1.0,776,21,2,ref,torsion_raw
5edc_5edc_conf0,0.8444584341289257,0.0,676,26,3,ref,torsion_raw
5eei_5eei_conf0,0.823621275414547,0.0,972,19,8,ref,torsion_raw
5ef7_5ef7_conf0,0.9191700128089144,0.0,820,23,6,ref,torsion_raw
5ehr_5ehr_conf0,0.8894345913613865,0.0,926,23,2,ref,torsion_raw
5eis_5eis_conf0,0.3706639706282451,1.0,915,21,3,ref,torsion_raw
5elw_5elw_conf0,0.4523611712054715,1.0,918,13,4,ref,torsion_raw
5ep7_5ep7_conf0,0.5859770268607365,1.0,970,20,3,ref,torsion_raw
5eq1_5eq1_conf0,0.0893386488690363,1.0,1000,13,0,ref,torsion_raw
5etb_5etb_conf0,0.1261361017780731,1.0,1000,13,1,ref,torsion_raw
5eu1_5eu1_conf0,0.2856355887555081,1.0,823,26,5,ref,torsion_raw
5ewk_5ewk_conf0,0.5071013462329829,1.0,920,22,3,ref,torsion_raw
5f1h_5f1h_conf0,0.4365356730955312,1.0,710,26,5,ref,torsion_raw
5f25_5f25_conf0,0.1134616250843641,1.0,1000,18,2,ref,torsion_raw
5f2p_5f2p_conf0,0.0393702182451792,1.0,1000,15,1,ref,torsion_raw
5fbi_5fbi_conf0,0.5545353350220477,1.0,956,23,5,ref,torsion_raw
5fdc_5fdc_conf0,0.653802367119266,1.0,969,15,3,ref,torsion_raw
5fe7_5fe7_conf0,0.3326304685930339,1.0,962,14,2,ref,torsion_raw
5fl4_5fl4_conf0,0.5937583111337607,1.0,963,24,3,ref,torsion_raw
5fl5_5fl5_conf0,0.2915169496669871,1.0,1000,22,4,ref,torsion_raw
5fl6_5fl6_conf0,0.2225261967528604,1.0,1000,21,3,ref,torsion_raw
5flt_5flt_conf0,0.6682761258411635,1.0,881,16,3,ref,torsion_raw
5g1z_5g1z_conf0,1.1970710954191233,0.0,493,22,6,ref,torsion_raw
5g2b_5g2b_conf0,0.8129537121455717,0.0,890,39,7,ref,torsion_raw
5gj9_5gj9_conf0,0.041288533331234,1.0,1000,9,1,ref,torsion_raw
5gja_5gja_conf0,0.0603482949508682,1.0,1000,9,1,ref,torsion_raw
5gmh_5gmh_conf0,0.3145038144623801,1.0,759,23,5,ref,torsion_raw
5gmn_5gmn_conf0,0.2717619622044641,1.0,817,25,3,ref,torsion_raw
5gsa_5gsa_conf0,0.6495103258475013,1.0,997,26,5,ref,torsion_raw
5h1u_5h1u_conf0,0.0859791431123151,1.0,1000,13,1,ref,torsion_raw
5h85_5h85_conf0,0.8560490877778223,0.0,991,22,3,ref,torsion_raw
5ha1_5ha1_conf0,0.3702074333166054,1.0,909,21,5,ref,torsion_raw
5hbs_5hbs_conf0,0.291166933432314,1.0,922,21,5,ref,torsion_raw
5hcv_5hcv_conf0,0.6460435515301799,1.0,529,28,1,ref,torsion_raw
5hcy_5hcy_conf0,1.125390398115575,0.0,958,39,8,ref,torsion_raw
5his_5his_conf0,0.0759829251458959,1.0,1000,9,1,ref,torsion_raw
5hrv_5hrv_conf0,0.0510148055716662,1.0,747,16,1,ref,torsion_raw
5hvs_5hvs_conf0,0.912490026974429,0.0,872,33,5,ref,torsion_raw
5hz5_5hz5_conf0,0.1539006679368342,1.0,595,28,3,ref,torsion_raw
5hz8_5hz8_conf0,0.1949068030593671,1.0,670,27,3,ref,torsion_raw
5hz9_5hz9_conf0,0.0669096533030698,1.0,769,21,2,ref,torsion_raw
5i29_5i29_conf0,0.1770431727718813,1.0,915,22,2,ref,torsion_raw
5i3a_5i3a_conf0,0.0201683602112197,1.0,1000,8,0,ref,torsion_raw
5i3x_5i3x_conf0,1.56328259378608,0.0,892,44,9,ref,torsion_raw
5i3y_5i3y_conf0,0.97973264888182,0.0,597,46,11,ref,torsion_raw
5i7x_5i7x_conf0,0.1490616678198883,1.0,930,22,2,ref,torsion_raw
5i7y_5i7y_conf0,0.2887920312103048,1.0,861,25,4,ref,torsion_raw
5i80_5i80_conf0,0.3557303912731405,1.0,929,22,2,ref,torsion_raw
5i88_5i88_conf0,0.7276685495703094,1.0,865,25,4,ref,torsion_raw
5i9y_5i9y_conf0,1.1877830862809085,0.0,939,33,7,ref,torsion_raw
5ia0_5ia0_conf0,2.3977636555506456,0.0,873,37,6,ref,torsion_raw
5ia1_5ia1_conf0,2.377088158015686,0.0,864,34,4,ref,torsion_raw
5ia2_5ia2_conf0,0.7919112836527267,0.0,936,31,3,ref,torsion_raw
5ia3_5ia3_conf0,0.7724310529072761,0.0,1000,29,4,ref,torsion_raw
5ia4_5ia4_conf0,1.3008552734157903,0.0,775,46,12,ref,torsion_raw
5ie1_5ie1_conf0,1.0432172780244295,0.0,630,29,6,ref,torsion_raw
5ih9_5ih9_conf0,0.4225683258553172,1.0,927,32,6,ref,torsion_raw
5ihh_5ihh_conf0,0.447138987589978,1.0,1000,22,2,ref,torsion_raw
5ii2_5ii2_conf0,0.0667287703833783,1.0,1000,21,1,ref,torsion_raw
5ikb_5ikb_conf0,0.4871832663853383,1.0,697,15,4,ref,torsion_raw
5ime_5ime_conf0,0.642256352932383,1.0,951,32,6,ref,torsion_raw
5ivc_5ivc_conf0,0.8209346029568009,0.0,922,26,6,ref,torsion_raw
5ive_5ive_conf0,0.0727493080154202,1.0,916,16,1,ref,torsion_raw
5ivv_5ivv_conf0,0.2098391301661814,1.0,1000,20,3,ref,torsion_raw
5ivy_5ivy_conf0,0.3103521988643591,1.0,948,20,4,ref,torsion_raw
5iwg_5iwg_conf0,0.5778555365464855,1.0,946,23,3,ref,torsion_raw
5j27_5j27_conf0,0.3852894761882479,1.0,725,29,6,ref,torsion_raw
5j2x_5j2x_conf0,0.1333825061192105,1.0,886,22,2,ref,torsion_raw
5j64_5j64_conf0,0.1208704886884311,1.0,868,21,2,ref,torsion_raw
5j6l_5j6l_conf0,0.6033719572887699,1.0,824,29,6,ref,torsion_raw
5j6m_5j6m_conf0,0.764961197078696,0.0,801,31,5,ref,torsion_raw
5j6n_5j6n_conf0,0.4880275916492949,1.0,704,29,6,ref,torsion_raw
5j7q_5j7q_conf0,0.1168157781345495,1.0,1000,17,1,ref,torsion_raw
5j82_5j82_conf0,0.4793759204253867,1.0,753,29,5,ref,torsion_raw
5j86_5j86_conf0,0.7628394362103859,0.0,701,31,5,ref,torsion_raw
5j8m_5j8m_conf0,0.1715051974897068,1.0,891,22,2,ref,torsion_raw
5j8u_5j8u_conf0,0.1497572748423139,1.0,881,21,2,ref,torsion_raw
5j8z_5j8z_conf0,0.9858855347510216,0.0,918,32,6,ref,torsion_raw
5ji8_5ji8_conf0,0.3504887746134664,1.0,1000,13,1,ref,torsion_raw
5jq5_5jq5_conf0,0.7799061275527323,0.0,961,29,7,ref,torsion_raw
5jsj_5jsj_conf0,1.7483085657332522,0.0,677,50,13,ref,torsion_raw
5jy3_5jy3_conf0,1.1189953772031516,0.0,619,40,7,ref,torsion_raw
5k8s_5k8s_conf0,0.2957309531609823,1.0,1000,22,1,ref,torsion_raw
5k9w_5k9w_conf0,0.2571508289882201,1.0,1000,18,2,ref,torsion_raw
5ka1_5ka1_conf0,0.2693449105977637,1.0,1000,18,2,ref,torsion_raw
5ka7_5ka7_conf0,0.2884509096801277,1.0,1000,18,2,ref,torsion_raw
5ka9_5ka9_conf0,0.3287202837062158,1.0,1000,18,2,ref,torsion_raw
5kad_5kad_conf0,0.3817605833848761,1.0,1000,18,2,ref,torsion_raw
5kh3_5kh3_conf0,0.2137001848957903,1.0,1000,15,3,ref,torsion_raw
5l3a_5l3a_conf0,0.2807902261918417,1.0,862,14,2,ref,torsion_raw
5l4i_5l4i_conf0,0.1876799505911768,1.0,996,18,3,ref,torsion_raw
5l4j_5l4j_conf0,0.0278716164539884,1.0,800,17,2,ref,torsion_raw
5l4m_5l4m_conf0,0.1082174881348039,1.0,1000,14,3,ref,torsion_raw
5l8a_5l8a_conf0,1.337906271205388,0.0,554,35,8,ref,torsion_raw
5ld8_5ld8_conf0,0.4984159836366837,1.0,801,18,5,ref,torsion_raw
5ljq_5ljq_conf0,0.6642729041451743,1.0,985,23,5,ref,torsion_raw
5ljt_5ljt_conf0,0.5869860501823378,1.0,982,23,5,ref,torsion_raw
5llc_5llc_conf0,1.1159338949178252,0.0,800,26,6,ref,torsion_raw
5llg_5llg_conf0,0.2603398564521091,1.0,967,14,4,ref,torsion_raw
5llh_5llh_conf0,0.6790500777368074,1.0,1000,24,3,ref,torsion_raw
5lny_5lny_conf0,0.7929604946906869,0.0,821,34,4,ref,torsion_raw
5ltn_5ltn_conf0,0.4324172003027371,1.0,999,14,4,ref,torsion_raw
5lvq_5lvq_conf0,0.1988067278087553,1.0,753,17,3,ref,torsion_raw
5lvr_5lvr_conf0,0.0864367818444024,1.0,1000,15,2,ref,torsion_raw
5lz4_5lz4_conf0,0.3633052324867727,1.0,943,20,4,ref,torsion_raw
5lz5_5lz5_conf0,0.3718378873853556,1.0,955,25,5,ref,torsion_raw
5meh_5meh_conf0,1.0070705147160228,0.0,999,11,1,ref,torsion_raw
5mg2_5mg2_conf0,0.5462274297504881,1.0,714,32,4,ref,torsion_raw
5mgf_5mgf_conf0,0.6419943835065335,1.0,1000,13,3,ref,torsion_raw
5mgk_5mgk_conf0,0.51830023912467,1.0,1000,13,3,ref,torsion_raw
5mme_5mme_conf0,0.4840004615755111,1.0,875,27,7,ref,torsion_raw
5mnn_5mnn_conf0,0.0769561847993308,1.0,1000,9,0,ref,torsion_raw
5mod_5mod_conf0,0.5738637139497126,1.0,772,13,3,ref,torsion_raw
5mpz_5mpz_conf0,0.2713451650566402,1.0,1000,14,1,ref,torsion_raw
5mqe_5mqe_conf0,0.109981689078816,1.0,1000,10,1,ref,torsion_raw
5msb_5msb_conf0,0.3037746216751467,1.0,987,20,4,ref,torsion_raw
5mwh_5mwh_conf0,0.3854411687623335,1.0,632,34,6,ref,torsion_raw
5my8_5my8_conf0,0.4632925626339579,1.0,747,37,6,ref,torsion_raw
5mz8_5mz8_conf0,0.0861616012043098,1.0,1000,8,3,ref,torsion_raw
5n0e_5n0e_conf0,0.4571857936182015,1.0,872,30,3,ref,torsion_raw
5n1s_5n1s_conf0,0.2598886603335487,1.0,1000,19,2,ref,torsion_raw
5n24_5n24_conf0,0.1484183670877671,1.0,1000,18,2,ref,torsion_raw
5n25_5n25_conf0,0.1865066186185608,1.0,1000,16,2,ref,torsion_raw
5n84_5n84_conf0,0.4431007939802259,1.0,984,26,6,ref,torsion_raw
5n93_5n93_conf0,0.2612678026661952,1.0,993,24,4,ref,torsion_raw
5n9r_5n9r_conf0,0.9305967027738256,0.0,659,30,5,ref,torsion_raw
5nbw_5nbw_conf0,0.0289496549620802,1.0,1000,21,0,ref,torsion_raw
5nea_5nea_conf0,0.2412429401730785,1.0,1000,16,2,ref,torsion_raw
5nee_5nee_conf0,0.5190630479490805,1.0,1000,22,3,ref,torsion_raw
5ngz_5ngz_conf0,0.0440348692809617,1.0,1000,11,1,ref,torsion_raw
5nlk_5nlk_conf0,1.189610752868877,0.0,899,33,8,ref,torsion_raw
5nxi_5nxi_conf0,0.6507572730162109,1.0,901,21,4,ref,torsion_raw
5ny1_5ny1_conf0,0.6625542579429522,1.0,980,26,4,ref,torsion_raw
5ny3_5ny3_conf0,0.7204347286584473,1.0,903,23,5,ref,torsion_raw
5nya_5nya_conf0,0.0597578947489061,1.0,1000,10,1,ref,torsion_raw
5o07_5o07_conf0,0.4665598261034099,1.0,849,16,5,ref,torsion_raw
5o1d_5o1d_conf0,0.2807100767167899,1.0,891,20,5,ref,torsion_raw
5o1f_5o1f_conf0,0.3044196680200062,1.0,898,21,6,ref,torsion_raw
5o1h_5o1h_conf0,0.3646739689615881,1.0,943,20,5,ref,torsion_raw
5o2d_5o2d_conf0,0.9323083363364132,0.0,774,24,3,ref,torsion_raw
5o5a_5o5a_conf0,0.705695467459349,1.0,671,30,5,ref,torsion_raw
5oh3_5oh3_conf0,0.3108463576048768,1.0,951,10,1,ref,torsion_raw
5oku_5oku_conf0,0.2251395728589526,1.0,992,10,5,ref,torsion_raw
5op4_5op4_conf0,0.6036339360590902,1.0,847,31,6,ref,torsion_raw
5op5_5op5_conf0,0.2690565382589924,1.0,969,23,2,ref,torsion_raw
5oq8_5oq8_conf0,0.6319215667140743,1.0,920,30,6,ref,torsion_raw
5oqu_5oqu_conf0,0.5290754765334911,1.0,961,17,3,ref,torsion_raw
5orh_5orh_conf0,0.5682540750025569,1.0,739,16,2,ref,torsion_raw
5orj_5orj_conf0,0.0853378359054334,1.0,713,17,3,ref,torsion_raw
5ork_5ork_conf0,0.5160445068634791,1.0,1000,16,2,ref,torsion_raw
5orv_5orv_conf0,0.2298597253688314,1.0,853,11,3,ref,torsion_raw
5os5_5os5_conf0,0.1463519362538637,1.0,830,15,2,ref,torsion_raw
5os7_5os7_conf0,0.2335447795143134,1.0,698,18,3,ref,torsion_raw
5ov8_5ov8_conf0,0.6272924084649776,1.0,789,33,6,ref,torsion_raw
5qa8_5qa8_conf0,0.0492668027865879,1.0,1000,16,2,ref,torsion_raw
5qal_5qal_conf0,0.1079395482378111,1.0,1000,18,3,ref,torsion_raw
5qay_5qay_conf0,0.0960742597592141,1.0,883,15,2,ref,torsion_raw
5sym_5sym_conf0,0.6370738247394993,1.0,979,28,4,ref,torsion_raw
5sz0_5sz0_conf0,0.1923457141573542,1.0,1000,16,2,ref,torsion_raw
5sz1_5sz1_conf0,0.2035700033069069,1.0,725,17,2,ref,torsion_raw
5sz2_5sz2_conf0,0.14309900708267,1.0,1000,18,3,ref,torsion_raw
5sz3_5sz3_conf0,0.2795459710031669,1.0,1000,20,2,ref,torsion_raw
5sz4_5sz4_conf0,0.1370255890717629,1.0,1000,16,2,ref,torsion_raw
5sz5_5sz5_conf0,0.2070364439853196,1.0,709,17,2,ref,torsion_raw
5sz6_5sz6_conf0,0.2703720021148612,1.0,1000,18,3,ref,torsion_raw
5sz7_5sz7_conf0,0.1653763656417681,1.0,1000,20,2,ref,torsion_raw
5t8o_5t8o_conf0,0.5237560969518135,1.0,1000,23,1,ref,torsion_raw
5t8p_5t8p_conf0,0.0896588135976089,1.0,1000,17,1,ref,torsion_raw
5tcy_5tcy_conf0,1.205475245409819,0.0,862,27,8,ref,torsion_raw
5tt3_5tt3_conf0,0.4007949040987329,1.0,959,16,3,ref,torsion_raw
5u11_5u11_conf0,0.2535221745301184,1.0,996,17,3,ref,torsion_raw
5u12_5u12_conf0,0.2612298394117113,1.0,996,20,3,ref,torsion_raw
5u28_5u28_conf0,0.2511794600634779,1.0,1000,26,2,ref,torsion_raw
5u49_5u49_conf0,0.1767389745107118,1.0,1000,18,2,ref,torsion_raw
5u4b_5u4b_conf0,0.1756979736001891,1.0,1000,18,3,ref,torsion_raw
5u4d_5u4d_conf0,0.4177634479307997,1.0,1000,19,3,ref,torsion_raw
5uez_5uez_conf0,0.2052386224900778,1.0,764,23,4,ref,torsion_raw
5uf0_5uf0_conf0,0.0814270770842204,1.0,843,16,2,ref,torsion_raw
5ufp_5ufp_conf0,0.5177961221706472,1.0,796,28,4,ref,torsion_raw
5ula_5ula_conf0,0.7264488209123263,1.0,968,26,5,ref,torsion_raw
5uln_5uln_conf0,0.3500435497875787,1.0,982,21,3,ref,torsion_raw
5uoo_5uoo_conf0,0.1453492303861099,1.0,791,33,3,ref,torsion_raw
5ut6_5ut6_conf0,0.2018329401043003,1.0,1000,23,4,ref,torsion_raw
5v82_5v82_conf0,0.2560377548564564,1.0,1000,30,3,ref,torsion_raw
5vcv_5vcv_conf0,1.0355630420087123,0.0,937,33,7,ref,torsion_raw
5vcw_5vcw_conf0,0.7316044958238345,1.0,808,33,8,ref,torsion_raw
5vd0_5vd0_conf0,0.615570793221943,1.0,949,37,7,ref,torsion_raw
5vd1_5vd1_conf0,0.3597891583924679,1.0,917,34,4,ref,torsion_raw
5vd2_5vd2_conf0,0.7595456350073657,0.0,990,34,6,ref,torsion_raw
5vja_5vja_conf0,0.7532457759033062,0.0,954,23,4,ref,torsion_raw
5vkc_5vkc_conf0,2.468841455230472,0.0,761,57,13,ref,torsion_raw
5vl2_5vl2_conf0,0.2374699265041388,1.0,995,19,2,ref,torsion_raw
5vm0_5vm0_conf0,0.2381246284730622,1.0,992,19,2,ref,torsion_raw
5vyy_5vyy_conf0,0.5847275637329585,1.0,807,27,6,ref,torsion_raw
5w1e_5w1e_conf0,0.0375779618595186,1.0,1000,10,1,ref,torsion_raw
5wbo_5wbo_conf0,0.3679030697780472,1.0,1000,16,1,ref,torsion_raw
5wcm_5wcm_conf0,0.1177981273233023,1.0,1000,13,2,ref,torsion_raw
5wgp_5wgp_conf0,0.399832191410079,1.0,1000,10,0,ref,torsion_raw
5wij_5wij_conf0,0.7901664675048012,0.0,738,31,8,ref,torsion_raw
5win_5win_conf0,0.5073355054495834,1.0,1000,27,4,ref,torsion_raw
5wqc_5wqc_conf0,1.3789860341149738,0.0,550,32,9,ref,torsion_raw
5wuk_5wuk_conf0,0.4564789958335555,1.0,999,26,5,ref,torsion_raw
5wyx_5wyx_conf0,0.3485258528470659,1.0,1000,19,2,ref,torsion_raw
5wyz_5wyz_conf0,0.2705984902277032,1.0,670,19,1,ref,torsion_raw
5xmx_5xmx_conf0,0.8306154281058339,0.0,676,32,10,ref,torsion_raw
5xpi_5xpi_conf0,0.5254333883095192,1.0,685,26,8,ref,torsion_raw
5y12_5y12_conf0,0.7080403007760177,1.0,588,23,8,ref,torsion_raw
5y13_5y13_conf0,0.6452418220270759,1.0,734,22,7,ref,torsion_raw
5y8y_5y8y_conf0,0.2761229062336612,1.0,959,25,5,ref,torsion_raw
5y94_5y94_conf0,0.2750672797525716,1.0,938,25,5,ref,torsion_raw
5ya5_5ya5_conf0,0.3182127540183059,1.0,983,26,4,ref,torsion_raw
5yas_5yas_conf0,0.085630257255953,1.0,1000,11,0,ref,torsion_raw
5yl2_5yl2_conf0,0.4639374192034903,1.0,780,27,5,ref,torsion_raw
5z7b_5z7b_conf0,0.0897705877865906,1.0,1000,12,2,ref,torsion_raw
5za7_5za7_conf0,0.4332993530759682,1.0,993,21,2,ref,torsion_raw
5za8_5za8_conf0,0.5227750421770524,1.0,783,26,3,ref,torsion_raw
5za9_5za9_conf0,0.5781669721701296,1.0,880,29,3,ref,torsion_raw
5zae_5zae_conf0,0.5017261142277544,1.0,850,25,3,ref,torsion_raw
5zag_5zag_conf0,0.6055611446782113,1.0,787,26,3,ref,torsion_raw
5zaj_5zaj_conf0,1.2649320893187883,0.0,830,30,5,ref,torsion_raw
5zc5_5zc5_conf0,0.8327062820003398,0.0,903,30,3,ref,torsion_raw
5zni_5zni_conf0,0.284674383628829,1.0,704,26,2,ref,torsion_raw
6abx_6abx_conf0,0.37927251739009,1.0,971,13,5,ref,torsion_raw
6ajv_6ajv_conf0,0.2235385439160048,1.0,980,19,4,ref,torsion_raw
6ajz_6ajz_conf0,2.15011068784292,0.0,865,29,5,ref,torsion_raw
6ayq_6ayq_conf0,0.6123628035731493,1.0,923,20,4,ref,torsion_raw
6b1k_6b1k_conf0,0.6930361209925938,1.0,1000,24,2,ref,torsion_raw
6b4d_6b4d_conf0,0.1150627643303094,1.0,947,20,3,ref,torsion_raw
6b4l_6b4l_conf0,0.6405631801918976,1.0,798,26,6,ref,torsion_raw
6b4u_6b4u_conf0,0.9561370005691242,0.0,493,41,10,ref,torsion_raw
6b59_6b59_conf0,0.8662439429375737,0.0,861,26,6,ref,torsion_raw
6b7b_6b7b_conf0,0.0468298480243969,1.0,1000,12,1,ref,torsion_raw
6b98_6b98_conf0,0.2503923761874061,1.0,1000,13,1,ref,torsion_raw
6c7q_6c7q_conf0,1.0149307270198296,0.0,962,34,4,ref,torsion_raw
6c7w_6c7w_conf0,0.7944955810302335,0.0,995,23,4,ref,torsion_raw
6cbg_6cbg_conf0,0.0577904122401369,1.0,1000,14,2,ref,torsion_raw
6ce6_6ce6_conf0,0.5003435469803377,1.0,1000,22,6,ref,torsion_raw
6ced_6ced_conf0,0.2002041085396226,1.0,950,17,3,ref,torsion_raw
6cjs_6cjs_conf0,0.5903792249127933,1.0,690,34,7,ref,torsion_raw
6ckr_6ckr_conf0,0.7529756727589705,0.0,774,29,4,ref,torsion_raw
6cks_6cks_conf0,1.0127699742282377,0.0,831,31,5,ref,torsion_raw
6cn5_6cn5_conf0,0.859974318757018,0.0,906,35,4,ref,torsion_raw
6csp_6csp_conf0,0.1579672216744432,1.0,1000,10,1,ref,torsion_raw
6csq_6csq_conf0,0.107744089455097,1.0,1000,10,1,ref,torsion_raw
6csr_6csr_conf0,0.0862857992183715,1.0,1000,10,1,ref,torsion_raw
6css_6css_conf0,0.2060767989991986,1.0,1000,9,1,ref,torsion_raw
6d15_6d15_conf0,0.6127486584303492,1.0,879,18,2,ref,torsion_raw
6d16_6d16_conf0,0.4258853149364237,1.0,836,18,3,ref,torsion_raw
6d17_6d17_conf0,0.3932220150832405,1.0,899,19,2,ref,torsion_raw
6d18_6d18_conf0,0.1597937909136007,1.0,640,18,2,ref,torsion_raw
6d19_6d19_conf0,0.427507291127759,1.0,799,18,2,ref,torsion_raw
6d1a_6d1a_conf0,0.1658281146022539,1.0,853,18,2,ref,torsion_raw
6d1b_6d1b_conf0,0.2233787811365159,1.0,858,18,3,ref,torsion_raw
6d1d_6d1d_conf0,0.1586558301011257,1.0,635,18,2,ref,torsion_raw
6d1g_6d1g_conf0,0.4818261131912362,1.0,799,18,2,ref,torsion_raw
6d1h_6d1h_conf0,0.126258060363118,1.0,848,16,2,ref,torsion_raw
6d1i_6d1i_conf0,0.166087190979725,1.0,864,17,2,ref,torsion_raw
6d1j_6d1j_conf0,0.112850942800247,1.0,621,18,2,ref,torsion_raw
6d1k_6d1k_conf0,0.3820995068977921,1.0,956,15,2,ref,torsion_raw
6d55_6d55_conf0,0.9479345617923602,0.0,931,34,4,ref,torsion_raw
6d56_6d56_conf0,1.089307279485303,0.0,913,34,4,ref,torsion_raw
6d5e_6d5e_conf0,1.252598462117089,0.0,719,33,5,ref,torsion_raw
6d5g_6d5g_conf0,1.1929750342150205,0.0,710,32,4,ref,torsion_raw
6d5h_6d5h_conf0,1.6949566933183084,0.0,738,33,4,ref,torsion_raw
6d5j_6d5j_conf0,1.1881344053041922,0.0,733,26,3,ref,torsion_raw
6dar_6dar_conf0,1.39543614143924,0.0,790,30,7,ref,torsion_raw
6dd0_6dd0_conf0,0.528336507303036,1.0,864,18,2,ref,torsion_raw
6dl2_6dl2_conf0,0.6739797464941408,1.0,841,22,2,ref,torsion_raw
6dq4_6dq4_conf0,0.8521371347521092,0.0,1000,29,6,ref,torsion_raw
6dyn_6dyn_conf0,0.3506162527722215,1.0,964,8,2,ref,torsion_raw
6dyr_6dyr_conf0,0.2897703963722228,1.0,979,13,5,ref,torsion_raw
6dzx_6dzx_conf0,0.3112376825954276,1.0,823,9,4,ref,torsion_raw
6e1z_6e1z_conf0,0.4568852745133149,1.0,1000,14,3,ref,torsion_raw
6ebe_6ebe_conf0,0.4040372523694408,1.0,993,28,4,ref,torsion_raw
6ecz_6ecz_conf0,0.7703109113203707,0.0,1000,29,4,ref,torsion_raw
6eed_6eed_conf0,0.5452998197129,1.0,866,30,6,ref,torsion_raw
6eeo_6eeo_conf0,0.4261403276084342,1.0,993,26,4,ref,torsion_raw
6eif_6eif_conf0,0.2316788913280874,1.0,1000,25,3,ref,torsion_raw
6eiq_6eiq_conf0,0.6705363450812198,1.0,907,30,6,ref,torsion_raw
6eis_6eis_conf0,0.664310825504948,1.0,961,31,2,ref,torsion_raw
6eiz_6eiz_conf0,0.5174827447795918,1.0,712,16,7,ref,torsion_raw
6el5_6el5_conf0,0.8086472256182364,0.0,777,30,8,ref,torsion_raw
6elp_6elp_conf0,0.6822463053479381,1.0,900,28,5,ref,torsion_raw
6ep4_6ep4_conf0,0.7863051098657821,0.0,746,18,11,ref,torsion_raw
6epa_6epa_conf0,0.5887680355349444,1.0,814,26,5,ref,torsion_raw
6eq2_6eq2_conf0,0.0678133084442616,1.0,1000,10,0,ref,torsion_raw
6eq3_6eq3_conf0,0.0338866612281048,1.0,1000,16,2,ref,torsion_raw
6eq5_6eq5_conf0,0.0375862256121586,1.0,1000,10,0,ref,torsion_raw
6eq7_6eq7_conf0,0.0733658785915238,1.0,1000,17,1,ref,torsion_raw
6eqp_6eqp_conf0,0.4112909401549914,1.0,446,22,5,ref,torsion_raw
6ey8_6ey8_conf0,1.085627359023526,0.0,696,29,5,ref,torsion_raw
6ey9_6ey9_conf0,1.0218363019324046,0.0,709,30,5,ref,torsion_raw
6eya_6eya_conf0,1.2107827258853556,0.0,863,31,4,ref,torsion_raw
6f20_6f20_conf0,0.3802982508060147,1.0,989,14,2,ref,torsion_raw
6f3b_6f3b_conf0,0.8974277967961213,0.0,944,23,4,ref,torsion_raw
6faf_6faf_conf0,0.7372949794239216,1.0,984,23,3,ref,torsion_raw
6fag_6fag_conf0,0.8526965542485024,0.0,871,23,4,ref,torsion_raw
6fba_6fba_conf0,0.0414794595050834,1.0,1000,12,0,ref,torsion_raw
6fe0_6fe0_conf0,0.91109466306004,0.0,777,26,6,ref,torsion_raw
6fe1_6fe1_conf0,0.9517575750204058,0.0,797,28,6,ref,torsion_raw
6fnf_6fnf_conf0,0.9990815377746592,0.0,979,37,5,ref,torsion_raw
6fni_6fni_conf0,1.0950322558744603,0.0,984,37,5,ref,torsion_raw
6fo5_6fo5_conf0,0.8627552521059388,0.0,787,37,7,ref,torsion_raw
6fs1_6fs1_conf0,1.2797982884204449,0.0,485,43,11,ref,torsion_raw
6fsy_6fsy_conf0,0.817841394424964,0.0,846,22,3,ref,torsion_raw
6ftz_6ftz_conf0,0.6265463854055657,1.0,976,23,4,ref,torsion_raw
6fuj_6fuj_conf0,0.8079580171127293,0.0,966,21,5,ref,torsion_raw
6fz4_6fz4_conf0,0.4605858201070315,1.0,951,27,2,ref,torsion_raw
6g27_6g27_conf0,0.1094355290486033,1.0,772,20,2,ref,torsion_raw
6g2b_6g2b_conf0,0.1174653680093963,1.0,770,18,2,ref,torsion_raw
6g2o_6g2o_conf0,0.204638965854168,1.0,728,27,3,ref,torsion_raw
6g34_6g34_conf0,0.7417029782897685,1.0,1000,20,2,ref,torsion_raw
6g39_6g39_conf0,0.7255037496628225,1.0,1000,20,2,ref,torsion_raw
6g3a_6g3a_conf0,0.7362707365178969,1.0,1000,20,2,ref,torsion_raw
6g5l_6g5l_conf0,0.6806394193426605,1.0,784,24,6,ref,torsion_raw
6g5u_6g5u_conf0,0.6341798809058627,1.0,914,19,5,ref,torsion_raw
6g6t_6g6t_conf0,0.3860785764987985,1.0,915,19,5,ref,torsion_raw
6g7a_6g7a_conf0,0.6694154732434446,1.0,863,25,7,ref,torsion_raw
6g9i_6g9i_conf0,0.5118384989583079,1.0,693,22,4,ref,torsion_raw
6gdy_6gdy_conf0,0.2720692654553047,1.0,1000,10,4,ref,torsion_raw
6gl9_6gl9_conf0,0.8100365335633761,0.0,427,28,3,ref,torsion_raw
6gla_6gla_conf0,0.770138475639322,0.0,520,27,3,ref,torsion_raw
6glb_6glb_conf0,0.7108325944306175,1.0,497,27,4,ref,torsion_raw
6gnm_6gnm_conf0,0.2685014949342139,1.0,918,18,2,ref,torsion_raw
6gnr_6gnr_conf0,0.0573750436778653,1.0,994,18,3,ref,torsion_raw
6gnw_6gnw_conf0,0.3676073018684253,1.0,953,14,3,ref,torsion_raw
6got_6got_conf0,0.2899801462221697,1.0,987,19,5,ref,torsion_raw
6gue_6gue_conf0,0.6040728238482327,1.0,666,26,5,ref,torsion_raw
6guh_6guh_conf0,0.5390642077110743,1.0,643,26,5,ref,torsion_raw
6gvf_6gvf_conf0,0.1237471134294673,1.0,863,23,2,ref,torsion_raw
6h29_6h29_conf0,0.086635896822311,1.0,966,11,2,ref,torsion_raw
6h33_6h33_conf0,0.7293746349316504,1.0,892,25,3,ref,torsion_raw
6h34_6h34_conf0,0.5511830820025269,1.0,676,26,4,ref,torsion_raw
6h36_6h36_conf0,0.3559761669589343,1.0,916,24,3,ref,torsion_raw
6h38_6h38_conf0,0.4959448099532327,1.0,674,26,4,ref,torsion_raw
6h8s_6h8s_conf0,0.2529233918451989,1.0,1000,20,2,ref,torsion_raw
6haz_6haz_conf0,0.1252603213791531,1.0,886,20,2,ref,torsion_raw
6hd6_6hd6_conf0,0.7784331620629809,0.0,739,27,5,ref,torsion_raw
6hk3_6hk3_conf0,0.5057169009942107,1.0,515,34,6,ref,torsion_raw
6hk4_6hk4_conf0,0.5317216910444761,1.0,582,31,5,ref,torsion_raw
6hke_6hke_conf0,0.1825207306914678,1.0,983,9,3,ref,torsion_raw
6hoq_6hoq_conf0,0.1406389000064344,1.0,1000,14,3,ref,torsion_raw
6hrq_6hrq_conf0,0.8022926967917808,0.0,990,23,5,ref,torsion_raw
6hsh_6hsh_conf0,0.8498544556417729,0.0,964,29,6,ref,torsion_raw
6htg_6htg_conf0,0.3449767104686695,1.0,987,20,3,ref,torsion_raw
6i0z_6i0z_conf0,0.0677604540851369,1.0,911,13,1,ref,torsion_raw
6i11_6i11_conf0,0.4919528775117247,1.0,866,27,4,ref,torsion_raw
6i12_6i12_conf0,0.6709951937139331,1.0,860,28,4,ref,torsion_raw
6i13_6i13_conf0,0.7272068802069546,1.0,857,28,4,ref,torsion_raw
6i14_6i14_conf0,0.8511266659533405,0.0,860,29,4,ref,torsion_raw
6i18_6i18_conf0,0.7248443702969699,1.0,775,34,5,ref,torsion_raw
6i61_6i61_conf0,0.1260341291239228,1.0,696,18,3,ref,torsion_raw
6i62_6i62_conf0,0.2336816944367158,1.0,749,19,2,ref,torsion_raw
6i63_6i63_conf0,0.1219766760727439,1.0,842,17,2,ref,torsion_raw
6i64_6i64_conf0,0.0997220998417506,1.0,818,16,2,ref,torsion_raw
6i65_6i65_conf0,0.0607238748643609,1.0,1000,10,1,ref,torsion_raw
6iiu_6iiu_conf0,1.0499586351296868,0.0,696,29,6,ref,torsion_raw
6j1l_6j1l_conf0,0.9464832200412322,0.0,947,38,7,ref,torsion_raw
6k3l_6k3l_conf0,0.1308426023611355,1.0,976,25,3,ref,torsion_raw
6mdu_6mdu_conf0,0.6098792804046768,1.0,845,25,4,ref,torsion_raw
6mg5_6mg5_conf0,0.3312095908488048,1.0,691,17,3,ref,torsion_raw
6mh1_6mh1_conf0,0.4640222616120692,1.0,845,33,5,ref,torsion_raw
6mh7_6mh7_conf0,0.3529926207035151,1.0,801,33,5,ref,torsion_raw
6mnc_6mnc_conf0,0.2819903058203136,1.0,1000,20,0,ref,torsion_raw
6n0j_6n0j_conf0,0.8799120719291306,0.0,897,31,4,ref,torsion_raw
6n78_6n78_conf0,0.7106391346307289,1.0,994,29,5,ref,torsion_raw
6n7a_6n7a_conf0,0.3673365231947919,1.0,971,28,4,ref,torsion_raw
6n7b_6n7b_conf0,0.2997795483407247,1.0,962,27,4,ref,torsion_raw
6n8x_6n8x_conf0,0.7385384483270375,1.0,780,27,8,ref,torsion_raw
6ncn_6ncn_conf0,0.3286966020635709,1.0,826,14,2,ref,torsion_raw
6nco_6nco_conf0,0.6189631246236738,1.0,827,24,4,ref,torsion_raw
6o0k_6o0k_conf0,2.1289094688765893,0.0,522,61,13,ref,torsion_raw
6o0m_6o0m_conf0,2.021928332376236,0.0,522,61,13,ref,torsion_raw
6o0p_6o0p_conf0,1.5115246997507197,0.0,559,61,13,ref,torsion_raw
6o5t_6o5t_conf0,0.1522083584819681,1.0,819,18,2,ref,torsion_raw
6o94_6o94_conf0,0.8668030960381606,0.0,745,36,5,ref,torsion_raw
6odz_6odz_conf0,0.5488453878044882,1.0,995,25,4,ref,torsion_raw
6oe0_6oe0_conf0,0.6213698781728147,1.0,999,27,4,ref,torsion_raw
6oe1_6oe1_conf0,0.9101299253839584,0.0,998,26,4,ref,torsion_raw
6olx_6olx_conf0,0.6744804036717936,1.0,830,27,8,ref,torsion_raw
6ooy_6ooy_conf0,0.2278922704469161,1.0,868,20,3,ref,torsion_raw
6p3t_6p3t_conf0,0.9728576344978744,0.0,730,27,3,ref,torsion_raw
6p3v_6p3v_conf0,0.511743798965969,1.0,673,23,6,ref,torsion_raw
6p85_6p85_conf0,1.013393805555078,0.0,851,25,5,ref,torsion_raw
6p88_6p88_conf0,0.9840751179829984,0.0,985,27,4,ref,torsion_raw
6pia_6pia_conf0,0.7922690118610682,0.0,816,14,9,ref,torsion_raw
6pl1_6pl1_conf0,0.9155290664322798,0.0,999,33,5,ref,torsion_raw
6qas_6qas_conf0,0.6417337851333831,1.0,992,34,6,ref,torsion_raw
6ql1_6ql1_conf0,0.2614517261752859,1.0,1000,23,3,ref,torsion_raw
6ql2_6ql2_conf0,0.1473218417590751,1.0,957,16,3,ref,torsion_raw
6qmj_6qmj_conf0,0.7607311764910161,0.0,464,36,9,ref,torsion_raw
6qmk_6qmk_conf0,1.4321105233005649,0.0,744,38,7,ref,torsion_raw
6qpl_6qpl_conf0,0.9660912834407815,0.0,733,25,8,ref,torsion_raw
6qqq_6qqq_conf0,0.8201272984110434,0.0,989,23,5,ref,torsion_raw
6qqv_6qqv_conf0,0.6686000607287899,1.0,945,24,3,ref,torsion_raw
6qr1_6qr1_conf0,0.7585652738021701,0.0,883,25,3,ref,torsion_raw
6qrc_6qrc_conf0,0.9797266914456002,0.0,879,24,4,ref,torsion_raw
6r11_6r11_conf0,0.2307971796583056,1.0,1000,19,1,ref,torsion_raw
6r18_6r18_conf0,0.5009542237112021,1.0,977,20,4,ref,torsion_raw
6r9u_6r9u_conf0,0.6073002964732213,1.0,1000,18,1,ref,torsion_raw
6r9x_6r9x_conf0,0.7236129067873308,1.0,951,18,3,ref,torsion_raw
6rih_6rih_conf0,0.2013280650516272,1.0,987,18,3,ref,torsion_raw
6s57_6s57_conf0,0.9215448345956796,0.0,771,30,5,ref,torsion_raw
6t1i_6t1i_conf0,0.482274551003244,1.0,966,27,5,ref,torsion_raw
6t1j_6t1j_conf0,0.7414070937469849,1.0,829,29,5,ref,torsion_raw
6t1l_6t1l_conf0,0.8338631549335869,0.0,561,28,7,ref,torsion_raw
6u5y_6u5y_conf0,1.427982683630407,0.0,948,30,5,ref,torsion_raw
6u6w_6u6w_conf0,0.2817887242440069,1.0,925,21,4,ref,torsion_raw
6u8b_6u8b_conf0,0.3432615819453615,1.0,916,24,5,ref,torsion_raw
6u8o_6u8o_conf0,0.5928305345757805,1.0,983,25,4,ref,torsion_raw
6ugn_6ugn_conf0,0.1028952790349794,1.0,1000,15,0,ref,torsion_raw
6uh0_6uh0_conf0,0.3915114772504264,1.0,1000,14,0,ref,torsion_raw
966c_966c_conf0,0.7562954141849795,0.0,354,27,6,ref,torsion_raw
1ado_1ado_conf0,0.6853179707448138,1.0,7,10,4,ref,chembl3d_gt_pb
1ai4_1ai4_conf0,0.4969285477063581,1.0,8,12,2,ref,chembl3d_gt_pb
1ai5_1ai5_conf0,0.3743411423077871,1.0,2,13,3,ref,chembl3d_gt_pb
1azm_1azm_conf0,0.2833759607840084,1.0,7,13,2,ref,chembl3d_gt_pb
1bjv_1bjv_conf0,0.5791778924969798,1.0,74,26,5,ref,chembl3d_gt_pb
1bm7_1bm7_conf0,0.2660483620376517,1.0,110,20,3,ref,chembl3d_gt_pb
1bnn_1bnn_conf0,0.587728726810126,1.0,172,23,3,ref,chembl3d_gt_pb
1bty_1bty_conf0,0.1464406308089777,1.0,1,9,1,ref,chembl3d_gt_pb
1bzj_1bzj_conf0,0.1765331531982039,1.0,12,20,3,ref,chembl3d_gt_pb
1c1v_1c1v_conf0,0.545739884346899,1.0,34,25,4,ref,chembl3d_gt_pb
1c5n_1c5n_conf0,0.0982008790771245,1.0,1,13,1,ref,chembl3d_gt_pb
1c5o_1c5o_conf0,0.0701088339176692,1.0,1,9,1,ref,chembl3d_gt_pb
1c5p_1c5p_conf0,0.1863601803641867,1.0,1,9,1,ref,chembl3d_gt_pb
1c5q_1c5q_conf0,0.1110867842487726,1.0,1,13,1,ref,chembl3d_gt_pb
1c5x_1c5x_conf0,0.0921419820093844,1.0,1,13,1,ref,chembl3d_gt_pb
1c83_1c83_conf0,0.2977885029921318,1.0,2,18,2,ref,chembl3d_gt_pb
1c84_1c84_conf0,0.4091315715946107,1.0,2,19,2,ref,chembl3d_gt_pb
1c86_1c86_conf0,0.3079559074861389,1.0,6,18,2,ref,chembl3d_gt_pb
1c87_1c87_conf0,0.2686832160229664,1.0,6,18,2,ref,chembl3d_gt_pb
1c88_1c88_conf0,0.3164650332425414,1.0,6,18,2,ref,chembl3d_gt_pb
1cbx_1cbx_conf0,0.3913117417003646,1.0,59,15,5,ref,chembl3d_gt_pb
1ceb_1ceb_conf0,0.2896088970170609,1.0,10,11,2,ref,chembl3d_gt_pb
1ciz_1ciz_conf0,1.6996215380788997,0.0,132,36,8,ref,chembl3d_gt_pb
1cnw_1cnw_conf0,2.8956520140864592,0.0,114,26,12,ref,chembl3d_gt_pb
1d3d_1d3d_conf0,1.088977745956597,0.0,187,38,9,ref,chembl3d_gt_pb
1d4p_1d4p_conf0,0.2148095570155505,1.0,200,27,4,ref,chembl3d_gt_pb
1drj_1drj_conf0,0.0308400269880224,1.0,137,10,0,ref,chembl3d_gt_pb
1drk_1drk_conf0,0.033994960171882,1.0,137,10,0,ref,chembl3d_gt_pb
1dzk_1dzk_conf0,0.4639095392825343,1.0,32,12,3,ref,chembl3d_gt_pb
1e1v_1e1v_conf0,0.2263922337231737,1.0,199,18,3,ref,chembl3d_gt_pb
1e1x_1e1x_conf0,0.2207696743650657,1.0,198,18,4,ref,chembl3d_gt_pb
1e4h_1e4h_conf0,0.0255228840533178,1.0,1,12,0,ref,chembl3d_gt_pb
1ecv_1ecv_conf0,0.337013527648031,1.0,2,16,2,ref,chembl3d_gt_pb
1efy_1efy_conf0,0.1759153995237451,1.0,91,20,3,ref,chembl3d_gt_pb
1enu_1enu_conf0,0.0368665590336458,1.0,1,13,0,ref,chembl3d_gt_pb
1eoc_1eoc_conf0,0.0375136801045578,1.0,4,11,1,ref,chembl3d_gt_pb
1f57_1f57_conf0,0.0490322983073354,1.0,21,7,2,ref,chembl3d_gt_pb
1f5k_1f5k_conf0,0.0267517313598691,1.0,1,9,1,ref,chembl3d_gt_pb
1f5l_1f5l_conf0,0.1515204795525022,1.0,6,15,1,ref,chembl3d_gt_pb
1fcx_1fcx_conf0,0.4734844582765528,1.0,139,29,3,ref,chembl3d_gt_pb
1fcy_1fcy_conf0,0.1365999521314636,1.0,116,29,3,ref,chembl3d_gt_pb
1fcz_1fcz_conf0,0.1922485945967101,1.0,200,27,4,ref,chembl3d_gt_pb
1fkh_1fkh_conf0,1.591734797964485,0.0,200,33,9,ref,chembl3d_gt_pb
1flr_1flr_conf0,0.699955065581278,1.0,2,25,2,ref,chembl3d_gt_pb
1fv0_1fv0_conf0,0.6173071258694416,1.0,4,26,3,ref,chembl3d_gt_pb
1g4o_1g4o_conf0,0.362585830002767,1.0,192,20,4,ref,chembl3d_gt_pb
1g98_1g98_conf0,0.8461336432721488,0.0,10,15,6,ref,chembl3d_gt_pb
1gfy_1gfy_conf0,0.2689918614014105,1.0,8,18,2,ref,chembl3d_gt_pb
1ghw_1ghw_conf0,0.1915488605794173,1.0,20,19,2,ref,chembl3d_gt_pb
1gi1_1gi1_conf0,0.2177501408905937,1.0,20,19,2,ref,chembl3d_gt_pb
1gj6_1gj6_conf0,0.3640921448262712,1.0,32,26,3,ref,chembl3d_gt_pb
1gx8_1gx8_conf0,0.7151345191517778,1.0,180,21,5,ref,chembl3d_gt_pb
1gyx_1gyx_conf0,0.1358799681129048,1.0,1,9,1,ref,chembl3d_gt_pb
1h1s_1h1s_conf0,0.3134372705520374,1.0,200,28,6,ref,chembl3d_gt_pb
1h2k_1h2k_conf0,0.6000505228106653,1.0,1,10,2,ref,chembl3d_gt_pb
1h4w_1h4w_conf0,0.1262616727763542,1.0,1,9,1,ref,chembl3d_gt_pb
1i2s_1i2s_conf0,0.3083394969047174,1.0,23,13,5,ref,chembl3d_gt_pb
1igb_1igb_conf0,0.3275003028033854,1.0,22,14,3,ref,chembl3d_gt_pb
1iih_1iih_conf0,0.4680795623509364,1.0,134,11,4,ref,chembl3d_gt_pb
1j14_1j14_conf0,0.1478308726061419,1.0,1,9,1,ref,chembl3d_gt_pb
1j16_1j16_conf0,0.1761361306672172,1.0,1,9,1,ref,chembl3d_gt_pb
1j17_1j17_conf0,0.3218106541188354,1.0,192,34,4,ref,chembl3d_gt_pb
1jsv_1jsv_conf0,0.2102307014346299,1.0,147,18,3,ref,chembl3d_gt_pb
1kv1_1kv1_conf0,0.2960418565988366,1.0,6,21,2,ref,chembl3d_gt_pb
1lgw_1lgw_conf0,0.0343326885075185,1.0,1,8,0,ref,chembl3d_gt_pb
1lpk_1lpk_conf0,1.5360591278263314,0.0,172,32,7,ref,chembl3d_gt_pb
1lpz_1lpz_conf0,1.4893082117991523,0.0,127,32,6,ref,chembl3d_gt_pb
1lrh_1lrh_conf0,0.8451299753129445,0.0,2,14,2,ref,chembl3d_gt_pb
1m2p_1m2p_conf0,0.1037616075382126,1.0,2,21,1,ref,chembl3d_gt_pb
1m2q_1m2q_conf0,0.0933193833070282,1.0,3,20,1,ref,chembl3d_gt_pb
1m2r_1m2r_conf0,0.0796811434452704,1.0,1,20,0,ref,chembl3d_gt_pb
1mu6_1mu6_conf0,1.557737278130109,0.0,200,31,8,ref,chembl3d_gt_pb
1mu8_1mu8_conf0,1.5983072349774676,0.0,200,32,8,ref,chembl3d_gt_pb
1n0s_1n0s_conf0,0.599339105369558,1.0,2,25,2,ref,chembl3d_gt_pb
1n46_1n46_conf0,0.1812893526293729,1.0,172,27,4,ref,chembl3d_gt_pb
1n4h_1n4h_conf0,0.4718631490122087,1.0,66,22,5,ref,chembl3d_gt_pb
1n5r_1n5r_conf0,0.5058954751585151,1.0,20,31,7,ref,chembl3d_gt_pb
1ndw_1ndw_conf0,0.438125146424083,1.0,200,19,6,ref,chembl3d_gt_pb
1ndy_1ndy_conf0,0.4344021994919828,1.0,200,23,6,ref,chembl3d_gt_pb
1nfu_1nfu_conf0,1.3045722829905697,0.0,42,30,5,ref,chembl3d_gt_pb
1nfx_1nfx_conf0,1.7755832686994846,0.0,19,33,6,ref,chembl3d_gt_pb
1nl9_1nl9_conf0,2.135591212051298,0.0,185,39,11,ref,chembl3d_gt_pb
1no6_1no6_conf0,0.4102949504959229,1.0,27,25,3,ref,chembl3d_gt_pb
1nq7_1nq7_conf0,0.4586095255932024,1.0,186,25,4,ref,chembl3d_gt_pb
1o2h_1o2h_conf0,0.3231183964806463,1.0,199,25,4,ref,chembl3d_gt_pb
1o2j_1o2j_conf0,0.3596536843987813,1.0,200,24,5,ref,chembl3d_gt_pb
1o2o_1o2o_conf0,0.457412027115433,1.0,200,25,5,ref,chembl3d_gt_pb
1o35_1o35_conf0,0.2015966199936411,1.0,19,20,2,ref,chembl3d_gt_pb
1o3d_1o3d_conf0,0.2165025347852418,1.0,38,25,3,ref,chembl3d_gt_pb
1o3i_1o3i_conf0,0.1184383536793922,1.0,18,21,2,ref,chembl3d_gt_pb
1o3j_1o3j_conf0,0.2208394900287881,1.0,20,21,2,ref,chembl3d_gt_pb
1o5e_1o5e_conf0,0.5036905406579402,1.0,32,26,3,ref,chembl3d_gt_pb
1oba_1oba_conf0,0.366151767353908,1.0,7,7,2,ref,chembl3d_gt_pb
1ogd_1ogd_conf0,0.0438576858028207,1.0,137,10,0,ref,chembl3d_gt_pb
1ols_1ols_conf0,2.529463716634442,0.0,15,26,8,ref,chembl3d_gt_pb
1olu_1olu_conf0,2.5356675088661444,0.0,15,26,8,ref,chembl3d_gt_pb
1olx_1olx_conf0,2.5420974972119748,0.0,15,26,8,ref,chembl3d_gt_pb
1om1_1om1_conf0,0.7693426871005945,0.0,4,22,2,ref,chembl3d_gt_pb
1onz_1onz_conf0,1.6241846364441066,0.0,54,26,3,ref,chembl3d_gt_pb
1oss_1oss_conf0,0.1354860198092943,1.0,1,9,1,ref,chembl3d_gt_pb
1owe_1owe_conf0,0.4617251928036757,1.0,6,22,3,ref,chembl3d_gt_pb
1oxr_1oxr_conf0,0.2520700433100046,1.0,20,13,2,ref,chembl3d_gt_pb
1p57_1p57_conf0,0.2091285822558711,1.0,20,19,2,ref,chembl3d_gt_pb
1pb8_1pb8_conf0,0.5613379259612923,1.0,6,7,2,ref,chembl3d_gt_pb
1pbq_1pbq_conf0,0.0656049747473473,1.0,2,16,1,ref,chembl3d_gt_pb
1ppc_1ppc_conf0,1.246633285198777,0.0,107,37,9,ref,chembl3d_gt_pb
1pxo_1pxo_conf0,0.7047343400095067,1.0,200,23,4,ref,chembl3d_gt_pb
1pxp_1pxp_conf0,0.2873490374761049,1.0,200,23,4,ref,chembl3d_gt_pb
1q5k_1q5k_conf0,0.4913331585920316,1.0,34,21,5,ref,chembl3d_gt_pb
1q7a_1q7a_conf0,0.6809427891909875,1.0,198,24,5,ref,chembl3d_gt_pb
1qb6_1qb6_conf0,0.5671755173957286,1.0,196,29,6,ref,chembl3d_gt_pb
1ql7_1ql7_conf0,0.4346821862859995,1.0,192,34,4,ref,chembl3d_gt_pb
1ql9_1ql9_conf0,0.3818810681477448,1.0,192,34,4,ref,chembl3d_gt_pb
1qy1_1qy1_conf0,0.127342455240132,1.0,32,12,3,ref,chembl3d_gt_pb
1qy2_1qy2_conf0,0.1938013486340124,1.0,4,11,2,ref,chembl3d_gt_pb
1r9l_1r9l_conf0,0.1167326211994974,1.0,3,8,2,ref,chembl3d_gt_pb
1rbp_1rbp_conf0,0.7388153947929702,1.0,180,21,5,ref,chembl3d_gt_pb
1rd4_1rd4_conf0,0.8288455143715638,0.0,189,34,7,ref,chembl3d_gt_pb
1rmz_1rmz_conf0,0.8362985532066431,0.0,200,21,7,ref,chembl3d_gt_pb
1ro6_1ro6_conf0,0.2465166644449772,1.0,200,20,4,ref,chembl3d_gt_pb
1rtf_1rtf_conf0,0.0289687932227242,1.0,1,9,1,ref,chembl3d_gt_pb
1s39_1s39_conf0,0.0658215536879362,1.0,1,12,0,ref,chembl3d_gt_pb
1sqo_1sqo_conf0,0.3299190238889697,1.0,15,20,3,ref,chembl3d_gt_pb
1sv3_1sv3_conf0,0.0528030189697851,1.0,1,11,2,ref,chembl3d_gt_pb
1sw2_1sw2_conf0,0.074742601446248,1.0,3,8,2,ref,chembl3d_gt_pb
1t4v_1t4v_conf0,1.6069795032190666,0.0,200,27,10,ref,chembl3d_gt_pb
1td7_1td7_conf0,0.4795182388638414,1.0,98,20,3,ref,chembl3d_gt_pb
1tkb_1tkb_conf0,2.6968024662826937,0.0,29,26,8,ref,chembl3d_gt_pb
1tlp_1tlp_conf0,2.2183604966116395,0.0,21,37,11,ref,chembl3d_gt_pb
1tng_1tng_conf0,0.0953026899567373,1.0,5,8,1,ref,chembl3d_gt_pb
1tnh_1tnh_conf0,0.2181816702930243,1.0,1,9,1,ref,chembl3d_gt_pb
1tni_1tni_conf0,0.5135145030622077,1.0,41,11,4,ref,chembl3d_gt_pb
1ttm_1ttm_conf0,0.3111471010486977,1.0,200,21,2,ref,chembl3d_gt_pb
1u1w_1u1w_conf0,0.1166482451302999,1.0,4,11,1,ref,chembl3d_gt_pb
1u71_1u71_conf0,0.3817717039498429,1.0,200,24,4,ref,chembl3d_gt_pb
1usn_1usn_conf0,0.8213676864078275,0.0,184,27,5,ref,chembl3d_gt_pb
1utj_1utj_conf0,0.2362573397744851,1.0,1,8,1,ref,chembl3d_gt_pb
1utm_1utm_conf0,0.2739199656028973,1.0,7,9,2,ref,chembl3d_gt_pb
1utn_1utn_conf0,0.1630198798365357,1.0,1,8,1,ref,chembl3d_gt_pb
1uv6_1uv6_conf0,0.7330020347186402,1.0,37,10,3,ref,chembl3d_gt_pb
1uvt_1uvt_conf0,1.3738152901742398,0.0,200,27,8,ref,chembl3d_gt_pb
1v11_1v11_conf0,2.537280739234508,0.0,15,26,8,ref,chembl3d_gt_pb
1v16_1v16_conf0,2.5248419523480314,0.0,15,26,8,ref,chembl3d_gt_pb
1v1m_1v1m_conf0,2.547928886910047,0.0,15,26,8,ref,chembl3d_gt_pb
1v2j_1v2j_conf0,0.1284982708965737,1.0,1,9,1,ref,chembl3d_gt_pb
1v2k_1v2k_conf0,0.2801597442194657,1.0,192,34,4,ref,chembl3d_gt_pb
1v2l_1v2l_conf0,0.1269779072525838,1.0,1,9,1,ref,chembl3d_gt_pb
1v2s_1v2s_conf0,0.0920155206075074,1.0,1,9,1,ref,chembl3d_gt_pb
1v2u_1v2u_conf0,0.1125528339662231,1.0,1,9,1,ref,chembl3d_gt_pb
1wht_1wht_conf0,0.4202237564573897,1.0,59,15,5,ref,chembl3d_gt_pb
1xbo_1xbo_conf0,0.9760982877994374,0.0,87,31,8,ref,chembl3d_gt_pb
1xk9_1xk9_conf0,1.1415311578194705,0.0,28,22,3,ref,chembl3d_gt_pb
1xpz_1xpz_conf0,0.2014990552973084,1.0,200,26,6,ref,chembl3d_gt_pb
1xq0_1xq0_conf0,0.3009736942054095,1.0,200,27,6,ref,chembl3d_gt_pb
1xug_1xug_conf0,0.8317410659168731,0.0,34,25,4,ref,chembl3d_gt_pb
1y1z_1y1z_conf0,0.0903630460881497,1.0,4,8,1,ref,chembl3d_gt_pb
1y20_1y20_conf0,0.0553504053599728,1.0,2,7,1,ref,chembl3d_gt_pb
1y6q_1y6q_conf0,0.8480521076314217,0.0,200,20,4,ref,chembl3d_gt_pb
1yda_1yda_conf0,0.2253391151434564,1.0,7,13,2,ref,chembl3d_gt_pb
1ydb_1ydb_conf0,0.1099823525991947,1.0,7,13,2,ref,chembl3d_gt_pb
1ydd_1ydd_conf0,0.198855852360919,1.0,7,13,2,ref,chembl3d_gt_pb
1yds_1yds_conf0,0.322028787780478,1.0,140,18,5,ref,chembl3d_gt_pb
1z9y_1z9y_conf0,0.3809286317549348,1.0,200,21,5,ref,chembl3d_gt_pb
1zc9_1zc9_conf0,1.0786181791564988,0.0,1,16,4,ref,chembl3d_gt_pb
1zdp_1zdp_conf0,0.5380594587686124,1.0,200,17,6,ref,chembl3d_gt_pb
1zfq_1zfq_conf0,0.0727316488720325,1.0,8,14,1,ref,chembl3d_gt_pb
1zge_1zge_conf0,0.3706610335879544,1.0,2,13,1,ref,chembl3d_gt_pb
1zoe_1zoe_conf0,0.1064323049285747,1.0,3,16,1,ref,chembl3d_gt_pb
1zog_1zog_conf0,0.2485331526421702,1.0,3,15,1,ref,chembl3d_gt_pb
2afw_2afw_conf0,0.7783710533623089,0.0,39,11,3,ref,chembl3d_gt_pb
2afx_2afx_conf0,0.2187437645283662,1.0,18,12,2,ref,chembl3d_gt_pb
2aj8_2aj8_conf0,0.2307343917016841,1.0,31,26,3,ref,chembl3d_gt_pb
2ans_2ans_conf0,0.5477502584272641,1.0,7,21,3,ref,chembl3d_gt_pb
2ax9_2ax9_conf0,0.2766155322054651,1.0,200,21,4,ref,chembl3d_gt_pb
2ayr_2ayr_conf0,0.6796191143070189,1.0,200,37,8,ref,chembl3d_gt_pb
2b4l_2b4l_conf0,0.0594624439738203,1.0,3,8,2,ref,chembl3d_gt_pb
2b9a_2b9a_conf0,0.4214172278195,1.0,2,17,2,ref,chembl3d_gt_pb
2baj_2baj_conf0,0.2295969052658044,1.0,35,27,3,ref,chembl3d_gt_pb
2bak_2bak_conf0,0.8786343796269923,0.0,184,43,10,ref,chembl3d_gt_pb
2bo4_2bo4_conf0,0.6303416192892775,1.0,23,13,5,ref,chembl3d_gt_pb
2brm_2brm_conf0,0.432331603163493,1.0,199,25,5,ref,chembl3d_gt_pb
2buv_2buv_conf0,0.4504896151757111,1.0,4,11,1,ref,chembl3d_gt_pb
2bza_2bza_conf0,0.1838290725882819,1.0,1,8,1,ref,chembl3d_gt_pb
2c1p_2c1p_conf0,0.1411856704508605,1.0,90,24,5,ref,chembl3d_gt_pb
2c97_2c97_conf0,2.5595937694481035,0.0,10,18,6,ref,chembl3d_gt_pb
2cc7_2cc7_conf0,0.0429039927788229,1.0,1,18,0,ref,chembl3d_gt_pb
2cgr_2cgr_conf0,0.5751734019879899,1.0,103,29,6,ref,chembl3d_gt_pb
2csn_2csn_conf0,0.5449750274990206,1.0,66,18,4,ref,chembl3d_gt_pb
2dri_2dri_conf0,0.0284565419823352,1.0,137,10,0,ref,chembl3d_gt_pb
2dw7_2dw7_conf0,0.35500401024159,1.0,114,10,3,ref,chembl3d_gt_pb
2e2r_2e2r_conf0,0.184361466722821,1.0,21,17,2,ref,chembl3d_gt_pb
2exm_2exm_conf0,0.3456766305197193,1.0,107,15,3,ref,chembl3d_gt_pb
2ez7_2ez7_conf0,0.1761954475151722,1.0,33,11,3,ref,chembl3d_gt_pb
2f7i_2f7i_conf0,0.223879828427182,1.0,5,17,2,ref,chembl3d_gt_pb
2fpz_2fpz_conf0,0.0406089601776711,1.0,1,10,0,ref,chembl3d_gt_pb
2fw6_2fw6_conf0,0.9389743536994168,0.0,23,13,5,ref,chembl3d_gt_pb
2fx6_2fx6_conf0,0.0709778299594991,1.0,1,10,0,ref,chembl3d_gt_pb
2g5u_2g5u_conf0,0.115804555222798,1.0,4,18,1,ref,chembl3d_gt_pb
2gkl_2gkl_conf0,0.1799250722096078,1.0,1,12,2,ref,chembl3d_gt_pb
2glp_2glp_conf0,1.7241022282266505,0.0,104,21,3,ref,chembl3d_gt_pb
2gvj_2gvj_conf0,1.3478618323769274,0.0,200,29,8,ref,chembl3d_gt_pb
2h4g_2h4g_conf0,0.2481074637960401,1.0,200,21,5,ref,chembl3d_gt_pb
2h4k_2h4k_conf0,0.2218159707837472,1.0,111,20,5,ref,chembl3d_gt_pb
2h4n_2h4n_conf0,0.1368158663793823,1.0,7,13,2,ref,chembl3d_gt_pb
2h6b_2h6b_conf0,0.5902466281559992,1.0,4,12,2,ref,chembl3d_gt_pb
2ha3_2ha3_conf0,0.1724341212981248,1.0,7,7,2,ref,chembl3d_gt_pb
2hjb_2hjb_conf0,0.2354788119429431,1.0,2,10,2,ref,chembl3d_gt_pb
2hoc_2hoc_conf0,0.910859396308894,0.0,200,22,4,ref,chembl3d_gt_pb
2hxm_2hxm_conf0,1.1498680612285124,0.0,40,25,8,ref,chembl3d_gt_pb
2i19_2i19_conf0,0.4783297951148804,1.0,197,17,5,ref,chembl3d_gt_pb
2i6b_2i6b_conf0,0.9915093179411548,0.0,56,30,3,ref,chembl3d_gt_pb
2i80_2i80_conf0,0.4554507864735216,1.0,59,18,3,ref,chembl3d_gt_pb
2iko_2iko_conf0,0.5977322932732352,1.0,200,26,5,ref,chembl3d_gt_pb
2iuz_2iuz_conf0,2.419837458119497,0.0,4,28,3,ref,chembl3d_gt_pb
2jew_2jew_conf0,0.3323413709172505,1.0,198,17,8,ref,chembl3d_gt_pb
2jfz_2jfz_conf0,0.7892270813095297,0.0,124,33,5,ref,chembl3d_gt_pb
2nn1_2nn1_conf0,0.4738742003886339,1.0,52,15,4,ref,chembl3d_gt_pb
2nnd_2nnd_conf0,0.156121478195519,1.0,32,12,3,ref,chembl3d_gt_pb
2nta_2nta_conf0,0.222890960004827,1.0,53,20,2,ref,chembl3d_gt_pb
2o0u_2o0u_conf0,1.0200681414535953,0.0,195,34,5,ref,chembl3d_gt_pb
2ojj_2ojj_conf0,0.4226042865998181,1.0,184,31,6,ref,chembl3d_gt_pb
2ot1_2ot1_conf0,0.5466540497038722,1.0,5,25,4,ref,chembl3d_gt_pb
2p16_2p16_conf0,0.2988000699893342,1.0,200,34,5,ref,chembl3d_gt_pb
2p7a_2p7a_conf0,0.0448073395970478,1.0,2,9,0,ref,chembl3d_gt_pb
2p7g_2p7g_conf0,0.152482182325065,1.0,21,17,2,ref,chembl3d_gt_pb
2p7z_2p7z_conf0,0.4098090728162737,1.0,186,29,8,ref,chembl3d_gt_pb
2pou_2pou_conf0,0.2366431560306501,1.0,12,16,2,ref,chembl3d_gt_pb
2pov_2pov_conf0,0.113839089275406,1.0,9,16,2,ref,chembl3d_gt_pb
2pow_2pow_conf0,0.1001671335526154,1.0,9,19,2,ref,chembl3d_gt_pb
2pql_2pql_conf0,0.1905280226145572,1.0,15,12,2,ref,chembl3d_gt_pb
2pu2_2pu2_conf0,0.2427461032945375,1.0,104,26,5,ref,chembl3d_gt_pb
2pvh_2pvh_conf0,0.4608425566499934,1.0,200,23,4,ref,chembl3d_gt_pb
2pvj_2pvj_conf0,0.1848606528997371,1.0,200,26,5,ref,chembl3d_gt_pb
2pvk_2pvk_conf0,0.3366412950886553,1.0,200,27,5,ref,chembl3d_gt_pb
2pvl_2pvl_conf0,0.2971214935889451,1.0,200,26,4,ref,chembl3d_gt_pb
2pvm_2pvm_conf0,1.414275232972838,0.0,148,26,6,ref,chembl3d_gt_pb
2q1q_2q1q_conf0,0.4017882590924656,1.0,64,18,2,ref,chembl3d_gt_pb
2q7q_2q7q_conf0,0.1441748442814726,1.0,1,9,1,ref,chembl3d_gt_pb
2qbs_2qbs_conf0,0.5456103041264414,1.0,200,27,7,ref,chembl3d_gt_pb
2qdt_2qdt_conf0,0.3460630587709424,1.0,199,11,4,ref,chembl3d_gt_pb
2qg2_2qg2_conf0,0.431403833083019,1.0,44,24,2,ref,chembl3d_gt_pb
2qm9_2qm9_conf0,1.6401740264513645,0.0,200,31,5,ref,chembl3d_gt_pb
2qpq_2qpq_conf0,0.156236496332899,1.0,23,13,5,ref,chembl3d_gt_pb
2qrl_2qrl_conf0,0.5958207946860553,1.0,1,10,2,ref,chembl3d_gt_pb
2qtt_2qtt_conf0,0.8459531828588703,0.0,196,19,2,ref,chembl3d_gt_pb
2r2m_2r2m_conf0,1.7586143271130483,0.0,199,30,10,ref,chembl3d_gt_pb
2ra0_2ra0_conf0,0.6431026838169327,1.0,200,39,6,ref,chembl3d_gt_pb
2ra6_2ra6_conf0,0.0545049065321215,1.0,6,9,1,ref,chembl3d_gt_pb
2rcb_2rcb_conf0,0.5805521731880714,1.0,6,7,2,ref,chembl3d_gt_pb
2reg_2reg_conf0,0.0477504366366846,1.0,7,7,2,ref,chembl3d_gt_pb
2rfh_2rfh_conf0,0.7968649049233648,0.0,44,15,5,ref,chembl3d_gt_pb
2rin_2rin_conf0,0.870687838259743,0.0,21,10,3,ref,chembl3d_gt_pb
2rkd_2rkd_conf0,0.4793984046595002,1.0,2,9,3,ref,chembl3d_gt_pb
2uwd_2uwd_conf0,0.1261434446283466,1.0,200,27,5,ref,chembl3d_gt_pb
2uxi_2uxi_conf0,0.4696898186071421,1.0,106,20,4,ref,chembl3d_gt_pb
2uy5_2uy5_conf0,0.166492938936627,1.0,68,16,3,ref,chembl3d_gt_pb
2uyn_2uyn_conf0,0.3824231132324121,1.0,3,7,2,ref,chembl3d_gt_pb
2uyq_2uyq_conf0,0.2750335623270381,1.0,73,17,1,ref,chembl3d_gt_pb
2v57_2v57_conf0,0.03259628530911,1.0,1,16,0,ref,chembl3d_gt_pb
2v58_2v58_conf0,0.2077032172999159,1.0,3,20,1,ref,chembl3d_gt_pb
2v59_2v59_conf0,0.4323362167094223,1.0,7,22,3,ref,chembl3d_gt_pb
2vba_2vba_conf0,0.1525097946191209,1.0,6,16,3,ref,chembl3d_gt_pb
2vnp_2vnp_conf0,1.5083116196826456,0.0,23,14,6,ref,chembl3d_gt_pb
2vuk_2vuk_conf0,0.4448724283467358,1.0,8,18,3,ref,chembl3d_gt_pb
2vvv_2vvv_conf0,0.7843827938242794,0.0,200,32,6,ref,chembl3d_gt_pb
2w9h_2w9h_conf0,0.4601831530085943,1.0,200,21,5,ref,chembl3d_gt_pb
2weh_2weh_conf0,0.0813254401898462,1.0,3,11,1,ref,chembl3d_gt_pb
2wej_2wej_conf0,0.4186061230274946,1.0,2,10,1,ref,chembl3d_gt_pb
2wnj_2wnj_conf0,0.4720657243188285,1.0,192,23,4,ref,chembl3d_gt_pb
2wor_2wor_conf0,0.2867007894295061,1.0,7,21,3,ref,chembl3d_gt_pb
2wos_2wos_conf0,0.1084139909690742,1.0,4,21,3,ref,chembl3d_gt_pb
2xdk_2xdk_conf0,0.4373931018646766,1.0,4,13,1,ref,chembl3d_gt_pb
2xdx_2xdx_conf0,0.1468984867479504,1.0,5,16,2,ref,chembl3d_gt_pb
2xht_2xht_conf0,0.1165658401251769,1.0,21,19,1,ref,chembl3d_gt_pb
2xj2_2xj2_conf0,0.2505654388179489,1.0,200,25,4,ref,chembl3d_gt_pb
2xjg_2xjg_conf0,0.2445632257801989,1.0,29,23,3,ref,chembl3d_gt_pb
2xjj_2xjj_conf0,0.3380784863928614,1.0,18,23,1,ref,chembl3d_gt_pb
2xn3_2xn3_conf0,0.1705446866602576,1.0,51,18,3,ref,chembl3d_gt_pb
2xn5_2xn5_conf0,0.1933269562868249,1.0,200,21,5,ref,chembl3d_gt_pb
2xp7_2xp7_conf0,0.5287774217144259,1.0,2,17,3,ref,chembl3d_gt_pb
2y8c_2y8c_conf0,1.3823246457103848,0.0,140,38,12,ref,chembl3d_gt_pb
2yi0_2yi0_conf0,0.2545320158428564,1.0,96,22,3,ref,chembl3d_gt_pb
2yi7_2yi7_conf0,0.2022803938027251,1.0,200,23,4,ref,chembl3d_gt_pb
2yix_2yix_conf0,1.629234571025502,0.0,47,26,6,ref,chembl3d_gt_pb
2yz3_2yz3_conf0,0.6123674350459638,1.0,200,15,6,ref,chembl3d_gt_pb
2z1w_2z1w_conf0,0.0653715999983428,1.0,28,15,3,ref,chembl3d_gt_pb
2za0_2za0_conf0,0.3867955432264817,1.0,60,22,3,ref,chembl3d_gt_pb
2za5_2za5_conf0,0.9169427241350068,0.0,200,31,2,ref,chembl3d_gt_pb
2zcs_2zcs_conf0,1.3061604287142652,0.0,43,24,7,ref,chembl3d_gt_pb
3acx_3acx_conf0,0.6381282360108981,1.0,200,23,9,ref,chembl3d_gt_pb
3ai8_3ai8_conf0,0.2542211880879254,1.0,2,14,1,ref,chembl3d_gt_pb
3ao2_3ao2_conf0,0.3920311839998506,1.0,5,17,1,ref,chembl3d_gt_pb
3aqt_3aqt_conf0,0.047383788458879,1.0,3,8,0,ref,chembl3d_gt_pb
3arx_3arx_conf0,0.483234070416151,1.0,121,22,7,ref,chembl3d_gt_pb
3b24_3b24_conf0,0.4122563330318827,1.0,7,11,2,ref,chembl3d_gt_pb
3b25_3b25_conf0,0.2805606955944963,1.0,5,18,2,ref,chembl3d_gt_pb
3b26_3b26_conf0,0.0973599662744192,1.0,4,21,1,ref,chembl3d_gt_pb
3b66_3b66_conf0,0.6291886094474126,1.0,200,29,6,ref,chembl3d_gt_pb
3b7j_3b7j_conf0,0.0687950678783178,1.0,2,13,0,ref,chembl3d_gt_pb
3b92_3b92_conf0,1.0258135565579516,0.0,200,18,6,ref,chembl3d_gt_pb
3bgc_3bgc_conf0,0.6657099160792552,1.0,117,41,14,ref,chembl3d_gt_pb
3bgq_3bgq_conf0,0.4064143784080444,1.0,200,26,3,ref,chembl3d_gt_pb
3bl0_3bl0_conf0,0.2612200426412524,1.0,89,13,3,ref,chembl3d_gt_pb
3bl1_3bl1_conf0,1.203357261968148,0.0,148,24,3,ref,chembl3d_gt_pb
3bqc_3bqc_conf0,0.0603786602508122,1.0,2,20,0,ref,chembl3d_gt_pb
3bra_3bra_conf0,0.1496488823613617,1.0,14,10,2,ref,chembl3d_gt_pb
3brn_3brn_conf0,0.1605688604723889,1.0,30,13,2,ref,chembl3d_gt_pb
3buf_3buf_conf0,0.0768128233436035,1.0,10,11,2,ref,chembl3d_gt_pb
3bug_3bug_conf0,0.2806429235065271,1.0,84,12,3,ref,chembl3d_gt_pb
3buh_3buh_conf0,0.2912118701841187,1.0,125,16,3,ref,chembl3d_gt_pb
3bxe_3bxe_conf0,0.8718578997707124,0.0,7,10,4,ref,chembl3d_gt_pb
3c2o_3c2o_conf0,0.4426993213971231,1.0,3,12,2,ref,chembl3d_gt_pb
3c2r_3c2r_conf0,0.4899919325163969,1.0,2,12,2,ref,chembl3d_gt_pb
3c39_3c39_conf0,0.1946291759651545,1.0,134,11,4,ref,chembl3d_gt_pb
3c4h_3c4h_conf0,0.0692601509439522,1.0,4,12,0,ref,chembl3d_gt_pb
3c79_3c79_conf0,0.6733274666840259,1.0,90,17,4,ref,chembl3d_gt_pb
3c84_3c84_conf0,0.1702256943379032,1.0,52,16,2,ref,chembl3d_gt_pb
3cf8_3cf8_conf0,0.4345846763778591,1.0,88,22,1,ref,chembl3d_gt_pb
3cfn_3cfn_conf0,0.4411778358429284,1.0,7,21,3,ref,chembl3d_gt_pb
3cj5_3cj5_conf0,0.7287596664483743,1.0,151,30,5,ref,chembl3d_gt_pb
3cs7_3cs7_conf0,0.5373197488198206,1.0,200,37,6,ref,chembl3d_gt_pb
3cz1_3cz1_conf0,0.5581125310629167,1.0,125,14,5,ref,chembl3d_gt_pb
3czv_3czv_conf0,0.1784393692559026,1.0,7,13,2,ref,chembl3d_gt_pb
3d0b_3d0b_conf0,0.2365945284688033,1.0,200,28,6,ref,chembl3d_gt_pb
3d78_3d78_conf0,0.5671792486112862,1.0,125,14,5,ref,chembl3d_gt_pb
3d83_3d83_conf0,0.6095084265792391,1.0,200,35,7,ref,chembl3d_gt_pb
3d8w_3d8w_conf0,0.5933057035355576,1.0,132,19,4,ref,chembl3d_gt_pb
3d9z_3d9z_conf0,0.7384322004923262,1.0,36,16,2,ref,chembl3d_gt_pb
3dbu_3dbu_conf0,0.6035966425296944,1.0,132,19,4,ref,chembl3d_gt_pb
3dc3_3dc3_conf0,0.1530857028645976,1.0,7,13,2,ref,chembl3d_gt_pb
3dcc_3dcc_conf0,0.7486836187759208,1.0,36,16,2,ref,chembl3d_gt_pb
3dd8_3dd8_conf0,0.4297308227700763,1.0,200,24,4,ref,chembl3d_gt_pb
3dnd_3dnd_conf0,0.5659482568398778,1.0,8,13,2,ref,chembl3d_gt_pb
3e5u_3e5u_conf0,0.5556927825040233,1.0,4,12,2,ref,chembl3d_gt_pb
3ebo_3ebo_conf0,0.097498572636946,1.0,6,19,1,ref,chembl3d_gt_pb
3ed0_3ed0_conf0,0.079621340119503,1.0,2,20,0,ref,chembl3d_gt_pb
3eko_3eko_conf0,0.1512563056213687,1.0,32,16,1,ref,chembl3d_gt_pb
3ekr_3ekr_conf0,0.3735340257560806,1.0,151,22,2,ref,chembl3d_gt_pb
3eqr_3eqr_conf0,0.5935703175691738,1.0,200,38,9,ref,chembl3d_gt_pb
3exh_3exh_conf0,2.4945933067053923,0.0,15,26,8,ref,chembl3d_gt_pb
3f18_3f18_conf0,1.3437081448086288,0.0,97,19,6,ref,chembl3d_gt_pb
3f19_3f19_conf0,0.468491585626442,1.0,62,16,4,ref,chembl3d_gt_pb
3f1a_3f1a_conf0,0.4029479547652815,1.0,68,15,4,ref,chembl3d_gt_pb
3f33_3f33_conf0,0.2968835263559572,1.0,4,13,2,ref,chembl3d_gt_pb
3f37_3f37_conf0,0.0172671850274159,1.0,1,9,0,ref,chembl3d_gt_pb
3f78_3f78_conf0,0.4494377106657741,1.0,8,10,2,ref,chembl3d_gt_pb
3ffp_3ffp_conf0,0.2288101801550524,1.0,24,18,2,ref,chembl3d_gt_pb
3fhb_3fhb_conf0,0.2187815947967765,1.0,1,10,1,ref,chembl3d_gt_pb
3fj7_3fj7_conf0,0.6683890576945722,1.0,3,10,3,ref,chembl3d_gt_pb
3fjg_3fjg_conf0,0.1070307602855756,1.0,134,11,4,ref,chembl3d_gt_pb
3fl5_3fl5_conf0,0.0468327299176284,1.0,3,20,0,ref,chembl3d_gt_pb
3fql_3fql_conf0,0.4889263547177612,1.0,129,31,7,ref,chembl3d_gt_pb
3g0i_3g0i_conf0,0.4208286625592294,1.0,193,10,5,ref,chembl3d_gt_pb
3g2y_3g2y_conf0,0.2396453125925838,1.0,3,14,2,ref,chembl3d_gt_pb
3gcu_3gcu_conf0,0.962489745583368,0.0,200,38,5,ref,chembl3d_gt_pb
3gy2_3gy2_conf0,0.5975061159979521,1.0,43,21,5,ref,chembl3d_gt_pb
3gy3_3gy3_conf0,0.8969831880826514,0.0,200,25,10,ref,chembl3d_gt_pb
3gy7_3gy7_conf0,0.0883993244564321,1.0,1,9,1,ref,chembl3d_gt_pb
3h1x_3h1x_conf0,1.0595874563417689,0.0,11,25,4,ref,chembl3d_gt_pb
3h30_3h30_conf0,0.3556648181151677,1.0,200,20,2,ref,chembl3d_gt_pb
3h78_3h78_conf0,0.1212540172567521,1.0,2,10,1,ref,chembl3d_gt_pb
3hig_3hig_conf0,0.4172454615493328,1.0,43,21,5,ref,chembl3d_gt_pb
3hll_3hll_conf0,0.4662928531975627,1.0,77,30,5,ref,chembl3d_gt_pb
3hp9_3hp9_conf0,0.47145840555913,1.0,146,23,4,ref,chembl3d_gt_pb
3hs4_3hs4_conf0,0.119532614750491,1.0,7,13,2,ref,chembl3d_gt_pb
3hww_3hww_conf0,0.4994773386787719,1.0,34,10,4,ref,chembl3d_gt_pb
3i51_3i51_conf0,0.043375588530507,1.0,3,10,0,ref,chembl3d_gt_pb
3ibi_3ibi_conf0,0.7527562394569318,0.0,200,13,8,ref,chembl3d_gt_pb
3ibl_3ibl_conf0,0.9568689654934566,0.0,200,18,11,ref,chembl3d_gt_pb
3ibu_3ibu_conf0,0.7598283871189417,0.0,200,15,10,ref,chembl3d_gt_pb
3igp_3igp_conf0,0.3411526485386503,1.0,41,18,3,ref,chembl3d_gt_pb
3ime_3ime_conf0,0.1756573607195016,1.0,1,12,1,ref,chembl3d_gt_pb
3iof_3iof_conf0,0.4964889975241098,1.0,102,18,6,ref,chembl3d_gt_pb
3iog_3iog_conf0,0.1619259470175721,1.0,7,14,2,ref,chembl3d_gt_pb
3ip8_3ip8_conf0,0.0885728187758408,1.0,4,11,2,ref,chembl3d_gt_pb
3iub_3iub_conf0,0.2127633533377561,1.0,79,24,4,ref,chembl3d_gt_pb
3iue_3iue_conf0,0.3782612036786464,1.0,77,28,6,ref,chembl3d_gt_pb
3ivx_3ivx_conf0,0.8069674874691961,0.0,43,30,6,ref,chembl3d_gt_pb
3iw5_3iw5_conf0,0.8483345556107921,0.0,121,39,8,ref,chembl3d_gt_pb
3k8q_3k8q_conf0,0.7348133078335822,1.0,200,17,5,ref,chembl3d_gt_pb
3k97_3k97_conf0,0.3931873916977244,1.0,148,23,2,ref,chembl3d_gt_pb
3kgq_3kgq_conf0,0.2571948023433267,1.0,23,13,5,ref,chembl3d_gt_pb
3kgt_3kgt_conf0,0.1091986142904302,1.0,8,20,1,ref,chembl3d_gt_pb
3kgu_3kgu_conf0,0.1494406229852191,1.0,8,20,1,ref,chembl3d_gt_pb
3kku_3kku_conf0,1.077599527445621,0.0,94,23,6,ref,chembl3d_gt_pb
3kmx_3kmx_conf0,0.8990394433146901,0.0,200,17,6,ref,chembl3d_gt_pb
3kmy_3kmy_conf0,0.458292071975074,1.0,46,16,3,ref,chembl3d_gt_pb
3l0v_3l0v_conf0,0.2710552902138444,1.0,20,21,3,ref,chembl3d_gt_pb
3l3l_3l3l_conf0,0.1918709434678045,1.0,20,19,2,ref,chembl3d_gt_pb
3l59_3l59_conf0,0.4849498167833918,1.0,50,17,2,ref,chembl3d_gt_pb
3lgs_3lgs_conf0,0.5947571836210859,1.0,73,17,1,ref,chembl3d_gt_pb
3lk8_3lk8_conf0,0.5314784026116267,1.0,200,17,5,ref,chembl3d_gt_pb
3m35_3m35_conf0,0.8112293577495394,0.0,189,37,6,ref,chembl3d_gt_pb
3m36_3m36_conf0,0.7935958656897018,0.0,189,37,6,ref,chembl3d_gt_pb
3m37_3m37_conf0,0.9473270351221574,0.0,198,37,6,ref,chembl3d_gt_pb
3m3x_3m3x_conf0,0.6674050401840845,1.0,16,24,7,ref,chembl3d_gt_pb
3m40_3m40_conf0,0.4636581932039397,1.0,18,21,4,ref,chembl3d_gt_pb
3m5e_3m5e_conf0,0.8554907370763909,0.0,48,23,6,ref,chembl3d_gt_pb
3m67_3m67_conf0,0.3298919441419215,1.0,39,28,5,ref,chembl3d_gt_pb
3m96_3m96_conf0,0.5998050738272561,1.0,42,25,5,ref,chembl3d_gt_pb
3mam_3mam_conf0,0.0760898219301396,1.0,3,8,2,ref,chembl3d_gt_pb
3mdz_3mdz_conf0,0.2878048855989707,1.0,51,16,3,ref,chembl3d_gt_pb
3mhl_3mhl_conf0,0.7365908274025145,1.0,73,23,6,ref,chembl3d_gt_pb
3mhm_3mhm_conf0,0.6488027914851004,1.0,110,29,8,ref,chembl3d_gt_pb
3mho_3mho_conf0,0.5661543865468815,1.0,12,22,5,ref,chembl3d_gt_pb
3mhw_3mhw_conf0,0.1038687652658493,1.0,1,10,0,ref,chembl3d_gt_pb
3miy_3miy_conf0,0.722654121224825,1.0,77,29,7,ref,chembl3d_gt_pb
3ml2_3ml2_conf0,0.6974977317542109,1.0,200,27,5,ref,chembl3d_gt_pb
3ml5_3ml5_conf0,0.0944156097580599,1.0,7,13,2,ref,chembl3d_gt_pb
3mmf_3mmf_conf0,0.5830755752553476,1.0,111,22,6,ref,chembl3d_gt_pb
3mna_3mna_conf0,0.7815169979613699,0.0,73,24,6,ref,chembl3d_gt_pb
3ms9_3ms9_conf0,0.0904562696080777,1.0,2,12,1,ref,chembl3d_gt_pb
3myq_3myq_conf0,1.758444617561204,0.0,53,28,5,ref,chembl3d_gt_pb
3mzc_3mzc_conf0,0.4994107466605886,1.0,39,19,3,ref,chembl3d_gt_pb
3n0n_3n0n_conf0,1.115303432360656,0.0,38,25,3,ref,chembl3d_gt_pb
3n2p_3n2p_conf0,0.3729295614667989,1.0,30,23,4,ref,chembl3d_gt_pb
3n2v_3n2v_conf0,0.997097779401226,0.0,112,24,7,ref,chembl3d_gt_pb
3n3j_3n3j_conf0,0.8029773974823667,0.0,20,23,4,ref,chembl3d_gt_pb
3n4b_3n4b_conf0,1.256047912743555,0.0,7,21,3,ref,chembl3d_gt_pb
3n9r_3n9r_conf0,1.5995881512053425,0.0,1,15,7,ref,chembl3d_gt_pb
3nb5_3nb5_conf0,2.6728682385037423,0.0,109,24,6,ref,chembl3d_gt_pb
3nee_3nee_conf0,0.7214096985687638,1.0,200,24,6,ref,chembl3d_gt_pb
3nes_3nes_conf0,0.7736486100572201,0.0,200,24,6,ref,chembl3d_gt_pb
3ni5_3ni5_conf0,2.4155877230835805,0.0,184,30,11,ref,chembl3d_gt_pb
3npc_3npc_conf0,0.8042169287416512,0.0,200,39,7,ref,chembl3d_gt_pb
3o5x_3o5x_conf0,3.096335480333788,0.0,3,42,8,ref,chembl3d_gt_pb
3o84_3o84_conf0,0.3583912566233135,1.0,18,25,4,ref,chembl3d_gt_pb
3o8p_3o8p_conf0,0.284939767492356,1.0,6,21,2,ref,chembl3d_gt_pb
3oaf_3oaf_conf0,0.6234500302421492,1.0,100,22,3,ref,chembl3d_gt_pb
3ocp_3ocp_conf0,0.1845488698923407,1.0,42,22,1,ref,chembl3d_gt_pb
3ovn_3ovn_conf0,0.1823535716003352,1.0,2,12,1,ref,chembl3d_gt_pb
3oy0_3oy0_conf0,0.5282027709228947,1.0,69,21,5,ref,chembl3d_gt_pb
3p3r_3p3r_conf0,0.3693711634809372,1.0,17,20,3,ref,chembl3d_gt_pb
3p3t_3p3t_conf0,0.5705577707827207,1.0,89,18,5,ref,chembl3d_gt_pb
3p58_3p58_conf0,0.1569356635862674,1.0,19,12,2,ref,chembl3d_gt_pb
3p5l_3p5l_conf0,0.1740833752531471,1.0,47,17,1,ref,chembl3d_gt_pb
3pb7_3pb7_conf0,1.0113927319297729,0.0,200,22,7,ref,chembl3d_gt_pb
3pb8_3pb8_conf0,0.2587484102967187,1.0,39,11,3,ref,chembl3d_gt_pb
3pb9_3pb9_conf0,0.1903265356274311,1.0,18,12,2,ref,chembl3d_gt_pb
3pce_3pce_conf0,0.2585207788122952,1.0,4,11,2,ref,chembl3d_gt_pb
3pcg_3pcg_conf0,0.091769688595086,1.0,2,11,2,ref,chembl3d_gt_pb
3pcn_3pcn_conf0,0.2527626761773361,1.0,8,12,2,ref,chembl3d_gt_pb
3pe1_3pe1_conf0,0.3975996665941185,1.0,5,25,3,ref,chembl3d_gt_pb
3po6_3po6_conf0,0.8542895445457148,0.0,51,19,3,ref,chembl3d_gt_pb
3ppm_3ppm_conf0,0.7171506978254452,1.0,192,25,9,ref,chembl3d_gt_pb
3ppp_3ppp_conf0,0.1614864534189356,1.0,3,8,2,ref,chembl3d_gt_pb
3ppq_3ppq_conf0,0.1197558306505861,1.0,7,7,2,ref,chembl3d_gt_pb
3pwd_3pwd_conf0,0.2059212362166352,1.0,2,20,1,ref,chembl3d_gt_pb
3q2j_3q2j_conf0,1.0514199471019106,0.0,66,18,4,ref,chembl3d_gt_pb
3q6w_3q6w_conf0,1.9448248819146208,0.0,113,39,7,ref,chembl3d_gt_pb
3qdd_3qdd_conf0,0.1318896685554249,1.0,50,22,3,ref,chembl3d_gt_pb
3r16_3r16_conf0,0.3549581669961204,1.0,200,19,4,ref,chembl3d_gt_pb
3r17_3r17_conf0,0.3812498779342394,1.0,200,20,4,ref,chembl3d_gt_pb
3r4m_3r4m_conf0,0.1359017302075572,1.0,5,16,2,ref,chembl3d_gt_pb
3r4n_3r4n_conf0,0.1994248264851025,1.0,89,23,5,ref,chembl3d_gt_pb
3r6u_3r6u_conf0,0.119430907381377,1.0,7,7,2,ref,chembl3d_gt_pb
3rbu_3rbu_conf0,0.5366078618155897,1.0,141,14,6,ref,chembl3d_gt_pb
3rf4_3rf4_conf0,0.460904946825162,1.0,200,21,5,ref,chembl3d_gt_pb
3rf5_3rf5_conf0,0.2364547866217451,1.0,17,16,4,ref,chembl3d_gt_pb
3rlb_3rlb_conf0,0.2930731494960226,1.0,200,18,4,ref,chembl3d_gt_pb
3rlp_3rlp_conf0,0.3247225623729103,1.0,12,18,2,ref,chembl3d_gt_pb
3rlq_3rlq_conf0,0.2203131948254325,1.0,9,22,2,ref,chembl3d_gt_pb
3roc_3roc_conf0,0.7485520683792724,1.0,141,31,7,ref,chembl3d_gt_pb
3ru1_3ru1_conf0,0.462579521706887,1.0,78,23,5,ref,chembl3d_gt_pb
3ryv_3ryv_conf0,0.2450292303953238,1.0,30,15,3,ref,chembl3d_gt_pb
3ryx_3ryx_conf0,0.5958243317618362,1.0,200,21,4,ref,chembl3d_gt_pb
3ryy_3ryy_conf0,0.2249080937750691,1.0,154,16,4,ref,chembl3d_gt_pb
3ryz_3ryz_conf0,0.3647683804554187,1.0,200,24,5,ref,chembl3d_gt_pb
3rz0_3rz0_conf0,0.5047045260968527,1.0,200,17,5,ref,chembl3d_gt_pb
3rz8_3rz8_conf0,0.7670197469071435,0.0,200,19,7,ref,chembl3d_gt_pb
3s0b_3s0b_conf0,0.181612188814758,1.0,13,17,2,ref,chembl3d_gt_pb
3s0e_3s0e_conf0,0.1915050946282804,1.0,84,12,3,ref,chembl3d_gt_pb
3s71_3s71_conf0,0.0483664754193087,1.0,4,13,1,ref,chembl3d_gt_pb
3s73_3s73_conf0,0.0900052092111182,1.0,4,13,1,ref,chembl3d_gt_pb
3s76_3s76_conf0,0.0826508099505849,1.0,3,9,1,ref,chembl3d_gt_pb
3s78_3s78_conf0,0.4357440923894093,1.0,3,9,1,ref,chembl3d_gt_pb
3std_3std_conf0,0.5562173387580397,1.0,196,28,6,ref,chembl3d_gt_pb
3sww_3sww_conf0,0.3556440174694503,1.0,45,25,5,ref,chembl3d_gt_pb
3sxf_3sxf_conf0,0.5385092964304402,1.0,45,26,4,ref,chembl3d_gt_pb
3t3u_3t3u_conf0,0.4488976651686212,1.0,95,29,4,ref,chembl3d_gt_pb
3t5u_3t5u_conf0,0.7870519811238779,0.0,6,11,2,ref,chembl3d_gt_pb
3tf6_3tf6_conf0,0.403098427615887,1.0,2,11,1,ref,chembl3d_gt_pb
3th9_3th9_conf0,0.3846040713758327,1.0,110,34,6,ref,chembl3d_gt_pb
3u10_3u10_conf0,0.355233584828718,1.0,42,22,1,ref,chembl3d_gt_pb
3u90_3u90_conf0,1.0025181974391764,0.0,200,17,12,ref,chembl3d_gt_pb
3u92_3u92_conf0,1.013382589711191,0.0,23,15,4,ref,chembl3d_gt_pb
3ucj_3ucj_conf0,0.1872390233047908,1.0,7,13,2,ref,chembl3d_gt_pb
3udd_3udd_conf0,1.3770482081055846,0.0,88,29,7,ref,chembl3d_gt_pb
3ug2_3ug2_conf0,0.5423849409305436,1.0,200,31,8,ref,chembl3d_gt_pb
3uj9_3uj9_conf0,0.5713220267084257,1.0,3,11,4,ref,chembl3d_gt_pb
3ujc_3ujc_conf0,0.5449463445308614,1.0,3,11,4,ref,chembl3d_gt_pb
3ujd_3ujd_conf0,0.5647564166045584,1.0,3,11,4,ref,chembl3d_gt_pb
3uod_3uod_conf0,0.632012387148159,1.0,27,27,5,ref,chembl3d_gt_pb
3uu1_3uu1_conf0,0.1447054630918948,1.0,1,12,1,ref,chembl3d_gt_pb
3uxk_3uxk_conf0,0.234257043864901,1.0,6,10,1,ref,chembl3d_gt_pb
3v3q_3v3q_conf0,1.7167653102785545,0.0,120,27,13,ref,chembl3d_gt_pb
3v51_3v51_conf0,0.4556715955060239,1.0,79,32,5,ref,chembl3d_gt_pb
3v5p_3v5p_conf0,0.3852488302406606,1.0,76,26,4,ref,chembl3d_gt_pb
3v7x_3v7x_conf0,0.6616220128047615,1.0,108,25,7,ref,chembl3d_gt_pb
3vbd_3vbd_conf0,0.6408659455699554,1.0,36,22,3,ref,chembl3d_gt_pb
3vhk_3vhk_conf0,0.5707818363271885,1.0,88,22,5,ref,chembl3d_gt_pb
3vw1_3vw1_conf0,0.5690903901854544,1.0,49,28,6,ref,chembl3d_gt_pb
3w5n_3w5n_conf0,0.8376978383361973,0.0,126,11,0,ref,chembl3d_gt_pb
3wha_3wha_conf0,1.0862682893599982,0.0,83,28,6,ref,chembl3d_gt_pb
3wtn_3wtn_conf0,0.3368222845761234,1.0,30,14,2,ref,chembl3d_gt_pb
3wto_3wto_conf0,0.3104975569501914,1.0,30,14,2,ref,chembl3d_gt_pb
3zbx_3zbx_conf0,0.402775684143107,1.0,55,27,3,ref,chembl3d_gt_pb
3zi8_3zi8_conf0,0.0925453069089975,1.0,43,10,0,ref,chembl3d_gt_pb
3zlr_3zlr_conf0,1.1327709811831377,0.0,113,41,10,ref,chembl3d_gt_pb
3zxz_3zxz_conf0,0.2884935410352698,1.0,97,28,5,ref,chembl3d_gt_pb
456c_456c_conf0,0.9107187939182428,0.0,200,28,6,ref,chembl3d_gt_pb
4a4v_4a4v_conf0,0.7234107416122998,1.0,126,22,8,ref,chembl3d_gt_pb
4a4w_4a4w_conf0,0.8038097829365916,0.0,176,30,10,ref,chembl3d_gt_pb
4a6l_4a6l_conf0,1.196513707914796,0.0,200,30,3,ref,chembl3d_gt_pb
4ab9_4ab9_conf0,0.6316009179021199,1.0,1,11,1,ref,chembl3d_gt_pb
4abb_4abb_conf0,0.4425915744949359,1.0,1,11,1,ref,chembl3d_gt_pb
4abe_4abe_conf0,0.4259651049254118,1.0,6,13,2,ref,chembl3d_gt_pb
4abf_4abf_conf0,0.3985855393069296,1.0,1,12,1,ref,chembl3d_gt_pb
4acc_4acc_conf0,0.5179616570645131,1.0,119,31,8,ref,chembl3d_gt_pb
4aci_4aci_conf0,0.4561737239816465,1.0,23,13,5,ref,chembl3d_gt_pb
4ag8_4ag8_conf0,0.6781334746311107,1.0,68,28,5,ref,chembl3d_gt_pb
4ahu_4ahu_conf0,0.0762014617216803,1.0,2,12,1,ref,chembl3d_gt_pb
4ai5_4ai5_conf0,0.0702449591184501,1.0,1,11,0,ref,chembl3d_gt_pb
4aia_4aia_conf0,0.0642247295050892,1.0,1,11,0,ref,chembl3d_gt_pb
4aj4_4aj4_conf0,0.8593752051875742,0.0,72,21,7,ref,chembl3d_gt_pb
4aje_4aje_conf0,0.6781093755375377,1.0,2,15,4,ref,chembl3d_gt_pb
4aji_4aji_conf0,0.3501501652001265,1.0,51,18,6,ref,chembl3d_gt_pb
4ajl_4ajl_conf0,0.3726374186990138,1.0,141,21,5,ref,chembl3d_gt_pb
4aoi_4aoi_conf0,0.4077936563902886,1.0,71,27,3,ref,chembl3d_gt_pb
4ap7_4ap7_conf0,0.4113681140955034,1.0,36,24,3,ref,chembl3d_gt_pb
4aq4_4aq4_conf0,0.6066870871958286,1.0,46,10,4,ref,chembl3d_gt_pb
4ara_4ara_conf0,0.5651615819544954,1.0,44,25,7,ref,chembl3d_gt_pb
4asd_4asd_conf0,0.3968448342576369,1.0,194,32,5,ref,chembl3d_gt_pb
4b32_4b32_conf0,0.0313244759356343,1.0,2,11,0,ref,chembl3d_gt_pb
4b33_4b33_conf0,0.0334818715189453,1.0,2,11,0,ref,chembl3d_gt_pb
4b3c_4b3c_conf0,0.0435459116780995,1.0,2,10,0,ref,chembl3d_gt_pb
4b3d_4b3d_conf0,0.0470615432299287,1.0,1,10,0,ref,chembl3d_gt_pb
4b76_4b76_conf0,0.3842131413937114,1.0,9,17,3,ref,chembl3d_gt_pb
4bck_4bck_conf0,0.6931166717208492,1.0,56,27,5,ref,chembl3d_gt_pb
4bcm_4bcm_conf0,0.5854883704839878,1.0,81,33,6,ref,chembl3d_gt_pb
4bco_4bco_conf0,1.7155763174923293,0.0,101,33,5,ref,chembl3d_gt_pb
4bf1_4bf1_conf0,0.7282662653866545,1.0,24,24,3,ref,chembl3d_gt_pb
4bf6_4bf6_conf0,0.3228231147404889,1.0,45,22,3,ref,chembl3d_gt_pb
4bps_4bps_conf0,0.3717895164474469,1.0,11,14,4,ref,chembl3d_gt_pb
4bqg_4bqg_conf0,0.4381702559234347,1.0,27,17,2,ref,chembl3d_gt_pb
4btk_4btk_conf0,0.2132518321613288,1.0,200,22,4,ref,chembl3d_gt_pb
4cfl_4cfl_conf0,0.5918764237590028,1.0,6,23,2,ref,chembl3d_gt_pb
4d7b_4d7b_conf0,0.2133075608470742,1.0,192,20,3,ref,chembl3d_gt_pb
4der_4der_conf0,0.4779249534175276,1.0,12,20,1,ref,chembl3d_gt_pb
4det_4det_conf0,0.3666400968978491,1.0,12,21,1,ref,chembl3d_gt_pb
4dff_4dff_conf0,0.2345703115539378,1.0,13,22,3,ref,chembl3d_gt_pb
4dhl_4dhl_conf0,0.3084426027508682,1.0,2,15,2,ref,chembl3d_gt_pb
4dkr_4dkr_conf0,0.2922045268262956,1.0,38,27,3,ref,chembl3d_gt_pb
4dst_4dst_conf0,0.5202771699746032,1.0,4,15,2,ref,chembl3d_gt_pb
4dsy_4dsy_conf0,0.501609233236355,1.0,1,15,2,ref,chembl3d_gt_pb
4duh_4duh_conf0,0.8133299933339093,0.0,108,26,6,ref,chembl3d_gt_pb
4e0x_4e0x_conf0,0.5018127719073964,1.0,23,15,4,ref,chembl3d_gt_pb
4e3g_4e3g_conf0,0.098453507356189,1.0,1,10,1,ref,chembl3d_gt_pb
4e4l_4e4l_conf0,0.5037546296134303,1.0,9,23,2,ref,chembl3d_gt_pb
4e70_4e70_conf0,0.0737676555970077,1.0,198,13,3,ref,chembl3d_gt_pb
4e9u_4e9u_conf0,0.9133831824719922,0.0,200,19,6,ref,chembl3d_gt_pb
4ehz_4ehz_conf0,0.0866981175011917,1.0,2,19,1,ref,chembl3d_gt_pb
4ej8_4ej8_conf0,0.0456066513209153,1.0,1,12,1,ref,chembl3d_gt_pb
4ejl_4ejl_conf0,0.1823092963842682,1.0,31,14,3,ref,chembl3d_gt_pb
4en4_4en4_conf0,0.1347881538399972,1.0,63,13,3,ref,chembl3d_gt_pb
4f39_4f39_conf0,0.5596206064127615,1.0,23,15,4,ref,chembl3d_gt_pb
4f6w_4f6w_conf0,1.0235232223826265,0.0,168,47,7,ref,chembl3d_gt_pb
4f9y_4f9y_conf0,0.1515599936663272,1.0,4,25,3,ref,chembl3d_gt_pb
4fai_4fai_conf0,1.112786779779014,0.0,200,22,7,ref,chembl3d_gt_pb
4fcq_4fcq_conf0,0.3598361808401399,1.0,10,21,2,ref,chembl3d_gt_pb
4few_4few_conf0,0.3918428300879155,1.0,4,21,1,ref,chembl3d_gt_pb
4fht_4fht_conf0,0.201608485310074,1.0,4,11,1,ref,chembl3d_gt_pb
4g95_4g95_conf0,0.4072959895541342,1.0,100,22,3,ref,chembl3d_gt_pb
4ge1_4ge1_conf0,0.1332449653451859,1.0,15,12,2,ref,chembl3d_gt_pb
4gg7_4gg7_conf0,0.609633735705231,1.0,108,36,6,ref,chembl3d_gt_pb
4ghi_4ghi_conf0,0.379730259489263,1.0,6,21,3,ref,chembl3d_gt_pb
4gih_4gih_conf0,0.4198784979604572,1.0,14,23,4,ref,chembl3d_gt_pb
4gii_4gii_conf0,0.3234966514632156,1.0,14,25,4,ref,chembl3d_gt_pb
4gkh_4gkh_conf0,0.5659412618255333,1.0,10,24,1,ref,chembl3d_gt_pb
4gki_4gki_conf0,0.4966964888391412,1.0,40,25,2,ref,chembl3d_gt_pb
4gny_4gny_conf0,0.4995602507332526,1.0,200,17,12,ref,chembl3d_gt_pb
4gqr_4gqr_conf0,0.3125785645486936,1.0,92,23,1,ref,chembl3d_gt_pb
4gu6_4gu6_conf0,0.7419825333628262,1.0,54,31,6,ref,chembl3d_gt_pb
4gu9_4gu9_conf0,0.1647937019075477,1.0,11,17,2,ref,chembl3d_gt_pb
4h7q_4h7q_conf0,0.5008440490180575,1.0,15,9,3,ref,chembl3d_gt_pb
4ht0_4ht0_conf0,1.2764558598126643,0.0,22,23,3,ref,chembl3d_gt_pb
4ht2_4ht2_conf0,0.637249906441044,1.0,22,23,3,ref,chembl3d_gt_pb
4hu1_4hu1_conf0,0.5858750651414446,1.0,68,20,4,ref,chembl3d_gt_pb
4hw3_4hw3_conf0,0.8515937384550196,0.0,31,25,6,ref,chembl3d_gt_pb
4i7m_4i7m_conf0,0.1583983101975802,1.0,22,10,2,ref,chembl3d_gt_pb
4i8n_4i8n_conf0,1.3104400864076775,0.0,77,34,7,ref,chembl3d_gt_pb
4i8x_4i8x_conf0,0.3074623438477765,1.0,2,15,2,ref,chembl3d_gt_pb
4i9h_4i9h_conf0,2.4967672950119906,0.0,186,51,17,ref,chembl3d_gt_pb
4i9u_4i9u_conf0,0.3990509295622748,1.0,37,23,6,ref,chembl3d_gt_pb
4ih3_4ih3_conf0,0.5645668101081204,1.0,1,12,2,ref,chembl3d_gt_pb
4ih6_4ih6_conf0,0.1609922522686765,1.0,72,21,3,ref,chembl3d_gt_pb
4ij1_4ij1_conf0,0.405394303467785,1.0,7,19,4,ref,chembl3d_gt_pb
4itp_4itp_conf0,0.7407339184251679,1.0,200,21,5,ref,chembl3d_gt_pb
4iue_4iue_conf0,0.4330049898324282,1.0,3,19,1,ref,chembl3d_gt_pb
4iuo_4iuo_conf0,0.1353958754258692,1.0,122,13,1,ref,chembl3d_gt_pb
4iwz_4iwz_conf0,0.4458686110970752,1.0,152,18,4,ref,chembl3d_gt_pb
4j22_4j22_conf0,0.5986640240077541,1.0,112,30,5,ref,chembl3d_gt_pb
4jh0_4jh0_conf0,0.3773401468255516,1.0,33,27,4,ref,chembl3d_gt_pb
4jkw_4jkw_conf0,0.7099497633844388,1.0,180,14,6,ref,chembl3d_gt_pb
4jn2_4jn2_conf0,1.2147498497998246,0.0,142,35,9,ref,chembl3d_gt_pb
4jsa_4jsa_conf0,0.3473143997573998,1.0,2,10,1,ref,chembl3d_gt_pb
4jx9_4jx9_conf0,0.6422310106195019,1.0,198,17,2,ref,chembl3d_gt_pb
4jyt_4jyt_conf0,2.17680204574569,0.0,91,40,9,ref,chembl3d_gt_pb
4jz1_4jz1_conf0,1.3864077534829826,0.0,111,37,9,ref,chembl3d_gt_pb
4k0y_4k0y_conf0,0.2231731382013348,1.0,91,26,3,ref,chembl3d_gt_pb
4k3n_4k3n_conf0,0.246116665961233,1.0,15,17,3,ref,chembl3d_gt_pb
4k5p_4k5p_conf0,0.6001773745148942,1.0,5,15,3,ref,chembl3d_gt_pb
4k6i_4k6i_conf0,0.2925288085753798,1.0,22,26,3,ref,chembl3d_gt_pb
4k7i_4k7i_conf0,0.028483525561903,1.0,3,8,0,ref,chembl3d_gt_pb
4k7n_4k7n_conf0,0.0453695333017978,1.0,4,9,0,ref,chembl3d_gt_pb
4k7o_4k7o_conf0,0.2371511798212243,1.0,9,12,0,ref,chembl3d_gt_pb
4k9y_4k9y_conf0,0.4033170665658704,1.0,102,36,4,ref,chembl3d_gt_pb
4kao_4kao_conf0,0.3488090179677616,1.0,160,32,4,ref,chembl3d_gt_pb
4kif_4kif_conf0,0.6545025780468864,1.0,5,12,3,ref,chembl3d_gt_pb
4km0_4km0_conf0,0.2139718575527265,1.0,6,17,2,ref,chembl3d_gt_pb
4km2_4km2_conf0,0.3448882324770619,1.0,200,21,5,ref,chembl3d_gt_pb
4kni_4kni_conf0,0.4399751084429548,1.0,45,23,5,ref,chembl3d_gt_pb
4knj_4knj_conf0,0.8986037455999215,0.0,35,21,5,ref,chembl3d_gt_pb
4knm_4knm_conf0,0.8556804361149758,0.0,45,23,5,ref,chembl3d_gt_pb
4knn_4knn_conf0,1.0172750657922451,0.0,35,21,5,ref,chembl3d_gt_pb
4kp5_4kp5_conf0,0.5352918195116487,1.0,35,21,5,ref,chembl3d_gt_pb
4kp8_4kp8_conf0,1.1727532159533507,0.0,64,20,5,ref,chembl3d_gt_pb
4kwf_4kwf_conf0,0.4375156711245586,1.0,15,18,2,ref,chembl3d_gt_pb
4kwg_4kwg_conf0,0.0515207762802076,1.0,1,13,0,ref,chembl3d_gt_pb
4kyh_4kyh_conf0,0.1422618536590811,1.0,76,29,4,ref,chembl3d_gt_pb
4kyk_4kyk_conf0,0.2745470855959739,1.0,11,25,4,ref,chembl3d_gt_pb
4l2l_4l2l_conf0,0.3249105577645161,1.0,23,19,3,ref,chembl3d_gt_pb
4lko_4lko_conf0,0.3715025491514449,1.0,36,25,5,ref,chembl3d_gt_pb
4llj_4llj_conf0,0.0781054772252504,1.0,1,11,0,ref,chembl3d_gt_pb
4llp_4llp_conf0,0.0393910856110034,1.0,2,9,0,ref,chembl3d_gt_pb
4lm2_4lm2_conf0,0.1662268697409648,1.0,17,12,1,ref,chembl3d_gt_pb
4lm3_4lm3_conf0,0.3440517153433811,1.0,2,13,1,ref,chembl3d_gt_pb
4loo_4loo_conf0,0.1824266992808886,1.0,86,25,3,ref,chembl3d_gt_pb
4lrr_4lrr_conf0,2.2800702965884896,0.0,5,25,3,ref,chembl3d_gt_pb
4luz_4luz_conf0,1.2792127691601385,0.0,73,37,8,ref,chembl3d_gt_pb
4lxd_4lxd_conf0,1.3454263224818093,0.0,198,48,10,ref,chembl3d_gt_pb
4lxz_4lxz_conf0,0.5550547428691786,1.0,200,19,8,ref,chembl3d_gt_pb
4ly1_4ly1_conf0,0.5807357052751793,1.0,128,25,4,ref,chembl3d_gt_pb
4lyw_4lyw_conf0,1.40306318775031,0.0,159,29,8,ref,chembl3d_gt_pb
4lzr_4lzr_conf0,0.7164261514073481,1.0,128,29,5,ref,chembl3d_gt_pb
4m0r_4m0r_conf0,1.0521633730041864,0.0,15,29,7,ref,chembl3d_gt_pb
4m14_4m14_conf0,0.5594864376343429,1.0,34,26,5,ref,chembl3d_gt_pb
4m2r_4m2r_conf0,0.9615479687776068,0.0,122,23,7,ref,chembl3d_gt_pb
4m2v_4m2v_conf0,0.6801989914284962,1.0,122,23,7,ref,chembl3d_gt_pb
4m6u_4m6u_conf0,0.5515384358658505,1.0,2,8,2,ref,chembl3d_gt_pb
4m8e_4m8e_conf0,0.751595233476925,0.0,16,23,4,ref,chembl3d_gt_pb
4mmm_4mmm_conf0,0.0419068355679241,1.0,8,14,1,ref,chembl3d_gt_pb
4mo8_4mo8_conf0,0.2363069322091096,1.0,73,16,5,ref,chembl3d_gt_pb
4mr3_4mr3_conf0,0.1323013167159741,1.0,14,24,3,ref,chembl3d_gt_pb
4mr6_4mr6_conf0,0.283184324462263,1.0,94,27,6,ref,chembl3d_gt_pb
4mre_4mre_conf0,0.0470102841771764,1.0,1,9,0,ref,chembl3d_gt_pb
4mrg_4mrg_conf0,0.0499615773289309,1.0,1,11,0,ref,chembl3d_gt_pb
4mrw_4mrw_conf0,0.0333665716662309,1.0,2,12,0,ref,chembl3d_gt_pb
4mrz_4mrz_conf0,0.0982001190645388,1.0,1,11,1,ref,chembl3d_gt_pb
4msc_4msc_conf0,0.383211840596099,1.0,20,22,3,ref,chembl3d_gt_pb
4msn_4msn_conf0,0.2678602547582864,1.0,2,13,1,ref,chembl3d_gt_pb
4n9c_4n9c_conf0,0.0517173744585562,1.0,1,12,1,ref,chembl3d_gt_pb
4nbl_4nbl_conf0,0.5754146837793876,1.0,61,22,4,ref,chembl3d_gt_pb
4nl1_4nl1_conf0,0.2633863831785411,1.0,6,13,2,ref,chembl3d_gt_pb
4np3_4np3_conf0,0.1554985608301096,1.0,20,18,2,ref,chembl3d_gt_pb
4nuc_4nuc_conf0,0.598549311003421,1.0,111,27,5,ref,chembl3d_gt_pb
4nvp_4nvp_conf0,0.2841140615740748,1.0,14,22,1,ref,chembl3d_gt_pb
4o09_4o09_conf0,0.3164859860188167,1.0,82,28,3,ref,chembl3d_gt_pb
4o0b_4o0b_conf0,0.4727912335515158,1.0,61,29,2,ref,chembl3d_gt_pb
4o0x_4o0x_conf0,0.4343440831568437,1.0,13,26,1,ref,chembl3d_gt_pb
4o0y_4o0y_conf0,0.696862458602817,1.0,56,25,3,ref,chembl3d_gt_pb
4o2b_4o2b_conf0,0.2875589045034398,1.0,128,29,5,ref,chembl3d_gt_pb
4o2p_4o2p_conf0,0.6410355241102313,1.0,118,34,9,ref,chembl3d_gt_pb
4o3f_4o3f_conf0,0.4675213678595971,1.0,157,28,4,ref,chembl3d_gt_pb
4o61_4o61_conf0,0.8981854681089176,0.0,23,13,5,ref,chembl3d_gt_pb
4oak_4oak_conf0,0.2132476275394234,1.0,42,11,3,ref,chembl3d_gt_pb
4oct_4oct_conf0,0.5570957480500216,1.0,34,10,4,ref,chembl3d_gt_pb
4oks_4oks_conf0,0.2891061050239723,1.0,135,33,7,ref,chembl3d_gt_pb
4owv_4owv_conf0,0.092374071305549,1.0,2,10,1,ref,chembl3d_gt_pb
4p5z_4p5z_conf0,0.5722687479575572,1.0,40,37,4,ref,chembl3d_gt_pb
4poh_4poh_conf0,0.832294944015803,0.0,7,23,4,ref,chembl3d_gt_pb
4pop_4pop_conf0,0.3338043307871071,1.0,76,17,3,ref,chembl3d_gt_pb
4pp3_4pp3_conf0,1.0505436313668643,0.0,10,23,4,ref,chembl3d_gt_pb
4pp5_4pp5_conf0,1.2937902760630542,0.0,8,23,4,ref,chembl3d_gt_pb
4pvy_4pvy_conf0,1.303448768864949,0.0,28,26,7,ref,chembl3d_gt_pb
4q08_4q08_conf0,0.8693681777801509,0.0,143,26,6,ref,chembl3d_gt_pb
4q09_4q09_conf0,1.0279928177337956,0.0,174,28,6,ref,chembl3d_gt_pb
4q19_4q19_conf0,0.8370051058924075,0.0,70,27,7,ref,chembl3d_gt_pb
4q7p_4q7p_conf0,0.058889474528573,1.0,1,9,0,ref,chembl3d_gt_pb
4q7s_4q7s_conf0,0.0573456133264817,1.0,1,9,0,ref,chembl3d_gt_pb
4q7v_4q7v_conf0,0.0670778061950221,1.0,1,9,0,ref,chembl3d_gt_pb
4q7w_4q7w_conf0,0.0779641804653841,1.0,1,9,0,ref,chembl3d_gt_pb
4q81_4q81_conf0,0.0746895484092925,1.0,1,10,0,ref,chembl3d_gt_pb
4q83_4q83_conf0,0.0873077641258418,1.0,1,12,0,ref,chembl3d_gt_pb
4q87_4q87_conf0,0.0781281179267046,1.0,2,12,0,ref,chembl3d_gt_pb
4qb3_4qb3_conf0,0.3858912502468893,1.0,149,22,5,ref,chembl3d_gt_pb
4qem_4qem_conf0,0.2219218996746323,1.0,6,12,2,ref,chembl3d_gt_pb
4qer_4qer_conf0,0.348171346626821,1.0,24,17,2,ref,chembl3d_gt_pb
4qjw_4qjw_conf0,0.83583669352502,0.0,118,27,7,ref,chembl3d_gt_pb
4qjx_4qjx_conf0,0.9853639393516284,0.0,118,27,7,ref,chembl3d_gt_pb
4qp2_4qp2_conf0,0.046276126498909,1.0,1,11,0,ref,chembl3d_gt_pb
4qsv_4qsv_conf0,0.3137396233382311,1.0,195,17,2,ref,chembl3d_gt_pb
4qtl_4qtl_conf0,0.7855474735489397,0.0,118,27,7,ref,chembl3d_gt_pb
4qxo_4qxo_conf0,0.2320268040728463,1.0,2,21,2,ref,chembl3d_gt_pb
4r0a_4r0a_conf0,0.3874064329148028,1.0,198,17,2,ref,chembl3d_gt_pb
4r4c_4r4c_conf0,1.6372611082034385,0.0,77,41,8,ref,chembl3d_gt_pb
4r4o_4r4o_conf0,1.565408685507518,0.0,73,40,8,ref,chembl3d_gt_pb
4r4t_4r4t_conf0,2.0464006263916388,0.0,49,40,8,ref,chembl3d_gt_pb
4r76_4r76_conf0,0.6598967136016018,1.0,142,26,5,ref,chembl3d_gt_pb
4rak_4rak_conf0,0.1903922898543184,1.0,110,35,6,ref,chembl3d_gt_pb
4rfc_4rfc_conf0,0.9966284147015004,0.0,85,23,7,ref,chembl3d_gt_pb
4rfd_4rfd_conf0,0.3078447622011444,1.0,80,16,6,ref,chembl3d_gt_pb
4rj8_4rj8_conf0,0.504874203852571,1.0,104,29,5,ref,chembl3d_gt_pb
4rlu_4rlu_conf0,0.1012710510012758,1.0,63,19,3,ref,chembl3d_gt_pb
4rpn_4rpn_conf0,0.0448899682482917,1.0,1,12,0,ref,chembl3d_gt_pb
4rpo_4rpo_conf0,0.0281836802292739,1.0,1,10,0,ref,chembl3d_gt_pb
4rqk_4rqk_conf0,0.6446125243220919,1.0,25,23,3,ref,chembl3d_gt_pb
4rux_4rux_conf0,0.3053985714850046,1.0,39,14,4,ref,chembl3d_gt_pb
4ruy_4ruy_conf0,0.309248294632073,1.0,39,14,4,ref,chembl3d_gt_pb
4ruz_4ruz_conf0,0.3957592596084512,1.0,11,13,3,ref,chembl3d_gt_pb
4rvr_4rvr_conf0,0.3631072848697239,1.0,39,26,6,ref,chembl3d_gt_pb
4rwj_4rwj_conf0,0.5947017479911271,1.0,132,34,8,ref,chembl3d_gt_pb
4tjz_4tjz_conf0,0.5779205671054856,1.0,52,12,7,ref,chembl3d_gt_pb
4tqn_4tqn_conf0,0.7273990458067735,1.0,42,24,6,ref,chembl3d_gt_pb
4tte_4tte_conf0,0.1674139863061549,1.0,8,18,2,ref,chembl3d_gt_pb
4u1b_4u1b_conf0,0.5883730010982778,1.0,61,13,6,ref,chembl3d_gt_pb
4u43_4u43_conf0,0.2298901188568842,1.0,15,16,2,ref,chembl3d_gt_pb
4u54_4u54_conf0,0.568228070259588,1.0,16,15,3,ref,chembl3d_gt_pb
4u69_4u69_conf0,0.4372923800469617,1.0,17,11,4,ref,chembl3d_gt_pb
4u6w_4u6w_conf0,0.6242526265004834,1.0,61,13,6,ref,chembl3d_gt_pb
4u70_4u70_conf0,0.3623546461127518,1.0,6,13,3,ref,chembl3d_gt_pb
4u73_4u73_conf0,0.3025971663381093,1.0,3,12,2,ref,chembl3d_gt_pb
4ucc_4ucc_conf0,1.3447674200071482,0.0,6,20,4,ref,chembl3d_gt_pb
4umb_4umb_conf0,0.590871983615246,1.0,3,10,3,ref,chembl3d_gt_pb
4unp_4unp_conf0,0.1907939914919974,1.0,6,15,2,ref,chembl3d_gt_pb
4up5_4up5_conf0,0.201645228211727,1.0,2,12,1,ref,chembl3d_gt_pb
4urz_4urz_conf0,0.3411546202639878,1.0,7,17,2,ref,chembl3d_gt_pb
4uye_4uye_conf0,0.1842209892645688,1.0,61,29,4,ref,chembl3d_gt_pb
4v24_4v24_conf0,1.7687571647092424,0.0,154,33,9,ref,chembl3d_gt_pb
4wa9_4wa9_conf0,0.8219423532498856,0.0,68,28,5,ref,chembl3d_gt_pb
4wkb_4wkb_conf0,0.8604103980066108,0.0,200,20,4,ref,chembl3d_gt_pb
4wkn_4wkn_conf0,0.8474601444163723,0.0,200,20,4,ref,chembl3d_gt_pb
4wov_4wov_conf0,0.571819551453808,1.0,91,28,6,ref,chembl3d_gt_pb
4wrb_4wrb_conf0,1.4454427414239217,0.0,75,27,6,ref,chembl3d_gt_pb
4x24_4x24_conf0,0.6921824025886265,1.0,200,20,4,ref,chembl3d_gt_pb
4x8u_4x8u_conf0,0.0998549091898129,1.0,1,13,1,ref,chembl3d_gt_pb
4xip_4xip_conf0,0.6472345251751822,1.0,11,22,2,ref,chembl3d_gt_pb
4xiq_4xiq_conf0,0.3655836772310587,1.0,11,25,1,ref,chembl3d_gt_pb
4xir_4xir_conf0,0.489891658340835,1.0,69,29,3,ref,chembl3d_gt_pb
4xmb_4xmb_conf0,0.7157022564977886,1.0,119,42,12,ref,chembl3d_gt_pb
4y2q_4y2q_conf0,0.3391200717389944,1.0,4,16,1,ref,chembl3d_gt_pb
4y4j_4y4j_conf0,0.0667821509641308,1.0,200,12,2,ref,chembl3d_gt_pb
4ygf_4ygf_conf0,0.1811406310351147,1.0,7,13,2,ref,chembl3d_gt_pb
4yhm_4yhm_conf0,0.9946612913205788,0.0,142,35,9,ref,chembl3d_gt_pb
4yho_4yho_conf0,1.1688786762336454,0.0,142,35,9,ref,chembl3d_gt_pb
4ykk_4ykk_conf0,0.5183358203866167,1.0,6,7,2,ref,chembl3d_gt_pb
4ymq_4ymq_conf0,1.839616105296558,0.0,119,40,10,ref,chembl3d_gt_pb
4yx4_4yx4_conf0,0.4100041959461912,1.0,2,10,1,ref,chembl3d_gt_pb
4yxi_4yxi_conf0,0.399249170807859,1.0,2,11,1,ref,chembl3d_gt_pb
4yyt_4yyt_conf0,0.3373494718848591,1.0,92,13,3,ref,chembl3d_gt_pb
4yzu_4yzu_conf0,0.2936211660480836,1.0,124,27,5,ref,chembl3d_gt_pb
4z0q_4z0q_conf0,0.5289653999811949,1.0,24,22,2,ref,chembl3d_gt_pb
4z1e_4z1e_conf0,0.4720170702702433,1.0,56,24,3,ref,chembl3d_gt_pb
4z1j_4z1j_conf0,0.4563984642149087,1.0,34,22,2,ref,chembl3d_gt_pb
4z1k_4z1k_conf0,0.6872660908420598,1.0,82,24,2,ref,chembl3d_gt_pb
4z93_4z93_conf0,0.1866463076377418,1.0,135,31,4,ref,chembl3d_gt_pb
4zbi_4zbi_conf0,0.7832681109686392,0.0,110,29,6,ref,chembl3d_gt_pb
4zo5_4zo5_conf0,0.6979074073324434,1.0,103,36,7,ref,chembl3d_gt_pb
4zx3_4zx3_conf0,0.5656578672474296,1.0,26,19,3,ref,chembl3d_gt_pb
4zx4_4zx4_conf0,0.6812640304353379,1.0,79,27,4,ref,chembl3d_gt_pb
4zzx_4zzx_conf0,0.1294008344011744,1.0,66,18,5,ref,chembl3d_gt_pb
4zzz_4zzz_conf0,0.5879005950647169,1.0,66,18,5,ref,chembl3d_gt_pb
5a5q_5a5q_conf0,0.1667125869134449,1.0,7,19,2,ref,chembl3d_gt_pb
5aan_5aan_conf0,1.171246164873145,0.0,11,24,3,ref,chembl3d_gt_pb
5am6_5am6_conf0,0.4059177298900231,1.0,145,29,2,ref,chembl3d_gt_pb
5am7_5am7_conf0,0.3403344981785446,1.0,145,29,2,ref,chembl3d_gt_pb
5ant_5ant_conf0,0.5048474055516351,1.0,77,24,7,ref,chembl3d_gt_pb
5anv_5anv_conf0,0.2008047931315849,1.0,87,27,5,ref,chembl3d_gt_pb
5aoj_5aoj_conf0,0.156766001512761,1.0,1,17,2,ref,chembl3d_gt_pb
5aut_5aut_conf0,0.4880110240223086,1.0,7,21,3,ref,chembl3d_gt_pb
5boj_5boj_conf0,0.5065767102172833,1.0,200,18,6,ref,chembl3d_gt_pb
5btx_5btx_conf0,0.1746262996957059,1.0,42,22,1,ref,chembl3d_gt_pb
5c1w_5c1w_conf0,0.1020336317410581,1.0,2,12,1,ref,chembl3d_gt_pb
5c2a_5c2a_conf0,0.5206425841082015,1.0,85,20,4,ref,chembl3d_gt_pb
5c3p_5c3p_conf0,0.623384621322057,1.0,34,10,4,ref,chembl3d_gt_pb
5c5t_5c5t_conf0,0.6590678057452437,1.0,34,10,4,ref,chembl3d_gt_pb
5c8n_5c8n_conf0,0.8268469936360279,0.0,162,31,7,ref,chembl3d_gt_pb
5cap_5cap_conf0,1.0007912006519886,0.0,71,29,7,ref,chembl3d_gt_pb
5cbs_5cbs_conf0,0.1437651936164372,1.0,109,19,4,ref,chembl3d_gt_pb
5cep_5cep_conf0,0.4293416431826726,1.0,69,25,4,ref,chembl3d_gt_pb
5cjf_5cjf_conf0,0.5263213322787542,1.0,28,25,4,ref,chembl3d_gt_pb
5cp5_5cp5_conf0,0.4956319918362686,1.0,17,26,4,ref,chembl3d_gt_pb
5cqt_5cqt_conf0,0.2708820506600154,1.0,58,25,4,ref,chembl3d_gt_pb
5cs6_5cs6_conf0,0.5206098211064282,1.0,32,13,4,ref,chembl3d_gt_pb
5csp_5csp_conf0,0.0621146534730289,1.0,1,11,1,ref,chembl3d_gt_pb
5cu4_5cu4_conf0,4.450400480123639,0.0,7,34,11,ref,chembl3d_gt_pb
5cy9_5cy9_conf0,0.5243008900755177,1.0,120,23,6,ref,chembl3d_gt_pb
5d0c_5d0c_conf0,0.2234510239826223,1.0,138,29,5,ref,chembl3d_gt_pb
5d0r_5d0r_conf0,0.1628309124423801,1.0,102,19,2,ref,chembl3d_gt_pb
5d24_5d24_conf0,0.5939302605223107,1.0,102,25,7,ref,chembl3d_gt_pb
5d25_5d25_conf0,0.5057290016887187,1.0,123,28,7,ref,chembl3d_gt_pb
5d26_5d26_conf0,1.482747532991061,0.0,143,29,8,ref,chembl3d_gt_pb
5d3h_5d3h_conf0,1.4062607715668245,0.0,116,30,9,ref,chembl3d_gt_pb
5d3j_5d3j_conf0,1.1165426818794286,0.0,165,28,8,ref,chembl3d_gt_pb
5d3l_5d3l_conf0,1.0255713189639075,0.0,165,30,8,ref,chembl3d_gt_pb
5d3n_5d3n_conf0,1.1753865153019378,0.0,121,26,6,ref,chembl3d_gt_pb
5d3t_5d3t_conf0,1.310014653047668,0.0,48,25,6,ref,chembl3d_gt_pb
5d45_5d45_conf0,0.412312791305107,1.0,34,29,6,ref,chembl3d_gt_pb
5d47_5d47_conf0,0.6649708684481422,1.0,89,31,7,ref,chembl3d_gt_pb
5d48_5d48_conf0,0.8468133879565558,0.0,173,34,8,ref,chembl3d_gt_pb
5dh4_5dh4_conf0,0.3362583695886319,1.0,30,19,3,ref,chembl3d_gt_pb
5dq8_5dq8_conf0,0.2249929952217277,1.0,110,20,3,ref,chembl3d_gt_pb
5dqe_5dqe_conf0,0.2534720855539576,1.0,102,17,3,ref,chembl3d_gt_pb
5dx4_5dx4_conf0,0.6440640910128405,1.0,55,28,5,ref,chembl3d_gt_pb
5dyo_5dyo_conf0,0.3497733217081288,1.0,2,25,2,ref,chembl3d_gt_pb
5e28_5e28_conf0,0.3085595213596275,1.0,3,17,2,ref,chembl3d_gt_pb
5e2k_5e2k_conf0,0.34182858115174,1.0,8,17,2,ref,chembl3d_gt_pb
5e2l_5e2l_conf0,0.4455847348086079,1.0,11,12,3,ref,chembl3d_gt_pb
5e2r_5e2r_conf0,0.3855442215937797,1.0,28,25,4,ref,chembl3d_gt_pb
5e2s_5e2s_conf0,0.57121379966414,1.0,7,19,3,ref,chembl3d_gt_pb
5e73_5e73_conf0,0.1845000911432752,1.0,67,24,2,ref,chembl3d_gt_pb
5e74_5e74_conf0,0.426128614143934,1.0,101,33,3,ref,chembl3d_gt_pb
5e7n_5e7n_conf0,1.0217247721185958,0.0,61,30,6,ref,chembl3d_gt_pb
5edb_5edb_conf0,0.1721096477524795,1.0,1,21,2,ref,chembl3d_gt_pb
5edc_5edc_conf0,0.3492063825377853,1.0,4,26,3,ref,chembl3d_gt_pb
5eei_5eei_conf0,0.4841266728093815,1.0,200,19,8,ref,chembl3d_gt_pb
5ef7_5ef7_conf0,0.5497779760202818,1.0,97,23,6,ref,chembl3d_gt_pb
5ehr_5ehr_conf0,0.478539626606572,1.0,53,23,2,ref,chembl3d_gt_pb
5eis_5eis_conf0,0.3152307445093431,1.0,16,21,3,ref,chembl3d_gt_pb
5elw_5elw_conf0,0.9319876130604394,0.0,143,13,4,ref,chembl3d_gt_pb
5ep7_5ep7_conf0,0.4698228916391693,1.0,10,20,3,ref,chembl3d_gt_pb
5eq1_5eq1_conf0,0.0825094753812398,1.0,1,13,0,ref,chembl3d_gt_pb
5etb_5etb_conf0,0.1332089708837819,1.0,2,13,1,ref,chembl3d_gt_pb
5eu1_5eu1_conf0,0.3538167287342377,1.0,16,26,5,ref,chembl3d_gt_pb
5ewk_5ewk_conf0,1.139704325831581,0.0,28,22,3,ref,chembl3d_gt_pb
5f1h_5f1h_conf0,0.3796006798091341,1.0,33,26,5,ref,chembl3d_gt_pb
5f25_5f25_conf0,0.4045710087554767,1.0,2,18,2,ref,chembl3d_gt_pb
5f2p_5f2p_conf0,0.0624616651816679,1.0,1,15,1,ref,chembl3d_gt_pb
5fbi_5fbi_conf0,0.6293395181042648,1.0,51,23,5,ref,chembl3d_gt_pb
5fdc_5fdc_conf0,0.2635177282733681,1.0,182,15,3,ref,chembl3d_gt_pb
5fe7_5fe7_conf0,0.2203692298130416,1.0,23,14,2,ref,chembl3d_gt_pb
5fl4_5fl4_conf0,0.6063085076859202,1.0,24,24,3,ref,chembl3d_gt_pb
5fl5_5fl5_conf0,0.3104752741526911,1.0,46,22,4,ref,chembl3d_gt_pb
5fl6_5fl6_conf0,0.2177936004104832,1.0,16,21,3,ref,chembl3d_gt_pb
5flt_5flt_conf0,0.1336390058594934,1.0,18,16,3,ref,chembl3d_gt_pb
5g1z_5g1z_conf0,0.920452854888872,0.0,80,22,6,ref,chembl3d_gt_pb
5g2b_5g2b_conf0,0.4194235184003436,1.0,174,39,7,ref,chembl3d_gt_pb
5gj9_5gj9_conf0,0.0507969502934777,1.0,1,9,1,ref,chembl3d_gt_pb
5gja_5gja_conf0,0.0489230256100506,1.0,1,9,1,ref,chembl3d_gt_pb
5gmh_5gmh_conf0,0.2316104449175941,1.0,200,23,5,ref,chembl3d_gt_pb
5gmn_5gmn_conf0,0.4065989442908291,1.0,109,25,3,ref,chembl3d_gt_pb
5gsa_5gsa_conf0,0.5415384241348258,1.0,63,26,5,ref,chembl3d_gt_pb
5h1u_5h1u_conf0,0.1620038236350393,1.0,2,13,1,ref,chembl3d_gt_pb
5h85_5h85_conf0,1.01202452950732,0.0,19,22,3,ref,chembl3d_gt_pb
5ha1_5ha1_conf0,0.5926978489679608,1.0,51,21,5,ref,chembl3d_gt_pb
5hbs_5hbs_conf0,0.5473589985866207,1.0,180,21,5,ref,chembl3d_gt_pb
5hcv_5hcv_conf0,0.4241410432975746,1.0,8,28,1,ref,chembl3d_gt_pb
5hcy_5hcy_conf0,0.8063830874914898,0.0,97,39,8,ref,chembl3d_gt_pb
5his_5his_conf0,0.1206716535076879,1.0,2,9,1,ref,chembl3d_gt_pb
5hrv_5hrv_conf0,0.0570550851702706,1.0,2,16,1,ref,chembl3d_gt_pb
5hvs_5hvs_conf0,1.402371149155602,0.0,101,33,5,ref,chembl3d_gt_pb
5hz5_5hz5_conf0,0.3615282366851666,1.0,4,28,3,ref,chembl3d_gt_pb
5hz8_5hz8_conf0,0.3831482495779945,1.0,5,27,3,ref,chembl3d_gt_pb
5hz9_5hz9_conf0,0.2466557147336037,1.0,1,21,2,ref,chembl3d_gt_pb
5i29_5i29_conf0,0.2642907839231517,1.0,25,22,2,ref,chembl3d_gt_pb
5i3a_5i3a_conf0,0.0254374305604689,1.0,2,8,0,ref,chembl3d_gt_pb
5i3x_5i3x_conf0,2.3820362049438097,0.0,79,44,9,ref,chembl3d_gt_pb
5i3y_5i3y_conf0,1.1510906152970144,0.0,67,46,11,ref,chembl3d_gt_pb
5i7x_5i7x_conf0,0.2319788450484836,1.0,25,22,2,ref,chembl3d_gt_pb
5i7y_5i7y_conf0,0.3622587605936637,1.0,71,25,4,ref,chembl3d_gt_pb
5i80_5i80_conf0,0.1475391816739247,1.0,25,22,2,ref,chembl3d_gt_pb
5i88_5i88_conf0,0.1272532144639487,1.0,71,25,4,ref,chembl3d_gt_pb
5i9y_5i9y_conf0,1.4546425233142155,0.0,190,33,7,ref,chembl3d_gt_pb
5ia0_5ia0_conf0,0.6047538889067969,1.0,188,37,6,ref,chembl3d_gt_pb
5ia1_5ia1_conf0,0.4795268644877822,1.0,110,34,4,ref,chembl3d_gt_pb
5ia2_5ia2_conf0,0.213793849347312,1.0,79,31,3,ref,chembl3d_gt_pb
5ia3_5ia3_conf0,0.3732744499781862,1.0,200,29,4,ref,chembl3d_gt_pb
5ia4_5ia4_conf0,1.1342514529383438,0.0,151,46,12,ref,chembl3d_gt_pb
5ie1_5ie1_conf0,0.7788614452481588,0.0,84,29,6,ref,chembl3d_gt_pb
5ih9_5ih9_conf0,0.2804543743387104,1.0,129,32,6,ref,chembl3d_gt_pb
5ihh_5ihh_conf0,0.2638639978512694,1.0,96,22,2,ref,chembl3d_gt_pb
5ii2_5ii2_conf0,0.1036797946492661,1.0,96,21,1,ref,chembl3d_gt_pb
5ikb_5ikb_conf0,0.9638485190411188,0.0,23,15,4,ref,chembl3d_gt_pb
5ime_5ime_conf0,0.6312492582320299,1.0,110,32,6,ref,chembl3d_gt_pb
5ivc_5ivc_conf0,1.730677065296343,0.0,92,26,6,ref,chembl3d_gt_pb
5ive_5ive_conf0,0.148038854110024,1.0,2,16,1,ref,chembl3d_gt_pb
5ivv_5ivv_conf0,0.159912319071169,1.0,15,20,3,ref,chembl3d_gt_pb
5ivy_5ivy_conf0,0.2834324847007426,1.0,9,20,4,ref,chembl3d_gt_pb
5iwg_5iwg_conf0,0.605522060109866,1.0,12,23,3,ref,chembl3d_gt_pb
5j27_5j27_conf0,1.5361992568721157,0.0,141,29,6,ref,chembl3d_gt_pb
5j2x_5j2x_conf0,0.2302047062888833,1.0,46,22,2,ref,chembl3d_gt_pb
5j64_5j64_conf0,0.1352839101165134,1.0,44,21,2,ref,chembl3d_gt_pb
5j6l_5j6l_conf0,1.4737290916193169,0.0,112,29,6,ref,chembl3d_gt_pb
5j6m_5j6m_conf0,1.3341541373164043,0.0,107,31,5,ref,chembl3d_gt_pb
5j6n_5j6n_conf0,1.4874489279676169,0.0,141,29,6,ref,chembl3d_gt_pb
5j7q_5j7q_conf0,0.294111636053177,1.0,14,17,1,ref,chembl3d_gt_pb
5j82_5j82_conf0,1.5658919496468957,0.0,77,29,5,ref,chembl3d_gt_pb
5j86_5j86_conf0,1.583015103170666,0.0,75,31,5,ref,chembl3d_gt_pb
5j8m_5j8m_conf0,0.2190495820755965,1.0,46,22,2,ref,chembl3d_gt_pb
5j8u_5j8u_conf0,0.1165365354674378,1.0,44,21,2,ref,chembl3d_gt_pb
5j8z_5j8z_conf0,2.944891086247285,0.0,49,32,6,ref,chembl3d_gt_pb
5ji8_5ji8_conf0,0.0961661041555513,1.0,2,13,1,ref,chembl3d_gt_pb
5jq5_5jq5_conf0,1.1788577487746197,0.0,48,29,7,ref,chembl3d_gt_pb
5jsj_5jsj_conf0,2.1796042533221227,0.0,197,50,13,ref,chembl3d_gt_pb
5jy3_5jy3_conf0,1.4746730817268665,0.0,199,40,7,ref,chembl3d_gt_pb
5k8s_5k8s_conf0,0.2307106662928789,1.0,42,22,1,ref,chembl3d_gt_pb
5k9w_5k9w_conf0,0.2845706899814412,1.0,6,18,2,ref,chembl3d_gt_pb
5ka1_5ka1_conf0,0.2922858317527999,1.0,6,18,2,ref,chembl3d_gt_pb
5ka7_5ka7_conf0,0.2962602057273181,1.0,6,18,2,ref,chembl3d_gt_pb
5ka9_5ka9_conf0,0.2869165895072237,1.0,6,18,2,ref,chembl3d_gt_pb
5kad_5kad_conf0,0.296301157067356,1.0,6,18,2,ref,chembl3d_gt_pb
5kh3_5kh3_conf0,0.2347032217863232,1.0,8,15,3,ref,chembl3d_gt_pb
5l3a_5l3a_conf0,0.2664538093503728,1.0,8,14,2,ref,chembl3d_gt_pb
5l4i_5l4i_conf0,0.238702250081517,1.0,9,18,3,ref,chembl3d_gt_pb
5l4j_5l4j_conf0,0.3648422046800368,1.0,3,17,2,ref,chembl3d_gt_pb
5l4m_5l4m_conf0,0.2933454866968829,1.0,5,14,3,ref,chembl3d_gt_pb
5l8a_5l8a_conf0,1.852846537696977,0.0,187,35,8,ref,chembl3d_gt_pb
5ld8_5ld8_conf0,0.5115496451701297,1.0,95,18,5,ref,chembl3d_gt_pb
5ljq_5ljq_conf0,0.4358399149385552,1.0,70,23,5,ref,chembl3d_gt_pb
5ljt_5ljt_conf0,0.6223507343848992,1.0,46,23,5,ref,chembl3d_gt_pb
5llc_5llc_conf0,1.6759523657988469,0.0,61,26,6,ref,chembl3d_gt_pb
5llg_5llg_conf0,0.3157914632862709,1.0,62,14,4,ref,chembl3d_gt_pb
5llh_5llh_conf0,0.4384965149564188,1.0,37,24,3,ref,chembl3d_gt_pb
5lny_5lny_conf0,1.5903130702809631,0.0,144,34,4,ref,chembl3d_gt_pb
5ltn_5ltn_conf0,0.5812511208949036,1.0,200,14,4,ref,chembl3d_gt_pb
5lvq_5lvq_conf0,0.3239652778701293,1.0,77,17,3,ref,chembl3d_gt_pb
5lvr_5lvr_conf0,0.0751190376342553,1.0,2,15,2,ref,chembl3d_gt_pb
5lz4_5lz4_conf0,0.3737438171331963,1.0,41,20,4,ref,chembl3d_gt_pb
5lz5_5lz5_conf0,0.2567661881987561,1.0,94,25,5,ref,chembl3d_gt_pb
5meh_5meh_conf0,0.3820188901922473,1.0,192,11,1,ref,chembl3d_gt_pb
5mg2_5mg2_conf0,0.243620402067845,1.0,37,32,4,ref,chembl3d_gt_pb
5mgf_5mgf_conf0,0.2468410459638262,1.0,8,13,3,ref,chembl3d_gt_pb
5mgk_5mgk_conf0,0.2041481340112063,1.0,8,13,3,ref,chembl3d_gt_pb
5mme_5mme_conf0,1.3185631911139988,0.0,34,27,7,ref,chembl3d_gt_pb
5mnn_5mnn_conf0,0.1451881378374308,1.0,4,9,0,ref,chembl3d_gt_pb
5mod_5mod_conf0,0.5599512027270861,1.0,6,13,3,ref,chembl3d_gt_pb
5mpz_5mpz_conf0,0.1414916041134469,1.0,2,14,1,ref,chembl3d_gt_pb
5mqe_5mqe_conf0,0.1684745450064267,1.0,2,10,1,ref,chembl3d_gt_pb
5msb_5msb_conf0,0.7099005866756747,1.0,68,20,4,ref,chembl3d_gt_pb
5mwh_5mwh_conf0,0.9234092450523972,0.0,86,34,6,ref,chembl3d_gt_pb
5my8_5my8_conf0,0.5215598396927623,1.0,48,37,6,ref,chembl3d_gt_pb
5mz8_5mz8_conf0,0.5500764673315648,1.0,11,8,3,ref,chembl3d_gt_pb
5n0e_5n0e_conf0,0.542187602853949,1.0,143,30,3,ref,chembl3d_gt_pb
5n1s_5n1s_conf0,0.4079344989837389,1.0,12,19,2,ref,chembl3d_gt_pb
5n24_5n24_conf0,0.3549317579163583,1.0,2,18,2,ref,chembl3d_gt_pb
5n25_5n25_conf0,0.3319580129575099,1.0,4,16,2,ref,chembl3d_gt_pb
5n84_5n84_conf0,0.4238306477123614,1.0,100,26,6,ref,chembl3d_gt_pb
5n93_5n93_conf0,0.26171533953737,1.0,30,24,4,ref,chembl3d_gt_pb
5n9r_5n9r_conf0,0.9478804213846008,0.0,83,30,5,ref,chembl3d_gt_pb
5nbw_5nbw_conf0,0.029601668896663,1.0,2,21,0,ref,chembl3d_gt_pb
5nea_5nea_conf0,0.2420979433521817,1.0,7,16,2,ref,chembl3d_gt_pb
5nee_5nee_conf0,0.925410463526608,0.0,74,22,3,ref,chembl3d_gt_pb
5ngz_5ngz_conf0,0.1232018568417752,1.0,3,11,1,ref,chembl3d_gt_pb
5nlk_5nlk_conf0,1.2527436469612658,0.0,150,33,8,ref,chembl3d_gt_pb
5nxi_5nxi_conf0,1.4537915148556488,0.0,21,21,4,ref,chembl3d_gt_pb
5ny1_5ny1_conf0,0.7165712339901066,1.0,90,26,4,ref,chembl3d_gt_pb
5ny3_5ny3_conf0,0.6194079809256883,1.0,50,23,5,ref,chembl3d_gt_pb
5nya_5nya_conf0,0.3973364632002376,1.0,2,10,1,ref,chembl3d_gt_pb
5o07_5o07_conf0,0.2754886543513561,1.0,49,16,5,ref,chembl3d_gt_pb
5o1d_5o1d_conf0,0.2577332201006897,1.0,21,20,5,ref,chembl3d_gt_pb
5o1f_5o1f_conf0,0.5028625081592105,1.0,14,21,6,ref,chembl3d_gt_pb
5o1h_5o1h_conf0,0.4785628734025404,1.0,19,20,5,ref,chembl3d_gt_pb
5o2d_5o2d_conf0,0.7681588916695125,0.0,26,24,3,ref,chembl3d_gt_pb
5o5a_5o5a_conf0,0.5830022953754873,1.0,153,30,5,ref,chembl3d_gt_pb
5oh3_5oh3_conf0,0.0870035619012155,1.0,3,10,1,ref,chembl3d_gt_pb
5oku_5oku_conf0,0.5376775351458966,1.0,50,10,5,ref,chembl3d_gt_pb
5op4_5op4_conf0,0.400085122214832,1.0,131,31,6,ref,chembl3d_gt_pb
5op5_5op5_conf0,0.5165497395157654,1.0,4,23,2,ref,chembl3d_gt_pb
5oq8_5oq8_conf0,0.403901873875772,1.0,120,30,6,ref,chembl3d_gt_pb
5oqu_5oqu_conf0,0.0858705197843471,1.0,8,17,3,ref,chembl3d_gt_pb
5orh_5orh_conf0,0.1664181697947196,1.0,4,16,2,ref,chembl3d_gt_pb
5orj_5orj_conf0,0.401655979807739,1.0,4,17,3,ref,chembl3d_gt_pb
5ork_5ork_conf0,0.2637437306819563,1.0,6,16,2,ref,chembl3d_gt_pb
5orv_5orv_conf0,0.4756390360417405,1.0,47,11,3,ref,chembl3d_gt_pb
5os5_5os5_conf0,0.245328599959577,1.0,10,15,2,ref,chembl3d_gt_pb
5os7_5os7_conf0,1.7338791208677382,0.0,2,18,3,ref,chembl3d_gt_pb
5ov8_5ov8_conf0,0.9602053268770088,0.0,82,33,6,ref,chembl3d_gt_pb
5qa8_5qa8_conf0,0.4684667058267718,1.0,2,16,2,ref,chembl3d_gt_pb
5qal_5qal_conf0,0.4459807650387112,1.0,2,18,3,ref,chembl3d_gt_pb
5qay_5qay_conf0,0.4427483542063459,1.0,2,15,2,ref,chembl3d_gt_pb
5sym_5sym_conf0,1.1612513599090983,0.0,200,28,4,ref,chembl3d_gt_pb
5sz0_5sz0_conf0,0.547861617467805,1.0,3,16,2,ref,chembl3d_gt_pb
5sz1_5sz1_conf0,0.3562079815951528,1.0,9,17,2,ref,chembl3d_gt_pb
5sz2_5sz2_conf0,0.6567269593973306,1.0,12,18,3,ref,chembl3d_gt_pb
5sz3_5sz3_conf0,0.5859844232390409,1.0,4,20,2,ref,chembl3d_gt_pb
5sz4_5sz4_conf0,0.3928830426157117,1.0,3,16,2,ref,chembl3d_gt_pb
5sz5_5sz5_conf0,0.3737928717519456,1.0,9,17,2,ref,chembl3d_gt_pb
5sz6_5sz6_conf0,0.3801782004805283,1.0,12,18,3,ref,chembl3d_gt_pb
5sz7_5sz7_conf0,0.2735781104078804,1.0,4,20,2,ref,chembl3d_gt_pb
5t8o_5t8o_conf0,0.4747322509486212,1.0,6,23,1,ref,chembl3d_gt_pb
5t8p_5t8p_conf0,0.1540928637944774,1.0,4,17,1,ref,chembl3d_gt_pb
5tcy_5tcy_conf0,1.05996160250678,0.0,43,27,8,ref,chembl3d_gt_pb
5tt3_5tt3_conf0,0.3459879316359632,1.0,51,16,3,ref,chembl3d_gt_pb
5u11_5u11_conf0,0.5132168912433798,1.0,60,17,3,ref,chembl3d_gt_pb
5u12_5u12_conf0,0.8599215562169436,0.0,32,20,3,ref,chembl3d_gt_pb
5u28_5u28_conf0,0.2749898538198767,1.0,42,26,2,ref,chembl3d_gt_pb
5u49_5u49_conf0,0.1480403544353457,1.0,25,18,2,ref,chembl3d_gt_pb
5u4b_5u4b_conf0,0.4904421846042019,1.0,7,18,3,ref,chembl3d_gt_pb
5u4d_5u4d_conf0,0.2008077421440191,1.0,12,19,3,ref,chembl3d_gt_pb
5uez_5uez_conf0,0.2486335264196295,1.0,30,23,4,ref,chembl3d_gt_pb
5uf0_5uf0_conf0,0.1475212728669427,1.0,3,16,2,ref,chembl3d_gt_pb
5ufp_5ufp_conf0,0.3822526329886113,1.0,144,28,4,ref,chembl3d_gt_pb
5ula_5ula_conf0,0.2657477873456712,1.0,70,26,5,ref,chembl3d_gt_pb
5uln_5uln_conf0,0.539716181291839,1.0,21,21,3,ref,chembl3d_gt_pb
5uoo_5uoo_conf0,0.1831414306435064,1.0,48,33,3,ref,chembl3d_gt_pb
5ut6_5ut6_conf0,0.244346180888394,1.0,62,23,4,ref,chembl3d_gt_pb
5v82_5v82_conf0,0.1583063668998315,1.0,17,30,3,ref,chembl3d_gt_pb
5vcv_5vcv_conf0,1.316309191384746,0.0,190,33,7,ref,chembl3d_gt_pb
5vcw_5vcw_conf0,0.5226433277789271,1.0,200,33,8,ref,chembl3d_gt_pb
5vd0_5vd0_conf0,0.6048108520381027,1.0,134,37,7,ref,chembl3d_gt_pb
5vd1_5vd1_conf0,0.4667016044609355,1.0,200,34,4,ref,chembl3d_gt_pb
5vd2_5vd2_conf0,0.7137190168603144,1.0,149,34,6,ref,chembl3d_gt_pb
5vja_5vja_conf0,0.5429998031941701,1.0,73,23,4,ref,chembl3d_gt_pb
5vkc_5vkc_conf0,2.157148272895149,0.0,36,57,13,ref,chembl3d_gt_pb
5vl2_5vl2_conf0,0.3087593441900914,1.0,4,19,2,ref,chembl3d_gt_pb
5vm0_5vm0_conf0,0.3850438681064311,1.0,4,19,2,ref,chembl3d_gt_pb
5vyy_5vyy_conf0,0.6282468457891837,1.0,74,27,6,ref,chembl3d_gt_pb
5w1e_5w1e_conf0,0.0329755450181152,1.0,1,10,1,ref,chembl3d_gt_pb
5wbo_5wbo_conf0,0.4570790614126915,1.0,4,16,1,ref,chembl3d_gt_pb
5wcm_5wcm_conf0,0.1017943121928131,1.0,2,13,2,ref,chembl3d_gt_pb
5wgp_5wgp_conf0,0.5774060608989738,1.0,1,10,0,ref,chembl3d_gt_pb
5wij_5wij_conf0,0.6919249809729104,1.0,100,31,8,ref,chembl3d_gt_pb
5win_5win_conf0,0.3804235425739227,1.0,198,27,4,ref,chembl3d_gt_pb
5wqc_5wqc_conf0,1.561156560854719,0.0,86,32,9,ref,chembl3d_gt_pb
5wuk_5wuk_conf0,0.3127253200951234,1.0,63,26,5,ref,chembl3d_gt_pb
5wyx_5wyx_conf0,0.1468238097430869,1.0,16,19,2,ref,chembl3d_gt_pb
5wyz_5wyz_conf0,0.0816694152260327,1.0,10,19,1,ref,chembl3d_gt_pb
5xmx_5xmx_conf0,1.4774828356164231,0.0,49,32,10,ref,chembl3d_gt_pb
5xpi_5xpi_conf0,2.460012412641285,0.0,38,26,8,ref,chembl3d_gt_pb
5y12_5y12_conf0,0.5515317816884746,1.0,86,23,8,ref,chembl3d_gt_pb
5y13_5y13_conf0,0.685681160576168,1.0,111,22,7,ref,chembl3d_gt_pb
5y8y_5y8y_conf0,0.5223983574168983,1.0,41,25,5,ref,chembl3d_gt_pb
5y94_5y94_conf0,0.4339785916321571,1.0,36,25,5,ref,chembl3d_gt_pb
5ya5_5ya5_conf0,0.2778025228117995,1.0,65,26,4,ref,chembl3d_gt_pb
5yas_5yas_conf0,0.0970582638787366,1.0,6,11,0,ref,chembl3d_gt_pb
5yl2_5yl2_conf0,0.9846932132526476,0.0,44,27,5,ref,chembl3d_gt_pb
5z7b_5z7b_conf0,0.2771291801561689,1.0,6,12,2,ref,chembl3d_gt_pb
5za7_5za7_conf0,0.3474063097991463,1.0,119,21,2,ref,chembl3d_gt_pb
5za8_5za8_conf0,0.615708986307887,1.0,18,26,3,ref,chembl3d_gt_pb
5za9_5za9_conf0,0.7913683756976473,0.0,27,29,3,ref,chembl3d_gt_pb
5zae_5zae_conf0,0.6020342845114001,1.0,17,25,3,ref,chembl3d_gt_pb
5zag_5zag_conf0,0.4690474019865417,1.0,18,26,3,ref,chembl3d_gt_pb
5zaj_5zaj_conf0,0.7260632694514079,1.0,36,30,5,ref,chembl3d_gt_pb
5zc5_5zc5_conf0,0.4343969912361363,1.0,30,30,3,ref,chembl3d_gt_pb
5zni_5zni_conf0,0.2972247024187265,1.0,24,26,2,ref,chembl3d_gt_pb
6abx_6abx_conf0,0.4149345132537227,1.0,23,13,5,ref,chembl3d_gt_pb
6ajv_6ajv_conf0,0.4517688231568602,1.0,49,19,4,ref,chembl3d_gt_pb
6ajz_6ajz_conf0,0.4630432669000713,1.0,128,29,5,ref,chembl3d_gt_pb
6ayq_6ayq_conf0,0.8723227100681823,0.0,200,20,4,ref,chembl3d_gt_pb
6b1k_6b1k_conf0,1.4278903235933955,0.0,4,24,2,ref,chembl3d_gt_pb
6b4d_6b4d_conf0,0.6383993798395704,1.0,9,20,3,ref,chembl3d_gt_pb
6b4l_6b4l_conf0,0.9443546598124728,0.0,48,26,6,ref,chembl3d_gt_pb
6b4u_6b4u_conf0,1.1161292238755864,0.0,96,41,10,ref,chembl3d_gt_pb
6b59_6b59_conf0,2.457164008322493,0.0,45,26,6,ref,chembl3d_gt_pb
6b7b_6b7b_conf0,0.2456571126521326,1.0,2,12,1,ref,chembl3d_gt_pb
6b98_6b98_conf0,0.0532073916533968,1.0,2,13,1,ref,chembl3d_gt_pb
6c7q_6c7q_conf0,1.8319357473948632,0.0,67,34,4,ref,chembl3d_gt_pb
6c7w_6c7w_conf0,1.33199680194378,0.0,200,23,4,ref,chembl3d_gt_pb
6cbg_6cbg_conf0,0.1970911760139522,1.0,1,14,2,ref,chembl3d_gt_pb
6ce6_6ce6_conf0,0.3830220612969611,1.0,60,22,6,ref,chembl3d_gt_pb
6ced_6ced_conf0,0.4804848672158844,1.0,10,17,3,ref,chembl3d_gt_pb
6cjs_6cjs_conf0,0.3797451621031056,1.0,200,34,7,ref,chembl3d_gt_pb
6ckr_6ckr_conf0,0.5063743131091005,1.0,131,29,4,ref,chembl3d_gt_pb
6cks_6cks_conf0,0.2656936702274048,1.0,74,31,5,ref,chembl3d_gt_pb
6cn5_6cn5_conf0,0.5256564482149221,1.0,173,35,4,ref,chembl3d_gt_pb
6csp_6csp_conf0,0.1641185075206107,1.0,8,10,1,ref,chembl3d_gt_pb
6csq_6csq_conf0,0.1554863318381115,1.0,7,10,1,ref,chembl3d_gt_pb
6csr_6csr_conf0,0.135420669936581,1.0,6,10,1,ref,chembl3d_gt_pb
6css_6css_conf0,0.2913932484333542,1.0,8,9,1,ref,chembl3d_gt_pb
6d15_6d15_conf0,0.13764822100599,1.0,2,18,2,ref,chembl3d_gt_pb
6d16_6d16_conf0,0.269439074382054,1.0,4,18,3,ref,chembl3d_gt_pb
6d17_6d17_conf0,0.2903480419363987,1.0,2,19,2,ref,chembl3d_gt_pb
6d18_6d18_conf0,0.2596604349185812,1.0,1,18,2,ref,chembl3d_gt_pb
6d19_6d19_conf0,0.2669494226499104,1.0,4,18,2,ref,chembl3d_gt_pb
6d1a_6d1a_conf0,0.5716145097858746,1.0,2,18,2,ref,chembl3d_gt_pb
6d1b_6d1b_conf0,0.5827683044620906,1.0,4,18,3,ref,chembl3d_gt_pb
6d1d_6d1d_conf0,0.2603679055167654,1.0,1,18,2,ref,chembl3d_gt_pb
6d1g_6d1g_conf0,0.1875034943286284,1.0,4,18,2,ref,chembl3d_gt_pb
6d1h_6d1h_conf0,0.3994783060945069,1.0,2,16,2,ref,chembl3d_gt_pb
6d1i_6d1i_conf0,0.3676533632867038,1.0,2,17,2,ref,chembl3d_gt_pb
6d1j_6d1j_conf0,0.2094741554865124,1.0,1,18,2,ref,chembl3d_gt_pb
6d1k_6d1k_conf0,1.1828543365341246,0.0,1,15,2,ref,chembl3d_gt_pb
6d55_6d55_conf0,0.4163534549217672,1.0,165,34,4,ref,chembl3d_gt_pb
6d56_6d56_conf0,0.3512049239974163,1.0,53,34,4,ref,chembl3d_gt_pb
6d5e_6d5e_conf0,0.5999124355033054,1.0,166,33,5,ref,chembl3d_gt_pb
6d5g_6d5g_conf0,0.2715891072287468,1.0,103,32,4,ref,chembl3d_gt_pb
6d5h_6d5h_conf0,0.4805370103361898,1.0,53,33,4,ref,chembl3d_gt_pb
6d5j_6d5j_conf0,0.4522673241597365,1.0,13,26,3,ref,chembl3d_gt_pb
6dar_6dar_conf0,0.6886781762804809,1.0,142,30,7,ref,chembl3d_gt_pb
6dd0_6dd0_conf0,0.303113759889536,1.0,1,18,2,ref,chembl3d_gt_pb
6dl2_6dl2_conf0,0.6860122665165356,1.0,13,22,2,ref,chembl3d_gt_pb
6dq4_6dq4_conf0,0.8771257462734947,0.0,59,29,6,ref,chembl3d_gt_pb
6dyn_6dyn_conf0,0.3611401650607483,1.0,17,8,2,ref,chembl3d_gt_pb
6dyr_6dyr_conf0,0.7293515221737631,1.0,136,13,5,ref,chembl3d_gt_pb
6dzx_6dzx_conf0,0.4201248084409141,1.0,68,9,4,ref,chembl3d_gt_pb
6e1z_6e1z_conf0,0.7952566520097208,0.0,10,14,3,ref,chembl3d_gt_pb
6ebe_6ebe_conf0,0.627026207029739,1.0,59,28,4,ref,chembl3d_gt_pb
6ecz_6ecz_conf0,0.8404970413575196,0.0,43,29,4,ref,chembl3d_gt_pb
6eed_6eed_conf0,0.3281352640357134,1.0,171,30,6,ref,chembl3d_gt_pb
6eeo_6eeo_conf0,0.905869745704228,0.0,82,26,4,ref,chembl3d_gt_pb
6eif_6eif_conf0,0.4552338482581979,1.0,17,25,3,ref,chembl3d_gt_pb
6eiq_6eiq_conf0,1.7242746067459256,0.0,99,30,6,ref,chembl3d_gt_pb
6eis_6eis_conf0,0.4961090300267166,1.0,6,31,2,ref,chembl3d_gt_pb
6eiz_6eiz_conf0,0.5380011387507802,1.0,198,16,7,ref,chembl3d_gt_pb
6el5_6el5_conf0,1.4792786908499325,0.0,200,30,8,ref,chembl3d_gt_pb
6elp_6elp_conf0,0.7351464449070303,1.0,83,28,5,ref,chembl3d_gt_pb
6ep4_6ep4_conf0,0.6713007845889938,1.0,200,18,11,ref,chembl3d_gt_pb
6epa_6epa_conf0,0.7998070459435827,0.0,40,26,5,ref,chembl3d_gt_pb
6eq2_6eq2_conf0,0.0514294925212518,1.0,1,10,0,ref,chembl3d_gt_pb
6eq3_6eq3_conf0,0.1245386219031854,1.0,22,16,2,ref,chembl3d_gt_pb
6eq5_6eq5_conf0,0.043185526660667,1.0,1,10,0,ref,chembl3d_gt_pb
6eq7_6eq7_conf0,0.7682435259976328,0.0,2,17,1,ref,chembl3d_gt_pb
6eqp_6eqp_conf0,0.7960981109510272,0.0,16,22,5,ref,chembl3d_gt_pb
6ey8_6ey8_conf0,1.3878270770771493,0.0,143,29,5,ref,chembl3d_gt_pb
6ey9_6ey9_conf0,1.5542704299217598,0.0,58,30,5,ref,chembl3d_gt_pb
6eya_6eya_conf0,2.05126495125864,0.0,130,31,4,ref,chembl3d_gt_pb
6f20_6f20_conf0,0.1755299689555431,1.0,5,14,2,ref,chembl3d_gt_pb
6f3b_6f3b_conf0,1.107599425701194,0.0,116,23,4,ref,chembl3d_gt_pb
6faf_6faf_conf0,1.5300411150714066,0.0,42,23,3,ref,chembl3d_gt_pb
6fag_6fag_conf0,1.3364043824792526,0.0,92,23,4,ref,chembl3d_gt_pb
6fba_6fba_conf0,0.0234824288035684,1.0,3,12,0,ref,chembl3d_gt_pb
6fe0_6fe0_conf0,0.8411299964000561,0.0,143,26,6,ref,chembl3d_gt_pb
6fe1_6fe1_conf0,1.048537040244772,0.0,174,28,6,ref,chembl3d_gt_pb
6fnf_6fnf_conf0,1.300845555956942,0.0,122,37,5,ref,chembl3d_gt_pb
6fni_6fni_conf0,1.4392753983500997,0.0,122,37,5,ref,chembl3d_gt_pb
6fo5_6fo5_conf0,3.688471696959573,0.0,13,37,7,ref,chembl3d_gt_pb
6fs1_6fs1_conf0,1.4337835828369685,0.0,148,43,11,ref,chembl3d_gt_pb
6fsy_6fsy_conf0,0.3219344178946735,1.0,162,22,3,ref,chembl3d_gt_pb
6ftz_6ftz_conf0,0.3407033345070512,1.0,70,23,4,ref,chembl3d_gt_pb
6fuj_6fuj_conf0,0.4616535226953125,1.0,131,21,5,ref,chembl3d_gt_pb
6fz4_6fz4_conf0,0.2787120330424384,1.0,23,27,2,ref,chembl3d_gt_pb
6g27_6g27_conf0,0.1897922673122689,1.0,8,20,2,ref,chembl3d_gt_pb
6g2b_6g2b_conf0,0.9949569637751564,0.0,1,18,2,ref,chembl3d_gt_pb
6g2o_6g2o_conf0,2.149006548171015,0.0,4,27,3,ref,chembl3d_gt_pb
6g34_6g34_conf0,0.1916782659916766,1.0,200,20,2,ref,chembl3d_gt_pb
6g39_6g39_conf0,0.1903173206209289,1.0,200,20,2,ref,chembl3d_gt_pb
6g3a_6g3a_conf0,0.1579280419628482,1.0,200,20,2,ref,chembl3d_gt_pb
6g5l_6g5l_conf0,0.4186208331410255,1.0,90,24,6,ref,chembl3d_gt_pb
6g5u_6g5u_conf0,0.5390429575579158,1.0,92,19,5,ref,chembl3d_gt_pb
6g6t_6g6t_conf0,0.3865354648591788,1.0,92,19,5,ref,chembl3d_gt_pb
6g7a_6g7a_conf0,0.408338971632837,1.0,82,25,7,ref,chembl3d_gt_pb
6g9i_6g9i_conf0,0.3621894411156578,1.0,100,22,4,ref,chembl3d_gt_pb
6gdy_6gdy_conf0,0.3552222141485696,1.0,34,10,4,ref,chembl3d_gt_pb
6gl9_6gl9_conf0,0.3136807015117363,1.0,13,28,3,ref,chembl3d_gt_pb
6gla_6gla_conf0,0.3826899694107507,1.0,9,27,3,ref,chembl3d_gt_pb
6glb_6glb_conf0,0.4956371873545293,1.0,66,27,4,ref,chembl3d_gt_pb
6gnm_6gnm_conf0,0.2531244882176858,1.0,15,18,2,ref,chembl3d_gt_pb
6gnr_6gnr_conf0,0.304636650428273,1.0,9,18,3,ref,chembl3d_gt_pb
6gnw_6gnw_conf0,0.3217887250884576,1.0,71,14,3,ref,chembl3d_gt_pb
6got_6got_conf0,0.7377090927451616,1.0,92,19,5,ref,chembl3d_gt_pb
6gue_6gue_conf0,0.7117055616671237,1.0,193,26,5,ref,chembl3d_gt_pb
6guh_6guh_conf0,0.8298620590937016,0.0,193,26,5,ref,chembl3d_gt_pb
6gvf_6gvf_conf0,0.199183980719941,1.0,7,23,2,ref,chembl3d_gt_pb
6h29_6h29_conf0,0.424304521868425,1.0,6,11,2,ref,chembl3d_gt_pb
6h33_6h33_conf0,0.4232875636893276,1.0,129,25,3,ref,chembl3d_gt_pb
6h34_6h34_conf0,0.6286844214883857,1.0,67,26,4,ref,chembl3d_gt_pb
6h36_6h36_conf0,0.6311028169910099,1.0,88,24,3,ref,chembl3d_gt_pb
6h38_6h38_conf0,0.6642034735722785,1.0,67,26,4,ref,chembl3d_gt_pb
6h8s_6h8s_conf0,0.3554888640621143,1.0,42,20,2,ref,chembl3d_gt_pb
6haz_6haz_conf0,0.2471753690823225,1.0,27,20,2,ref,chembl3d_gt_pb
6hd6_6hd6_conf0,1.285006933751428,0.0,71,27,5,ref,chembl3d_gt_pb
6hk3_6hk3_conf0,0.2707837446571924,1.0,101,34,6,ref,chembl3d_gt_pb
6hk4_6hk4_conf0,0.3363783015309164,1.0,61,31,5,ref,chembl3d_gt_pb
6hke_6hke_conf0,0.2642758376891763,1.0,51,9,3,ref,chembl3d_gt_pb
6hoq_6hoq_conf0,0.1270273666656855,1.0,36,14,3,ref,chembl3d_gt_pb
6hrq_6hrq_conf0,1.160530388772271,0.0,92,23,5,ref,chembl3d_gt_pb
6hsh_6hsh_conf0,1.191856568120105,0.0,66,29,6,ref,chembl3d_gt_pb
6htg_6htg_conf0,0.4340114087650217,1.0,22,20,3,ref,chembl3d_gt_pb
6i0z_6i0z_conf0,0.9512699307263494,0.0,4,13,1,ref,chembl3d_gt_pb
6i11_6i11_conf0,0.6046808981563796,1.0,47,27,4,ref,chembl3d_gt_pb
6i12_6i12_conf0,0.6630393133824823,1.0,47,28,4,ref,chembl3d_gt_pb
6i13_6i13_conf0,0.4436342566777731,1.0,79,28,4,ref,chembl3d_gt_pb
6i14_6i14_conf0,0.7889698437312682,0.0,75,29,4,ref,chembl3d_gt_pb
6i18_6i18_conf0,0.5878834916541811,1.0,96,34,5,ref,chembl3d_gt_pb
6i61_6i61_conf0,0.5839288272671794,1.0,28,18,3,ref,chembl3d_gt_pb
6i62_6i62_conf0,0.2991583208790275,1.0,24,19,2,ref,chembl3d_gt_pb
6i63_6i63_conf0,0.1827738463215182,1.0,21,17,2,ref,chembl3d_gt_pb
6i64_6i64_conf0,0.2283791203531053,1.0,4,16,2,ref,chembl3d_gt_pb
6i65_6i65_conf0,0.1097315380007177,1.0,4,10,1,ref,chembl3d_gt_pb
6iiu_6iiu_conf0,0.6641841882011713,1.0,107,29,6,ref,chembl3d_gt_pb
6j1l_6j1l_conf0,0.7585238125598406,0.0,107,38,7,ref,chembl3d_gt_pb
6k3l_6k3l_conf0,0.4565407902040151,1.0,5,25,3,ref,chembl3d_gt_pb
6mdu_6mdu_conf0,0.6570371458163572,1.0,4,25,4,ref,chembl3d_gt_pb
6mg5_6mg5_conf0,0.2062983021084687,1.0,51,17,3,ref,chembl3d_gt_pb
6mh1_6mh1_conf0,0.4343356991436516,1.0,75,33,5,ref,chembl3d_gt_pb
6mh7_6mh7_conf0,0.3150308340998429,1.0,48,33,5,ref,chembl3d_gt_pb
6mnc_6mnc_conf0,0.2550432361758727,1.0,2,20,0,ref,chembl3d_gt_pb
6n0j_6n0j_conf0,0.4488706875165955,1.0,137,31,4,ref,chembl3d_gt_pb
6n78_6n78_conf0,0.264852848144182,1.0,110,29,5,ref,chembl3d_gt_pb
6n7a_6n7a_conf0,0.1394208409343502,1.0,36,28,4,ref,chembl3d_gt_pb
6n7b_6n7b_conf0,0.3446511240929691,1.0,49,27,4,ref,chembl3d_gt_pb
6n8x_6n8x_conf0,0.542186610036081,1.0,134,27,8,ref,chembl3d_gt_pb
6ncn_6ncn_conf0,0.4000564831150883,1.0,10,14,2,ref,chembl3d_gt_pb
6nco_6nco_conf0,0.2852007815063871,1.0,90,24,4,ref,chembl3d_gt_pb
6o0k_6o0k_conf0,1.1659662224426548,0.0,179,61,13,ref,chembl3d_gt_pb
6o0m_6o0m_conf0,1.3166872305511022,0.0,179,61,13,ref,chembl3d_gt_pb
6o0p_6o0p_conf0,1.1802062345249682,0.0,179,61,13,ref,chembl3d_gt_pb
6o5t_6o5t_conf0,0.5300766064319965,1.0,1,18,2,ref,chembl3d_gt_pb
6o94_6o94_conf0,0.4811362274337315,1.0,148,36,5,ref,chembl3d_gt_pb
6odz_6odz_conf0,0.485361076449482,1.0,131,25,4,ref,chembl3d_gt_pb
6oe0_6oe0_conf0,0.6021002847379494,1.0,142,27,4,ref,chembl3d_gt_pb
6oe1_6oe1_conf0,0.4563483940207392,1.0,74,26,4,ref,chembl3d_gt_pb
6olx_6olx_conf0,0.5377824563439926,1.0,134,27,8,ref,chembl3d_gt_pb
6ooy_6ooy_conf0,0.1157040189645103,1.0,73,20,3,ref,chembl3d_gt_pb
6p3t_6p3t_conf0,0.7267900663348714,1.0,35,27,3,ref,chembl3d_gt_pb
6p3v_6p3v_conf0,0.7048741225277895,1.0,90,23,6,ref,chembl3d_gt_pb
6p85_6p85_conf0,0.4027083803968788,1.0,60,25,5,ref,chembl3d_gt_pb
6p88_6p88_conf0,0.2744149623968107,1.0,196,27,4,ref,chembl3d_gt_pb
6pia_6pia_conf0,2.857294539648756,0.0,1,14,9,ref,chembl3d_gt_pb
6pl1_6pl1_conf0,1.1416150434161576,0.0,108,33,5,ref,chembl3d_gt_pb
6qas_6qas_conf0,0.8232904736890018,0.0,149,34,6,ref,chembl3d_gt_pb
6ql1_6ql1_conf0,0.7297784671692721,1.0,22,23,3,ref,chembl3d_gt_pb
6ql2_6ql2_conf0,0.0565557607692195,1.0,51,16,3,ref,chembl3d_gt_pb
6qmj_6qmj_conf0,0.4937130507395216,1.0,139,36,9,ref,chembl3d_gt_pb
6qmk_6qmk_conf0,1.5270033916513552,0.0,119,38,7,ref,chembl3d_gt_pb
6qpl_6qpl_conf0,1.4676349423551058,0.0,121,25,8,ref,chembl3d_gt_pb
6qqq_6qqq_conf0,0.3151517560805666,1.0,78,23,5,ref,chembl3d_gt_pb
6qqv_6qqv_conf0,0.9945576427325866,0.0,93,24,3,ref,chembl3d_gt_pb
6qr1_6qr1_conf0,0.5212222094118014,1.0,75,25,3,ref,chembl3d_gt_pb
6qrc_6qrc_conf0,0.517536490900901,1.0,167,24,4,ref,chembl3d_gt_pb
6r11_6r11_conf0,0.0685776604965399,1.0,2,19,1,ref,chembl3d_gt_pb
6r18_6r18_conf0,0.5302849395403537,1.0,83,20,4,ref,chembl3d_gt_pb
6r9u_6r9u_conf0,0.5038203888708784,1.0,5,18,1,ref,chembl3d_gt_pb
6r9x_6r9x_conf0,0.7072014639847651,1.0,61,18,3,ref,chembl3d_gt_pb
6rih_6rih_conf0,0.224787436498721,1.0,22,18,3,ref,chembl3d_gt_pb
6s57_6s57_conf0,1.5646419770031486,0.0,187,30,5,ref,chembl3d_gt_pb
6t1i_6t1i_conf0,0.3935825597487452,1.0,172,27,5,ref,chembl3d_gt_pb
6t1j_6t1j_conf0,0.5293365337137186,1.0,175,29,5,ref,chembl3d_gt_pb
6t1l_6t1l_conf0,0.9643566150936872,0.0,136,28,7,ref,chembl3d_gt_pb
6u5y_6u5y_conf0,1.2631970218306012,0.0,17,30,5,ref,chembl3d_gt_pb
6u6w_6u6w_conf0,0.3250946301677995,1.0,47,21,4,ref,chembl3d_gt_pb
6u8b_6u8b_conf0,0.8072939942065077,0.0,16,24,5,ref,chembl3d_gt_pb
6u8o_6u8o_conf0,0.6206983050232612,1.0,91,25,4,ref,chembl3d_gt_pb
6ugn_6ugn_conf0,0.2146063083910445,1.0,1,15,0,ref,chembl3d_gt_pb
6uh0_6uh0_conf0,0.315795827943211,1.0,1,14,0,ref,chembl3d_gt_pb
966c_966c_conf0,0.9436036911143628,0.0,82,27,6,ref,chembl3d_gt_pb
