method,threshold,recall,precision
qwen_1p7b_fsq_bigdata_step47023,0.0,0.0,0.0
qwen_1p7b_fsq_bigdata_step47023,0.005,0.0,0.0
qwen_1p7b_fsq_bigdata_step47023,0.01,0.0,0.0
qwen_1p7b_fsq_bigdata_step47023,0.015,0.0,0.0
qwen_1p7b_fsq_bigdata_step47023,0.02,0.0,0.0
qwen_1p7b_fsq_bigdata_step47023,0.025,0.0,0.0
qwen_1p7b_fsq_bigdata_step47023,0.03,0.0,0.0
qwen_1p7b_fsq_bigdata_step47023,0.035,0.0,0.0
qwen_1p7b_fsq_bigdata_step47023,0.04,0.0008638065073423554,0.00017391304347826088
qwen_1p7b_fsq_bigdata_step47023,0.045,0.0037431615318168727,0.0004347826086956522
qwen_1p7b_fsq_bigdata_step47023,0.05,0.005179050419021928,0.000782608695652174
qwen_1p7b_fsq_bigdata_step47023,0.055,0.012110002572113105,0.001173913043478261
qwen_1p7b_fsq_bigdata_step47023,0.06,0.018530459126686986,0.0019130434782608698
qwen_1p7b_fsq_bigdata_step47023,0.065,0.0269861858081497,0.0026956521739130435
qwen_1p7b_fsq_bigdata_step47023,0.07,0.034496797591167985,0.003826086956521739
qwen_1p7b_fsq_bigdata_step47023,0.075,0.041467192963772506,0.00482608695652174
qwen_1p7b_fsq_bigdata_step47023,0.08,0.05580400295966756,0.005956521739130435
qwen_1p7b_fsq_bigdata_step47023,0.085,0.07089790238762324,0.008304347826086956
qwen_1p7b_fsq_bigdata_step47023,0.09,0.08129664478494644,0.010956521739130434
qwen_1p7b_fsq_bigdata_step47023,0.095,0.09829141570617386,0.013782608695652177
qwen_1p7b_fsq_bigdata_step47023,0.1,0.10934962346121689,0.017043478260869566
qwen_1p7b_fsq_bigdata_step47023,0.105,0.11909461991808153,0.01960869565217391
qwen_1p7b_fsq_bigdata_step47023,0.11,0.12843557384389118,0.02282608695652174
qwen_1p7b_fsq_bigdata_step47023,0.115,0.13706438826384124,0.025956521739130434
qwen_1p7b_fsq_bigdata_step47023,0.12,0.14692185640122424,0.02908695652173913
qwen_1p7b_fsq_bigdata_step47023,0.125,0.15308906752243698,0.03260869565217391
qwen_1p7b_fsq_bigdata_step47023,0.13,0.1662473238712062,0.036391304347826094
qwen_1p7b_fsq_bigdata_step47023,0.135,0.1816804758652264,0.04004347826086956
qwen_1p7b_fsq_bigdata_step47023,0.14,0.196665073204759,0.04439130434782607
qwen_1p7b_fsq_bigdata_step47023,0.145,0.20980819819663155,0.04726086956521738
qwen_1p7b_fsq_bigdata_step47023,0.15,0.22467490194291423,0.051260869565217373
qwen_1p7b_fsq_bigdata_step47023,0.155,0.23390377154801142,0.05504347826086957
qwen_1p7b_fsq_bigdata_step47023,0.16,0.24468972816745072,0.058739130434782606
qwen_1p7b_fsq_bigdata_step47023,0.165,0.25480779304956686,0.062347826086956507
qwen_1p7b_fsq_bigdata_step47023,0.17,0.2648337233782887,0.06547826086956522
qwen_1p7b_fsq_bigdata_step47023,0.17500000000000002,0.27390333785917953,0.07008695652173913
qwen_1p7b_fsq_bigdata_step47023,0.18,0.28728595342188556,0.07495652173913044
qwen_1p7b_fsq_bigdata_step47023,0.185,0.3000542712036656,0.07978260869565217
qwen_1p7b_fsq_bigdata_step47023,0.19,0.30778983721855446,0.08478260869565218
qwen_1p7b_fsq_bigdata_step47023,0.195,0.31735800235816247,0.08891304347826087
qwen_1p7b_fsq_bigdata_step47023,0.2,0.32815897009968786,0.0931304347826087
qwen_1p7b_fsq_bigdata_step47023,0.20500000000000002,0.3365468217895743,0.09760895809640449
qwen_1p7b_fsq_bigdata_step47023,0.21,0.3418848640006514,0.10095678418336104
qwen_1p7b_fsq_bigdata_step47023,0.215,0.34754988969663,0.10439165392283999
qwen_1p7b_fsq_bigdata_step47023,0.22,0.3537093498274655,0.10765252348805739
qwen_1p7b_fsq_bigdata_step47023,0.225,0.3617643439095942,0.11108730609675303
qwen_1p7b_fsq_bigdata_step47023,0.23,0.3642609369691946,0.11508739322753635
qwen_1p7b_fsq_bigdata_step47023,0.23500000000000001,0.3702699551178461,0.11826139340179789
qwen_1p7b_fsq_bigdata_step47023,0.24,0.37296742077258577,0.12147878470614573
qwen_1p7b_fsq_bigdata_step47023,0.245,0.3784439077559221,0.12439182818440661
qwen_1p7b_fsq_bigdata_step47023,0.25,0.38693179748028345,0.1272616558460285
qwen_1p7b_fsq_bigdata_step47023,0.255,0.39488054111007187,0.13074000384637702
qwen_1p7b_fsq_bigdata_step47023,0.26,0.39752565430846526,0.1335226996728125
qwen_1p7b_fsq_bigdata_step47023,0.265,0.4066094830876994,0.13639243915177043
qwen_1p7b_fsq_bigdata_step47023,0.27,0.41447683170711686,0.13956643932603202
qwen_1p7b_fsq_bigdata_step47023,0.275,0.42358481793666036,0.14287078715211896
qwen_1p7b_fsq_bigdata_step47023,0.28,0.43554455732208813,0.14543644124922053
qwen_1p7b_fsq_bigdata_step47023,0.28500000000000003,0.4457096548985583,0.14843644124922054
qwen_1p7b_fsq_bigdata_step47023,0.29,0.4569057222446348,0.15082800698939652
qwen_1p7b_fsq_bigdata_step47023,0.295,0.46616647774283987,0.15382818125096315
qwen_1p7b_fsq_bigdata_step47023,0.3,0.4706816683252464,0.1568718337733993
qwen_1p7b_fsq_bigdata_step47023,0.305,0.48118793898106005,0.1607416603831405
qwen_1p7b_fsq_bigdata_step47023,0.31,0.4873953485518927,0.16361122560053182
qwen_1p7b_fsq_bigdata_step47023,0.315,0.5068052704353896,0.16765496630563198
qwen_1p7b_fsq_bigdata_step47023,0.32,0.5118233182428896,0.1712203579585029
qwen_1p7b_fsq_bigdata_step47023,0.325,0.5225176712420645,0.17408992317589422
qwen_1p7b_fsq_bigdata_step47023,0.33,0.5303773030290417,0.17730775118603928
qwen_1p7b_fsq_bigdata_step47023,0.335,0.5378613916725508,0.18169905553386537
qwen_1p7b_fsq_bigdata_step47023,0.34,0.544778407426909,0.18626462144830294
qwen_1p7b_fsq_bigdata_step47023,0.34500000000000003,0.5586605244812042,0.18982992597039064
qwen_1p7b_fsq_bigdata_step47023,0.35000000000000003,0.5687439232492917,0.19417792631891376
qwen_1p7b_fsq_bigdata_step47023,0.355,0.5796264284252751,0.1987867091018709
qwen_1p7b_fsq_bigdata_step47023,0.36,0.5829603021663521,0.2032217531029165
qwen_1p7b_fsq_bigdata_step47023,0.365,0.5926975431657089,0.2066567099731788
qwen_1p7b_fsq_bigdata_step47023,0.37,0.5951236842497701,0.21000479745248524
qwen_1p7b_fsq_bigdata_step47023,0.375,0.60240456761761,0.213048712419152
qwen_1p7b_fsq_bigdata_step47023,0.38,0.6124911488407697,0.21726654042929705
qwen_1p7b_fsq_bigdata_step47023,0.385,0.6209392659256909,0.22083193208216795
qwen_1p7b_fsq_bigdata_step47023,0.39,0.63065275709711,0.22470175869190925
qwen_1p7b_fsq_bigdata_step47023,0.395,0.6369701641292282,0.2285281952234449
qwen_1p7b_fsq_bigdata_step47023,0.4,0.637971733408283,0.2322240216589245
qwen_1p7b_fsq_bigdata_step47023,0.405,0.6382017771165875,0.23583280444188173
qwen_1p7b_fsq_bigdata_step47023,0.41000000000000003,0.6446658796689153,0.24022454655162714
qwen_1p7b_fsq_bigdata_step47023,0.41500000000000004,0.6474044562053763,0.24357263508281435
qwen_1p7b_fsq_bigdata_step47023,0.42,0.6574026723473351,0.24718141786577152
qwen_1p7b_fsq_bigdata_step47023,0.425,0.6584378690347057,0.2504861152668724
qwen_1p7b_fsq_bigdata_step47023,0.43,0.6601401924761595,0.25352985492009195
qwen_1p7b_fsq_bigdata_step47023,0.435,0.6618655202884439,0.25631255074652737
qwen_1p7b_fsq_bigdata_step47023,0.44,0.6677237520593995,0.26018255372583793
qwen_1p7b_fsq_bigdata_step47023,0.445,0.6701400901445274,0.2636175977268836
qwen_1p7b_fsq_bigdata_step47023,0.45,0.6877365993436662,0.26744420851998574
qwen_1p7b_fsq_bigdata_step47023,0.455,0.6909891967892356,0.27096682001013433
qwen_1p7b_fsq_bigdata_step47023,0.46,0.6957295349534869,0.27414134402097645
qwen_1p7b_fsq_bigdata_step47023,0.465,0.7048127551149515,0.2780985649143761
qwen_1p7b_fsq_bigdata_step47023,0.47000000000000003,0.707965233066654,0.2821427412733929
qwen_1p7b_fsq_bigdata_step47023,0.47500000000000003,0.709323928718828,0.28536048110087386
qwen_1p7b_fsq_bigdata_step47023,0.48,0.7120279881376759,0.2886652645808773
qwen_1p7b_fsq_bigdata_step47023,0.485,0.712488075554285,0.2919266579826752
qwen_1p7b_fsq_bigdata_step47023,0.49,0.7148483404855138,0.2958403124283
qwen_1p7b_fsq_bigdata_step47023,0.495,0.7159218777909351,0.29866666077717163
qwen_1p7b_fsq_bigdata_step47023,0.5,0.7169570744783056,0.301449967570971
qwen_1p7b_fsq_bigdata_step47023,0.505,0.7202149970929443,0.3038851868854638
qwen_1p7b_fsq_bigdata_step47023,0.51,0.7223642065791104,0.30749405679920433
qwen_1p7b_fsq_bigdata_step47023,0.515,0.7267763916782011,0.31062571562454355
qwen_1p7b_fsq_bigdata_step47023,0.52,0.7368641416840356,0.3140609338871557
qwen_1p7b_fsq_bigdata_step47023,0.525,0.7409066805997628,0.317583108671507
qwen_1p7b_fsq_bigdata_step47023,0.53,0.7419802179051842,0.3203232007047895
qwen_1p7b_fsq_bigdata_step47023,0.535,0.7446640611687375,0.32328059585551433
qwen_1p7b_fsq_bigdata_step47023,0.54,0.7531643428889312,0.32662903290983464
qwen_1p7b_fsq_bigdata_step47023,0.545,0.7573664746272947,0.3303687743119811
qwen_1p7b_fsq_bigdata_step47023,0.55,0.7600756391827853,0.33380390544381006
qwen_1p7b_fsq_bigdata_step47023,0.555,0.7640630634600647,0.33710903744694665
qwen_1p7b_fsq_bigdata_step47023,0.56,0.7694307499871714,0.3405447784942587
qwen_1p7b_fsq_bigdata_step47023,0.5650000000000001,0.7726798048075874,0.34367564893078395
qwen_1p7b_fsq_bigdata_step47023,0.5700000000000001,0.7836925583108274,0.346763217476009
qwen_1p7b_fsq_bigdata_step47023,0.5750000000000001,0.7896312025768049,0.3498078305450645
qwen_1p7b_fsq_bigdata_step47023,0.58,0.791701595951546,0.3526780928087221
qwen_1p7b_fsq_bigdata_step47023,0.585,0.7919316396598507,0.35624409542895685
qwen_1p7b_fsq_bigdata_step47023,0.59,0.793005176965272,0.359418531257135
qwen_1p7b_fsq_bigdata_step47023,0.595,0.7940257345075687,0.36328931840925405
qwen_1p7b_fsq_bigdata_step47023,0.6,0.8009480748919067,0.36694245076091386
qwen_1p7b_fsq_bigdata_step47023,0.605,0.8101650691375731,0.3706822803499658
qwen_1p7b_fsq_bigdata_step47023,0.61,0.8101650691375731,0.3739874134049831
qwen_1p7b_fsq_bigdata_step47023,0.615,0.8129521145997778,0.3772060266440585
qwen_1p7b_fsq_bigdata_step47023,0.62,0.8137572675788438,0.3810768127442968
qwen_1p7b_fsq_bigdata_step47023,0.625,0.8156476267470857,0.3852949021467918
qwen_1p7b_fsq_bigdata_step47023,0.63,0.8163168448076081,0.38855642620115566
qwen_1p7b_fsq_bigdata_step47023,0.635,0.8219879223123341,0.39199225648301234
qwen_1p7b_fsq_bigdata_step47023,0.64,0.8236672413829574,0.3956017798340186
qwen_1p7b_fsq_bigdata_step47023,0.645,0.8257876442595039,0.39912500545565593
qwen_1p7b_fsq_bigdata_step47023,0.65,0.8319557715109442,0.4030398839482526
qwen_1p7b_fsq_bigdata_step47023,0.655,0.8365579308374175,0.40708537253690513
qwen_1p7b_fsq_bigdata_step47023,0.66,0.839437988608233,0.41060759084303905
qwen_1p7b_fsq_bigdata_step47023,0.665,0.8404308088230212,0.41443481471150795
qwen_1p7b_fsq_bigdata_step47023,0.67,0.844278487941893,0.41839264552039096
qwen_1p7b_fsq_bigdata_step47023,0.675,0.8488551469807945,0.42156778155471897
qwen_1p7b_fsq_bigdata_step47023,0.68,0.852592751862564,0.42522126558939555
qwen_1p7b_fsq_bigdata_step47023,0.685,0.8552648911479758,0.42761317985270475
qwen_1p7b_fsq_bigdata_step47023,0.6900000000000001,0.8591180682276974,0.4313098350388975
qwen_1p7b_fsq_bigdata_step47023,0.6950000000000001,0.8673984309703028,0.4338767567005121
qwen_1p7b_fsq_bigdata_step47023,0.7000000000000001,0.8707264685941323,0.4370952849210486
qwen_1p7b_fsq_bigdata_step47023,0.705,0.8725289532049949,0.4398358561300301
qwen_1p7b_fsq_bigdata_step47023,0.71,0.8766503678527253,0.4430110803470222
qwen_1p7b_fsq_bigdata_step47023,0.715,0.8832102458084844,0.4458382160328272
qwen_1p7b_fsq_bigdata_step47023,0.72,0.888457849880603,0.4487958746839048
qwen_1p7b_fsq_bigdata_step47023,0.725,0.8906699017494053,0.45192797127540485
qwen_1p7b_fsq_bigdata_step47023,0.73,0.8959330596441424,0.45514636769579375
qwen_1p7b_fsq_bigdata_step47023,0.735,0.896695836150626,0.4578866764563033
qwen_1p7b_fsq_bigdata_step47023,0.74,0.9046921512205605,0.4611488135902753
qwen_1p7b_fsq_bigdata_step47023,0.745,0.9088689304545479,0.46428033957206905
qwen_1p7b_fsq_bigdata_step47023,0.75,0.9096317069610315,0.46802104362883745
qwen_1p7b_fsq_bigdata_step47023,0.755,0.911843758829834,0.47189148120594243
qwen_1p7b_fsq_bigdata_step47023,0.76,0.9128834669342131,0.4751987169916541
qwen_1p7b_fsq_bigdata_step47023,0.765,0.9159345729601476,0.47824328645170866
qwen_1p7b_fsq_bigdata_step47023,0.77,0.9178230226746841,0.4816358573121674
qwen_1p7b_fsq_bigdata_step47023,0.775,0.9207215733993218,0.4855503851693865
qwen_1p7b_fsq_bigdata_step47023,0.78,0.9207215733993218,0.48916082870087135
qwen_1p7b_fsq_bigdata_step47023,0.785,0.9231517474228891,0.4929012703091677
qwen_1p7b_fsq_bigdata_step47023,0.79,0.9236118348394982,0.4962070164395518
qwen_1p7b_fsq_bigdata_step47023,0.795,0.9248346987625911,0.4992080662207157
qwen_1p7b_fsq_bigdata_step47023,0.8,0.9252947861792001,0.5020355950033172
qwen_1p7b_fsq_bigdata_step47023,0.805,0.9267476938105975,0.5059944766452444
qwen_1p7b_fsq_bigdata_step47023,0.81,0.9281070429960337,0.5093876181111677
qwen_1p7b_fsq_bigdata_step47023,0.8150000000000001,0.9290063047648605,0.5124331937391442
qwen_1p7b_fsq_bigdata_step47023,0.8200000000000001,0.9299055665336876,0.5153488595644327
qwen_1p7b_fsq_bigdata_step47023,0.8250000000000001,0.9303447408859055,0.518873133828135
qwen_1p7b_fsq_bigdata_step47023,0.8300000000000001,0.9307839152381233,0.5220059285135406
qwen_1p7b_fsq_bigdata_step47023,0.835,0.9312440026547324,0.5249646358981428
qwen_1p7b_fsq_bigdata_step47023,0.84,0.9317040900713415,0.5285324320232327
qwen_1p7b_fsq_bigdata_step47023,0.845,0.9330634392567777,0.5312723476869458
qwen_1p7b_fsq_bigdata_step47023,0.85,0.9337535703816914,0.5342316660346704
qwen_1p7b_fsq_bigdata_step47023,0.855,0.9355514403860832,0.5365822026555599
qwen_1p7b_fsq_bigdata_step47023,0.86,0.9371408332798239,0.5400629976894887
qwen_1p7b_fsq_bigdata_step47023,0.865,0.9380610081130422,0.5431103658534159
qwen_1p7b_fsq_bigdata_step47023,0.87,0.9387980271275467,0.5461569466888931
qwen_1p7b_fsq_bigdata_step47023,0.875,0.9392581145441558,0.5489430543072921
qwen_1p7b_fsq_bigdata_step47023,0.88,0.9428331478674729,0.5525104976145078
qwen_1p7b_fsq_bigdata_step47023,0.885,0.943293235284082,0.5553837369851169
qwen_1p7b_fsq_bigdata_step47023,0.89,0.9448826281778228,0.5580812687470291
qwen_1p7b_fsq_bigdata_step47023,0.895,0.9473294567116075,0.5606935503697567
qwen_1p7b_fsq_bigdata_step47023,0.9,0.9484796752531305,0.5640448722195767
qwen_1p7b_fsq_bigdata_step47023,0.905,0.9524212375470956,0.5666994494699817
qwen_1p7b_fsq_bigdata_step47023,0.91,0.9540315435052278,0.5696578933457481
qwen_1p7b_fsq_bigdata_step47023,0.915,0.9563110675238822,0.5727478227626744
qwen_1p7b_fsq_bigdata_step47023,0.92,0.9569802855844045,0.5749666983587626
qwen_1p7b_fsq_bigdata_step47023,0.925,0.9593324549846289,0.5778820144303596
qwen_1p7b_fsq_bigdata_step47023,0.93,0.9606918041700652,0.5804936394516964
qwen_1p7b_fsq_bigdata_step47023,0.935,0.9622811970638058,0.5830614791028103
qwen_1p7b_fsq_bigdata_step47023,0.9400000000000001,0.9643097643097643,0.585716273250637
qwen_1p7b_fsq_bigdata_step47023,0.9450000000000001,0.9643097643097643,0.5887202513448417
qwen_1p7b_fsq_bigdata_step47023,0.9500000000000001,0.9660664617186355,0.5908093935078113
qwen_1p7b_fsq_bigdata_step47023,0.9550000000000001,0.9665056360708534,0.5933327474953343
qwen_1p7b_fsq_bigdata_step47023,0.96,0.9669448104230712,0.5957696731009222
qwen_1p7b_fsq_bigdata_step47023,0.965,0.9682623334797248,0.5981636443694393
qwen_1p7b_fsq_bigdata_step47023,0.97,0.9687015078319426,0.6009931833926057
qwen_1p7b_fsq_bigdata_step47023,0.975,0.9700190308885961,0.6026041974465788
qwen_1p7b_fsq_bigdata_step47023,0.98,0.9711274233013364,0.6047371684973123
qwen_1p7b_fsq_bigdata_step47023,0.985,0.9715665976535541,0.6070871790779176
qwen_1p7b_fsq_bigdata_step47023,0.99,0.9715665976535541,0.6090459724414802
qwen_1p7b_fsq_bigdata_step47023,0.995,0.9722358157140766,0.6113971666241815
qwen_1p7b_fsq_bigdata_step47023,1.0,0.9726749900662944,0.6140088777244211
qwen_1p7b_fsq_bigdata_step47023,1.0050000000000001,0.9735533387707301,0.616012596530037
qwen_1p7b_fsq_bigdata_step47023,1.01,0.9748708618273837,0.6178417880777097
qwen_1p7b_fsq_bigdata_step47023,1.0150000000000001,0.9764184285923418,0.6204103703134161
qwen_1p7b_fsq_bigdata_step47023,1.02,0.9777359516489952,0.6231091292821838
qwen_1p7b_fsq_bigdata_step47023,1.025,0.9792835184139532,0.6259383219774377
qwen_1p7b_fsq_bigdata_step47023,1.03,0.9795135621222577,0.6277239046159162
qwen_1p7b_fsq_bigdata_step47023,1.035,0.9804128238910848,0.6299444461454415
qwen_1p7b_fsq_bigdata_step47023,1.04,0.9808519982433026,0.6319469822391307
qwen_1p7b_fsq_bigdata_step47023,1.045,0.9821695212999562,0.6339930837329553
qwen_1p7b_fsq_bigdata_step47023,1.05,0.982608695652174,0.6356034857634425
qwen_1p7b_fsq_bigdata_step47023,1.055,0.9830478700043919,0.6372583276532989
qwen_1p7b_fsq_bigdata_step47023,1.06,0.9843653930610452,0.6391299890072389
qwen_1p7b_fsq_bigdata_step47023,1.065,0.984804567413263,0.6407408701177244
qwen_1p7b_fsq_bigdata_step47023,1.07,0.984804567413263,0.6435280719952498
qwen_1p7b_fsq_bigdata_step47023,1.075,0.9852437417654809,0.6455310458508581
qwen_1p7b_fsq_bigdata_step47023,1.08,0.9856829161176988,0.6474464064131419
qwen_1p7b_fsq_bigdata_step47023,1.085,0.9856829161176988,0.6489277751294422
qwen_1p7b_fsq_bigdata_step47023,1.09,0.9856829161176988,0.6503638252984095
qwen_1p7b_fsq_bigdata_step47023,1.095,0.9870004391743522,0.6524541073630149
qwen_1p7b_fsq_bigdata_step47023,1.1,0.9883179622310058,0.6538905526580469
qwen_1p7b_fsq_bigdata_step47023,1.105,0.990074659639877,0.6556760056128632
qwen_1p7b_fsq_bigdata_step47023,1.11,0.9913921826965305,0.6573744126284773
qwen_1p7b_fsq_bigdata_step47023,1.115,0.9944664031620553,0.6597701336971479
qwen_1p7b_fsq_bigdata_step47023,1.12,0.9949055775142731,0.6613380190610239
qwen_1p7b_fsq_bigdata_step47023,1.125,0.9949055775142731,0.6629060817633733
qwen_1p7b_fsq_bigdata_step47023,1.1300000000000001,0.9949055775142731,0.6644297449682525
qwen_1p7b_fsq_bigdata_step47023,1.135,0.9957839262187088,0.6660858140607229
qwen_1p7b_fsq_bigdata_step47023,1.1400000000000001,0.9957839262187088,0.667609214904348
qwen_1p7b_fsq_bigdata_step47023,1.145,0.9957839262187088,0.6696573743638016
qwen_1p7b_fsq_bigdata_step47023,1.1500000000000001,0.9957839262187088,0.6711815646566042
qwen_1p7b_fsq_bigdata_step47023,1.155,0.9957839262187088,0.6729238453995412
qwen_1p7b_fsq_bigdata_step47023,1.16,0.9962231005709267,0.6742757429482762
qwen_1p7b_fsq_bigdata_step47023,1.165,0.9962231005709267,0.6757565835162895
qwen_1p7b_fsq_bigdata_step47023,1.17,0.9962231005709267,0.6775866058312185
qwen_1p7b_fsq_bigdata_step47023,1.175,0.9962231005709267,0.6792850999776158
qwen_1p7b_fsq_bigdata_step47023,1.18,0.9962231005709267,0.6808991357951799
qwen_1p7b_fsq_bigdata_step47023,1.185,0.9962231005709267,0.6828158532437396
qwen_1p7b_fsq_bigdata_step47023,1.19,0.9962231005709267,0.6840796563069076
qwen_1p7b_fsq_bigdata_step47023,1.195,0.9962231005709267,0.6855609367448429
qwen_1p7b_fsq_bigdata_step47023,1.2,0.9966622749231445,0.6874333449950819
qwen_1p7b_fsq_bigdata_step47023,1.205,0.9966622749231445,0.6889141875881216
qwen_1p7b_fsq_bigdata_step47023,1.21,0.9966622749231445,0.690089806835477
qwen_1p7b_fsq_bigdata_step47023,1.215,0.9966622749231445,0.6916147842865356
qwen_1p7b_fsq_bigdata_step47023,1.22,0.9966622749231445,0.693574848117082
qwen_1p7b_fsq_bigdata_step47023,1.225,0.9966622749231445,0.6951861681285854
qwen_1p7b_fsq_bigdata_step47023,1.23,0.9966622749231445,0.6966667036994899
qwen_1p7b_fsq_bigdata_step47023,1.235,0.9971014492753624,0.6983210628134321
qwen_1p7b_fsq_bigdata_step47023,1.24,0.9971014492753624,0.7001951786598181
qwen_1p7b_fsq_bigdata_step47023,1.245,0.9971014492753624,0.7017197161537364
qwen_1p7b_fsq_bigdata_step47023,1.25,0.9971014492753624,0.7035057819222658
qwen_1p7b_fsq_bigdata_step47023,1.2550000000000001,0.9971014492753624,0.7052914959163187
qwen_1p7b_fsq_bigdata_step47023,1.26,0.9971014492753624,0.7064228038488679
qwen_1p7b_fsq_bigdata_step47023,1.2650000000000001,0.9971014492753624,0.7075994293513631
qwen_1p7b_fsq_bigdata_step47023,1.27,0.9971014492753624,0.7090369678578818
qwen_1p7b_fsq_bigdata_step47023,1.2750000000000001,0.9971014492753624,0.710431641261874
qwen_1p7b_fsq_bigdata_step47023,1.28,0.9971014492753624,0.7119121767455603
qwen_1p7b_fsq_bigdata_step47023,1.285,0.9971014492753624,0.7135671936829684
qwen_1p7b_fsq_bigdata_step47023,1.29,0.9971014492753624,0.7152229096831866
qwen_1p7b_fsq_bigdata_step47023,1.295,0.9971014492753624,0.7167044068441079
qwen_1p7b_fsq_bigdata_step47023,1.3,0.9971014492753624,0.7180977645969268
qwen_1p7b_fsq_bigdata_step47023,1.305,0.9971014492753624,0.7191433869065694
qwen_1p7b_fsq_bigdata_step47023,1.31,0.9971014492753624,0.720232925151783
qwen_1p7b_fsq_bigdata_step47023,1.315,0.9971014492753624,0.7216259783393414
qwen_1p7b_fsq_bigdata_step47023,1.32,0.9971014492753624,0.7234548659417853
qwen_1p7b_fsq_bigdata_step47023,1.325,0.9971014492753624,0.7250669293365908
qwen_1p7b_fsq_bigdata_step47023,1.33,0.9971014492753624,0.7263302487463998
qwen_1p7b_fsq_bigdata_step47023,1.335,0.9985507246376811,0.7279410012335872
qwen_1p7b_fsq_bigdata_step47023,1.34,0.9985507246376811,0.7292050209325226
qwen_1p7b_fsq_bigdata_step47023,1.345,0.9985507246376811,0.7307733861708651
qwen_1p7b_fsq_bigdata_step47023,1.35,0.9985507246376811,0.7322554547444433
qwen_1p7b_fsq_bigdata_step47023,1.355,0.9985507246376811,0.7333880345489707
qwen_1p7b_fsq_bigdata_step47023,1.36,0.9985507246376811,0.7346947878119391
qwen_1p7b_fsq_bigdata_step47023,1.365,0.9985507246376811,0.7360893728588315
qwen_1p7b_fsq_bigdata_step47023,1.37,0.9985507246376811,0.7370479057947068
qwen_1p7b_fsq_bigdata_step47023,1.375,0.9985507246376811,0.7383994069038428
qwen_1p7b_fsq_bigdata_step47023,1.3800000000000001,0.9985507246376811,0.7398804673632082
qwen_1p7b_fsq_bigdata_step47023,1.385,0.9985507246376811,0.7414494477934028
qwen_1p7b_fsq_bigdata_step47023,1.3900000000000001,0.9985507246376811,0.742712767203212
qwen_1p7b_fsq_bigdata_step47023,1.395,0.9985507246376811,0.7441093222117469
qwen_1p7b_fsq_bigdata_step47023,1.4000000000000001,0.9985507246376811,0.7456351751824023
qwen_1p7b_fsq_bigdata_step47023,1.405,0.9985507246376811,0.7471168462602595
qwen_1p7b_fsq_bigdata_step47023,1.41,0.9985507246376811,0.7483793338424488
qwen_1p7b_fsq_bigdata_step47023,1.415,0.9985507246376811,0.7498599128479178
qwen_1p7b_fsq_bigdata_step47023,1.42,0.9985507246376811,0.7515602472722954
qwen_1p7b_fsq_bigdata_step47023,1.425,0.9985507246376811,0.7529560596132612
qwen_1p7b_fsq_bigdata_step47023,1.43,0.9985507246376811,0.7548735651060043
qwen_1p7b_fsq_bigdata_step47023,1.435,0.9985507246376811,0.755658229663524
qwen_1p7b_fsq_bigdata_step47023,1.44,0.9985507246376811,0.7563984969187942
qwen_1p7b_fsq_bigdata_step47023,1.445,0.9985507246376811,0.7573996335690873
qwen_1p7b_fsq_bigdata_step47023,1.45,0.9985507246376811,0.758751353430477
qwen_1p7b_fsq_bigdata_step47023,1.455,0.9985507246376811,0.7599271916002802
qwen_1p7b_fsq_bigdata_step47023,1.46,0.9985507246376811,0.7607994267280513
qwen_1p7b_fsq_bigdata_step47023,1.465,0.9985507246376811,0.7621502273778661
qwen_1p7b_fsq_bigdata_step47023,1.47,0.9985507246376811,0.7635008529674051
qwen_1p7b_fsq_bigdata_step47023,1.475,0.9985507246376811,0.7647220510026205
qwen_1p7b_fsq_bigdata_step47023,1.48,0.9985507246376811,0.7657678485427339
qwen_1p7b_fsq_bigdata_step47023,1.485,0.9985507246376811,0.766900427203921
qwen_1p7b_fsq_bigdata_step47023,1.49,0.9985507246376811,0.7683821876950002
qwen_1p7b_fsq_bigdata_step47023,1.495,0.9985507246376811,0.7696015909990439
qwen_1p7b_fsq_bigdata_step47023,1.5,0.9985507246376811,0.7706468613640161
loqi_druglike,0.0,0.0,0.0
loqi_druglike,0.005,0.0,0.0
loqi_druglike,0.01,0.0,0.0
loqi_druglike,0.015,0.0,0.0
loqi_druglike,0.02,0.0,0.0
loqi_druglike,0.025,0.0,0.0
loqi_druglike,0.03,0.0,0.0
loqi_druglike,0.035,0.0007605252945079432,0.00030434782608695655
loqi_druglike,0.04,0.004104892860978546,0.0013478260869565217
loqi_druglike,0.045,0.004392828363425998,0.002826086956521739
loqi_druglike,0.05,0.009081883278282965,0.004695652173913044
loqi_druglike,0.055,0.01569309864515429,0.0072173913043478265
loqi_druglike,0.06,0.019703001342281944,0.01091304347826087
loqi_druglike,0.065,0.028039394285893093,0.01604347826086957
loqi_druglike,0.07,0.037840095436516154,0.022782608695652174
loqi_druglike,0.075,0.04371465461754544,0.03234782608695653
loqi_druglike,0.08,0.055560892824784804,0.043565217391304346
loqi_druglike,0.085,0.06648036911189772,0.056217391304347816
loqi_druglike,0.09,0.07585624020240873,0.06878260869565217
loqi_druglike,0.095,0.08346746286519482,0.08269565217391305
loqi_druglike,0.1,0.09543272484786758,0.09499999999999999
loqi_druglike,0.105,0.10357926335998727,0.10708695652173914
loqi_druglike,0.11,0.1138327279834533,0.11843478260869567
loqi_druglike,0.115,0.12972839779406128,0.12691304347826088
loqi_druglike,0.12,0.1402943802937181,0.13486956521739127
loqi_druglike,0.125,0.15316533288897874,0.14252173913043475
loqi_druglike,0.13,0.16692610222383153,0.14926086956521736
loqi_druglike,0.135,0.18338317105914897,0.15617391304347822
loqi_druglike,0.14,0.19317482338925024,0.162695652173913
loqi_druglike,0.145,0.20938658543166647,0.16952173913043475
loqi_druglike,0.15,0.2236618635579685,0.17421739130434782
loqi_druglike,0.155,0.23699534479419104,0.1806086956521739
loqi_druglike,0.16,0.2527769308495227,0.18630434782608693
loqi_druglike,0.165,0.2644011694215426,0.1917391304347826
loqi_druglike,0.17,0.27376105311801985,0.1967391304347826
loqi_druglike,0.17500000000000002,0.28730790704416476,0.2014347826086956
loqi_druglike,0.18,0.30403159688149156,0.20730434782608695
loqi_druglike,0.185,0.317186045170705,0.2121739130434782
loqi_druglike,0.19,0.3303968119905213,0.21630434782608698
loqi_druglike,0.195,0.3429762121102472,0.21973913043478258
loqi_druglike,0.2,0.3497064239509466,0.22478260869565225
loqi_druglike,0.20500000000000002,0.35782946451027436,0.22952173913043478
loqi_druglike,0.21,0.36319117792415095,0.23334782608695653
loqi_druglike,0.215,0.3694125146357564,0.2373913043478261
loqi_druglike,0.22,0.3788504807084356,0.24186956521739125
loqi_druglike,0.225,0.3889785078888606,0.24756521739130438
loqi_druglike,0.23,0.39558869889327714,0.25321739130434784
loqi_druglike,0.23500000000000001,0.4011814065304369,0.259
loqi_druglike,0.24,0.41248530277550804,0.26482608695652177
loqi_druglike,0.245,0.42375757053603424,0.2704782608695652
loqi_druglike,0.25,0.4342169698266358,0.2767391304347826
loqi_druglike,0.255,0.442123911612364,0.2820434782608695
loqi_druglike,0.26,0.447475510826544,0.28800000000000003
loqi_druglike,0.265,0.4506396645271627,0.29334782608695653
loqi_druglike,0.27,0.463364135560764,0.29869565217391303
loqi_druglike,0.275,0.47125783602174637,0.3025652173913043
loqi_druglike,0.28,0.47759136111644884,0.3068695652173914
loqi_druglike,0.28500000000000003,0.4842389510868948,0.31100000000000005
loqi_druglike,0.29,0.4891571358273836,0.3145652173913044
loqi_druglike,0.295,0.4947879032405231,0.31852173913043474
loqi_druglike,0.3,0.49803564149751667,0.3220869565217392
loqi_druglike,0.305,0.5071881092319996,0.3263478260869565
loqi_druglike,0.31,0.5153026377157883,0.3298695652173912
loqi_druglike,0.315,0.5212299023530073,0.33347826086956517
loqi_druglike,0.32,0.528574445236632,0.336695652173913
loqi_druglike,0.325,0.5344899939864827,0.3403043478260868
loqi_druglike,0.33,0.5417053867471371,0.3434782608695652
loqi_druglike,0.335,0.5533334022838357,0.34660869565217384
loqi_druglike,0.34,0.5609487054582605,0.3506521739130434
loqi_druglike,0.34500000000000003,0.569242895276556,0.35386956521739127
loqi_druglike,0.35000000000000003,0.58197054696428,0.35691304347826086
loqi_druglike,0.355,0.5891595292656472,0.3600434782608695
loqi_druglike,0.36,0.5923453696769744,0.36265217391304355
loqi_druglike,0.365,0.5964409548557021,0.36582608695652163
loqi_druglike,0.37,0.6038003011908667,0.3694347826086957
loqi_druglike,0.375,0.6075298239688971,0.37252173913043485
loqi_druglike,0.38,0.6147759861132903,0.3760869565217391
loqi_druglike,0.385,0.6250591748604907,0.38026086956521743
loqi_druglike,0.39,0.6273489405510901,0.3831739130434783
loqi_druglike,0.395,0.636313482915317,0.38704347826086954
loqi_druglike,0.4,0.639592918793522,0.39004347826086955
loqi_druglike,0.405,0.6525763800645713,0.393391304347826
loqi_druglike,0.41000000000000003,0.6590949747346453,0.39656521739130435
loqi_druglike,0.41500000000000004,0.6604067216543709,0.3991304347826087
loqi_druglike,0.42,0.6662722728048138,0.401304347826087
loqi_druglike,0.425,0.6712493477158051,0.4033478260869566
loqi_druglike,0.43,0.6757210306688995,0.4057826086956521
loqi_druglike,0.435,0.6872821475243677,0.4085217391304348
loqi_druglike,0.44,0.6933207948673628,0.41095652173913044
loqi_druglike,0.445,0.6969686256078657,0.4138695652173913
loqi_druglike,0.45,0.7027566628349387,0.417391304347826
loqi_druglike,0.455,0.7059968259272951,0.42052173913043467
loqi_druglike,0.46,0.708971654302581,0.42373913043478245
loqi_druglike,0.465,0.7182473062166972,0.4271304347826087
loqi_druglike,0.47000000000000003,0.7204237928085103,0.4301739130434782
loqi_druglike,0.47500000000000003,0.7264279335952599,0.4334782608695651
loqi_druglike,0.48,0.7356450181746633,0.43656521739130427
loqi_druglike,0.485,0.7412338197729944,0.43947826086956526
loqi_druglike,0.49,0.7445579513579955,0.44243478260869556
loqi_druglike,0.495,0.7534867594996121,0.445695652173913
loqi_druglike,0.5,0.7573264331716879,0.44865217391304346
loqi_druglike,0.505,0.7654512458254861,0.4517826086956522
loqi_druglike,0.51,0.7730703591168442,0.4549565217391304
loqi_druglike,0.515,0.7773988131020487,0.45808695652173925
loqi_druglike,0.52,0.7791555105109199,0.4611304347826086
loqi_druglike,0.525,0.7852044634213149,0.4636086956521738
loqi_druglike,0.53,0.7867342540815403,0.4663478260869566
loqi_druglike,0.535,0.7917966534374179,0.4691739130434782
loqi_druglike,0.54,0.7928172109797147,0.47169565217391307
loqi_druglike,0.545,0.800026446656281,0.4741739130434784
loqi_druglike,0.55,0.8028529573775284,0.47747826086956524
loqi_druglike,0.555,0.8121513644257446,0.48039130434782606
loqi_druglike,0.56,0.8121513644257446,0.48291304347826086
loqi_druglike,0.5650000000000001,0.8169410023087085,0.48600000000000004
loqi_druglike,0.5700000000000001,0.8202669525339534,0.4888695652173913
loqi_druglike,0.5750000000000001,0.8222951712288387,0.49178260869565216
loqi_druglike,0.58,0.82394180238346,0.4950434782608696
loqi_druglike,0.585,0.8272924674189078,0.49795652173913063
loqi_druglike,0.59,0.8370861006825645,0.5007391304347827
loqi_druglike,0.595,0.8385813847865444,0.5035217391304349
loqi_druglike,0.6,0.8408358131279293,0.5063043478260871
loqi_druglike,0.605,0.8433713556800876,0.5098695652173915
loqi_druglike,0.61,0.8449246460205633,0.5128260869565218
loqi_druglike,0.615,0.8493553921685515,0.5156086956521738
loqi_druglike,0.62,0.8527182129226766,0.5181739130434783
loqi_druglike,0.625,0.8569189153623601,0.5205652173913042
loqi_druglike,0.63,0.8573580897145779,0.5234782608695653
loqi_druglike,0.635,0.8670725235728058,0.5266521739130434
loqi_druglike,0.64,0.8701291669479312,0.5290869565217391
loqi_druglike,0.645,0.8714878626001051,0.5320869565217391
loqi_druglike,0.65,0.8752927207649052,0.5348695652173913
loqi_druglike,0.655,0.8774133054941855,0.5371739130434784
loqi_druglike,0.66,0.8822536342475576,0.5394782608695653
loqi_druglike,0.665,0.8827606095537576,0.5417391304347826
loqi_druglike,0.67,0.8851858590019923,0.5447391304347825
loqi_druglike,0.675,0.887327356795664,0.5480434782608696
loqi_druglike,0.68,0.8909012176474076,0.5514347826086956
loqi_druglike,0.685,0.8926788281206705,0.5545217391304348
loqi_druglike,0.6900000000000001,0.8953138742339773,0.5586086956521737
loqi_druglike,0.6950000000000001,0.8970182889818703,0.5620869565217391
loqi_druglike,0.7000000000000001,0.9011045199112016,0.5655217391304349
loqi_druglike,0.705,0.901841538925706,0.5684782608695652
loqi_druglike,0.71,0.9027198876301415,0.5707826086956522
loqi_druglike,0.715,0.9040583237511864,0.573
loqi_druglike,0.72,0.9063162811721873,0.575086956521739
loqi_druglike,0.725,0.9067554555244052,0.5777391304347826
loqi_druglike,0.73,0.9067554555244052,0.5807391304347825
loqi_druglike,0.735,0.9076756303576236,0.5835652173913043
loqi_druglike,0.74,0.9081148047098414,0.5862173913043477
loqi_druglike,0.745,0.9087840227703639,0.5880434782608696
loqi_druglike,0.75,0.9121294595397136,0.5902173913043477
loqi_druglike,0.755,0.9129199733737058,0.5915217391304347
loqi_druglike,0.76,0.9137983220781413,0.594
loqi_druglike,0.765,0.914676670782577,0.5966521739130435
loqi_druglike,0.77,0.9151158451347948,0.5992173913043478
loqi_druglike,0.775,0.9159941938392305,0.6012173913043478
loqi_druglike,0.78,0.9168725425436662,0.6038260869565217
loqi_druglike,0.785,0.9184535702116503,0.6060434782608695
loqi_druglike,0.79,0.9204455395949241,0.6093913043478262
loqi_druglike,0.795,0.920884713947142,0.6123913043478261
loqi_druglike,0.8,0.920884713947142,0.6151304347826088
loqi_druglike,0.805,0.9213238882993598,0.6175217391304347
loqi_druglike,0.81,0.9213238882993598,0.6206086956521738
loqi_druglike,0.8150000000000001,0.9217839757159689,0.623695652173913
loqi_druglike,0.8200000000000001,0.9217839757159689,0.6261739130434781
loqi_druglike,0.8250000000000001,0.9239043785925155,0.6287826086956521
loqi_druglike,0.8300000000000001,0.9246413976070199,0.6319565217391305
loqi_druglike,0.835,0.9259798337280646,0.6349130434782608
loqi_druglike,0.84,0.9273385293802384,0.637391304347826
loqi_druglike,0.845,0.9291363993846302,0.6408260869565217
loqi_druglike,0.85,0.9295755737368481,0.6433478260869565
loqi_druglike,0.855,0.9300356611534574,0.6459999999999999
loqi_druglike,0.86,0.9300356611534574,0.6488260869565217
loqi_druglike,0.865,0.9300356611534574,0.651086956521739
loqi_druglike,0.87,0.9308408141325234,0.6538260869565218
loqi_druglike,0.875,0.9317734913411929,0.6561739130434784
loqi_druglike,0.88,0.932280466647393,0.6585217391304347
loqi_druglike,0.885,0.9329705977723066,0.6608695652173912
loqi_druglike,0.89,0.9329705977723066,0.6639130434782609
loqi_druglike,0.895,0.9334306851889158,0.6664782608695653
loqi_druglike,0.9,0.9334306851889158,0.6690000000000002
loqi_druglike,0.905,0.9349259692928954,0.6713478260869566
loqi_druglike,0.91,0.9356629883073999,0.6734347826086957
loqi_druglike,0.915,0.9361230757240091,0.6761739130434783
loqi_druglike,0.92,0.9365831631406182,0.6785217391304349
loqi_druglike,0.925,0.9379425123260544,0.6804347826086956
loqi_druglike,0.93,0.9393227745758819,0.6826521739130434
loqi_druglike,0.935,0.9408034195347877,0.6848695652173913
loqi_druglike,0.9400000000000001,0.9420665231608403,0.6869565217391305
loqi_druglike,0.9450000000000001,0.9420665231608403,0.6887391304347826
loqi_druglike,0.9500000000000001,0.9420665231608403,0.690695652173913
loqi_druglike,0.9550000000000001,0.9425266105774494,0.6930869565217391
loqi_druglike,0.96,0.9434258723462763,0.6950869565217392
loqi_druglike,0.965,0.9436559160545809,0.6970869565217391
loqi_druglike,0.97,0.9436559160545809,0.699304347826087
loqi_druglike,0.975,0.9438859597628856,0.7009565217391305
loqi_druglike,0.98,0.9443929350690854,0.7023478260869566
loqi_druglike,0.985,0.9443929350690854,0.7036086956521741
loqi_druglike,0.99,0.9443929350690854,0.705608695652174
loqi_druglike,0.995,0.9443929350690854,0.7069130434782609
loqi_druglike,1.0,0.9456904242092775,0.7084347826086956
loqi_druglike,1.0050000000000001,0.9461505116258866,0.7101739130434782
loqi_druglike,1.01,0.9461505116258866,0.7112608695652173
loqi_druglike,1.0150000000000001,0.9469556646049526,0.7126521739130434
loqi_druglike,1.02,0.9469556646049526,0.7139565217391304
loqi_druglike,1.025,0.9469556646049526,0.7153913043478259
loqi_druglike,1.03,0.9469556646049526,0.7163478260869565
loqi_druglike,1.035,0.9469556646049526,0.7174782608695651
loqi_druglike,1.04,0.9471857083132573,0.718608695652174
loqi_druglike,1.045,0.9471857083132573,0.7198260869565216
loqi_druglike,1.05,0.9474157520215618,0.720608695652174
loqi_druglike,1.055,0.9481058831464757,0.7217391304347827
loqi_druglike,1.06,0.9483359268547801,0.7226956521739131
loqi_druglike,1.065,0.9487960142713893,0.7240000000000001
loqi_druglike,1.07,0.9492561016879985,0.7247826086956521
loqi_druglike,1.075,0.9494861453963032,0.725695652173913
loqi_druglike,1.08,0.9497630769941984,0.726782608695652
loqi_druglike,1.085,0.9497630769941984,0.7281304347826086
loqi_druglike,1.09,0.9497630769941984,0.7292608695652174
loqi_druglike,1.095,0.9497630769941984,0.7302608695652175
loqi_druglike,1.1,0.9497630769941984,0.731304347826087
loqi_druglike,1.105,0.9497630769941984,0.7323478260869564
loqi_druglike,1.11,0.9497630769941984,0.7333913043478261
loqi_druglike,1.115,0.9497630769941984,0.7345652173913043
loqi_druglike,1.12,0.9497630769941984,0.7353478260869567
loqi_druglike,1.125,0.9497630769941984,0.7362173913043478
loqi_druglike,1.1300000000000001,0.9497630769941984,0.7376956521739133
loqi_druglike,1.135,0.9497630769941984,0.7391304347826086
loqi_druglike,1.1400000000000001,0.9512123523565171,0.7401304347826086
loqi_druglike,1.145,0.9512123523565171,0.7410869565217391
loqi_druglike,1.1500000000000001,0.9512123523565171,0.7419565217391303
loqi_druglike,1.155,0.9512123523565171,0.7431304347826085
loqi_druglike,1.16,0.9512123523565171,0.7443043478260868
loqi_druglike,1.165,0.9512123523565171,0.7453043478260868
loqi_druglike,1.17,0.9512123523565171,0.7459999999999999
loqi_druglike,1.175,0.9512123523565171,0.7471304347826088
loqi_druglike,1.18,0.9512123523565171,0.748217391304348
loqi_druglike,1.185,0.9512123523565171,0.7490434782608696
loqi_druglike,1.19,0.9512123523565171,0.7500869565217391
loqi_druglike,1.195,0.9512123523565171,0.7511739130434781
loqi_druglike,1.2,0.9512123523565171,0.7523478260869566
loqi_druglike,1.205,0.9512123523565171,0.7531304347826087
loqi_druglike,1.21,0.9512123523565171,0.7540000000000001
loqi_druglike,1.215,0.9512123523565171,0.7553043478260868
loqi_druglike,1.22,0.9512123523565171,0.7564782608695652
loqi_druglike,1.225,0.9512123523565171,0.7572608695652174
loqi_druglike,1.23,0.9512123523565171,0.758173913043478
loqi_druglike,1.235,0.9512123523565171,0.7589999999999999
loqi_druglike,1.24,0.9512123523565171,0.7599130434782608
loqi_druglike,1.245,0.9512123523565171,0.7608695652173914
loqi_druglike,1.25,0.9512123523565171,0.7617391304347827
loqi_druglike,1.2550000000000001,0.9512123523565171,0.7626521739130435
loqi_druglike,1.26,0.9512123523565171,0.7633478260869566
loqi_druglike,1.2650000000000001,0.9512123523565171,0.7642608695652173
loqi_druglike,1.27,0.9512123523565171,0.7646086956521738
loqi_druglike,1.2750000000000001,0.9512123523565171,0.7653043478260869
loqi_druglike,1.28,0.9512123523565171,0.7661739130434781
loqi_druglike,1.285,0.9512123523565171,0.7669565217391303
loqi_druglike,1.29,0.9512123523565171,0.7679565217391304
loqi_druglike,1.295,0.9512123523565171,0.7687391304347825
loqi_druglike,1.3,0.9512123523565171,0.7695652173913041
loqi_druglike,1.305,0.9512123523565171,0.7704782608695651
loqi_druglike,1.31,0.9512123523565171,0.7713913043478261
loqi_druglike,1.315,0.9512123523565171,0.7721739130434784
loqi_druglike,1.32,0.9512123523565171,0.7732608695652174
loqi_druglike,1.325,0.9512123523565171,0.7738260869565217
loqi_druglike,1.33,0.9512123523565171,0.7747391304347824
loqi_druglike,1.335,0.9512123523565171,0.7755652173913044
loqi_druglike,1.34,0.9512123523565171,0.7767826086956523
loqi_druglike,1.345,0.9512123523565171,0.7779565217391307
loqi_druglike,1.35,0.9512123523565171,0.7792608695652175
loqi_druglike,1.355,0.9512123523565171,0.7799565217391304
loqi_druglike,1.36,0.9512123523565171,0.7810869565217391
loqi_druglike,1.365,0.952661627718836,0.7821304347826089
loqi_druglike,1.37,0.952661627718836,0.7832608695652176
loqi_druglike,1.375,0.9531008020710539,0.7842173913043481
loqi_druglike,1.3800000000000001,0.9566141968887965,0.7851304347826088
loqi_druglike,1.385,0.9566141968887965,0.7863913043478262
loqi_druglike,1.3900000000000001,0.9566141968887965,0.7873043478260869
loqi_druglike,1.395,0.9566141968887965,0.7885652173913044
loqi_druglike,1.4000000000000001,0.9566141968887965,0.7894782608695653
loqi_druglike,1.405,0.9570533712410143,0.790391304347826
loqi_druglike,1.41,0.9570533712410143,0.7911739130434784
loqi_druglike,1.415,0.9570533712410143,0.792304347826087
loqi_druglike,1.42,0.9570533712410143,0.7933913043478261
loqi_druglike,1.425,0.9570533712410143,0.795304347826087
loqi_druglike,1.43,0.9570533712410143,0.7970000000000002
loqi_druglike,1.435,0.9570533712410143,0.798391304347826
loqi_druglike,1.44,0.9570533712410143,0.7999130434782609
loqi_druglike,1.445,0.9570533712410143,0.8018260869565218
loqi_druglike,1.45,0.9570533712410143,0.8035217391304347
loqi_druglike,1.455,0.9570533712410143,0.8055652173913043
loqi_druglike,1.46,0.9570533712410143,0.8077391304347826
loqi_druglike,1.465,0.9570533712410143,0.809608695652174
loqi_druglike,1.47,0.9574925455932322,0.8117391304347826
loqi_druglike,1.475,0.9574925455932322,0.8137391304347826
loqi_druglike,1.48,0.95793171994545,0.8155217391304347
loqi_druglike,1.485,0.95793171994545,0.8176521739130436
loqi_druglike,1.49,0.9583708942976678,0.8192608695652174
loqi_druglike,1.495,0.9583708942976678,0.8210869565217392
loqi_druglike,1.5,0.9583708942976678,0.8227826086956525
torsional_diffusion_druglike,0.0,0.0,0.0
torsional_diffusion_druglike,0.005,0.0,0.0
torsional_diffusion_druglike,0.01,0.0,0.0
torsional_diffusion_druglike,0.015,0.0,0.0
torsional_diffusion_druglike,0.02,0.0,0.0
torsional_diffusion_druglike,0.025,0.0,0.0
torsional_diffusion_druglike,0.03,0.0,0.0
torsional_diffusion_druglike,0.035,0.0,0.0
torsional_diffusion_druglike,0.04,0.0,0.0
torsional_diffusion_druglike,0.045,0.0,0.0
torsional_diffusion_druglike,0.05,0.0,0.0
torsional_diffusion_druglike,0.055,0.001050712008931052,0.00013043478260869567
torsional_diffusion_druglike,0.06,0.0025762650218982526,0.00026086956521739134
torsional_diffusion_druglike,0.065,0.004864594541349054,0.0009565217391304349
torsional_diffusion_druglike,0.07,0.006962229934178954,0.0024782608695652175
torsional_diffusion_druglike,0.075,0.01087110263044785,0.004826086956521739
torsional_diffusion_druglike,0.08,0.011734909137790206,0.007347826086956522
torsional_diffusion_druglike,0.085,0.015455338919413858,0.010347826086956523
torsional_diffusion_druglike,0.09,0.02110018036502753,0.012434782608695653
torsional_diffusion_druglike,0.095,0.0256008570509158,0.014217391304347826
torsional_diffusion_druglike,0.1,0.0332170659444207,0.015956521739130435
torsional_diffusion_druglike,0.105,0.040253154070771034,0.017782608695652173
torsional_diffusion_druglike,0.11,0.05214600682671438,0.019956521739130435
torsional_diffusion_druglike,0.115,0.06010923365865185,0.021782608695652173
torsional_diffusion_druglike,0.12,0.07299403101468994,0.02391304347826087
torsional_diffusion_druglike,0.125,0.0865624451821704,0.026826086956521743
torsional_diffusion_druglike,0.13,0.0969046525287966,0.029652173913043485
torsional_diffusion_druglike,0.135,0.11125068980769169,0.03243478260869565
torsional_diffusion_druglike,0.14,0.12023086663662942,0.035173913043478264
torsional_diffusion_druglike,0.145,0.12877970934108043,0.03804347826086956
torsional_diffusion_druglike,0.15,0.1385931253321486,0.041086956521739125
torsional_diffusion_druglike,0.155,0.1488302504516501,0.044260869565217395
torsional_diffusion_druglike,0.16,0.1622128382390586,0.04695652173913044
torsional_diffusion_druglike,0.165,0.1703562638577636,0.04995652173913041
torsional_diffusion_druglike,0.17,0.1822419006286667,0.05226086956521739
torsional_diffusion_druglike,0.17500000000000002,0.19718156227587527,0.05495652173913044
torsional_diffusion_druglike,0.18,0.20976922966299621,0.057869565217391304
torsional_diffusion_druglike,0.185,0.22129615036486805,0.06099999999999999
torsional_diffusion_druglike,0.19,0.24426260904772623,0.06408695652173912
torsional_diffusion_druglike,0.195,0.25778316730884876,0.06826086956521737
torsional_diffusion_druglike,0.2,0.27076545972678917,0.07108695652173913
torsional_diffusion_druglike,0.20500000000000002,0.28082332985988206,0.07465217391304346
torsional_diffusion_druglike,0.21,0.2895980977291183,0.07821739130434784
torsional_diffusion_druglike,0.215,0.296650245666439,0.08217391304347825
torsional_diffusion_druglike,0.22,0.30585137462344236,0.08595652173913043
torsional_diffusion_druglike,0.225,0.31487534381138926,0.0890869565217391
torsional_diffusion_druglike,0.23,0.32001499529029126,0.09273913043478259
torsional_diffusion_druglike,0.23500000000000001,0.3343292945117025,0.09686956521739132
torsional_diffusion_druglike,0.24,0.3420386190518876,0.10013043478260869
torsional_diffusion_druglike,0.245,0.3496092970035682,0.10356521739130434
torsional_diffusion_druglike,0.25,0.3551303538246145,0.10665217391304348
torsional_diffusion_druglike,0.255,0.35753889426174335,0.11013043478260867
torsional_diffusion_druglike,0.26,0.3647228633156563,0.11382608695652173
torsional_diffusion_druglike,0.265,0.37219136687610577,0.11765217391304343
torsional_diffusion_druglike,0.27,0.3869645249895526,0.12139130434782608
torsional_diffusion_druglike,0.275,0.3903530118904822,0.1258695652173913
torsional_diffusion_druglike,0.28,0.394356187133644,0.13013043478260866
torsional_diffusion_druglike,0.28500000000000003,0.3999485508191079,0.13404347826086954
torsional_diffusion_druglike,0.29,0.4044873247011865,0.13834782608695653
torsional_diffusion_druglike,0.295,0.4128807000309176,0.14156521739130437
torsional_diffusion_druglike,0.3,0.4278576877969012,0.1454782608695652
torsional_diffusion_druglike,0.305,0.43388687899078643,0.14982608695652172
torsional_diffusion_druglike,0.31,0.4438785773585973,0.1535217391304348
torsional_diffusion_druglike,0.315,0.4466480830167272,0.15739130434782608
torsional_diffusion_druglike,0.32,0.4522346268033294,0.16117391304347825
torsional_diffusion_druglike,0.325,0.45958152001482455,0.16578260869565217
torsional_diffusion_druglike,0.33,0.468124506818681,0.16991304347826086
torsional_diffusion_druglike,0.335,0.4784352992025672,0.17391304347826086
torsional_diffusion_druglike,0.34,0.4847669486667749,0.1772173913043478
torsional_diffusion_druglike,0.34500000000000003,0.4972476728888978,0.18047826086956517
torsional_diffusion_druglike,0.35000000000000003,0.5085685795107503,0.18430434782608696
torsional_diffusion_druglike,0.355,0.5146919946283252,0.18734782608695652
torsional_diffusion_druglike,0.36,0.5205826677509484,0.19104347826086956
torsional_diffusion_druglike,0.365,0.5226736902709949,0.19534782608695653
torsional_diffusion_druglike,0.37,0.5304226287999844,0.19865217391304343
torsional_diffusion_druglike,0.375,0.5371373123658704,0.20204347826086957
torsional_diffusion_druglike,0.38,0.5434579841485564,0.20530434782608697
torsional_diffusion_druglike,0.385,0.5508785012654922,0.20878260869565218
torsional_diffusion_druglike,0.39,0.5609382906774975,0.21108695652173914
torsional_diffusion_druglike,0.395,0.573472127653232,0.21469565217391307
torsional_diffusion_druglike,0.4,0.5759720523669908,0.21734782608695652
torsional_diffusion_druglike,0.405,0.5800921516667495,0.22008695652173915
torsional_diffusion_druglike,0.41000000000000003,0.5863586906371794,0.22321739130434784
torsional_diffusion_druglike,0.41500000000000004,0.5967823080671663,0.226
torsional_diffusion_druglike,0.42,0.601957894666412,0.22878260869565215
torsional_diffusion_druglike,0.425,0.6110584433035617,0.2317826086956522
torsional_diffusion_druglike,0.43,0.6167998825050355,0.235304347826087
torsional_diffusion_druglike,0.435,0.6195460133023809,0.23813043478260867
torsional_diffusion_druglike,0.44,0.6222044589590727,0.24126086956521736
torsional_diffusion_druglike,0.445,0.6244028171991552,0.24430434782608704
torsional_diffusion_druglike,0.45,0.6252165174497614,0.2476521739130435
torsional_diffusion_druglike,0.455,0.632670722319397,0.2504347826086956
torsional_diffusion_druglike,0.46,0.6341401681807773,0.25321739130434784
torsional_diffusion_druglike,0.465,0.6403477553983572,0.25617391304347825
torsional_diffusion_druglike,0.47000000000000003,0.6450804254389982,0.258695652173913
torsional_diffusion_druglike,0.47500000000000003,0.6532018474900796,0.26169565217391305
torsional_diffusion_druglike,0.48,0.6576660723615079,0.26473913043478264
torsional_diffusion_druglike,0.485,0.6654893296137192,0.26799999999999996
torsional_diffusion_druglike,0.49,0.6704964635594023,0.27056521739130435
torsional_diffusion_druglike,0.495,0.6729655993618715,0.27426086956521734
torsional_diffusion_druglike,0.5,0.6750860022384181,0.27678260869565213
torsional_diffusion_druglike,0.505,0.6811811305888131,0.2803913043478261
torsional_diffusion_druglike,0.51,0.6876781661619357,0.2829565217391305
torsional_diffusion_druglike,0.515,0.6917330428421239,0.285695652173913
torsional_diffusion_druglike,0.52,0.7000112823743017,0.28904347826086957
torsional_diffusion_druglike,0.525,0.7039902184894188,0.2926086956521739
torsional_diffusion_druglike,0.53,0.7044503059060281,0.29552173913043484
torsional_diffusion_druglike,0.535,0.7054471619753478,0.2985217391304348
torsional_diffusion_druglike,0.54,0.7054471619753478,0.3015217391304348
torsional_diffusion_druglike,0.545,0.7056772056836524,0.3044782608695652
torsional_diffusion_druglike,0.55,0.705907249391957,0.30730434782608695
torsional_diffusion_druglike,0.555,0.7132864930450853,0.3107826086956522
torsional_diffusion_druglike,0.56,0.7142535557678944,0.31404347826086965
torsional_diffusion_druglike,0.5650000000000001,0.716064627144183,0.3174347826086956
torsional_diffusion_druglike,0.5700000000000001,0.7166013957968937,0.32004347826086954
torsional_diffusion_druglike,0.5750000000000001,0.717391909630886,0.32239130434782615
torsional_diffusion_druglike,0.58,0.7182227044245719,0.3255217391304348
torsional_diffusion_druglike,0.585,0.721927105230422,0.3286521739130436
torsional_diffusion_druglike,0.59,0.7229239612997418,0.33165217391304347
torsional_diffusion_druglike,0.595,0.7229239612997418,0.3348260869565218
torsional_diffusion_druglike,0.6,0.7258495171553543,0.33739130434782605
torsional_diffusion_druglike,0.605,0.7266546701344204,0.34091304347826085
torsional_diffusion_druglike,0.61,0.7289842036548804,0.3437826086956522
torsional_diffusion_druglike,0.615,0.731944978516329,0.3470434782608697
torsional_diffusion_druglike,0.62,0.7326696161974885,0.3503478260869565
torsional_diffusion_druglike,0.625,0.7346615855807622,0.35404347826086957
torsional_diffusion_druglike,0.63,0.7353308036412846,0.35765217391304344
torsional_diffusion_druglike,0.635,0.7366894992934584,0.3616086956521739
torsional_diffusion_druglike,0.64,0.7382782386539369,0.36460869565217385
torsional_diffusion_druglike,0.645,0.7396369343061109,0.3675652173913044
torsional_diffusion_druglike,0.65,0.7407043797379984,0.37047826086956526
torsional_diffusion_druglike,0.655,0.7411435540902162,0.3735652173913044
torsional_diffusion_druglike,0.66,0.7411435540902162,0.37634782608695655
torsional_diffusion_druglike,0.665,0.7429263928295766,0.3793478260869566
torsional_diffusion_druglike,0.67,0.7433655671817945,0.3816521739130435
torsional_diffusion_druglike,0.675,0.7466152755354725,0.38469565217391305
torsional_diffusion_druglike,0.68,0.7477230019270538,0.38769565217391294
torsional_diffusion_druglike,0.685,0.7482299772332538,0.3902173913043479
torsional_diffusion_druglike,0.6900000000000001,0.7521902456078117,0.3931304347826087
torsional_diffusion_druglike,0.6950000000000001,0.7587368233834397,0.3954782608695653
torsional_diffusion_druglike,0.7000000000000001,0.7594269545083535,0.3987391304347826
torsional_diffusion_druglike,0.705,0.7647275780378834,0.4018260869565216
torsional_diffusion_druglike,0.71,0.7660660141589283,0.4043478260869566
torsional_diffusion_druglike,0.715,0.7684584687252959,0.4073478260869567
torsional_diffusion_druglike,0.72,0.7702151661341672,0.41021739130434787
torsional_diffusion_druglike,0.725,0.773069799423583,0.4129565217391304
torsional_diffusion_druglike,0.73,0.7750977131362794,0.4153478260869565
torsional_diffusion_druglike,0.735,0.77668710603002,0.41782608695652174
torsional_diffusion_druglike,0.74,0.7841120325100838,0.4212173913043479
torsional_diffusion_druglike,0.745,0.7858896429833464,0.42373913043478256
torsional_diffusion_druglike,0.75,0.7863497303999555,0.426086956521739
torsional_diffusion_druglike,0.755,0.7880311407770182,0.4283478260869566
torsional_diffusion_druglike,0.76,0.7889094894814539,0.4302173913043477
torsional_diffusion_druglike,0.765,0.790017881894194,0.43204347826086953
torsional_diffusion_druglike,0.77,0.7962399274652803,0.4343913043478261
torsional_diffusion_druglike,0.775,0.796679101817498,0.4377391304347826
torsional_diffusion_druglike,0.78,0.7975574505219337,0.44026086956521737
torsional_diffusion_druglike,0.785,0.7984357992263693,0.44282608695652176
torsional_diffusion_druglike,0.79,0.7988749735785872,0.4449130434782609
torsional_diffusion_druglike,0.795,0.8007885189703934,0.4475652173913044
torsional_diffusion_druglike,0.8,0.8015046249205066,0.4504782608695653
torsional_diffusion_druglike,0.805,0.8039305403899002,0.45334782608695656
torsional_diffusion_druglike,0.81,0.8056872377987716,0.4551739130434783
torsional_diffusion_druglike,0.8150000000000001,0.8141794899757456,0.45804347826086966
torsional_diffusion_druglike,0.8200000000000001,0.8153087954528772,0.46004347826086955
torsional_diffusion_druglike,0.8250000000000001,0.816647231573922,0.4621739130434782
torsional_diffusion_druglike,0.8300000000000001,0.8175674064071402,0.4645217391304348
torsional_diffusion_druglike,0.835,0.8189994009741463,0.4664782608695653
torsional_diffusion_druglike,0.84,0.8226382741782369,0.46856521739130425
torsional_diffusion_druglike,0.845,0.8230983615948462,0.47113043478260863
torsional_diffusion_druglike,0.85,0.8257543207725443,0.47356521739130425
torsional_diffusion_druglike,0.855,0.8276427704870811,0.47604347826086946
torsional_diffusion_druglike,0.86,0.8290021196725171,0.47839130434782595
torsional_diffusion_druglike,0.865,0.8292321633808217,0.48091304347826086
torsional_diffusion_druglike,0.87,0.8301314251496487,0.48295652173913045
torsional_diffusion_druglike,0.875,0.830591512566258,0.4850434782608695
torsional_diffusion_druglike,0.88,0.8310306869184758,0.4870869565217391
torsional_diffusion_druglike,0.885,0.8310306869184758,0.48934782608695643
torsional_diffusion_druglike,0.89,0.8352676737641582,0.4914782608695653
torsional_diffusion_druglike,0.895,0.8376162108953041,0.4935652173913044
torsional_diffusion_druglike,0.9,0.8404974808246289,0.49534782608695654
torsional_diffusion_druglike,0.905,0.8433960315492667,0.4978260869565218
torsional_diffusion_druglike,0.91,0.8433960315492667,0.49947826086956526
torsional_diffusion_druglike,0.915,0.8539879174018783,0.5024782608695652
torsional_diffusion_druglike,0.92,0.8571165118348205,0.5048260869565216
torsional_diffusion_druglike,0.925,0.8577857298953431,0.5073043478260869
torsional_diffusion_druglike,0.93,0.8592646123519397,0.5097391304347826
torsional_diffusion_druglike,0.935,0.8611530620664763,0.5125217391304348
torsional_diffusion_druglike,0.9400000000000001,0.8638288336209662,0.5153478260869566
torsional_diffusion_druglike,0.9450000000000001,0.8686158340601406,0.5187826086956521
torsional_diffusion_druglike,0.9500000000000001,0.8738838349803156,0.5213478260869564
torsional_diffusion_druglike,0.9550000000000001,0.8778907781176934,0.5240434782608695
torsional_diffusion_druglike,0.96,0.8822386042046501,0.5268695652173913
torsional_diffusion_druglike,0.965,0.8858999314357713,0.5301304347826086
torsional_diffusion_druglike,0.97,0.8871018822944727,0.5329565217391304
torsional_diffusion_druglike,0.975,0.8897740215798844,0.5354782608695652
torsional_diffusion_druglike,0.98,0.892446160865296,0.5388260869565218
torsional_diffusion_druglike,0.985,0.8942017575865677,0.541608695652174
torsional_diffusion_druglike,0.99,0.8968012514904093,0.5441739130434783
torsional_diffusion_druglike,0.995,0.8993798323298599,0.5478260869565217
torsional_diffusion_druglike,1.0,0.906246031644572,0.550695652173913
torsional_diffusion_druglike,1.0050000000000001,0.9086917594907574,0.553782608695652
torsional_diffusion_druglike,1.01,0.9110230158265904,0.5580869565217391
torsional_diffusion_druglike,1.0150000000000001,0.9170489502278107,0.5617391304347827
torsional_diffusion_druglike,1.02,0.9215529638851424,0.5645217391304348
torsional_diffusion_druglike,1.025,0.9248341136193815,0.5671739130434782
torsional_diffusion_druglike,1.03,0.9327781465081236,0.5699565217391304
torsional_diffusion_druglike,1.035,0.9340010104312164,0.572304347826087
torsional_diffusion_druglike,1.04,0.9368649995652285,0.5749130434782609
torsional_diffusion_druglike,1.045,0.937627776071712,0.5772173913043478
torsional_diffusion_druglike,1.05,0.9383905525781956,0.5796086956521738
torsional_diffusion_druglike,1.055,0.9412891033028332,0.5817391304347824
torsional_diffusion_druglike,1.06,0.9412891033028332,0.5834347826086956
torsional_diffusion_druglike,1.065,0.9412891033028332,0.5859565217391303
torsional_diffusion_druglike,1.07,0.944187654027471,0.5877826086956521
torsional_diffusion_druglike,1.075,0.9471624824027571,0.5896086956521739
torsional_diffusion_druglike,1.08,0.9493745342715595,0.5915217391304347
torsional_diffusion_druglike,1.085,0.9520257604925798,0.5935652173913042
torsional_diffusion_druglike,1.09,0.9549243112172175,0.5956086956521738
torsional_diffusion_druglike,1.095,0.9595021810124784,0.5975217391304348
torsional_diffusion_druglike,1.1,0.9671877321762905,0.5994782608695651
torsional_diffusion_druglike,1.105,0.9686370075386094,0.601478260869565
torsional_diffusion_druglike,1.11,0.9686370075386094,0.6033043478260869
torsional_diffusion_druglike,1.115,0.9767224385073355,0.6049130434782609
torsional_diffusion_druglike,1.12,0.9767224385073355,0.6066086956521739
torsional_diffusion_druglike,1.125,0.9781717138696543,0.6088695652173913
torsional_diffusion_druglike,1.1300000000000001,0.9796209892319732,0.6107826086956524
torsional_diffusion_druglike,1.135,0.981530352010901,0.6127391304347827
torsional_diffusion_druglike,1.1400000000000001,0.981530352010901,0.6147391304347827
torsional_diffusion_druglike,1.145,0.981530352010901,0.6164347826086957
torsional_diffusion_druglike,1.1500000000000001,0.9824087007153367,0.6179565217391304
torsional_diffusion_druglike,1.155,0.9824087007153367,0.6195217391304347
torsional_diffusion_druglike,1.16,0.9831714772218203,0.6223478260869565
torsional_diffusion_druglike,1.165,0.9831714772218203,0.6239130434782609
torsional_diffusion_druglike,1.17,0.9846207525841393,0.6255652173913042
torsional_diffusion_druglike,1.175,0.9846207525841393,0.6272608695652174
torsional_diffusion_druglike,1.18,0.9846207525841393,0.6292608695652174
torsional_diffusion_druglike,1.185,0.9846207525841393,0.6304782608695653
torsional_diffusion_druglike,1.19,0.9848507962924439,0.6320869565217392
torsional_diffusion_druglike,1.195,0.9848507962924439,0.6340000000000001
torsional_diffusion_druglike,1.2,0.9848507962924439,0.6351304347826087
torsional_diffusion_druglike,1.205,0.9848507962924439,0.6365652173913044
torsional_diffusion_druglike,1.21,0.9848507962924439,0.6379565217391305
torsional_diffusion_druglike,1.215,0.9856135727989275,0.6392173913043476
torsional_diffusion_druglike,1.22,0.9856135727989275,0.6411739130434783
torsional_diffusion_druglike,1.225,0.9856135727989275,0.642695652173913
torsional_diffusion_druglike,1.23,0.9863763493054111,0.6438695652173912
torsional_diffusion_druglike,1.235,0.9863763493054111,0.6459565217391302
torsional_diffusion_druglike,1.24,0.9863763493054111,0.6475652173913043
torsional_diffusion_druglike,1.245,0.9897741719252018,0.649304347826087
torsional_diffusion_druglike,1.25,0.9897741719252018,0.6509999999999999
torsional_diffusion_druglike,1.2550000000000001,0.9897741719252018,0.6525217391304349
torsional_diffusion_druglike,1.26,0.9897741719252018,0.654391304347826
torsional_diffusion_druglike,1.2650000000000001,0.9905369484316854,0.6559565217391304
torsional_diffusion_druglike,1.27,0.9905369484316854,0.6570869565217391
torsional_diffusion_druglike,1.2750000000000001,0.9905369484316854,0.6585217391304347
torsional_diffusion_druglike,1.28,0.9905369484316854,0.6598260869565217
torsional_diffusion_druglike,1.285,0.9905369484316854,0.6613043478260869
torsional_diffusion_druglike,1.29,0.9932644523033539,0.6627391304347825
torsional_diffusion_druglike,1.295,0.9932644523033539,0.6640869565217391
torsional_diffusion_druglike,1.3,0.9932644523033539,0.665
torsional_diffusion_druglike,1.305,0.9932644523033539,0.6660869565217391
torsional_diffusion_druglike,1.31,0.9932644523033539,0.6675217391304349
torsional_diffusion_druglike,1.315,0.9932644523033539,0.6692608695652172
torsional_diffusion_druglike,1.32,0.9932644523033539,0.6705652173913043
torsional_diffusion_druglike,1.325,0.9932644523033539,0.6719999999999999
torsional_diffusion_druglike,1.33,0.9932644523033539,0.6735217391304347
torsional_diffusion_druglike,1.335,0.9932644523033539,0.675
torsional_diffusion_druglike,1.34,0.9932644523033539,0.6765217391304347
torsional_diffusion_druglike,1.345,0.9932644523033539,0.6780434782608694
torsional_diffusion_druglike,1.35,0.9932644523033539,0.6796521739130434
torsional_diffusion_druglike,1.355,0.9932644523033539,0.680695652173913
torsional_diffusion_druglike,1.36,0.9932644523033539,0.6815652173913043
torsional_diffusion_druglike,1.365,0.9932644523033539,0.6830434782608695
torsional_diffusion_druglike,1.37,0.9937036266555717,0.684608695652174
torsional_diffusion_druglike,1.375,0.9937036266555717,0.6862173913043478
torsional_diffusion_druglike,1.3800000000000001,0.9941428010077895,0.6875217391304348
torsional_diffusion_druglike,1.385,0.9941428010077895,0.6889565217391305
torsional_diffusion_druglike,1.3900000000000001,0.9941428010077895,0.6904782608695651
torsional_diffusion_druglike,1.395,0.9941428010077895,0.691608695652174
torsional_diffusion_druglike,1.4000000000000001,0.9941428010077895,0.6925652173913044
torsional_diffusion_druglike,1.405,0.9945819753600074,0.6941304347826087
torsional_diffusion_druglike,1.41,0.9945819753600074,0.695304347826087
torsional_diffusion_druglike,1.415,0.9945819753600074,0.6965652173913043
torsional_diffusion_druglike,1.42,0.9945819753600074,0.6975217391304348
torsional_diffusion_druglike,1.425,0.9945819753600074,0.6992173913043477
torsional_diffusion_druglike,1.43,0.9945819753600074,0.7004782608695652
torsional_diffusion_druglike,1.435,0.9945819753600074,0.7023913043478262
torsional_diffusion_druglike,1.44,0.9960312507223261,0.7033913043478262
torsional_diffusion_druglike,1.445,0.9960312507223261,0.7046956521739132
torsional_diffusion_druglike,1.45,0.9960312507223261,0.706
torsional_diffusion_druglike,1.455,0.9960312507223261,0.706913043478261
torsional_diffusion_druglike,1.46,0.9960312507223261,0.7076956521739131
torsional_diffusion_druglike,1.465,0.9960312507223261,0.7087826086956521
torsional_diffusion_druglike,1.47,0.9960312507223261,0.7102173913043477
torsional_diffusion_druglike,1.475,0.9960312507223261,0.711391304347826
torsional_diffusion_druglike,1.48,0.9960312507223261,0.7123043478260869
torsional_diffusion_druglike,1.485,0.9960312507223261,0.7134782608695651
torsional_diffusion_druglike,1.49,0.996470425074544,0.7144347826086958
torsional_diffusion_druglike,1.495,0.996470425074544,0.7154782608695653
torsional_diffusion_druglike,1.5,0.996470425074544,0.7165652173913044
mcf_drugs_l_druglike,0.0,0.0,0.0
mcf_drugs_l_druglike,0.005,0.0,0.0
mcf_drugs_l_druglike,0.01,0.0,0.0
mcf_drugs_l_druglike,0.015,0.0,0.0
mcf_drugs_l_druglike,0.02,0.0,0.0
mcf_drugs_l_druglike,0.025,0.0,0.0
mcf_drugs_l_druglike,0.03,0.0,0.0
mcf_drugs_l_druglike,0.035,0.00028793550244745177,0.00013043478260869567
mcf_drugs_l_druglike,0.04,0.00028793550244745177,0.00013043478260869567
mcf_drugs_l_druglike,0.045,0.0011479533847576038,0.00034782608695652176
mcf_drugs_l_druglike,0.05,0.0011479533847576038,0.0005652173913043479
mcf_drugs_l_druglike,0.055,0.0017238243896525072,0.000782608695652174
mcf_drugs_l_druglike,0.06,0.002011759892099959,0.0009565217391304349
mcf_drugs_l_druglike,0.065,0.0036383429059259147,0.0012608695652173913
mcf_drugs_l_druglike,0.07,0.006986499097428721,0.0036086956521739133
mcf_drugs_l_druglike,0.075,0.011321464618864968,0.006521739130434782
mcf_drugs_l_druglike,0.08,0.01720356870712037,0.00908695652173913
mcf_drugs_l_druglike,0.085,0.02444217797241567,0.012565217391304347
mcf_drugs_l_druglike,0.09,0.03022138811571704,0.01634782608695652
mcf_drugs_l_druglike,0.095,0.03882124435661472,0.020478260869565217
mcf_drugs_l_druglike,0.1,0.04860849720178338,0.025782608695652173
mcf_drugs_l_druglike,0.105,0.05844998889271717,0.03121739130434783
mcf_drugs_l_druglike,0.11,0.0617168366931179,0.035260869565217394
mcf_drugs_l_druglike,0.115,0.06905686717598725,0.03760869565217392
mcf_drugs_l_druglike,0.12,0.07474262456849426,0.03869565217391304
mcf_drugs_l_druglike,0.125,0.079093881948532,0.039826086956521733
mcf_drugs_l_druglike,0.13,0.08772612766156325,0.0408695652173913
mcf_drugs_l_druglike,0.135,0.09737885577633977,0.04165217391304348
mcf_drugs_l_druglike,0.14,0.10685315973150881,0.04273913043478261
mcf_drugs_l_druglike,0.145,0.11527697907477598,0.04391304347826086
mcf_drugs_l_druglike,0.15,0.12612631268598476,0.04469565217391303
mcf_drugs_l_druglike,0.155,0.13222548205060342,0.04565217391304347
mcf_drugs_l_druglike,0.16,0.1402866857137298,0.046999999999999986
mcf_drugs_l_druglike,0.165,0.14693042795283495,0.04847826086956521
mcf_drugs_l_druglike,0.17,0.15204947101970454,0.05034782608695651
mcf_drugs_l_druglike,0.17500000000000002,0.16017318783129192,0.05226086956521738
mcf_drugs_l_druglike,0.18,0.17715401108130419,0.054869565217391295
mcf_drugs_l_druglike,0.185,0.18476101040141657,0.05743478260869565
mcf_drugs_l_druglike,0.19,0.19233049826112825,0.06026086956521739
mcf_drugs_l_druglike,0.195,0.2039653041026038,0.0632608695652174
mcf_drugs_l_druglike,0.2,0.21315486551558857,0.06578260869565215
mcf_drugs_l_druglike,0.20500000000000002,0.22014089059843056,0.06786956521739129
mcf_drugs_l_druglike,0.21,0.23388429061737467,0.06960869565217388
mcf_drugs_l_druglike,0.215,0.2424359123941863,0.07091304347826084
mcf_drugs_l_druglike,0.22,0.26037197749116375,0.07152173913043476
mcf_drugs_l_druglike,0.225,0.27116541522235926,0.0722173913043478
mcf_drugs_l_druglike,0.23,0.2814581655857711,0.07326086956521738
mcf_drugs_l_druglike,0.23500000000000001,0.28915722808494054,0.07426086956521738
mcf_drugs_l_druglike,0.24,0.30228345770046283,0.07513043478260868
mcf_drugs_l_druglike,0.245,0.3160341511845955,0.07647826086956519
mcf_drugs_l_druglike,0.25,0.3306747980982826,0.07804347826086955
mcf_drugs_l_druglike,0.255,0.3425298797947331,0.07939130434782606
mcf_drugs_l_druglike,0.26,0.3518173831546402,0.0812173913043478
mcf_drugs_l_druglike,0.265,0.3588806256319484,0.08421739130434781
mcf_drugs_l_druglike,0.27,0.36344920642376527,0.08717391304347825
mcf_drugs_l_druglike,0.275,0.37355908990758957,0.0893478260869565
mcf_drugs_l_druglike,0.28,0.379685585994115,0.09117391304347826
mcf_drugs_l_druglike,0.28500000000000003,0.39010939561202035,0.09239130434782607
mcf_drugs_l_druglike,0.29,0.3963913688479522,0.09382608695652171
mcf_drugs_l_druglike,0.295,0.40269594602058567,0.09521739130434781
mcf_drugs_l_druglike,0.3,0.4138210905453395,0.09678260869565217
mcf_drugs_l_druglike,0.305,0.42152083238337174,0.09843478260869565
mcf_drugs_l_druglike,0.31,0.43371513032105624,0.10060869565217388
mcf_drugs_l_druglike,0.315,0.44440736048953683,0.10243478260869561
mcf_drugs_l_druglike,0.32,0.46144615012722456,0.10469565217391304
mcf_drugs_l_druglike,0.325,0.472189368564755,0.10743478260869566
mcf_drugs_l_druglike,0.33,0.4827742706197124,0.10943478260869567
mcf_drugs_l_druglike,0.335,0.48762788939000873,0.11117391304347823
mcf_drugs_l_druglike,0.34,0.4945401138968756,0.11334782608695652
mcf_drugs_l_druglike,0.34500000000000003,0.5026065086403269,0.11495652173913044
mcf_drugs_l_druglike,0.35000000000000003,0.5128554511547156,0.11713043478260873
mcf_drugs_l_druglike,0.355,0.5190441663650832,0.11900000000000001
mcf_drugs_l_druglike,0.36,0.5214950110064567,0.12121739130434783
mcf_drugs_l_druglike,0.365,0.5278878188602879,0.12382608695652171
mcf_drugs_l_druglike,0.37,0.5455834757805986,0.12639130434782606
mcf_drugs_l_druglike,0.375,0.5511718960133895,0.12839130434782606
mcf_drugs_l_druglike,0.38,0.5601526768044149,0.13108695652173907
mcf_drugs_l_druglike,0.385,0.5717420855168523,0.13326086956521738
mcf_drugs_l_druglike,0.39,0.5780020916906543,0.1356086956521739
mcf_drugs_l_druglike,0.395,0.5840389151088555,0.13747826086956522
mcf_drugs_l_druglike,0.4,0.5925992813044602,0.1399565217391304
mcf_drugs_l_druglike,0.405,0.595977142276127,0.1423478260869565
mcf_drugs_l_druglike,0.41000000000000003,0.6051944071678339,0.14556521739130435
mcf_drugs_l_druglike,0.41500000000000004,0.6113317627194795,0.1492608695652174
mcf_drugs_l_druglike,0.42,0.614955180906378,0.15213043478260868
mcf_drugs_l_druglike,0.425,0.6194828790540273,0.15499999999999997
mcf_drugs_l_druglike,0.43,0.6301274256891048,0.15773913043478258
mcf_drugs_l_druglike,0.435,0.6405027303303198,0.1604782608695652
mcf_drugs_l_druglike,0.44,0.6480358942601374,0.1637391304347826
mcf_drugs_l_druglike,0.445,0.6534545438938014,0.16813043478260867
mcf_drugs_l_druglike,0.45,0.6611928039721334,0.17169565217391303
mcf_drugs_l_druglike,0.455,0.662707955487285,0.17530434782608692
mcf_drugs_l_druglike,0.46,0.6692734873830563,0.178695652173913
mcf_drugs_l_druglike,0.465,0.672071208404141,0.18208695652173912
mcf_drugs_l_druglike,0.47000000000000003,0.6752353095833651,0.18613043478260868
mcf_drugs_l_druglike,0.47500000000000003,0.6794419724856802,0.1896086956521739
mcf_drugs_l_druglike,0.48,0.6894251057822993,0.193304347826087
mcf_drugs_l_druglike,0.485,0.6913332080477571,0.1976086956521739
mcf_drugs_l_druglike,0.49,0.7002968734576381,0.20173913043478264
mcf_drugs_l_druglike,0.495,0.7010873872916303,0.2048695652173913
mcf_drugs_l_druglike,0.5,0.7043983667306368,0.20847826086956528
mcf_drugs_l_druglike,0.505,0.7072850046589206,0.2119565217391304
mcf_drugs_l_druglike,0.51,0.7195375607897124,0.21499999999999997
mcf_drugs_l_druglike,0.515,0.7280484214490361,0.21878260869565216
mcf_drugs_l_druglike,0.52,0.7324004255558441,0.22269565217391307
mcf_drugs_l_druglike,0.525,0.7355701925843066,0.2260434782608696
mcf_drugs_l_druglike,0.53,0.7427425256035886,0.22947826086956527
mcf_drugs_l_druglike,0.535,0.7453434572806074,0.23330434782608694
mcf_drugs_l_druglike,0.54,0.7522074988786787,0.23739130434782604
mcf_drugs_l_druglike,0.545,0.7546397318362739,0.2414782608695652
mcf_drugs_l_druglike,0.55,0.7645811970647604,0.24604347826086953
mcf_drugs_l_druglike,0.555,0.7661699364252389,0.2510869565217391
mcf_drugs_l_druglike,0.56,0.7667067050779496,0.25704347826086954
mcf_drugs_l_druglike,0.5650000000000001,0.7713920953020922,0.26273913043478253
mcf_drugs_l_druglike,0.5700000000000001,0.7730277225521612,0.26817391304347826
mcf_drugs_l_druglike,0.5750000000000001,0.7730277225521612,0.2737391304347826
mcf_drugs_l_druglike,0.58,0.7786442902790683,0.2791739130434783
mcf_drugs_l_druglike,0.585,0.7813048117017054,0.284
mcf_drugs_l_druglike,0.59,0.7838618134556057,0.2879565217391304
mcf_drugs_l_druglike,0.595,0.7872593538927473,0.29313043478260875
mcf_drugs_l_druglike,0.6,0.7921647831310064,0.2968260869565218
mcf_drugs_l_druglike,0.605,0.793199979818377,0.30134782608695654
mcf_drugs_l_druglike,0.61,0.7977646482417411,0.3055652173913044
mcf_drugs_l_druglike,0.615,0.7997031694270084,0.3090869565217392
mcf_drugs_l_druglike,0.62,0.8002570326227989,0.3137391304347826
mcf_drugs_l_druglike,0.625,0.801547914833094,0.31704347826086954
mcf_drugs_l_druglike,0.63,0.8026299994100554,0.3204347826086957
mcf_drugs_l_druglike,0.635,0.8050286080119318,0.32356521739130434
mcf_drugs_l_druglike,0.64,0.8057864917358668,0.3266521739130434
mcf_drugs_l_druglike,0.645,0.8073967976939987,0.3293043478260868
mcf_drugs_l_druglike,0.65,0.8085939041251123,0.3319999999999999
mcf_drugs_l_druglike,0.655,0.8098847863354075,0.3346086956521739
mcf_drugs_l_druglike,0.66,0.8103448737520166,0.3381304347826087
mcf_drugs_l_druglike,0.665,0.8105749174603212,0.34086956521739126
mcf_drugs_l_druglike,0.67,0.8137169471612754,0.3437826086956522
mcf_drugs_l_druglike,0.675,0.8156493143110338,0.34626086956521734
mcf_drugs_l_druglike,0.68,0.8156493143110338,0.349304347826087
mcf_drugs_l_druglike,0.685,0.8163394454359476,0.3524782608695652
mcf_drugs_l_druglike,0.6900000000000001,0.8188469218564676,0.3552173913043478
mcf_drugs_l_druglike,0.6950000000000001,0.820967324733014,0.359
mcf_drugs_l_druglike,0.7000000000000001,0.820967324733014,0.36252173913043473
mcf_drugs_l_druglike,0.705,0.820967324733014,0.3651739130434783
mcf_drugs_l_druglike,0.71,0.8223475869828415,0.36852173913043484
mcf_drugs_l_druglike,0.715,0.8233681445251383,0.3712173913043479
mcf_drugs_l_druglike,0.72,0.8233681445251383,0.3746086956521738
mcf_drugs_l_druglike,0.725,0.8248404242582876,0.3779130434782609
mcf_drugs_l_druglike,0.73,0.8253473995644874,0.3804347826086957
mcf_drugs_l_druglike,0.735,0.8253473995644874,0.38247826086956527
mcf_drugs_l_druglike,0.74,0.8257865739167053,0.385304347826087
mcf_drugs_l_druglike,0.745,0.8257865739167053,0.3883913043478261
mcf_drugs_l_druglike,0.75,0.82705143294684,0.3911304347826086
mcf_drugs_l_druglike,0.755,0.8283166733425152,0.39356521739130435
mcf_drugs_l_druglike,0.76,0.8283166733425152,0.3958695652173913
mcf_drugs_l_druglike,0.765,0.8291071871765073,0.39834782608695657
mcf_drugs_l_druglike,0.77,0.8291071871765073,0.40060869565217394
mcf_drugs_l_druglike,0.775,0.8304658828286813,0.4031304347826088
mcf_drugs_l_druglike,0.78,0.8304658828286813,0.405695652173913
mcf_drugs_l_druglike,0.785,0.8318245784808552,0.4088695652173913
mcf_drugs_l_druglike,0.79,0.8322846658974643,0.41182608695652173
mcf_drugs_l_druglike,0.795,0.8322846658974643,0.4148695652173913
mcf_drugs_l_druglike,0.8,0.8327447533140735,0.4177826086956521
mcf_drugs_l_druglike,0.805,0.8331839276662913,0.4209565217391305
mcf_drugs_l_druglike,0.81,0.8331839276662913,0.42430434782608706
mcf_drugs_l_druglike,0.8150000000000001,0.8331839276662913,0.4264347826086957
mcf_drugs_l_druglike,0.8200000000000001,0.8331839276662913,0.4289130434782608
mcf_drugs_l_druglike,0.8250000000000001,0.8331839276662913,0.4308260869565217
mcf_drugs_l_druglike,0.8300000000000001,0.8331839276662913,0.4336956521739131
mcf_drugs_l_druglike,0.835,0.8331839276662913,0.4365652173913044
mcf_drugs_l_druglike,0.84,0.8345641899161188,0.43960869565217403
mcf_drugs_l_druglike,0.845,0.8345641899161188,0.44199999999999995
mcf_drugs_l_druglike,0.85,0.8358147911667201,0.44434782608695655
mcf_drugs_l_druglike,0.855,0.836619944145786,0.4469565217391305
mcf_drugs_l_druglike,0.86,0.8368499878540906,0.4494347826086958
mcf_drugs_l_druglike,0.865,0.8368499878540906,0.45330434782608686
mcf_drugs_l_druglike,0.87,0.8378896959584696,0.45599999999999996
mcf_drugs_l_druglike,0.875,0.8378896959584696,0.4581304347826087
mcf_drugs_l_druglike,0.88,0.8378896959584696,0.4598260869565218
mcf_drugs_l_druglike,0.885,0.8378896959584696,0.46130434782608704
mcf_drugs_l_druglike,0.89,0.8378896959584696,0.4635217391304348
mcf_drugs_l_druglike,0.895,0.8381197396667742,0.46643478260869564
mcf_drugs_l_druglike,0.9,0.8383497833750787,0.469
mcf_drugs_l_druglike,0.905,0.8385798270833833,0.47191304347826085
mcf_drugs_l_druglike,0.91,0.8385798270833833,0.47460869565217395
mcf_drugs_l_druglike,0.915,0.8385798270833833,0.4770869565217392
mcf_drugs_l_druglike,0.92,0.8385798270833833,0.47930434782608705
mcf_drugs_l_druglike,0.925,0.8385798270833833,0.48134782608695664
mcf_drugs_l_druglike,0.93,0.8385798270833833,0.484391304347826
mcf_drugs_l_druglike,0.935,0.8385798270833833,0.48786956521739133
mcf_drugs_l_druglike,0.9400000000000001,0.8388098707916878,0.4916086956521742
mcf_drugs_l_druglike,0.9450000000000001,0.8392699582082971,0.49517391304347824
mcf_drugs_l_druglike,0.9500000000000001,0.8421245005713461,0.499695652173913
mcf_drugs_l_druglike,0.9550000000000001,0.8450230512959839,0.5031739130434781
mcf_drugs_l_druglike,0.96,0.8493708773829403,0.5065652173913042
mcf_drugs_l_druglike,0.965,0.8498434671750007,0.5100000000000001
mcf_drugs_l_druglike,0.97,0.8553540141789315,0.5133478260869565
mcf_drugs_l_druglike,0.975,0.8570333332495549,0.5170000000000001
mcf_drugs_l_druglike,0.98,0.8584826086118739,0.5200000000000001
mcf_drugs_l_druglike,0.985,0.8613811593365115,0.5238260869565219
mcf_drugs_l_druglike,0.99,0.8649519068574878,0.5275652173913044
mcf_drugs_l_druglike,0.995,0.8649519068574878,0.5305217391304349
mcf_drugs_l_druglike,1.0,0.8666781138177021,0.5347391304347825
mcf_drugs_l_druglike,1.0050000000000001,0.8666781138177021,0.5400869565217391
mcf_drugs_l_druglike,1.01,0.869392629575696,0.5451304347826087
mcf_drugs_l_druglike,1.0150000000000001,0.8727512677169429,0.5496521739130434
mcf_drugs_l_druglike,1.02,0.8744305867875662,0.553304347826087
mcf_drugs_l_druglike,1.025,0.8775591812205086,0.5565652173913044
mcf_drugs_l_druglike,1.03,0.8780192686371177,0.5596086956521737
mcf_drugs_l_druglike,1.035,0.8799286314160457,0.5634782608695652
mcf_drugs_l_druglike,1.04,0.8810788499575686,0.5675217391304347
mcf_drugs_l_druglike,1.045,0.8826891559157006,0.571391304347826
mcf_drugs_l_druglike,1.05,0.8845985186946287,0.5752173913043477
mcf_drugs_l_druglike,1.055,0.8848285624029331,0.5786956521739129
mcf_drugs_l_druglike,1.06,0.8862088246527605,0.5825652173913043
mcf_drugs_l_druglike,1.065,0.8871289994859789,0.5862608695652173
mcf_drugs_l_druglike,1.07,0.8875890869025881,0.5891739130434781
mcf_drugs_l_druglike,1.075,0.8889484360880242,0.5922608695652173
mcf_drugs_l_druglike,1.08,0.8903286983378517,0.5954782608695651
mcf_drugs_l_druglike,1.085,0.893457292770794,0.5978695652173913
mcf_drugs_l_druglike,1.09,0.8939173801874031,0.600173913043478
mcf_drugs_l_druglike,1.095,0.8941474238957076,0.602
mcf_drugs_l_druglike,1.1,0.8990352473190002,0.6046086956521739
mcf_drugs_l_druglike,1.105,0.9014046975145373,0.6071304347826088
mcf_drugs_l_druglike,1.11,0.9034750908892785,0.6090869565217392
mcf_drugs_l_druglike,1.115,0.9064447460328466,0.6109999999999999
mcf_drugs_l_druglike,1.12,0.9082850956992832,0.6133478260869565
mcf_drugs_l_druglike,1.125,0.9103345760096332,0.6153913043478262
mcf_drugs_l_druglike,1.1300000000000001,0.9105646197179378,0.6184782608695651
mcf_drugs_l_druglike,1.135,0.9114847945511559,0.6204782608695653
mcf_drugs_l_druglike,1.1400000000000001,0.9124049693843744,0.6234347826086956
mcf_drugs_l_druglike,1.145,0.9142244059864197,0.6260869565217392
mcf_drugs_l_druglike,1.1500000000000001,0.9151027546908553,0.6278260869565218
mcf_drugs_l_druglike,1.155,0.9151027546908553,0.6303913043478261
mcf_drugs_l_druglike,1.16,0.9151027546908553,0.6320434782608696
mcf_drugs_l_druglike,1.165,0.9151027546908553,0.6340434782608696
mcf_drugs_l_druglike,1.17,0.9151027546908553,0.6360434782608695
mcf_drugs_l_druglike,1.175,0.9155419290430732,0.6378695652173914
mcf_drugs_l_druglike,1.18,0.9155419290430732,0.6399999999999999
mcf_drugs_l_druglike,1.185,0.9168594520997267,0.6422173913043477
mcf_drugs_l_druglike,1.19,0.9168594520997267,0.6438695652173912
mcf_drugs_l_druglike,1.195,0.9177378008041623,0.6456086956521739
mcf_drugs_l_druglike,1.2,0.918616149508598,0.6477826086956521
mcf_drugs_l_druglike,1.205,0.9203728469174692,0.6502173913043479
mcf_drugs_l_druglike,1.21,0.9212511956219049,0.653173913043478
mcf_drugs_l_druglike,1.215,0.9216903699741228,0.655304347826087
mcf_drugs_l_druglike,1.22,0.9225687186785585,0.6575217391304349
mcf_drugs_l_druglike,1.225,0.9234470673829942,0.6595652173913045
mcf_drugs_l_druglike,1.23,0.9245554597957344,0.6613913043478261
mcf_drugs_l_druglike,1.235,0.9260047351580533,0.6635652173913044
mcf_drugs_l_druglike,1.24,0.9260047351580533,0.6658260869565218
mcf_drugs_l_druglike,1.245,0.9268830838624887,0.6673478260869565
mcf_drugs_l_druglike,1.25,0.9300890566336789,0.6692608695652174
mcf_drugs_l_druglike,1.2550000000000001,0.931636623398637,0.6714347826086957
mcf_drugs_l_druglike,1.26,0.9325149721030727,0.6733478260869565
mcf_drugs_l_druglike,1.2650000000000001,0.9342716695119438,0.6758260869565218
mcf_drugs_l_druglike,1.27,0.9347108438641617,0.6774347826086957
mcf_drugs_l_druglike,1.2750000000000001,0.9360492799852066,0.6790434782608695
mcf_drugs_l_druglike,1.28,0.937805977394078,0.6811304347826088
mcf_drugs_l_druglike,1.285,0.9386843260985137,0.6828695652173912
mcf_drugs_l_druglike,1.29,0.9413193722118206,0.6843478260869565
mcf_drugs_l_druglike,1.295,0.9417585465640385,0.6868260869565217
mcf_drugs_l_druglike,1.3,0.942636895268474,0.6886956521739128
mcf_drugs_l_druglike,1.305,0.9435152439729098,0.6904347826086956
mcf_drugs_l_druglike,1.31,0.9439544183251276,0.6920434782608694
mcf_drugs_l_druglike,1.315,0.9443935926773455,0.6937826086956521
mcf_drugs_l_druglike,1.32,0.9457111157339988,0.6956086956521739
mcf_drugs_l_druglike,1.325,0.9461502900862166,0.6972173913043479
mcf_drugs_l_druglike,1.33,0.9474678131428702,0.6987826086956521
mcf_drugs_l_druglike,1.335,0.9483461618473059,0.7001739130434782
mcf_drugs_l_druglike,1.34,0.9487853361995238,0.7017826086956521
mcf_drugs_l_druglike,1.345,0.9487853361995238,0.7028260869565217
mcf_drugs_l_druglike,1.35,0.9492245105517416,0.7043478260869567
mcf_drugs_l_druglike,1.355,0.9492245105517416,0.7055652173913046
mcf_drugs_l_druglike,1.36,0.9492245105517416,0.7067391304347825
mcf_drugs_l_druglike,1.365,0.9492245105517416,0.708304347826087
mcf_drugs_l_druglike,1.37,0.9492245105517416,0.7093478260869566
mcf_drugs_l_druglike,1.375,0.9496636849039595,0.7106521739130435
mcf_drugs_l_druglike,1.3800000000000001,0.9496636849039595,0.711913043478261
mcf_drugs_l_druglike,1.385,0.9501028592561773,0.7132173913043478
mcf_drugs_l_druglike,1.3900000000000001,0.9509812079606128,0.7147391304347827
mcf_drugs_l_druglike,1.395,0.9509812079606128,0.715782608695652
mcf_drugs_l_druglike,1.4000000000000001,0.9509812079606128,0.7172173913043478
mcf_drugs_l_druglike,1.405,0.9509812079606128,0.7187391304347827
mcf_drugs_l_druglike,1.41,0.9509812079606128,0.7197826086956521
mcf_drugs_l_druglike,1.415,0.9509812079606128,0.7206956521739131
mcf_drugs_l_druglike,1.42,0.9509812079606128,0.7219130434782608
mcf_drugs_l_druglike,1.425,0.9509812079606128,0.7233043478260871
mcf_drugs_l_druglike,1.43,0.9518595566650485,0.7246521739130437
mcf_drugs_l_druglike,1.435,0.9522987310172664,0.7260434782608697
mcf_drugs_l_druglike,1.44,0.9527379053694842,0.727304347826087
mcf_drugs_l_druglike,1.445,0.9527379053694842,0.729
mcf_drugs_l_druglike,1.45,0.9527379053694842,0.7299565217391305
mcf_drugs_l_druglike,1.455,0.9527379053694842,0.7306956521739131
mcf_drugs_l_druglike,1.46,0.9527379053694842,0.7316086956521738
mcf_drugs_l_druglike,1.465,0.9527379053694842,0.7323478260869564
mcf_drugs_l_druglike,1.47,0.9531770797217021,0.7332608695652175
mcf_drugs_l_druglike,1.475,0.9531770797217021,0.7341304347826088
mcf_drugs_l_druglike,1.48,0.9558121258350091,0.7349565217391304
mcf_drugs_l_druglike,1.485,0.9558121258350091,0.7356086956521739
mcf_drugs_l_druglike,1.49,0.9562513001872268,0.7364782608695654
mcf_drugs_l_druglike,1.495,0.9577005755495457,0.7375217391304346
mcf_drugs_l_druglike,1.5,0.9577005755495457,0.7386956521739131
flowr_druglike,0.0,0.0,0.0
flowr_druglike,0.005,0.0,0.0
flowr_druglike,0.01,0.0,0.0
flowr_druglike,0.015,0.0,0.0
flowr_druglike,0.02,0.0,0.0
flowr_druglike,0.025,0.0,0.0
flowr_druglike,0.03,0.0,0.0
flowr_druglike,0.035,0.0,0.0
flowr_druglike,0.04,0.0,0.0
flowr_druglike,0.045,0.0,0.0
flowr_druglike,0.05,0.0005720823798627002,4.347826086956522e-05
flowr_druglike,0.055,0.0017397573743769786,0.0002173913043478261
flowr_druglike,0.06,0.0017397573743769786,0.0004347826086956522
flowr_druglike,0.065,0.002502533880860579,0.0010434782608695653
flowr_druglike,0.07,0.00479086340031138,0.009347826086956524
flowr_druglike,0.075,0.00479086340031138,0.013652173913043481
flowr_druglike,0.08,0.00479086340031138,0.01921739130434783
flowr_druglike,0.085,0.006316416413278581,0.034217391304347824
flowr_druglike,0.09,0.010562934761235755,0.03817391304347826
flowr_druglike,0.095,0.01824194738836913,0.03947826086956521
flowr_druglike,0.1,0.024843098867424123,0.04034782608695652
flowr_druglike,0.105,0.027084996105658333,0.04126086956521739
flowr_druglike,0.11,0.03181561084581559,0.04814197668743124
flowr_druglike,0.115,0.036437799179113745,0.049675301244471205
flowr_druglike,0.12,0.0408732582080453,0.05263182298360164
flowr_druglike,0.125,0.048071534752876725,0.055023127331427724
flowr_druglike,0.13,0.05803527340475617,0.056284127461993065
flowr_druglike,0.135,0.06634734149707096,0.057034756279815566
flowr_druglike,0.14,0.07461221597262553,0.05755649541025034
flowr_druglike,0.145,0.08347620208109553,0.058611559097725106
flowr_druglike,0.15,0.08939186682958435,0.07095947222824693
flowr_druglike,0.155,0.10128442037287015,0.07217699409794272
flowr_druglike,0.16,0.11350679890428322,0.07287277683720372
flowr_druglike,0.165,0.1253592619529669,0.07382934209811678
flowr_druglike,0.17,0.13630093002176685,0.07452508131559514
flowr_druglike,0.17500000000000002,0.14781192645089175,0.07575397100298285
flowr_druglike,0.18,0.1627939213159839,0.07640623195959165
flowr_druglike,0.185,0.17965480847988985,0.07731953656854842
flowr_druglike,0.19,0.19071144710084406,0.07807025242993622
flowr_druglike,0.195,0.20170272263043126,0.07902681769084931
flowr_druglike,0.2,0.21098675369831357,0.07985303521271901
flowr_druglike,0.20500000000000002,0.22439861880087364,0.0805487309084147
flowr_druglike,0.21,0.23496084276267395,0.08146199199558883
flowr_druglike,0.215,0.24356516412275298,0.081940383430502
flowr_druglike,0.22,0.25129903417390126,0.08272316621328478
flowr_druglike,0.225,0.25655070620482173,0.08350581843071961
flowr_druglike,0.23,0.2633263588996914,0.08411460112645883
flowr_druglike,0.23500000000000001,0.27371491275234405,0.09041903599611108
flowr_druglike,0.24,0.27897924144189085,0.0912016882135459
flowr_druglike,0.245,0.28730515943237256,0.09833216651793725
flowr_druglike,0.25,0.3004453851262508,0.10147409968358584
flowr_druglike,0.255,0.3099469970413221,0.10270307641453888
flowr_druglike,0.26,0.31756003073671957,0.10344229389288678
flowr_druglike,0.265,0.32197308320596546,0.10396407654510421
flowr_druglike,0.27,0.3289400043695751,0.1047467722843217
flowr_druglike,0.275,0.33337187598462004,0.10539907676271307
flowr_druglike,0.28,0.3379082258482753,0.10648612032801753
flowr_druglike,0.28500000000000003,0.34562698439131095,0.10979046815410451
flowr_druglike,0.29,0.35139435985366574,0.1143672274502314
flowr_druglike,0.295,0.3572962105391008,0.12028027092849229
flowr_druglike,0.3,0.36578206794032714,0.12319335792853581
flowr_druglike,0.305,0.37274129180769444,0.12432387975470979
flowr_druglike,0.31,0.38054776397918905,0.1258022276678403
flowr_druglike,0.315,0.3899397450129034,0.1268457059287099
flowr_druglike,0.32,0.3948099680766196,0.13077024779001065
flowr_druglike,0.325,0.4049022861217346,0.13994420435527158
flowr_druglike,0.33,0.41196866041236707,0.14247748539052885
flowr_druglike,0.335,0.41727658997161493,0.14417326812978984
flowr_druglike,0.34,0.4228916568343188,0.1463587230780907
flowr_druglike,0.34500000000000003,0.4313920959548753,0.1480979405564386
flowr_druglike,0.35000000000000003,0.4381769693919246,0.14909794055643857
flowr_druglike,0.355,0.44678512086427125,0.150619723208656
flowr_druglike,0.36,0.4546328548789166,0.15215300424391334
flowr_druglike,0.365,0.46413758788596526,0.1535008738526525
flowr_druglike,0.37,0.4738199017888562,0.1554257638882145
flowr_druglike,0.375,0.4797327340128383,0.15710102161090303
flowr_druglike,0.38,0.48866851763708574,0.16314458691533787
flowr_druglike,0.385,0.49846886095593534,0.16414480452425115
flowr_druglike,0.39,0.5048725427612765,0.16585217269011734
flowr_druglike,0.395,0.5145971494943521,0.1671130857771174
flowr_druglike,0.4,0.5194175653733691,0.17155936676885292
flowr_druglike,0.405,0.52797867761158,0.17377675807320073
flowr_druglike,0.41000000000000003,0.5340313763302611,0.17619105918710662
flowr_druglike,0.41500000000000004,0.5393399594037203,0.17801732023075897
flowr_druglike,0.42,0.5526719627603666,0.17962623349184614
flowr_druglike,0.425,0.5585410778922416,0.1828002335788897
flowr_druglike,0.43,0.5690476219063049,0.19099727395379565
flowr_druglike,0.435,0.5758961298475959,0.1927915115978357
flowr_druglike,0.44,0.5821209897970135,0.19435672898914005
flowr_druglike,0.445,0.5886330723687107,0.1976726622418322
flowr_druglike,0.45,0.5957384945294072,0.20071865577399173
flowr_druglike,0.455,0.6004426309325792,0.20358830803494835
flowr_druglike,0.46,0.6064636515952077,0.20876230812199187
flowr_druglike,0.465,0.611422131488982,0.2102956326790318
flowr_druglike,0.47000000000000003,0.6144175339487827,0.21255658928781457
flowr_druglike,0.47500000000000003,0.621512109190806,0.21399150246185816
flowr_druglike,0.48,0.6228967671802826,0.21638289385324957
flowr_druglike,0.485,0.6254366743911026,0.21873085050555396
flowr_druglike,0.49,0.6347697785293156,0.2215686534540289
flowr_druglike,0.495,0.6419289101767007,0.22414536922837316
flowr_druglike,0.5,0.6437270851632815,0.23114554331550383
flowr_druglike,0.505,0.6476113706388905,0.23253693470689524
flowr_druglike,0.51,0.650886356522572,0.23537465061180482
flowr_druglike,0.515,0.6593472823931894,0.24138632308197522
flowr_druglike,0.52,0.6634565631565346,0.24390823629954064
flowr_druglike,0.525,0.6687765739585869,0.24803884516927988
flowr_druglike,0.53,0.6785429267723254,0.25777814969119317
flowr_druglike,0.535,0.6872894675959736,0.27009412646566794
flowr_druglike,0.54,0.6893368565998844,0.27270290916140716
flowr_druglike,0.545,0.699029698239796,0.2748334309875812
flowr_druglike,0.55,0.7017135415033494,0.2777146251533604
flowr_druglike,0.555,0.7204097187770313,0.2798886687621865
flowr_druglike,0.56,0.7217684144292053,0.283030863058531
flowr_druglike,0.5650000000000001,0.7235474191067608,0.2850309065803137
flowr_druglike,0.5700000000000001,0.728155810624716,0.2871179066238354
flowr_druglike,0.5750000000000001,0.736590730749966,0.28947749222452773
flowr_druglike,0.58,0.738109898372706,0.291651535833354
flowr_druglike,0.585,0.7386466670254168,0.2937821011813106
flowr_druglike,0.59,0.74161056349908,0.29601107791226366
flowr_druglike,0.595,0.7418874950969755,0.2981850779993072
flowr_druglike,0.6,0.743237964000292,0.30097935916512986
flowr_druglike,0.605,0.7470729049532983,0.3028605098091263
flowr_druglike,0.61,0.7529971525579946,0.30567765717568085
flowr_druglike,0.615,0.7529971525579946,0.3090805469501122
flowr_druglike,0.62,0.7553129258882606,0.31125463408072096
flowr_druglike,0.625,0.7579967691518142,0.31404895876832634
flowr_druglike,0.63,0.7615547785069249,0.3160286078388845
flowr_druglike,0.635,0.7623684787575309,0.31776778179544973
flowr_druglike,0.64,0.7686230330446332,0.3192895209258846
flowr_druglike,0.645,0.7691598016973439,0.32205169164852965
flowr_druglike,0.65,0.7691598016973439,0.323877952692182
flowr_druglike,0.655,0.7777616157440612,0.3256171266487473
flowr_druglike,0.66,0.7826097761869102,0.3278895381187872
flowr_druglike,0.665,0.783146544839621,0.32959668867574005
flowr_druglike,0.67,0.7843887808644657,0.33072734106726204
flowr_druglike,0.675,0.7867045541947317,0.33237964554565347
flowr_druglike,0.68,0.7883148601528639,0.3341188630240013
flowr_druglike,0.685,0.7895570961777085,0.3358146457632623
flowr_druglike,0.6900000000000001,0.7895570961777085,0.33888120783377707
flowr_druglike,0.6950000000000001,0.7968147181426417,0.34160003086090035
flowr_druglike,0.7000000000000001,0.7980569541674865,0.34333929186103096
flowr_druglike,0.705,0.8048466093824441,0.34538290068724864
flowr_druglike,0.71,0.8062053050346181,0.34738294420903115
flowr_druglike,0.715,0.8089008171819263,0.34953646280128486
flowr_druglike,0.72,0.8089008171819263,0.3516236369319373
flowr_druglike,0.725,0.8099829017588875,0.35410207188863313
flowr_druglike,0.73,0.8107734155928799,0.3561021589321985
flowr_druglike,0.735,0.8120156516177244,0.35827615901924204
flowr_druglike,0.74,0.8120156516177244,0.3604296340897131
flowr_druglike,0.745,0.8132578876425692,0.363409326682054
flowr_druglike,0.75,0.8132578876425692,0.36575723981257585
flowr_druglike,0.755,0.8132578876425692,0.36740958781274985
flowr_druglike,0.76,0.8221235665349664,0.37008493257900377
flowr_druglike,0.765,0.8221235665349664,0.37225897618783
flowr_druglike,0.77,0.8233658025598113,0.3744330197966562
flowr_druglike,0.775,0.8252561617280532,0.3760417589706127
flowr_druglike,0.78,0.8252561617280532,0.37773749818809105
flowr_druglike,0.785,0.8252561617280532,0.381476715666439
flowr_druglike,0.79,0.8255330933259484,0.3833463679273957
flowr_druglike,0.795,0.8255330933259484,0.38587969248443554
flowr_druglike,0.8,0.8255330933259484,0.387662388223653
flowr_druglike,0.805,0.8255330933259484,0.3902391475197799
flowr_druglike,0.81,0.8255330933259484,0.39297827795456247
flowr_druglike,0.8150000000000001,0.8255330933259484,0.39502188678078004
flowr_druglike,0.8200000000000001,0.8255330933259484,0.3976741912591714
flowr_druglike,0.8250000000000001,0.8255330933259484,0.4001090609114324
flowr_druglike,0.8300000000000001,0.8255330933259484,0.40232649573756296
flowr_druglike,0.835,0.8255330933259484,0.40428306099847605
flowr_druglike,0.84,0.8255330933259484,0.4088048436506934
flowr_druglike,0.845,0.8255330933259484,0.4132512987295595
flowr_druglike,0.85,0.8255330933259484,0.41697003471311767
flowr_druglike,0.855,0.8255330933259484,0.419578817408857
flowr_druglike,0.86,0.8255330933259484,0.4224484696698136
flowr_druglike,0.865,0.8255330933259484,0.42545996805285335
flowr_druglike,0.87,0.8259722676781662,0.42798170718328804
flowr_druglike,0.875,0.8262491992760616,0.430068837792158
flowr_druglike,0.88,0.8266883736282794,0.43215588135746236
flowr_druglike,0.885,0.8266883736282794,0.43763418574881024
flowr_druglike,0.89,0.8266883736282794,0.4440690118792886
flowr_druglike,0.895,0.8274511501347631,0.4469502495668504
flowr_druglike,0.9,0.827890324486981,0.4492546844365027
flowr_druglike,0.905,0.8281672560848763,0.4522982497409374
flowr_druglike,0.91,0.8281672560848763,0.4548635541758071
flowr_druglike,0.915,0.8281672560848763,0.4562548585236331
flowr_druglike,0.92,0.8281672560848763,0.4579506412628941
flowr_druglike,0.925,0.829045604789312,0.46138546739337255
flowr_druglike,0.93,0.829045604789312,0.4635160327413292
flowr_druglike,0.935,0.8308023021981832,0.4658639023500683
flowr_druglike,0.9400000000000001,0.831241476550401,0.4682118590023728
flowr_druglike,0.9450000000000001,0.831241476550401,0.4701250330459818
flowr_druglike,0.9500000000000001,0.831241476550401,0.4721800532116737
flowr_druglike,0.9550000000000001,0.8316806509026189,0.4769307255512789
flowr_druglike,0.96,0.8316806509026189,0.4786264647687572
flowr_druglike,0.965,0.8321198252548367,0.48145263876884437
flowr_druglike,0.97,0.8321198252548367,0.4835830735514531
flowr_druglike,0.975,0.8334373483114902,0.48775711716027914
flowr_druglike,0.98,0.833876522663708,0.49101803024727925
flowr_druglike,0.985,0.833876522663708,0.4934529434213228
flowr_druglike,0.99,0.833876522663708,0.49588776955180114
flowr_druglike,0.995,0.833876522663708,0.4984095957258013
flowr_druglike,1.0,0.8351940457203615,0.5008125290220152
flowr_druglike,1.0050000000000001,0.8360723944247972,0.50359518123945
flowr_druglike,1.01,0.839146614890322,0.5060736597179285
flowr_druglike,1.0150000000000001,0.8395857892425399,0.5088562684135807
flowr_druglike,1.02,0.8404641379469756,0.5108997901962329
flowr_druglike,1.025,0.8404641379469756,0.5126390076745808
flowr_druglike,1.03,0.8409033122991932,0.5147261382834506
flowr_druglike,1.035,0.841781661003629,0.516552268761755
flowr_druglike,1.04,0.8439775327647182,0.5180305731531027
flowr_druglike,1.045,0.8439775327647182,0.5194218775009289
flowr_druglike,1.05,0.8448558814691538,0.5223580047888349
flowr_druglike,1.055,0.8474909275824608,0.5239667874845739
flowr_druglike,1.06,0.8510043224002035,0.5258478946067877
flowr_druglike,1.065,0.8514434967524211,0.5278914599112228
flowr_druglike,1.07,0.8523218454568569,0.5295001555633967
flowr_druglike,1.075,0.8523218454568569,0.5308915034330054
flowr_druglike,1.08,0.8527610198090747,0.5325002861287444
flowr_druglike,1.085,0.8532001941612926,0.5339350687374401
flowr_druglike,1.09,0.8532001941612926,0.5358481557374838
flowr_druglike,1.095,0.854956891570164,0.5375874602593969
flowr_druglike,1.1,0.8564824445831312,0.5401642630773066
flowr_druglike,1.105,0.8582391419920024,0.5419035240774371
flowr_druglike,1.11,0.8591174906964381,0.5438601328601329
flowr_druglike,1.115,0.8606430437094051,0.5455123502949589
flowr_druglike,1.12,0.8618449945681066,0.547077611208046
flowr_druglike,1.125,0.8643644684834616,0.5487847617649989
flowr_druglike,1.1300000000000001,0.8656819915401152,0.5505674139824337
flowr_druglike,1.135,0.866121165892333,0.5524370662433904
flowr_druglike,1.1400000000000001,0.8687562120056399,0.5536979793303904
flowr_druglike,1.145,0.8687562120056399,0.555753086539648
flowr_druglike,1.1500000000000001,0.8699581628643414,0.5573617821918218
flowr_druglike,1.155,0.8699581628643414,0.5587966083223002
flowr_druglike,1.16,0.8711601137230428,0.5601879126701261
flowr_druglike,1.165,0.8719228902295264,0.5620139996266479
flowr_druglike,1.17,0.8731248410882277,0.5637099129312567
flowr_druglike,1.175,0.8743267919469292,0.5647969129747786
flowr_druglike,1.18,0.8766151214663801,0.5658403912356481
flowr_druglike,1.185,0.8766151214663801,0.5670578260617785
flowr_druglike,1.19,0.8781406744793473,0.5686666087575178
flowr_druglike,1.195,0.8801054018445322,0.5700580436706919
flowr_druglike,1.2,0.8813073527032337,0.5715363480620398
flowr_druglike,1.205,0.8817465270554515,0.5733625220621269
flowr_druglike,1.21,0.8847213554307377,0.5757768666978152
flowr_druglike,1.215,0.8866860827959226,0.5775595189152503
flowr_druglike,1.22,0.8874488593024061,0.5786899536978588
flowr_druglike,1.225,0.8906155375262926,0.5796465624805545
flowr_druglike,1.23,0.894105817904445,0.5819305593771997
flowr_druglike,1.235,0.8971569239303794,0.5837133856817652
flowr_druglike,1.24,0.8986824769433466,0.5869309075514609
flowr_druglike,1.245,0.901733582969281,0.5882787771602
flowr_druglike,1.25,0.903698310334466,0.5905077974129358
flowr_druglike,1.2550000000000001,0.9044610868409496,0.5920296235869358
flowr_druglike,1.26,0.9044610868409496,0.5935079279782838
flowr_druglike,1.2650000000000001,0.9044610868409496,0.5956820151088926
flowr_druglike,1.27,0.906673138709752,0.5974647543698929
flowr_druglike,1.2750000000000001,0.906673138709752,0.5990301458483277
flowr_druglike,1.28,0.906673138709752,0.6007694068484584
flowr_druglike,1.285,0.908122414072071,0.6019548617967592
flowr_druglike,1.29,0.909647967085038,0.6035636009707157
flowr_druglike,1.295,0.9104107435915216,0.6051289924491509
flowr_druglike,1.3,0.9108499179437395,0.606520383840542
flowr_druglike,1.305,0.9108499179437395,0.6081727318407161
flowr_druglike,1.31,0.9122991933060582,0.6096946450582815
flowr_druglike,1.315,0.9151977440306959,0.611564297319238
flowr_druglike,1.32,0.9188590712618172,0.6129122974933252
flowr_druglike,1.325,0.9275547234357302,0.6147934481373216
flowr_druglike,1.33,0.9290039987980492,0.616445665572148
flowr_druglike,1.335,0.9319025495226868,0.6180544047461042
flowr_druglike,1.34,0.9348011002473244,0.6193587960939739
flowr_druglike,1.345,0.939148926334281,0.6226632309636263
flowr_druglike,1.35,0.9449460277835564,0.6237937527898003
flowr_druglike,1.355,0.947844578508194,0.6255009903903185
flowr_druglike,1.36,0.947844578508194,0.6269793383034489
flowr_druglike,1.365,0.947844578508194,0.6284141644339271
flowr_druglike,1.37,0.947844578508194,0.6298055123035359
flowr_druglike,1.375,0.9486073550146777,0.6310230776950143
flowr_druglike,1.3800000000000001,0.9486073550146777,0.6319795994341451
flowr_druglike,1.385,0.9486073550146777,0.6332839472602318
flowr_druglike,1.3900000000000001,0.9486073550146777,0.634805773434232
flowr_druglike,1.395,0.9486073550146777,0.6368059475213624
flowr_druglike,1.4000000000000001,0.9490674424312869,0.6384147302171017
flowr_druglike,1.405,0.9490674424312869,0.6398930346084496
flowr_druglike,1.41,0.9495066167835048,0.6414697503827937
flowr_druglike,1.415,0.9517949463029555,0.6426436634262719
flowr_druglike,1.42,0.9517949463029555,0.6434264026872721
flowr_druglike,1.425,0.9517949463029555,0.6447308810787071
flowr_druglike,1.43,0.9517949463029555,0.6456439680787507
flowr_druglike,1.435,0.9517949463029555,0.6466005333396637
flowr_druglike,1.44,0.9532442216652742,0.6475137073832726
flowr_druglike,1.445,0.9532442216652742,0.6486441421658811
flowr_druglike,1.45,0.9532442216652742,0.6499485770355333
flowr_druglike,1.455,0.9532442216652742,0.6511226641661425
flowr_druglike,1.46,0.9532442216652742,0.6529924469924471
flowr_druglike,1.465,0.9532442216652742,0.6539924905142296
flowr_druglike,1.47,0.9546934970275932,0.6553953802886607
flowr_druglike,1.475,0.9546934970275932,0.6563954238104436
flowr_druglike,1.48,0.9546934970275932,0.6578737717235741
flowr_druglike,1.485,0.9551535844442022,0.6591348153759221
flowr_druglike,1.49,0.9551535844442022,0.6602218154194439
flowr_druglike,1.495,0.9551535844442022,0.6613088589847484
flowr_druglike,1.5,0.9561464046589904,0.662842227063571
nextmol_dmt_l_druglike,0.0,0.0,0.0
nextmol_dmt_l_druglike,0.005,0.0,0.0
nextmol_dmt_l_druglike,0.01,0.0,0.0
nextmol_dmt_l_druglike,0.015,0.0,0.0
nextmol_dmt_l_druglike,0.02,0.0,0.0
nextmol_dmt_l_druglike,0.025,0.00028793550244745177,4.347826086956522e-05
nextmol_dmt_l_druglike,0.03,0.00028793550244745177,0.0002173913043478261
nextmol_dmt_l_druglike,0.035,0.00028793550244745177,0.00026086956521739134
nextmol_dmt_l_druglike,0.04,0.00028793550244745177,0.0005217391304347827
nextmol_dmt_l_druglike,0.045,0.0005758710048949035,0.0007826086956521738
nextmol_dmt_l_druglike,0.05,0.0011479533847576038,0.0013478260869565217
nextmol_dmt_l_druglike,0.055,0.0011479533847576038,0.0016086956521739132
nextmol_dmt_l_druglike,0.06,0.003634554280893712,0.002043478260869565
nextmol_dmt_l_druglike,0.065,0.005070443168098767,0.00508695652173913
nextmol_dmt_l_druglike,0.07,0.008422387984633777,0.007956521739130435
nextmol_dmt_l_druglike,0.075,0.011585889886523542,0.008739130434782609
nextmol_dmt_l_druglike,0.08,0.016085788087816154,0.009173913043478261
nextmol_dmt_l_druglike,0.085,0.024450704447175467,0.00991304347826087
nextmol_dmt_l_druglike,0.09,0.027534435371019694,0.011
nextmol_dmt_l_druglike,0.095,0.03446370679288804,0.015391304347826085
nextmol_dmt_l_druglike,0.1,0.03966668017803077,0.02256521739130435
nextmol_dmt_l_druglike,0.105,0.0529642174377455,0.0328695652173913
nextmol_dmt_l_druglike,0.11,0.06213470252552317,0.04130434782608696
nextmol_dmt_l_druglike,0.115,0.06733411843270871,0.044608695652173916
nextmol_dmt_l_druglike,0.12,0.0755533318864537,0.046478260869565205
nextmol_dmt_l_druglike,0.125,0.08614245789875284,0.04765217391304347
nextmol_dmt_l_druglike,0.13,0.09317189894078926,0.04895652173913043
nextmol_dmt_l_druglike,0.135,0.10077716632987174,0.050043478260869564
nextmol_dmt_l_druglike,0.14,0.11150221194078386,0.05165217391304348
nextmol_dmt_l_druglike,0.145,0.126688866300807,0.052913043478260854
nextmol_dmt_l_druglike,0.15,0.13581615400312144,0.053521739130434766
nextmol_dmt_l_druglike,0.155,0.14456561536342757,0.055217391304347815
nextmol_dmt_l_druglike,0.16,0.16137044248542903,0.05604347826086955
nextmol_dmt_l_druglike,0.165,0.17132453473878043,0.05721739130434782
nextmol_dmt_l_druglike,0.17,0.1773289094188422,0.05908695652173913
nextmol_dmt_l_druglike,0.17500000000000002,0.1852959680468718,0.06060869565217391
nextmol_dmt_l_druglike,0.18,0.19686310727707004,0.06243478260869564
nextmol_dmt_l_druglike,0.185,0.20763764454896122,0.06486956521739129
nextmol_dmt_l_druglike,0.19,0.21449850743494348,0.06813043478260868
nextmol_dmt_l_druglike,0.195,0.22876535994417377,0.07056521739130432
nextmol_dmt_l_druglike,0.2,0.23534708496299317,0.07504347826086956
nextmol_dmt_l_druglike,0.20500000000000002,0.24494518182662292,0.07756521739130433
nextmol_dmt_l_druglike,0.21,0.25193333490582226,0.07930434782608695
nextmol_dmt_l_druglike,0.215,0.26148481273220636,0.08047826086956521
nextmol_dmt_l_druglike,0.22,0.2740829452244106,0.08186956521739129
nextmol_dmt_l_druglike,0.225,0.2784931417139925,0.08273913043478258
nextmol_dmt_l_druglike,0.23,0.2865993984198029,0.08373913043478258
nextmol_dmt_l_druglike,0.23500000000000001,0.2924096271601059,0.08452173913043476
nextmol_dmt_l_druglike,0.24,0.2971170723054956,0.08539130434782606
nextmol_dmt_l_druglike,0.245,0.3025633139598697,0.08652173913043476
nextmol_dmt_l_druglike,0.25,0.32193976209670455,0.08813043478260868
nextmol_dmt_l_druglike,0.255,0.3301481217768049,0.08969565217391304
nextmol_dmt_l_druglike,0.26,0.34025216607822345,0.09117391304347824
nextmol_dmt_l_druglike,0.265,0.34864883917682593,0.0947391304347826
nextmol_dmt_l_druglike,0.27,0.35708127610011536,0.09834782608695648
nextmol_dmt_l_druglike,0.275,0.3710168871748787,0.10082608695652172
nextmol_dmt_l_druglike,0.28,0.3873575170592352,0.10265217391304345
nextmol_dmt_l_druglike,0.28500000000000003,0.3954926249962438,0.10365217391304346
nextmol_dmt_l_druglike,0.29,0.4014079754116161,0.10491304347826086
nextmol_dmt_l_druglike,0.295,0.41175814866931715,0.10673913043478261
nextmol_dmt_l_druglike,0.3,0.419314785557418,0.10934782608695655
nextmol_dmt_l_druglike,0.305,0.4220540856854593,0.11204347826086955
nextmol_dmt_l_druglike,0.31,0.4291479071957568,0.11495652173913046
nextmol_dmt_l_druglike,0.315,0.4332760323157589,0.11686956521739127
nextmol_dmt_l_druglike,0.32,0.440387820251191,0.11834782608695651
nextmol_dmt_l_druglike,0.325,0.4432192702670689,0.1193478260869565
nextmol_dmt_l_druglike,0.33,0.45204698720443554,0.12069565217391304
nextmol_dmt_l_druglike,0.335,0.45824124172382286,0.12139130434782608
nextmol_dmt_l_druglike,0.34,0.4630226850527536,0.12239130434782607
nextmol_dmt_l_druglike,0.34500000000000003,0.470533314012349,0.12382608695652174
nextmol_dmt_l_druglike,0.35000000000000003,0.48398167033641426,0.12539130434782605
nextmol_dmt_l_druglike,0.355,0.48618882942266806,0.12743478260869565
nextmol_dmt_l_druglike,0.36,0.500610545615276,0.12926086956521737
nextmol_dmt_l_druglike,0.365,0.510574156790296,0.13117391304347822
nextmol_dmt_l_druglike,0.37,0.5159827340547755,0.13317391304347825
nextmol_dmt_l_druglike,0.375,0.5228409121086056,0.13526086956521735
nextmol_dmt_l_druglike,0.38,0.524663970803983,0.13782608695652174
nextmol_dmt_l_druglike,0.385,0.5299038482450321,0.13956521739130434
nextmol_dmt_l_druglike,0.39,0.534723112589468,0.14095652173913042
nextmol_dmt_l_druglike,0.395,0.5380258685751095,0.14282608695652171
nextmol_dmt_l_druglike,0.4,0.5460644056522392,0.14499999999999996
nextmol_dmt_l_druglike,0.405,0.5561840373875472,0.14765217391304344
nextmol_dmt_l_druglike,0.41000000000000003,0.5588629024926745,0.15039130434782602
nextmol_dmt_l_druglike,0.41500000000000004,0.5625757540531924,0.1537391304347826
nextmol_dmt_l_druglike,0.42,0.574062935139734,0.15656521739130436
nextmol_dmt_l_druglike,0.425,0.5919047603722709,0.16060869565217392
nextmol_dmt_l_druglike,0.43,0.5974770899482237,0.1631304347826087
nextmol_dmt_l_druglike,0.435,0.6126592410246041,0.16547826086956519
nextmol_dmt_l_druglike,0.44,0.6158325836857371,0.16791304347826083
nextmol_dmt_l_druglike,0.445,0.6215836763933515,0.16982608695652165
nextmol_dmt_l_druglike,0.45,0.6263500402918865,0.17204347826086952
nextmol_dmt_l_druglike,0.455,0.6311496896391007,0.17491304347826087
nextmol_dmt_l_druglike,0.46,0.6345296902721674,0.17808695652173914
nextmol_dmt_l_druglike,0.465,0.6490202573787898,0.1805217391304348
nextmol_dmt_l_druglike,0.47000000000000003,0.6571700751051297,0.18369565217391304
nextmol_dmt_l_druglike,0.47500000000000003,0.6708730451620045,0.1865217391304348
nextmol_dmt_l_druglike,0.48,0.6746509090748694,0.19047826086956518
nextmol_dmt_l_druglike,0.485,0.6816252650845803,0.1940869565217391
nextmol_dmt_l_druglike,0.49,0.6875746457522953,0.1971304347826087
nextmol_dmt_l_druglike,0.495,0.6939127833045478,0.20021739130434776
nextmol_dmt_l_druglike,0.5,0.6956956220439082,0.2032173913043478
nextmol_dmt_l_druglike,0.505,0.6956956220439082,0.2059130434782609
nextmol_dmt_l_druglike,0.51,0.6972484170749642,0.20891304347826087
nextmol_dmt_l_druglike,0.515,0.7037653869452335,0.21173913043478262
nextmol_dmt_l_druglike,0.52,0.7076202371448158,0.21486956521739128
nextmol_dmt_l_druglike,0.525,0.7103413911067437,0.21747826086956526
nextmol_dmt_l_druglike,0.53,0.7143195053814024,0.22134782608695652
nextmol_dmt_l_druglike,0.535,0.7207496379346131,0.22565217391304343
nextmol_dmt_l_druglike,0.54,0.7229479961746956,0.23013043478260875
nextmol_dmt_l_druglike,0.545,0.7274640214652063,0.23456521739130434
nextmol_dmt_l_druglike,0.55,0.7307225926339808,0.23856521739130432
nextmol_dmt_l_druglike,0.555,0.7333937370941035,0.24304347826086953
nextmol_dmt_l_druglike,0.56,0.7381927858560434,0.24830434782608693
nextmol_dmt_l_druglike,0.5650000000000001,0.7480280926433717,0.25347826086956526
nextmol_dmt_l_druglike,0.5700000000000001,0.7504116824681135,0.25952173913043475
nextmol_dmt_l_druglike,0.5750000000000001,0.7514725209701041,0.2647391304347826
nextmol_dmt_l_druglike,0.58,0.7541689867221638,0.2695652173913043
nextmol_dmt_l_druglike,0.585,0.7541689867221638,0.27404347826086956
nextmol_dmt_l_druglike,0.59,0.7674011972824969,0.27886956521739137
nextmol_dmt_l_druglike,0.595,0.7743668671389206,0.28313043478260874
nextmol_dmt_l_druglike,0.6,0.7783032519947182,0.28839130434782606
nextmol_dmt_l_druglike,0.605,0.7801329786236696,0.2927391304347826
nextmol_dmt_l_druglike,0.61,0.7832178812360576,0.297
nextmol_dmt_l_druglike,0.615,0.7874311976897507,0.3003478260869566
nextmol_dmt_l_druglike,0.62,0.7895378559165972,0.30352173913043484
nextmol_dmt_l_druglike,0.625,0.791921445741339,0.3066521739130435
nextmol_dmt_l_druglike,0.63,0.7949673881067522,0.3097826086956523
nextmol_dmt_l_druglike,0.635,0.7949673881067522,0.3131739130434783
nextmol_dmt_l_druglike,0.64,0.8004717024480995,0.3155652173913044
nextmol_dmt_l_druglike,0.645,0.8015794288396808,0.31830434782608696
nextmol_dmt_l_druglike,0.65,0.8018563604375761,0.32117391304347825
nextmol_dmt_l_druglike,0.655,0.8040674174810896,0.3238260869565218
nextmol_dmt_l_druglike,0.66,0.8042974611893942,0.32643478260869563
nextmol_dmt_l_druglike,0.665,0.8063807945227275,0.3290434782608696
nextmol_dmt_l_druglike,0.67,0.8080021031504054,0.3314782608695652
nextmol_dmt_l_druglike,0.675,0.8090695485822927,0.3338695652173913
nextmol_dmt_l_druglike,0.68,0.8124520702423,0.33591304347826084
nextmol_dmt_l_druglike,0.685,0.8146415606881598,0.3381304347826087
nextmol_dmt_l_druglike,0.6900000000000001,0.8160002563403338,0.3399565217391304
nextmol_dmt_l_druglike,0.6950000000000001,0.8176215649680119,0.34217391304347833
nextmol_dmt_l_druglike,0.7000000000000001,0.818081652384621,0.34543478260869565
nextmol_dmt_l_druglike,0.705,0.8191637369615823,0.34839130434782606
nextmol_dmt_l_druglike,0.71,0.8193937806698869,0.3508695652173913
nextmol_dmt_l_druglike,0.715,0.8209825200303654,0.35330434782608694
nextmol_dmt_l_druglike,0.72,0.8209825200303654,0.35591304347826086
nextmol_dmt_l_druglike,0.725,0.8209825200303654,0.35817391304347823
nextmol_dmt_l_druglike,0.73,0.8240628479099179,0.3609130434782608
nextmol_dmt_l_druglike,0.735,0.8267442340419856,0.36239130434782607
nextmol_dmt_l_druglike,0.74,0.8267442340419856,0.3647826086956522
nextmol_dmt_l_druglike,0.745,0.8267442340419856,0.36699999999999994
nextmol_dmt_l_druglike,0.75,0.8267442340419856,0.36952173913043473
nextmol_dmt_l_druglike,0.755,0.8267442340419856,0.37113043478260876
nextmol_dmt_l_druglike,0.76,0.8286992241970341,0.37343478260869567
nextmol_dmt_l_druglike,0.765,0.829943551528318,0.3757391304347827
nextmol_dmt_l_druglike,0.77,0.829943551528318,0.37821739130434784
nextmol_dmt_l_druglike,0.775,0.8308219002327537,0.38117391304347825
nextmol_dmt_l_druglike,0.78,0.8320641362575986,0.383695652173913
nextmol_dmt_l_druglike,0.785,0.8320641362575986,0.38604347826086954
nextmol_dmt_l_druglike,0.79,0.8328546500915905,0.38834782608695656
nextmol_dmt_l_druglike,0.795,0.8328546500915905,0.39121739130434785
nextmol_dmt_l_druglike,0.8,0.8328546500915905,0.39408695652173914
nextmol_dmt_l_druglike,0.805,0.8342133457437645,0.3971739130434783
nextmol_dmt_l_druglike,0.81,0.8357661407748204,0.39952173913043476
nextmol_dmt_l_druglike,0.8150000000000001,0.8357661407748204,0.40313043478260885
nextmol_dmt_l_druglike,0.8200000000000001,0.8357661407748204,0.4056086956521738
nextmol_dmt_l_druglike,0.8250000000000001,0.8362053151270381,0.4084347826086955
nextmol_dmt_l_druglike,0.8300000000000001,0.8375228381836916,0.4112173913043479
nextmol_dmt_l_druglike,0.835,0.8385625462880705,0.4137826086956523
nextmol_dmt_l_druglike,0.84,0.8385625462880705,0.4167826086956521
nextmol_dmt_l_druglike,0.845,0.8403401567613331,0.41939130434782607
nextmol_dmt_l_druglike,0.85,0.8403401567613331,0.42130434782608694
nextmol_dmt_l_druglike,0.855,0.8429020071492705,0.4233043478260869
nextmol_dmt_l_druglike,0.86,0.8437803558537063,0.42530434782608706
nextmol_dmt_l_druglike,0.865,0.8450100440399161,0.4281739130434783
nextmol_dmt_l_druglike,0.87,0.8458883927443516,0.4308260869565215
nextmol_dmt_l_druglike,0.875,0.8463275670965694,0.43330434782608684
nextmol_dmt_l_druglike,0.88,0.8472268288653966,0.43565217391304345
nextmol_dmt_l_druglike,0.885,0.8490044393386592,0.43826086956521737
nextmol_dmt_l_druglike,0.89,0.8502063901973607,0.4410434782608695
nextmol_dmt_l_druglike,0.895,0.8515448263184054,0.4432608695652173
nextmol_dmt_l_druglike,0.9,0.852862349375059,0.4455217391304348
nextmol_dmt_l_druglike,0.905,0.8554973954883659,0.4477826086956522
nextmol_dmt_l_druglike,0.91,0.8559365698405837,0.4496521739130434
nextmol_dmt_l_druglike,0.915,0.8577610682034371,0.45208695652173914
nextmol_dmt_l_druglike,0.92,0.8599569399645262,0.45504347826086955
nextmol_dmt_l_druglike,0.925,0.8608352886689619,0.457608695652174
nextmol_dmt_l_druglike,0.93,0.8621528117256154,0.46082608695652166
nextmol_dmt_l_druglike,0.935,0.8650388146116185,0.46391304347826084
nextmol_dmt_l_druglike,0.9400000000000001,0.8685166572198958,0.46634782608695646
nextmol_dmt_l_druglike,0.9450000000000001,0.8714569886101325,0.469391304347826
nextmol_dmt_l_druglike,0.9500000000000001,0.8736862758110644,0.47191304347826085
nextmol_dmt_l_druglike,0.9550000000000001,0.8755050588798475,0.4754347826086956
nextmol_dmt_l_druglike,0.96,0.8768644080652837,0.48021739130434776
nextmol_dmt_l_druglike,0.965,0.8793989805431456,0.48547826086956514
nextmol_dmt_l_druglike,0.97,0.8818667221413218,0.4897391304347825
nextmol_dmt_l_druglike,0.975,0.8843135506751069,0.494
nextmol_dmt_l_druglike,0.98,0.8854428561522384,0.49826086956521726
nextmol_dmt_l_druglike,0.985,0.8865930746937613,0.5029130434782608
nextmol_dmt_l_druglike,0.99,0.8894779768921646,0.5072608695652173
nextmol_dmt_l_druglike,0.995,0.8908373260776008,0.5118695652173912
nextmol_dmt_l_druglike,1.0,0.8912765004298187,0.5157391304347826
nextmol_dmt_l_druglike,1.0050000000000001,0.8912765004298187,0.5205217391304346
nextmol_dmt_l_druglike,1.01,0.8934195391861297,0.5248260869565218
nextmol_dmt_l_druglike,1.0150000000000001,0.8936495828944343,0.5292608695652175
nextmol_dmt_l_druglike,1.02,0.8959076435048976,0.5332173913043479
nextmol_dmt_l_druglike,1.025,0.8963677309215068,0.536304347826087
nextmol_dmt_l_druglike,1.03,0.8963677309215068,0.5399999999999999
nextmol_dmt_l_druglike,1.035,0.8970578620464204,0.5441304347826087
nextmol_dmt_l_druglike,1.04,0.8972879057547251,0.5485217391304347
nextmol_dmt_l_druglike,1.045,0.8982080805879434,0.5518260869565218
nextmol_dmt_l_druglike,1.05,0.899337386065075,0.555391304347826
nextmol_dmt_l_druglike,1.055,0.9002575608982933,0.559173913043478
nextmol_dmt_l_druglike,1.06,0.900947692023207,0.5616086956521739
nextmol_dmt_l_druglike,1.065,0.901846953792034,0.5639565217391305
nextmol_dmt_l_druglike,1.07,0.9020769975003387,0.5675652173913043
nextmol_dmt_l_druglike,1.075,0.902997172333557,0.5700434782608695
nextmol_dmt_l_druglike,1.08,0.9036873034584706,0.5724782608695652
nextmol_dmt_l_druglike,1.085,0.9041473908750798,0.5752173913043478
nextmol_dmt_l_druglike,1.09,0.9052766963522114,0.5778260869565218
nextmol_dmt_l_druglike,1.095,0.905715870704429,0.5805217391304348
nextmol_dmt_l_druglike,1.1,0.9061759581210381,0.5835217391304348
nextmol_dmt_l_druglike,1.105,0.9078379963963489,0.5861304347826087
nextmol_dmt_l_druglike,1.11,0.9089882149378717,0.5882173913043477
nextmol_dmt_l_druglike,1.115,0.9117366318739315,0.5902608695652174
nextmol_dmt_l_druglike,1.12,0.9117366318739315,0.5920869565217391
nextmol_dmt_l_druglike,1.125,0.9119666755822362,0.5945217391304348
nextmol_dmt_l_druglike,1.1300000000000001,0.9121967192905407,0.5961739130434783
nextmol_dmt_l_druglike,1.135,0.9131168941237592,0.5982173913043478
nextmol_dmt_l_druglike,1.1400000000000001,0.9143397580468517,0.6007391304347826
nextmol_dmt_l_druglike,1.145,0.9151025345533353,0.6032173913043478
nextmol_dmt_l_druglike,1.1500000000000001,0.9151025345533353,0.605
nextmol_dmt_l_druglike,1.155,0.9151025345533353,0.6071739130434785
nextmol_dmt_l_druglike,1.16,0.9160017963221625,0.6093913043478262
nextmol_dmt_l_druglike,1.165,0.9160017963221625,0.6116521739130435
nextmol_dmt_l_druglike,1.17,0.9164618837387717,0.6136521739130435
nextmol_dmt_l_druglike,1.175,0.9182174804600435,0.615608695652174
nextmol_dmt_l_druglike,1.18,0.918447524168348,0.6174782608695651
nextmol_dmt_l_druglike,1.185,0.9230241832072494,0.6191739130434782
nextmol_dmt_l_druglike,1.19,0.9237869597137331,0.6212173913043479
nextmol_dmt_l_druglike,1.195,0.9257516870789182,0.6235217391304347
nextmol_dmt_l_druglike,1.2,0.9284791909505867,0.6256956521739131
nextmol_dmt_l_druglike,1.205,0.9307675204700376,0.6275217391304347
nextmol_dmt_l_druglike,1.21,0.9337423488453235,0.6296521739130435
nextmol_dmt_l_druglike,1.215,0.9337423488453235,0.6320434782608696
nextmol_dmt_l_druglike,1.22,0.936793454871258,0.6344782608695652
nextmol_dmt_l_druglike,1.225,0.9375562313777416,0.6365652173913044
nextmol_dmt_l_druglike,1.23,0.9383190078842252,0.6390434782608695
nextmol_dmt_l_druglike,1.235,0.9390817843907088,0.6408260869565219
nextmol_dmt_l_druglike,1.24,0.9406073374036759,0.6426086956521739
nextmol_dmt_l_druglike,1.245,0.9421328904166432,0.6448695652173914
nextmol_dmt_l_druglike,1.25,0.9444212199360941,0.6467391304347825
nextmol_dmt_l_druglike,1.2550000000000001,0.9451839964425774,0.649
nextmol_dmt_l_druglike,1.26,0.9459467729490612,0.6515217391304348
nextmol_dmt_l_druglike,1.2650000000000001,0.9459467729490612,0.6546521739130435
nextmol_dmt_l_druglike,1.27,0.9459467729490612,0.657695652173913
nextmol_dmt_l_druglike,1.2750000000000001,0.9459467729490612,0.6600434782608696
nextmol_dmt_l_druglike,1.28,0.9469395931638493,0.661695652173913
nextmol_dmt_l_druglike,1.285,0.9483888685261682,0.6636956521739131
nextmol_dmt_l_druglike,1.29,0.9483888685261682,0.6658695652173913
nextmol_dmt_l_druglike,1.295,0.9488280428783861,0.6672173913043479
nextmol_dmt_l_druglike,1.3,0.9494972609389086,0.6689565217391304
nextmol_dmt_l_druglike,1.305,0.9494972609389086,0.6713043478260871
nextmol_dmt_l_druglike,1.31,0.9494972609389086,0.6732608695652175
nextmol_dmt_l_druglike,1.315,0.9494972609389086,0.675391304347826
nextmol_dmt_l_druglike,1.32,0.9494972609389086,0.6774782608695651
nextmol_dmt_l_druglike,1.325,0.9502600374453922,0.6797826086956522
nextmol_dmt_l_druglike,1.33,0.951709312807711,0.6817826086956522
nextmol_dmt_l_druglike,1.335,0.951709312807711,0.6836956521739129
nextmol_dmt_l_druglike,1.34,0.951709312807711,0.685391304347826
nextmol_dmt_l_druglike,1.345,0.9539213646765135,0.6871304347826088
nextmol_dmt_l_druglike,1.35,0.9553706400388322,0.6885652173913043
nextmol_dmt_l_druglike,1.355,0.9568199154011512,0.6898695652173912
nextmol_dmt_l_druglike,1.36,0.9580218662598526,0.6913478260869566
nextmol_dmt_l_druglike,1.365,0.9635554630977972,0.6931739130434782
nextmol_dmt_l_druglike,1.37,0.9664540138224349,0.6944782608695652
nextmol_dmt_l_druglike,1.375,0.9708018399093913,0.6960000000000001
nextmol_dmt_l_druglike,1.3800000000000001,0.9722511152717103,0.6972173913043479
nextmol_dmt_l_druglike,1.385,0.9751496659963479,0.698304347826087
nextmol_dmt_l_druglike,1.3900000000000001,0.9773617178651505,0.699695652173913
nextmol_dmt_l_druglike,1.395,0.9788109932274692,0.7008260869565217
nextmol_dmt_l_druglike,1.4000000000000001,0.9802602685897881,0.7021739130434783
nextmol_dmt_l_druglike,1.405,0.9802602685897881,0.704
nextmol_dmt_l_druglike,1.41,0.9846080946767445,0.7052173913043479
nextmol_dmt_l_druglike,1.415,0.9875066454013822,0.7067826086956522
nextmol_dmt_l_druglike,1.42,0.9889559207637011,0.7086086956521739
nextmol_dmt_l_druglike,1.425,0.9889559207637011,0.7102608695652175
nextmol_dmt_l_druglike,1.43,0.9904051961260198,0.7115217391304347
nextmol_dmt_l_druglike,1.435,0.9918544714883388,0.712913043478261
nextmol_dmt_l_druglike,1.44,0.9918544714883388,0.7144782608695653
nextmol_dmt_l_druglike,1.445,0.9933037468506576,0.7157826086956522
nextmol_dmt_l_druglike,1.45,0.9933037468506576,0.7168695652173914
nextmol_dmt_l_druglike,1.455,0.994066523357141,0.7181304347826086
nextmol_dmt_l_druglike,1.46,0.994066523357141,0.7192608695652172
nextmol_dmt_l_druglike,1.465,0.9963548528765919,0.7202173913043479
nextmol_dmt_l_druglike,1.47,0.9963548528765919,0.7213913043478261
nextmol_dmt_l_druglike,1.475,0.9963548528765919,0.7226086956521738
nextmol_dmt_l_druglike,1.48,0.9963548528765919,0.7234347826086953
nextmol_dmt_l_druglike,1.485,0.9978041282389107,0.7243478260869564
nextmol_dmt_l_druglike,1.49,0.9978041282389107,0.7250869565217389
nextmol_dmt_l_druglike,1.495,0.9982433025911286,0.7263478260869565
nextmol_dmt_l_druglike,1.5,0.9982433025911286,0.7275217391304348
