mol_id,method,heavy_atoms,rotatable_bonds,post_pb_confs,pb_input_confs,pb_pass_confs,pb_pass_rate,casf_best_rmsd,casf_median_rmsd,casf_hit_0p75,greedy_clusters_1p0,clusters_per_100_1p0,cluster_entropy_1p0
1bcu_1bcu_conf0,rdkit_random_raw_fixed,16,2,1000,1000,1000,1.0,0.0712157621564295,0.0823726660308632,1.0,1.0,0.1,0.0
1bcu_1bcu_conf0,rdkit_random_raw_chembl_count,16,2,1,1,1,1.0,0.0865935678932903,0.0865935678932903,1.0,1.0,100.0,0.0
1bcu_1bcu_conf0,rdkit_random_minimized_fixed,16,2,1000,1000,1000,1.0,0.0634948822603687,0.0635265489589263,1.0,1.0,0.1,0.0
1bcu_1bcu_conf0,rdkit_random_minimized_chembl_count,16,2,1,1,1,1.0,0.0671008938975808,0.0671008938975808,1.0,1.0,100.0,0.0
1bcu_1bcu_conf0,torsion_raw_fixed,16,2,1000,1000,1000,1.0,0.0664436352442721,0.0664436352442721,1.0,1.0,0.1,0.0
1bcu_1bcu_conf0,torsion_raw_chembl_count,16,2,1,1,1,1.0,0.0664436352442721,0.0664436352442721,1.0,1.0,100.0,0.0
1bcu_1bcu_conf0,torsion_minimized_fixed,16,2,1000,1000,1000,1.0,0.0634924977060413,0.0651134973589808,1.0,1.0,0.1,0.0
1bcu_1bcu_conf0,torsion_minimized_chembl_count,16,2,1,1,1,1.0,0.0651062735853778,0.0651062735853778,1.0,1.0,100.0,0.0
1c5z_1c5z_conf0,rdkit_random_raw_fixed,9,1,1000,1000,1000,1.0,0.1684517922902153,0.3051414478641867,1.0,1.0,0.1,0.0
1c5z_1c5z_conf0,rdkit_random_raw_chembl_count,9,1,1,1,1,1.0,0.1708354966461157,0.1708354966461157,1.0,1.0,100.0,0.0
1c5z_1c5z_conf0,rdkit_random_minimized_fixed,9,1,1000,1000,1000,1.0,0.3476708015116988,0.3477170045690302,1.0,1.0,0.1,0.0
1c5z_1c5z_conf0,rdkit_random_minimized_chembl_count,9,1,1,1,1,1.0,0.3477080997504604,0.3477080997504604,1.0,1.0,100.0,0.0
1c5z_1c5z_conf0,torsion_raw_fixed,9,1,1000,1000,1000,1.0,0.0261380618178228,0.4403944325035362,1.0,1.0,0.1,0.0
1c5z_1c5z_conf0,torsion_raw_chembl_count,9,1,1,1,1,1.0,0.5849723287023992,0.5849723287023992,1.0,1.0,100.0,0.0
1c5z_1c5z_conf0,torsion_minimized_fixed,9,1,1000,1000,1000,1.0,0.3476672273585811,0.3477094534697788,1.0,1.0,0.1,0.0
1c5z_1c5z_conf0,torsion_minimized_chembl_count,9,1,1,1,1,1.0,0.3476851264307825,0.3476851264307825,1.0,1.0,100.0,0.0
1lpg_1lpg_conf0,rdkit_random_raw_fixed,41,10,1000,1000,1000,1.0,0.9563817097902482,2.3543944166672164,0.0,125.0,12.5,0.874164191946307
1lpg_1lpg_conf0,rdkit_random_raw_chembl_count,41,10,193,193,193,1.0,1.4803773303507963,2.364983519559056,0.0,60.0,31.088082901554404,0.941097499810043
1lpg_1lpg_conf0,rdkit_random_minimized_fixed,41,10,1000,1000,1000,1.0,1.5532986354834748,2.726549923681985,0.0,64.0,6.4,0.8933248835259299
1lpg_1lpg_conf0,rdkit_random_minimized_chembl_count,41,10,193,193,193,1.0,1.628633314764221,2.741924515251392,0.0,42.0,21.76165803108808,0.9245574906600232
1lpg_1lpg_conf0,torsion_raw_fixed,41,10,865,1000,865,0.865,0.9706682631938814,2.619387603212878,0.0,637.0,73.64161849710983,0.9825285397684864
1lpg_1lpg_conf0,torsion_raw_chembl_count,41,10,165,193,165,0.8549222797927462,0.9706682631938814,2.5142850320646155,0.0,153.0,92.72727272727272,0.9949678624467956
1lpg_1lpg_conf0,torsion_minimized_fixed,41,10,1000,1000,1000,1.0,1.062582391340829,2.4981610410474566,0.0,100.0,10.0,0.8031770401104429
1lpg_1lpg_conf0,torsion_minimized_chembl_count,41,10,193,193,193,1.0,1.496783745201535,2.516014231201647,0.0,52.0,26.94300518134715,0.844337378321271
1mq6_1mq6_conf0,rdkit_random_raw_fixed,36,7,1000,1000,1000,1.0,1.0222095295189433,2.1040848749416527,0.0,74.0,7.4,0.8976910090716967
1mq6_1mq6_conf0,rdkit_random_raw_chembl_count,36,7,12,12,12,1.0,1.2185386057017549,1.898787903142992,0.0,9.0,75.0,0.973197315178593
1mq6_1mq6_conf0,rdkit_random_minimized_fixed,36,7,1000,1000,1000,1.0,0.8412425647601439,1.8647234413261395,0.0,67.0,6.7,0.8729714624466984
1mq6_1mq6_conf0,rdkit_random_minimized_chembl_count,36,7,12,12,12,1.0,1.5091253685848076,1.920561506422388,0.0,10.0,83.33333333333333,0.9788379141596312
1mq6_1mq6_conf0,torsion_raw_fixed,36,7,855,1000,855,0.855,1.0780365010669115,2.341652732200052,0.0,665.0,77.77777777777777,0.987695787641416
1mq6_1mq6_conf0,torsion_raw_chembl_count,36,7,10,12,10,0.8333333333333334,1.951105211763428,2.38638334845656,0.0,10.0,100.0,0.9999999999999998
1mq6_1mq6_conf0,torsion_minimized_fixed,36,7,1000,1000,1000,1.0,0.864152178875603,2.176671818113062,0.0,251.0,25.1,0.9233386134043944
1mq6_1mq6_conf0,torsion_minimized_chembl_count,36,7,12,12,12,1.0,1.4604013948830905,2.513753578722952,0.0,11.0,91.66666666666669,0.9881090915741206
1nc3_1nc3_conf0,rdkit_random_raw_fixed,19,6,1000,1000,1000,1.0,0.8438497530247542,1.4035483701535707,0.0,4.0,0.4,0.997101037209674
1nc3_1nc3_conf0,rdkit_random_raw_chembl_count,19,6,196,196,196,1.0,0.8612557286753005,1.13414896901871,0.0,3.0,1.530612244897959,0.9069519401647008
1nc3_1nc3_conf0,rdkit_random_minimized_fixed,19,6,1000,1000,1000,1.0,0.5330845386634275,1.1063832519300911,1.0,5.0,0.5,0.8588017813977189
1nc3_1nc3_conf0,rdkit_random_minimized_chembl_count,19,6,196,196,196,1.0,0.5978371368289888,1.2313546166774614,1.0,4.0,2.0408163265306123,0.9893657597184
1nc3_1nc3_conf0,torsion_raw_fixed,19,6,1000,1000,1000,1.0,0.4898155360717913,1.0976716263098183,1.0,3.0,0.3,0.9924300152134388
1nc3_1nc3_conf0,torsion_raw_chembl_count,19,6,196,196,196,1.0,0.4898155360717913,1.090927294761742,1.0,3.0,1.530612244897959,0.8962523407621343
1nc3_1nc3_conf0,torsion_minimized_fixed,19,6,1000,1000,1000,1.0,0.5330569732683202,1.0593498217836614,1.0,3.0,0.3,0.8170672030687093
1nc3_1nc3_conf0,torsion_minimized_chembl_count,19,6,196,196,196,1.0,0.5330690314516529,1.0268196308888116,1.0,2.0,1.020408163265306,0.9216597034450196
1o3f_1o3f_conf0,rdkit_random_raw_fixed,25,4,1000,1000,1000,1.0,0.2204809495749321,1.375707415083543,1.0,2.0,0.2,0.9996508396313204
1o3f_1o3f_conf0,rdkit_random_raw_chembl_count,25,4,31,31,31,1.0,0.2322169824552314,1.3998354188534765,1.0,2.0,6.451612903225806,0.9629004147713268
1o3f_1o3f_conf0,rdkit_random_minimized_fixed,25,4,1000,1000,1000,1.0,0.459854534973304,1.0861883679288216,1.0,3.0,0.3,0.9598066790782844
1o3f_1o3f_conf0,rdkit_random_minimized_chembl_count,25,4,31,31,31,1.0,0.4601349188498289,0.5239859851345456,1.0,2.0,6.451612903225806,0.9383153522334068
1o3f_1o3f_conf0,torsion_raw_fixed,25,4,979,1000,979,0.979,0.1817229227900666,1.1521015748356875,1.0,2.0,0.2042900919305413,0.9997824801825566
1o3f_1o3f_conf0,torsion_raw_chembl_count,25,4,31,31,31,1.0,0.3583247521260614,1.2206428339513369,1.0,3.0,9.67741935483871,0.9290527370129849
1o3f_1o3f_conf0,torsion_minimized_fixed,25,4,1000,1000,1000,1.0,0.4592391245922191,0.6302177400965501,1.0,3.0,0.3,0.8747248041332906
1o3f_1o3f_conf0,torsion_minimized_chembl_count,25,4,31,31,31,1.0,0.4601689598530635,1.0862615013814785,1.0,3.0,9.67741935483871,0.9524173070989868
1o5b_1o5b_conf0,rdkit_random_raw_fixed,13,1,1000,1000,1000,1.0,0.2016623670118301,0.2580934997732536,1.0,1.0,0.1,0.0
1o5b_1o5b_conf0,rdkit_random_raw_chembl_count,13,1,1,1,1,1.0,0.2113879953387311,0.2113879953387311,1.0,1.0,100.0,0.0
1o5b_1o5b_conf0,rdkit_random_minimized_fixed,13,1,1000,1000,1000,1.0,0.171936923256873,0.1720663369113532,1.0,1.0,0.1,0.0
1o5b_1o5b_conf0,rdkit_random_minimized_chembl_count,13,1,1,1,1,1.0,0.243537528792749,0.243537528792749,1.0,1.0,100.0,0.0
1o5b_1o5b_conf0,torsion_raw_fixed,13,1,1000,1000,1000,1.0,0.0720044128837533,0.4244528363454019,1.0,1.0,0.1,0.0
1o5b_1o5b_conf0,torsion_raw_chembl_count,13,1,1,1,1,1.0,0.5749549602278331,0.5749549602278331,1.0,1.0,100.0,0.0
1o5b_1o5b_conf0,torsion_minimized_fixed,13,1,1000,1000,1000,1.0,0.1719388431148543,0.172060197153928,1.0,1.0,0.1,0.0
1o5b_1o5b_conf0,torsion_minimized_chembl_count,13,1,1,1,1,1.0,0.1719467014533922,0.1719467014533922,1.0,1.0,100.0,0.0
1owh_1owh_conf0,rdkit_random_raw_fixed,24,5,1000,1000,1000,1.0,0.450478388155105,0.772068696103168,1.0,2.0,0.2,0.9401647521318284
1owh_1owh_conf0,rdkit_random_raw_chembl_count,24,5,12,12,12,1.0,0.5858170799563526,0.7043577420284345,1.0,2.0,16.666666666666668,0.6500224216483541
1owh_1owh_conf0,rdkit_random_minimized_fixed,24,5,1000,1000,1000,1.0,0.2700515925613423,0.8891431427522277,1.0,2.0,0.2,0.9295231861792262
1owh_1owh_conf0,rdkit_random_minimized_chembl_count,24,5,12,12,12,1.0,0.7440011103740356,0.9166320962921513,1.0,2.0,16.666666666666668,0.9798687566511528
1owh_1owh_conf0,torsion_raw_fixed,24,5,981,1000,981,0.981,0.5501817030258629,1.391873402377224,1.0,13.0,1.325178389398573,0.9280559403381796
1owh_1owh_conf0,torsion_raw_chembl_count,24,5,12,12,12,1.0,0.890844528338262,1.6261970359833309,0.0,4.0,33.333333333333336,0.9591479170272448
1owh_1owh_conf0,torsion_minimized_fixed,24,5,1000,1000,1000,1.0,0.2700454889124792,1.1576893939000468,1.0,5.0,0.5,0.7358580824812954
1owh_1owh_conf0,torsion_minimized_chembl_count,24,5,12,12,12,1.0,0.2702621051853779,1.1926429511539212,1.0,4.0,33.333333333333336,0.603759374819711
1p1n_1p1n_conf0,rdkit_random_raw_fixed,15,4,1000,1000,1000,1.0,0.2330087225931988,1.2463733348564945,1.0,14.0,1.4,0.985071170616762
1p1n_1p1n_conf0,rdkit_random_raw_chembl_count,15,4,23,23,23,1.0,0.3305761662418477,1.2301061777430988,1.0,8.0,34.78260869565217,0.9518463335175508
1p1n_1p1n_conf0,rdkit_random_minimized_fixed,15,4,1000,1000,1000,1.0,0.9935372032947536,1.260454082132794,0.0,2.0,0.2,0.9331717984240896
1p1n_1p1n_conf0,rdkit_random_minimized_chembl_count,15,4,23,23,23,1.0,0.9935482045933406,1.2604500547316528,0.0,2.0,8.695652173913043,0.9321115676166748
1p1n_1p1n_conf0,torsion_raw_fixed,15,4,707,1000,707,0.707,0.2794598003076076,0.8038856859427038,1.0,4.0,0.5657708628005658,0.9506409246097745
1p1n_1p1n_conf0,torsion_raw_chembl_count,15,4,17,23,17,0.7391304347826086,0.4280604550449477,0.7547831357219196,1.0,3.0,17.647058823529413,0.9603948809345496
1p1n_1p1n_conf0,torsion_minimized_fixed,15,4,1000,1000,1000,1.0,0.993535677150604,0.9935613990569516,0.0,1.0,0.1,0.0
1p1n_1p1n_conf0,torsion_minimized_chembl_count,15,4,23,23,23,1.0,0.993549171501268,0.9935620969726376,0.0,1.0,4.3478260869565215,0.0
1pxn_1pxn_conf0,rdkit_random_raw_fixed,22,5,1000,1000,1000,1.0,0.1529812697742953,1.392678864301549,1.0,12.0,1.2,0.8334909255810298
1pxn_1pxn_conf0,rdkit_random_raw_chembl_count,22,5,200,200,200,1.0,0.15976287239027,1.653099655884891,1.0,9.0,4.5,0.8633374911670961
1pxn_1pxn_conf0,rdkit_random_minimized_fixed,22,5,1000,1000,1000,1.0,0.7845257642434512,1.5926808430802537,0.0,7.0,0.7,0.9455946640918352
1pxn_1pxn_conf0,rdkit_random_minimized_chembl_count,22,5,200,200,200,1.0,0.7847395777644876,1.5926620682900556,0.0,7.0,3.5,0.9403697540269388
1pxn_1pxn_conf0,torsion_raw_fixed,22,5,1000,1000,1000,1.0,0.3996531937341228,1.4480185222182134,1.0,10.0,1.0,0.9296781493048448
1pxn_1pxn_conf0,torsion_raw_chembl_count,22,5,200,200,200,1.0,0.4097856998480991,1.4794199865134134,1.0,9.0,4.5,0.9629651830475192
1pxn_1pxn_conf0,torsion_minimized_fixed,22,5,1000,1000,1000,1.0,0.784285231963534,1.592684910832301,0.0,7.0,0.7,0.9046592803020924
1pxn_1pxn_conf0,torsion_minimized_chembl_count,22,5,200,200,200,1.0,0.7847450499964953,1.592684295827648,0.0,7.0,3.5,0.889216686058183
1sqa_1sqa_conf0,rdkit_random_raw_fixed,31,7,1000,1000,1000,1.0,0.7602919969253246,0.9831679035758718,0.0,3.0,0.3,0.8742837572207801
1sqa_1sqa_conf0,rdkit_random_raw_chembl_count,31,7,200,200,200,1.0,0.7602919969253246,0.9584082752307042,0.0,4.0,2.0,0.9262208721407308
1sqa_1sqa_conf0,rdkit_random_minimized_fixed,31,7,1000,1000,1000,1.0,0.5517033300838461,1.0989450842811084,1.0,3.0,0.3,0.9719998827909349
1sqa_1sqa_conf0,rdkit_random_minimized_chembl_count,31,7,200,200,200,1.0,0.5867549399909664,1.1486206447492493,1.0,3.0,1.5,0.9539831652197946
1sqa_1sqa_conf0,torsion_raw_fixed,31,7,986,1000,986,0.986,0.7636399103880016,1.622830649918913,0.0,55.0,5.578093306288032,0.9372630352954112
1sqa_1sqa_conf0,torsion_raw_chembl_count,31,7,198,200,198,0.99,0.7636399103880016,1.5956905115054858,0.0,40.0,20.2020202020202,0.9199025180557422
1sqa_1sqa_conf0,torsion_minimized_fixed,31,7,1000,1000,1000,1.0,0.5517022305795901,1.3043873052349737,1.0,18.0,1.8,0.7200589931990671
1sqa_1sqa_conf0,torsion_minimized_chembl_count,31,7,200,200,200,1.0,0.7397064461216152,1.3033798582461678,1.0,15.0,7.5,0.7559354253252947
1uto_1uto_conf0,rdkit_random_raw_fixed,9,3,1000,1000,1000,1.0,0.1529298749843564,0.6501384493695475,1.0,1.0,0.1,0.0
1uto_1uto_conf0,rdkit_random_raw_chembl_count,9,3,7,7,7,1.0,0.2034127430319686,0.6872733351535407,1.0,1.0,14.285714285714286,0.0
1uto_1uto_conf0,rdkit_random_minimized_fixed,9,3,1000,1000,1000,1.0,0.1875726119535781,0.6766757793268489,1.0,1.0,0.1,0.0
1uto_1uto_conf0,rdkit_random_minimized_chembl_count,9,3,7,7,7,1.0,0.1876378836519705,0.6918594309856618,1.0,1.0,14.285714285714286,0.0
1uto_1uto_conf0,torsion_raw_fixed,9,3,991,1000,991,0.991,0.0609446885684811,0.4727978806365528,1.0,1.0,0.1009081735620585,0.0
1uto_1uto_conf0,torsion_raw_chembl_count,9,3,7,7,7,1.0,0.2256006549112407,0.4514158399328418,1.0,1.0,14.285714285714286,0.0
1uto_1uto_conf0,torsion_minimized_fixed,9,3,1000,1000,1000,1.0,0.1875982621470369,0.676660825358097,1.0,1.0,0.1,0.0
1uto_1uto_conf0,torsion_minimized_chembl_count,9,3,7,7,7,1.0,0.1876279810914667,0.6766639227600331,1.0,1.0,14.285714285714286,0.0
1yc1_1yc1_conf0,rdkit_random_raw_fixed,27,6,1000,1000,1000,1.0,0.1872132312110739,1.6474730900654693,1.0,10.0,1.0,0.9089629220181152
1yc1_1yc1_conf0,rdkit_random_raw_chembl_count,27,6,168,168,168,1.0,0.1979908708752402,1.4987329362382966,1.0,9.0,5.357142857142857,0.8575901301825989
1yc1_1yc1_conf0,rdkit_random_minimized_fixed,27,6,1000,1000,1000,1.0,0.4186516987098924,1.537457353432402,1.0,8.0,0.8,0.9943214343372369
1yc1_1yc1_conf0,rdkit_random_minimized_chembl_count,27,6,168,168,168,1.0,0.4186545783318943,1.5349918650151837,1.0,8.0,4.761904761904762,0.9806169410052156
1yc1_1yc1_conf0,torsion_raw_fixed,27,6,808,1000,808,0.808,0.402594086038592,1.1972362428575614,1.0,9.0,1.113861386138614,0.977158081133262
1yc1_1yc1_conf0,torsion_raw_chembl_count,27,6,141,168,141,0.8392857142857143,0.5021219853433959,1.1897788761587018,1.0,9.0,6.382978723404255,0.939938570264162
1yc1_1yc1_conf0,torsion_minimized_fixed,27,6,1000,1000,1000,1.0,0.4186552387433429,1.24172879872686,1.0,8.0,0.8,0.8387597005761082
1yc1_1yc1_conf0,torsion_minimized_chembl_count,27,6,168,168,168,1.0,0.418662888930806,1.2787000106031052,1.0,8.0,4.761904761904762,0.8328553372081644
1ydr_1ydr_conf0,rdkit_random_raw_fixed,20,2,1000,1000,1000,1.0,0.4647276084715935,1.59776332761379,1.0,17.0,1.7,0.9179168258595408
1ydr_1ydr_conf0,rdkit_random_raw_chembl_count,20,2,16,16,16,1.0,0.6953714246301075,1.5340777241578325,1.0,8.0,50.0,0.9268796874098556
1ydr_1ydr_conf0,rdkit_random_minimized_fixed,20,2,1000,1000,1000,1.0,0.4436469899519062,1.7424662554323729,1.0,14.0,1.4,0.9334127495693504
1ydr_1ydr_conf0,rdkit_random_minimized_chembl_count,20,2,16,16,16,1.0,0.9396355184396212,1.7459082836717623,0.0,9.0,56.25,0.9411763975446984
1ydr_1ydr_conf0,torsion_raw_fixed,20,2,774,1000,774,0.774,0.4224963494981155,1.9304001223572396,1.0,9.0,1.162790697674419,0.8877331810993404
1ydr_1ydr_conf0,torsion_raw_chembl_count,20,2,14,16,14,0.875,0.4633592175802288,1.7328846565201448,1.0,4.0,28.571428571428573,0.8622039089312961
1ydr_1ydr_conf0,torsion_minimized_fixed,20,2,1000,1000,1000,1.0,0.4436443820093412,1.8787996297423724,1.0,7.0,0.7,0.8002347940606
1ydr_1ydr_conf0,torsion_minimized_chembl_count,20,2,16,16,16,1.0,0.4436658869693211,1.7424204310134097,1.0,5.0,31.25,0.8850560605654572
1ydt_1ydt_conf0,rdkit_random_raw_fixed,27,8,998,1000,998,0.998,0.8528256956143284,2.296953076848113,0.0,116.0,11.623246492985972,0.9376459606432456
1ydt_1ydt_conf0,rdkit_random_raw_chembl_count,27,8,140,140,140,1.0,1.0046384561556323,2.2831276007508787,0.0,67.0,47.85714285714285,0.9603998495913147
1ydt_1ydt_conf0,rdkit_random_minimized_fixed,27,8,1000,1000,1000,1.0,0.7629276441903858,2.663352679457138,0.0,107.0,10.7,0.9006200151117186
1ydt_1ydt_conf0,rdkit_random_minimized_chembl_count,27,8,140,140,140,1.0,0.8731863765319583,2.6514402639213834,0.0,61.0,43.57142857142857,0.9121454344470264
1ydt_1ydt_conf0,torsion_raw_fixed,27,8,788,1000,788,0.788,1.2125615704244168,2.380922030820604,0.0,218.0,27.66497461928934,0.9555343040222802
1ydt_1ydt_conf0,torsion_raw_chembl_count,27,8,111,140,111,0.7928571428571428,1.355316716420719,2.4104907181268547,0.0,76.0,68.46846846846847,0.9735273041095002
1ydt_1ydt_conf0,torsion_minimized_fixed,27,8,1000,1000,1000,1.0,0.6772895831683583,2.3676577822170106,1.0,111.0,11.1,0.8998008001735193
1ydt_1ydt_conf0,torsion_minimized_chembl_count,27,8,140,140,140,1.0,1.1450940199223971,2.412742901261618,0.0,54.0,38.57142857142857,0.9299643095643744
1z6e_1z6e_conf0,rdkit_random_raw_fixed,38,7,1000,1000,1000,1.0,0.5810799111462474,2.1276912410478683,1.0,59.0,5.9,0.9163298117359618
1z6e_1z6e_conf0,rdkit_random_raw_chembl_count,38,7,200,200,200,1.0,0.6005818820276009,2.107250441263204,1.0,45.0,22.5,0.9191296572753236
1z6e_1z6e_conf0,rdkit_random_minimized_fixed,38,7,1000,1000,1000,1.0,1.1566465643826784,2.309067600569872,0.0,55.0,5.5,0.9308323321518412
1z6e_1z6e_conf0,rdkit_random_minimized_chembl_count,38,7,200,200,200,1.0,1.1566784184994974,2.3352410689719747,0.0,44.0,22.0,0.9256119881001011
1z6e_1z6e_conf0,torsion_raw_fixed,38,7,829,1000,829,0.829,1.0068141707395175,2.2876094378192127,0.0,309.0,37.27382388419783,0.9591674190003646
1z6e_1z6e_conf0,torsion_raw_chembl_count,38,7,164,200,164,0.82,1.1118643334068636,2.321473643633932,0.0,118.0,71.95121951219512,0.9778438913264148
1z6e_1z6e_conf0,torsion_minimized_fixed,38,7,1000,1000,1000,1.0,1.156668152821925,2.3689634672052944,0.0,91.0,9.1,0.8722223436298294
1z6e_1z6e_conf0,torsion_minimized_chembl_count,38,7,200,200,200,1.0,1.4506895254633714,2.43952559243738,0.0,60.0,30.0,0.911604341552686
1z95_1z95_conf0,rdkit_random_raw_fixed,29,6,1000,1000,1000,1.0,0.7966315354430136,2.097465723156553,0.0,49.0,4.9,0.905116479792968
1z95_1z95_conf0,rdkit_random_raw_chembl_count,29,6,198,198,198,1.0,0.9673514917644987,2.108597093079519,0.0,35.0,17.67676767676768,0.9247994861998444
1z95_1z95_conf0,rdkit_random_minimized_fixed,29,6,1000,1000,1000,1.0,1.2066854676161791,2.170806072119423,0.0,46.0,4.6,0.9283323240371906
1z95_1z95_conf0,rdkit_random_minimized_chembl_count,29,6,198,198,198,1.0,1.2066854676161791,2.196902366606242,0.0,38.0,19.19191919191919,0.915773319745526
1z95_1z95_conf0,torsion_raw_fixed,29,6,894,1000,894,0.894,0.8502286252260343,2.063854303699319,0.0,219.0,24.49664429530201,0.947233085602554
1z95_1z95_conf0,torsion_raw_chembl_count,29,6,182,198,182,0.9191919191919192,0.9328511603570732,2.04159630711297,0.0,96.0,52.747252747252745,0.9624089096119374
1z95_1z95_conf0,torsion_minimized_fixed,29,6,1000,1000,1000,1.0,0.654236192121516,2.0884457846981856,1.0,78.0,7.8,0.8289677498233033
1z95_1z95_conf0,torsion_minimized_chembl_count,29,6,198,198,198,1.0,1.2066733128078395,2.163290017889428,0.0,50.0,25.252525252525253,0.8776135179686324
1z9g_1z9g_conf0,rdkit_random_raw_fixed,17,7,1000,1000,1000,1.0,0.4701382888557844,1.610178539910083,1.0,14.0,1.4,0.876258346973362
1z9g_1z9g_conf0,rdkit_random_raw_chembl_count,17,7,199,199,199,1.0,0.5012835047838634,1.60588659595912,1.0,11.0,5.527638190954774,0.9311713644729775
1z9g_1z9g_conf0,rdkit_random_minimized_fixed,17,7,1000,1000,1000,1.0,0.9159199674831516,1.556310988849198,0.0,8.0,0.8,0.7860550628111748
1z9g_1z9g_conf0,rdkit_random_minimized_chembl_count,17,7,199,199,199,1.0,0.9159342745100704,1.578963882339547,0.0,8.0,4.0201005025125625,0.8146028965332169
1z9g_1z9g_conf0,torsion_raw_fixed,17,7,853,1000,853,0.853,0.589757331096485,1.4403097012689725,1.0,69.0,8.089097303634231,0.931794058058045
1z9g_1z9g_conf0,torsion_raw_chembl_count,17,7,174,199,174,0.8743718592964824,0.6395461212561305,1.3848834894074171,1.0,42.0,24.13793103448276,0.9292540161199316
1z9g_1z9g_conf0,torsion_minimized_fixed,17,7,1000,1000,1000,1.0,0.7505475624990713,1.5789631054434576,0.0,26.0,2.6,0.7482713116149947
1z9g_1z9g_conf0,torsion_minimized_chembl_count,17,7,199,199,199,1.0,0.7505475624990713,1.5789682726204968,0.0,23.0,11.55778894472362,0.7691228020115523
2br1_2br1_conf0,rdkit_random_raw_fixed,29,8,999,1000,999,0.999,0.5035323023544979,0.9759191573140686,1.0,3.0,0.3003003003003003,0.6117097239623219
2br1_2br1_conf0,rdkit_random_raw_chembl_count,29,8,200,200,200,1.0,0.5035323023544979,0.9805123935541142,1.0,3.0,1.5,0.6619677597138458
2br1_2br1_conf0,rdkit_random_minimized_fixed,29,8,1000,1000,1000,1.0,0.3002274105548072,0.8664761654694695,1.0,4.0,0.4,0.6263040641751185
2br1_2br1_conf0,rdkit_random_minimized_chembl_count,29,8,200,200,200,1.0,0.3002284062374456,0.8654962398260253,1.0,2.0,1.0,0.9877746553159468
2br1_2br1_conf0,torsion_raw_fixed,29,8,704,1000,704,0.704,0.5552543754641344,1.0394172430365305,1.0,6.0,0.8522727272727273,0.9716278127862475
2br1_2br1_conf0,torsion_raw_chembl_count,29,8,140,200,140,0.7,0.5552543754641344,1.049928119306747,1.0,4.0,2.857142857142857,0.850819470747001
2br1_2br1_conf0,torsion_minimized_fixed,29,8,1000,1000,1000,1.0,0.3002318189452692,0.9337726569094822,1.0,4.0,0.4,0.8983572579893989
2br1_2br1_conf0,torsion_minimized_chembl_count,29,8,200,200,200,1.0,0.440222066053392,0.9421139685227226,1.0,3.0,1.5,0.9992884434414216
2brb_2brb_conf0,rdkit_random_raw_fixed,25,6,1000,1000,1000,1.0,0.3238739048093821,0.8565896220965679,1.0,4.0,0.4,0.4825064091370998
2brb_2brb_conf0,rdkit_random_raw_chembl_count,25,6,200,200,200,1.0,0.3238739048093821,0.8571133813513243,1.0,2.0,1.0,0.9679505356936396
2brb_2brb_conf0,rdkit_random_minimized_fixed,25,6,1000,1000,1000,1.0,0.3121959168905623,0.7050790777207772,1.0,4.0,0.4,0.8870890588239972
2brb_2brb_conf0,rdkit_random_minimized_chembl_count,25,6,200,200,200,1.0,0.3121959484500901,0.7163170882008791,1.0,3.0,1.5,0.7463658130156803
2brb_2brb_conf0,torsion_raw_fixed,25,6,686,1000,686,0.686,0.3100352381277049,0.90993164138138,1.0,5.0,0.7288629737609329,0.8708681239074745
2brb_2brb_conf0,torsion_raw_chembl_count,25,6,152,200,152,0.76,0.3343806537705547,0.8922888096540067,1.0,4.0,2.631578947368421,0.942922510131655
2brb_2brb_conf0,torsion_minimized_fixed,25,6,1000,1000,1000,1.0,0.3121965321182757,0.7939865320580352,1.0,4.0,0.4,0.9183243584145058
2brb_2brb_conf0,torsion_minimized_chembl_count,25,6,200,200,200,1.0,0.3122089974600392,0.8518521927824154,1.0,3.0,1.5,0.7839427554537651
2c3i_2c3i_conf0,rdkit_random_raw_fixed,23,5,1000,1000,1000,1.0,0.5701115983053979,1.4431902276438444,1.0,25.0,2.5,0.9398076534787784
2c3i_2c3i_conf0,rdkit_random_raw_chembl_count,23,5,200,200,200,1.0,0.5771749789595451,1.4336779403286588,1.0,22.0,11.0,0.9587286895987628
2c3i_2c3i_conf0,rdkit_random_minimized_fixed,23,5,1000,1000,1000,1.0,0.4815263406455072,1.396115749717965,1.0,17.0,1.7,0.974178886412366
2c3i_2c3i_conf0,rdkit_random_minimized_chembl_count,23,5,200,200,200,1.0,0.48153499347633,1.4049147240662156,1.0,17.0,8.5,0.9515022384946789
2c3i_2c3i_conf0,torsion_raw_fixed,23,5,987,1000,987,0.987,0.5139992464589156,1.4228946707288828,1.0,19.0,1.9250253292806483,0.9258797698229172
2c3i_2c3i_conf0,torsion_raw_chembl_count,23,5,198,200,198,0.99,0.5387242003270941,1.504571810052323,1.0,17.0,8.585858585858587,0.9221156328327044
2c3i_2c3i_conf0,torsion_minimized_fixed,23,5,1000,1000,1000,1.0,0.4815199140514209,1.346565812610261,1.0,16.0,1.6,0.8221774021489364
2c3i_2c3i_conf0,torsion_minimized_chembl_count,23,5,200,200,200,1.0,0.481529117167441,1.3575316315319457,1.0,14.0,7.0,0.8569565639674251
2fvd_2fvd_conf0,rdkit_random_raw_fixed,30,7,1000,1000,1000,1.0,1.3166882044385098,2.3034156206769296,0.0,37.0,3.7,0.952407025177105
2fvd_2fvd_conf0,rdkit_random_raw_chembl_count,30,7,200,200,200,1.0,1.4532179413146822,2.333348235729887,0.0,30.0,15.0,0.944659115419314
2fvd_2fvd_conf0,rdkit_random_minimized_fixed,30,7,1000,1000,1000,1.0,0.6400752051624249,2.237438583934554,1.0,42.0,4.2,0.8388433505970572
2fvd_2fvd_conf0,rdkit_random_minimized_chembl_count,30,7,200,200,200,1.0,0.6400752051624249,2.1831337689133843,1.0,29.0,14.5,0.8972135924533865
2fvd_2fvd_conf0,torsion_raw_fixed,30,7,934,1000,934,0.934,0.9565083090530304,2.300269195498334,0.0,91.0,9.74304068522484,0.9559965917893988
2fvd_2fvd_conf0,torsion_raw_chembl_count,30,7,184,200,184,0.92,1.1800975590751115,2.265083305382332,0.0,59.0,32.06521739130435,0.9498779386571412
2fvd_2fvd_conf0,torsion_minimized_fixed,30,7,1000,1000,1000,1.0,0.5609148759099188,2.309386650794967,1.0,34.0,3.4,0.8770221893705658
2fvd_2fvd_conf0,torsion_minimized_chembl_count,30,7,200,200,200,1.0,0.5609792486816269,2.3657637079184157,1.0,26.0,13.0,0.874096594768652
2hb1_2hb1_conf0,rdkit_random_raw_fixed,14,4,1000,1000,1000,1.0,0.1408389324830947,0.9507728093084362,1.0,3.0,0.3,0.993561031111476
2hb1_2hb1_conf0,rdkit_random_raw_chembl_count,14,4,38,38,38,1.0,0.1589918201284167,0.9367871871852488,1.0,3.0,7.894736842105263,0.8902594291624609
2hb1_2hb1_conf0,rdkit_random_minimized_fixed,14,4,1000,1000,1000,1.0,0.7923538023511063,0.981838115675682,0.0,2.0,0.2,0.9998153271549208
2hb1_2hb1_conf0,rdkit_random_minimized_chembl_count,14,4,38,38,38,1.0,0.7932814520439762,0.8876040922920526,0.0,1.0,2.631578947368421,0.0
2hb1_2hb1_conf0,torsion_raw_fixed,14,4,945,1000,945,0.945,0.1942279121438819,0.8168247425351873,1.0,5.0,0.5291005291005291,0.8756843845773542
2hb1_2hb1_conf0,torsion_raw_chembl_count,14,4,35,38,35,0.9210526315789472,0.3871146026926221,0.8117122846404952,1.0,3.0,8.571428571428571,0.8983910626338965
2hb1_2hb1_conf0,torsion_minimized_fixed,14,4,1000,1000,1000,1.0,0.6572616511674437,0.7934043037174573,1.0,2.0,0.2,0.7337669895308355
2hb1_2hb1_conf0,torsion_minimized_chembl_count,14,4,38,38,38,1.0,0.7932744076499683,0.7934000734494353,0.0,2.0,5.2631578947368425,0.9677884628267678
2p4y_2p4y_conf0,rdkit_random_raw_fixed,40,8,1000,1000,1000,1.0,0.9972032980993948,2.571641026628796,0.0,79.0,7.9,0.9136557938295712
2p4y_2p4y_conf0,rdkit_random_raw_chembl_count,40,8,174,174,174,1.0,1.0463349865698148,2.506344841038181,0.0,48.0,27.58620689655172,0.9386873577450584
2p4y_2p4y_conf0,rdkit_random_minimized_fixed,40,8,1000,1000,1000,1.0,0.9929715380323504,2.7573047553792245,0.0,76.0,7.6,0.8786664807442909
2p4y_2p4y_conf0,rdkit_random_minimized_chembl_count,40,8,174,174,174,1.0,1.244942746216014,2.7271298698217983,0.0,44.0,25.28735632183908,0.9217568740187742
2p4y_2p4y_conf0,torsion_raw_fixed,40,8,678,1000,678,0.678,1.1348536998522791,2.5185338482106125,0.0,211.0,31.12094395280236,0.961348909191612
2p4y_2p4y_conf0,torsion_raw_chembl_count,40,8,126,174,126,0.7241379310344828,1.3582860395617344,2.5445244635613555,0.0,81.0,64.28571428571429,0.9703025746202912
2p4y_2p4y_conf0,torsion_minimized_fixed,40,8,1000,1000,1000,1.0,1.128871760472666,2.565638227197554,0.0,70.0,7.0,0.8126639232597657
2p4y_2p4y_conf0,torsion_minimized_chembl_count,40,8,174,174,174,1.0,1.4637395938864275,2.5655843452988263,0.0,34.0,19.54022988505747,0.8437780840370002
2pog_2pog_conf0,rdkit_random_raw_fixed,21,3,1000,1000,1000,1.0,0.3052717087060275,0.6473988266593412,1.0,4.0,0.4,0.93216722650632
2pog_2pog_conf0,rdkit_random_raw_chembl_count,21,3,10,10,10,1.0,0.4401380011079622,0.6723653147739579,1.0,3.0,30.0,0.81734542214651
2pog_2pog_conf0,rdkit_random_minimized_fixed,21,3,1000,1000,1000,1.0,0.2392934126366955,0.3609573887209018,1.0,2.0,0.2,0.894324416158213
2pog_2pog_conf0,rdkit_random_minimized_chembl_count,21,3,10,10,10,1.0,0.2416296416337113,0.3601858373732552,1.0,2.0,20.0,0.4689955935892811
2pog_2pog_conf0,torsion_raw_fixed,21,3,1000,1000,1000,1.0,0.3330835986980298,0.5636693399438271,1.0,1.0,0.1,0.0
2pog_2pog_conf0,torsion_raw_chembl_count,21,3,10,10,10,1.0,0.3404686458373064,0.5643033532074542,1.0,1.0,10.0,0.0
2pog_2pog_conf0,torsion_minimized_fixed,21,3,1000,1000,1000,1.0,0.3593818724531392,0.3617172733379504,1.0,1.0,0.1,0.0
2pog_2pog_conf0,torsion_minimized_chembl_count,21,3,10,10,10,1.0,0.3594004619678073,0.3617221248436482,1.0,1.0,10.0,0.0
2qbp_2qbp_conf0,rdkit_random_raw_fixed,37,10,1000,1000,1000,1.0,1.1519778088103465,2.971340649762972,0.0,424.0,42.4,0.9623145523411886
2qbp_2qbp_conf0,rdkit_random_raw_chembl_count,37,10,200,200,200,1.0,1.1775771266877118,2.8686346740505653,0.0,157.0,78.5,0.9827458735014708
2qbp_2qbp_conf0,rdkit_random_minimized_fixed,37,10,1000,1000,1000,1.0,1.116305774250312,3.4526527951103656,0.0,228.0,22.8,0.9248728985160216
2qbp_2qbp_conf0,rdkit_random_minimized_chembl_count,37,10,200,200,200,1.0,1.1864268171069463,3.332602648243607,0.0,103.0,51.5,0.9626978232684196
2qbp_2qbp_conf0,torsion_raw_fixed,37,10,821,1000,821,0.821,0.6633413426666699,2.621188195374448,1.0,460.0,56.02923264311815,0.9710160984747108
2qbp_2qbp_conf0,torsion_raw_chembl_count,37,10,167,200,167,0.835,1.0265213801260034,2.617849890829491,0.0,133.0,79.64071856287426,0.9798996534237672
2qbp_2qbp_conf0,torsion_minimized_fixed,37,10,1000,1000,1000,1.0,1.1219346281959293,3.267261079609642,0.0,146.0,14.6,0.8092224557985642
2qbp_2qbp_conf0,torsion_minimized_chembl_count,37,10,200,200,200,1.0,1.1222388249351247,3.2956317695250363,0.0,66.0,33.0,0.8866345125415386
2qbq_2qbq_conf0,rdkit_random_raw_fixed,31,7,1000,1000,1000,1.0,0.6891662491594774,1.892222394340826,1.0,50.0,5.0,0.9235926612658242
2qbq_2qbq_conf0,rdkit_random_raw_chembl_count,31,7,200,200,200,1.0,0.8901826609383946,2.1051172955630904,0.0,40.0,20.0,0.9449030277518976
2qbq_2qbq_conf0,rdkit_random_minimized_fixed,31,7,1000,1000,1000,1.0,0.8869884926447396,2.191650778022764,0.0,32.0,3.2,0.8905511898743156
2qbq_2qbq_conf0,rdkit_random_minimized_chembl_count,31,7,200,200,200,1.0,0.905451400647361,2.242297578052193,0.0,28.0,14.0,0.8715622434094541
2qbq_2qbq_conf0,torsion_raw_fixed,31,7,893,1000,893,0.893,0.6319998555415138,1.9506757060959168,1.0,92.0,10.302351623740202,0.951807578488945
2qbq_2qbq_conf0,torsion_raw_chembl_count,31,7,179,200,179,0.895,1.0042472171396553,1.9657644579802172,0.0,58.0,32.402234636871505,0.9467968745931896
2qbq_2qbq_conf0,torsion_minimized_fixed,31,7,1000,1000,1000,1.0,0.7712691705910087,2.059536681441504,0.0,27.0,2.7,0.7789066161159212
2qbq_2qbq_conf0,torsion_minimized_chembl_count,31,7,200,200,200,1.0,0.771430105405907,2.0595259345787023,0.0,25.0,12.5,0.8441828466092369
2qbr_2qbr_conf0,rdkit_random_raw_fixed,28,8,1000,1000,1000,1.0,0.8946745215142713,2.0649225748800406,0.0,22.0,2.2,0.9342493680278634
2qbr_2qbr_conf0,rdkit_random_raw_chembl_count,28,8,200,200,200,1.0,0.9238339662360928,2.07823536484093,0.0,20.0,10.0,0.9405276902657008
2qbr_2qbr_conf0,rdkit_random_minimized_fixed,28,8,1000,1000,1000,1.0,1.0346908940696438,2.332780665374863,0.0,21.0,2.1,0.8925057394159533
2qbr_2qbr_conf0,rdkit_random_minimized_chembl_count,28,8,200,200,200,1.0,1.0347868661461934,2.284793463451469,0.0,19.0,9.5,0.9087677496473796
2qbr_2qbr_conf0,torsion_raw_fixed,28,8,951,1000,951,0.951,0.8297704217099273,2.000983879074114,0.0,103.0,10.830704521556257,0.9274800539451964
2qbr_2qbr_conf0,torsion_raw_chembl_count,28,8,185,200,185,0.925,0.8828577690770728,1.9776438318876095,0.0,55.0,29.72972972972973,0.9288938690563334
2qbr_2qbr_conf0,torsion_minimized_fixed,28,8,1000,1000,1000,1.0,1.034816750460663,1.691195514154102,0.0,25.0,2.5,0.7442420987770337
2qbr_2qbr_conf0,torsion_minimized_chembl_count,28,8,200,200,200,1.0,1.034816750460663,1.689911647890138,0.0,22.0,11.0,0.7421378234621197
2v00_2v00_conf0,rdkit_random_raw_fixed,16,4,1000,1000,1000,1.0,0.104260899038528,1.3364537699242889,1.0,7.0,0.7,0.9047767595724014
2v00_2v00_conf0,rdkit_random_raw_chembl_count,16,4,30,30,30,1.0,0.9586499037555832,1.463158771643585,0.0,6.0,20.0,0.894589688465682
2v00_2v00_conf0,rdkit_random_minimized_fixed,16,4,1000,1000,1000,1.0,0.2757121150439258,1.3407593682109602,1.0,5.0,0.5,0.9753541125270676
2v00_2v00_conf0,rdkit_random_minimized_chembl_count,16,4,30,30,30,1.0,0.2758817235095383,1.2992031131609552,1.0,5.0,16.666666666666668,0.9109973739228346
2v00_2v00_conf0,torsion_raw_fixed,16,4,981,1000,981,0.981,0.1002056701677781,1.422425214403168,1.0,9.0,0.9174311926605504,0.9060912858097208
2v00_2v00_conf0,torsion_raw_chembl_count,16,4,29,30,29,0.9666666666666668,0.3584528340770878,1.344324593994117,1.0,6.0,20.689655172413797,0.9698084978026384
2v00_2v00_conf0,torsion_minimized_fixed,16,4,1000,1000,1000,1.0,0.2750324946278917,1.340749321971248,1.0,5.0,0.5,0.7635469936412538
2v00_2v00_conf0,torsion_minimized_chembl_count,16,4,30,30,30,1.0,0.2760171300965682,1.34074794386258,1.0,5.0,16.666666666666668,0.6624963673352197
2wn9_2wn9_conf0,rdkit_random_raw_fixed,22,4,999,1000,999,0.999,0.5107203241223529,1.2572028829655166,1.0,11.0,1.1011011011011012,0.8760361861481359
2wn9_2wn9_conf0,rdkit_random_raw_chembl_count,22,4,71,71,71,1.0,0.7867245727993528,1.654628632377262,0.0,10.0,14.084507042253522,0.8871242711333706
2wn9_2wn9_conf0,rdkit_random_minimized_fixed,22,4,997,1000,997,0.997,0.6803863056555408,1.4812753760379815,1.0,7.0,0.7021063189568706,0.7010515042293409
2wn9_2wn9_conf0,rdkit_random_minimized_chembl_count,22,4,71,71,71,1.0,0.6804181456181779,1.3697012844597407,1.0,4.0,5.633802816901408,0.9718869931100188
2wn9_2wn9_conf0,torsion_raw_fixed,22,4,545,1000,545,0.545,0.2177652400391704,1.1186888296273485,1.0,9.0,1.651376146788991,0.797033575282992
2wn9_2wn9_conf0,torsion_raw_chembl_count,22,4,33,71,33,0.4647887323943662,0.5683871646324411,1.0289183648460378,1.0,4.0,12.12121212121212,0.9202066166296128
2wn9_2wn9_conf0,torsion_minimized_fixed,22,4,1000,1000,1000,1.0,0.6803694317565281,0.9870078168995804,1.0,4.0,0.4,0.6642315723149416
2wn9_2wn9_conf0,torsion_minimized_chembl_count,22,4,71,71,71,1.0,0.680406741628771,0.9869696243565008,1.0,4.0,5.633802816901408,0.6317795784425763
2wtv_2wtv_conf0,rdkit_random_raw_fixed,34,4,1000,1000,1000,1.0,0.296373626594135,1.8354524880687535,1.0,12.0,1.2,0.7554091843211765
2wtv_2wtv_conf0,rdkit_random_raw_chembl_count,34,4,110,110,110,1.0,0.3262985633267861,1.9860942546810476,1.0,10.0,9.090909090909092,0.8008600346082151
2wtv_2wtv_conf0,rdkit_random_minimized_fixed,34,4,1000,1000,1000,1.0,0.4588460253561616,2.466594360549842,1.0,4.0,0.4,0.9297913516697128
2wtv_2wtv_conf0,rdkit_random_minimized_chembl_count,34,4,110,110,110,1.0,0.4588699181126021,2.1606565545478595,1.0,4.0,3.636363636363636,0.8979551951228797
2wtv_2wtv_conf0,torsion_raw_fixed,34,4,847,1000,847,0.847,2.271845554634928,2.549712208679183,0.0,7.0,0.8264462809917356,0.9487607289436616
2wtv_2wtv_conf0,torsion_raw_chembl_count,34,4,94,110,94,0.8545454545454545,2.2846770514470123,2.653732286000385,0.0,7.0,7.446808510638298,0.8815292639763372
2wtv_2wtv_conf0,torsion_minimized_fixed,34,4,1000,1000,1000,1.0,2.4665806544544435,2.466604601565758,0.0,2.0,0.2,0.8064885192927098
2wtv_2wtv_conf0,torsion_minimized_chembl_count,34,4,110,110,110,1.0,2.4665806544544435,2.466603895247389,0.0,2.0,1.818181818181818,0.6429383500409614
2xdl_2xdl_conf0,rdkit_random_raw_fixed,16,5,1000,1000,1000,1.0,0.3096540045066942,1.1762990757444474,1.0,4.0,0.4,0.904691676228839
2xdl_2xdl_conf0,rdkit_random_raw_chembl_count,16,5,58,58,58,1.0,0.370939248129402,1.0407084959988722,1.0,4.0,6.896551724137931,0.9557336819169776
2xdl_2xdl_conf0,rdkit_random_minimized_fixed,16,5,1000,1000,1000,1.0,0.5506375680582487,1.0617803504385006,1.0,3.0,0.3,0.9390201011243784
2xdl_2xdl_conf0,rdkit_random_minimized_chembl_count,16,5,58,58,58,1.0,0.5506526313742812,1.041526264233779,1.0,4.0,6.896551724137931,0.9209443147006529
2xdl_2xdl_conf0,torsion_raw_fixed,16,5,689,1000,689,0.689,0.3956462682704062,1.5484652306867777,1.0,9.0,1.3062409288824384,0.8852412505573556
2xdl_2xdl_conf0,torsion_raw_chembl_count,16,5,39,58,39,0.6724137931034483,0.604391708067651,1.576160127609879,1.0,5.0,12.82051282051282,0.9095180158701176
2xdl_2xdl_conf0,torsion_minimized_fixed,16,5,1000,1000,1000,1.0,0.5371099217176507,1.6108259768506672,1.0,4.0,0.4,0.8401945122137074
2xdl_2xdl_conf0,torsion_minimized_chembl_count,16,5,58,58,58,1.0,0.5506546151871585,1.6108203176445293,1.0,3.0,5.172413793103448,0.9731682194117228
2xnb_2xnb_conf0,rdkit_random_raw_fixed,27,4,1000,1000,1000,1.0,0.13492886034394,1.4001296556254546,1.0,16.0,1.6,0.8175934312893441
2xnb_2xnb_conf0,rdkit_random_raw_chembl_count,27,4,79,79,79,1.0,0.1751377341058096,1.3411317690297044,1.0,10.0,12.658227848101266,0.8375314380263207
2xnb_2xnb_conf0,rdkit_random_minimized_fixed,27,4,1000,1000,1000,1.0,0.6794931188389487,1.3183064459889955,1.0,7.0,0.7,0.916251600969971
2xnb_2xnb_conf0,rdkit_random_minimized_chembl_count,27,4,79,79,79,1.0,0.6795937489382075,1.3183233495143103,1.0,6.0,7.594936708860759,0.940939665402336
2xnb_2xnb_conf0,torsion_raw_fixed,27,4,1000,1000,1000,1.0,0.4032394113188348,1.533081645091708,1.0,15.0,1.5,0.929391986227084
2xnb_2xnb_conf0,torsion_raw_chembl_count,27,4,79,79,79,1.0,0.5005665257798663,1.5667329179960063,1.0,8.0,10.126582278481012,0.917350873154492
2xnb_2xnb_conf0,torsion_minimized_fixed,27,4,1000,1000,1000,1.0,0.7072322915252486,1.3655522061459748,1.0,6.0,0.6,0.9072585803574822
2xnb_2xnb_conf0,torsion_minimized_chembl_count,27,4,79,79,79,1.0,0.7516492810085998,1.3350449407219158,0.0,6.0,7.594936708860759,0.7773718778094627
2yfe_2yfe_conf0,rdkit_random_raw_fixed,25,8,999,1000,999,0.999,0.6024055899834407,1.98195096870182,1.0,28.0,2.8028028028028027,0.9214504061888956
2yfe_2yfe_conf0,rdkit_random_raw_chembl_count,25,8,155,155,155,1.0,0.8949070957370927,1.9297483967484277,0.0,19.0,12.258064516129032,0.914397230722938
2yfe_2yfe_conf0,rdkit_random_minimized_fixed,25,8,1000,1000,1000,1.0,0.7415206653219109,1.710908523567547,1.0,13.0,1.3,0.7965432746718777
2yfe_2yfe_conf0,rdkit_random_minimized_chembl_count,25,8,155,155,155,1.0,0.7416381129378262,1.690035841002265,1.0,11.0,7.096774193548387,0.8488043277950946
2yfe_2yfe_conf0,torsion_raw_fixed,25,8,921,1000,921,0.921,0.471382766670448,1.31874544294294,1.0,47.0,5.10314875135722,0.9293253498107268
2yfe_2yfe_conf0,torsion_raw_chembl_count,25,8,144,155,144,0.9290322580645162,0.471382766670448,1.3233252490981076,1.0,28.0,19.444444444444443,0.9288477531834756
2yfe_2yfe_conf0,torsion_minimized_fixed,25,8,1000,1000,1000,1.0,0.5058536190828996,1.4644784540990845,1.0,15.0,1.5,0.7925680888350368
2yfe_2yfe_conf0,torsion_minimized_chembl_count,25,8,155,155,155,1.0,0.7416443256502462,1.5596527683789103,1.0,11.0,7.096774193548387,0.8334664726211545
2ymd_2ymd_conf0,rdkit_random_raw_fixed,13,4,1000,1000,1000,1.0,0.1920046629851774,0.6367345843906924,1.0,1.0,0.1,0.0
2ymd_2ymd_conf0,rdkit_random_raw_chembl_count,13,4,30,30,30,1.0,0.2904833352017715,0.7048984516994774,1.0,2.0,6.666666666666667,1.0
2ymd_2ymd_conf0,rdkit_random_minimized_fixed,13,4,1000,1000,1000,1.0,0.2523545554661551,0.5192000107470502,1.0,1.0,0.1,0.0
2ymd_2ymd_conf0,rdkit_random_minimized_chembl_count,13,4,30,30,30,1.0,0.2523663154646459,0.3269947379590925,1.0,2.0,6.666666666666667,0.7837769474847011
2ymd_2ymd_conf0,torsion_raw_fixed,13,4,902,1000,902,0.902,0.098292028709117,0.582297371189453,1.0,2.0,0.2217294900221729,0.978314644914446
2ymd_2ymd_conf0,torsion_raw_chembl_count,13,4,29,30,29,0.9666666666666668,0.2439477573172211,0.5654175682590549,1.0,2.0,6.896551724137931,0.9293636260137188
2ymd_2ymd_conf0,torsion_minimized_fixed,13,4,1000,1000,1000,1.0,0.2523525967483087,0.3258867362627564,1.0,1.0,0.1,0.0
2ymd_2ymd_conf0,torsion_minimized_chembl_count,13,4,30,30,30,1.0,0.2523747611932411,0.3258740060404075,1.0,2.0,6.666666666666667,0.4689955935892811
2zb1_2zb1_conf0,rdkit_random_raw_fixed,26,5,1000,1000,1000,1.0,0.4228250388323001,1.2876476801791463,1.0,8.0,0.8,0.9280126866013974
2zb1_2zb1_conf0,rdkit_random_raw_chembl_count,26,5,200,200,200,1.0,0.4228250388323001,1.2873733443197806,1.0,9.0,4.5,0.914360425083291
2zb1_2zb1_conf0,rdkit_random_minimized_fixed,26,5,1000,1000,1000,1.0,0.3052357728288278,1.3517710500319615,1.0,8.0,0.8,0.9121413736464083
2zb1_2zb1_conf0,rdkit_random_minimized_chembl_count,26,5,200,200,200,1.0,0.5203275110394457,1.3101749079408966,1.0,7.0,3.5,0.83362851315791
2zb1_2zb1_conf0,torsion_raw_fixed,26,5,817,1000,817,0.817,0.6101365723974032,1.3431693300488123,1.0,30.0,3.6719706242350063,0.9362244622848388
2zb1_2zb1_conf0,torsion_raw_chembl_count,26,5,168,200,168,0.84,0.6101365723974032,1.4231212627888126,1.0,23.0,13.69047619047619,0.9465055779934204
2zb1_2zb1_conf0,torsion_minimized_fixed,26,5,1000,1000,1000,1.0,0.3052604791840753,1.3568851208799155,1.0,10.0,1.0,0.8868507733535084
2zb1_2zb1_conf0,torsion_minimized_chembl_count,26,5,200,200,200,1.0,0.3052604791840753,1.380934104165017,1.0,9.0,4.5,0.8206501198653505
2zcq_2zcq_conf0,rdkit_random_raw_fixed,25,8,1000,1000,1000,1.0,0.2426540283646076,2.186491535322234,1.0,140.0,14.0,0.9390265684427066
2zcq_2zcq_conf0,rdkit_random_raw_chembl_count,25,8,67,67,67,1.0,0.2651341806510909,2.161707241135625,1.0,47.0,70.14925373134328,0.9731453992766188
2zcq_2zcq_conf0,rdkit_random_minimized_fixed,25,8,1000,1000,1000,1.0,0.6720938714229685,2.261292961213321,1.0,49.0,4.9,0.8993175733102377
2zcq_2zcq_conf0,rdkit_random_minimized_chembl_count,25,8,67,67,67,1.0,1.0979728288749555,2.325690792761367,0.0,21.0,31.34328358208955,0.9400862665109868
2zcq_2zcq_conf0,torsion_raw_fixed,25,8,676,1000,676,0.676,0.8103380573964984,2.030416250463178,0.0,175.0,25.88757396449704,0.9513671231748104
2zcq_2zcq_conf0,torsion_raw_chembl_count,25,8,42,67,42,0.6268656716417911,1.099440775222908,1.901178007463569,0.0,32.0,76.19047619047619,0.9701068774025928
2zcq_2zcq_conf0,torsion_minimized_fixed,25,8,999,1000,999,0.999,0.6721067958400799,1.9774149632874405,1.0,55.0,5.505505505505505,0.8604440211819803
2zcq_2zcq_conf0,torsion_minimized_chembl_count,25,8,67,67,67,1.0,1.1533233486713383,2.039011796800004,0.0,27.0,40.298507462686565,0.914536034414182
2zcr_2zcr_conf0,rdkit_random_raw_fixed,28,10,1000,1000,1000,1.0,0.9780134132022136,2.0703401656319285,0.0,67.0,6.7,0.91912788856678
2zcr_2zcr_conf0,rdkit_random_raw_chembl_count,28,10,60,60,60,1.0,1.1745268906277684,2.0491965527921057,0.0,29.0,48.333333333333336,0.9379544231854896
2zcr_2zcr_conf0,rdkit_random_minimized_fixed,28,10,1000,1000,1000,1.0,0.6214421693896194,1.7365161101194349,1.0,52.0,5.2,0.9400022525127976
2zcr_2zcr_conf0,rdkit_random_minimized_chembl_count,28,10,60,60,60,1.0,0.6973731750536825,1.781320721580721,1.0,26.0,43.333333333333336,0.9364715113545512
2zcr_2zcr_conf0,torsion_raw_fixed,28,10,890,1000,890,0.89,0.6712062981741994,1.616656678611134,1.0,148.0,16.629213483146067,0.9441441966436468
2zcr_2zcr_conf0,torsion_raw_chembl_count,28,10,53,60,53,0.8833333333333333,0.7030537352224999,1.608882917774782,1.0,33.0,62.264150943396224,0.967112177849072
2zcr_2zcr_conf0,torsion_minimized_fixed,28,10,1000,1000,1000,1.0,0.6212282495683368,1.5144958898919958,1.0,49.0,4.9,0.93876096086734
2zcr_2zcr_conf0,torsion_minimized_chembl_count,28,10,60,60,60,1.0,0.8822795404960087,1.5727257258511071,0.0,23.0,38.333333333333336,0.9649841755116524
2zy1_2zy1_conf0,rdkit_random_raw_fixed,24,8,1000,1000,1000,1.0,0.87429463956017,2.6873402538218483,0.0,215.0,21.5,0.9543524654725336
2zy1_2zy1_conf0,rdkit_random_raw_chembl_count,24,8,94,94,94,1.0,0.9966639328602294,2.8260293237323704,0.0,66.0,70.2127659574468,0.974354608606868
2zy1_2zy1_conf0,rdkit_random_minimized_fixed,24,8,1000,1000,1000,1.0,0.9462220128765476,2.728201832735449,0.0,68.0,6.8,0.8854513612297191
2zy1_2zy1_conf0,rdkit_random_minimized_chembl_count,24,8,94,94,94,1.0,1.1910553311858536,2.853608182274593,0.0,36.0,38.297872340425535,0.933701259475788
2zy1_2zy1_conf0,torsion_raw_fixed,24,8,741,1000,741,0.741,0.9794426058673,2.375167970527688,0.0,290.0,39.13630229419703,0.9563875960401862
2zy1_2zy1_conf0,torsion_raw_chembl_count,24,8,72,94,72,0.7659574468085106,1.3405906953293556,2.380866429493693,0.0,59.0,81.94444444444444,0.9838850911881788
2zy1_2zy1_conf0,torsion_minimized_fixed,24,8,1000,1000,1000,1.0,0.946216518420826,2.614987783948742,0.0,98.0,9.8,0.8535770089619933
2zy1_2zy1_conf0,torsion_minimized_chembl_count,24,8,94,94,94,1.0,0.946216518420826,2.4790709193680787,0.0,42.0,44.680851063829785,0.9185423467144916
3aru_3aru_conf0,rdkit_random_raw_fixed,20,5,1000,1000,1000,1.0,0.26201561457946,1.5660861818806715,1.0,17.0,1.7,0.9774494567120218
3aru_3aru_conf0,rdkit_random_raw_chembl_count,20,5,124,124,124,1.0,0.6240356690609564,1.560933149621663,1.0,13.0,10.483870967741936,0.9719913214528848
3aru_3aru_conf0,rdkit_random_minimized_fixed,20,5,1000,1000,1000,1.0,0.43301310695807,1.547840060087057,1.0,14.0,1.4,0.9785522267515528
3aru_3aru_conf0,rdkit_random_minimized_chembl_count,20,5,124,124,124,1.0,0.4378540076490962,1.5424585015045973,1.0,14.0,11.290322580645162,0.9272427473808772
3aru_3aru_conf0,torsion_raw_fixed,20,5,980,1000,980,0.98,0.5599567628907,1.4188989290756795,1.0,24.0,2.4489795918367347,0.8904839299526858
3aru_3aru_conf0,torsion_raw_chembl_count,20,5,120,124,120,0.967741935483871,0.7221165488385493,1.422924751873295,1.0,17.0,14.166666666666666,0.8609419046229387
3aru_3aru_conf0,torsion_minimized_fixed,20,5,1000,1000,1000,1.0,0.4330316587706743,1.3646329036800964,1.0,14.0,1.4,0.7972050632306469
3aru_3aru_conf0,torsion_minimized_chembl_count,20,5,124,124,124,1.0,0.4330634397587333,1.2618137422741067,1.0,11.0,8.870967741935484,0.8465501778553557
3ary_3ary_conf0,rdkit_random_raw_fixed,17,2,1000,1000,1000,1.0,0.1782403600396325,0.9509876541398956,1.0,4.0,0.4,0.8195400556486019
3ary_3ary_conf0,rdkit_random_raw_chembl_count,17,2,3,3,3,1.0,0.3619901384693651,1.1903268512794474,1.0,2.0,66.66666666666667,0.9182958340544894
3ary_3ary_conf0,rdkit_random_minimized_fixed,17,2,1000,1000,1000,1.0,0.5300932622091463,1.023731627359466,1.0,2.0,0.2,0.9994343896240242
3ary_3ary_conf0,rdkit_random_minimized_chembl_count,17,2,3,3,3,1.0,0.959874182696502,1.2777023057394306,0.0,1.0,33.333333333333336,0.0
3ary_3ary_conf0,torsion_raw_fixed,17,2,1000,1000,1000,1.0,0.4336859612602839,0.9690660103330891,1.0,2.0,0.2,1.0
3ary_3ary_conf0,torsion_raw_chembl_count,17,2,3,3,3,1.0,0.7481680728612773,0.8142178805218968,1.0,2.0,66.66666666666667,0.9182958340544894
3ary_3ary_conf0,torsion_minimized_fixed,17,2,1000,1000,1000,1.0,0.5301003809666698,1.0237418397421043,1.0,2.0,0.2,0.809689311343917
3ary_3ary_conf0,torsion_minimized_chembl_count,17,2,3,3,3,1.0,1.0237439699870172,1.023749189750235,0.0,2.0,66.66666666666667,0.9182958340544894
3b27_3b27_conf0,rdkit_random_raw_fixed,16,3,1000,1000,1000,1.0,0.6842338689599488,1.0171871247214122,1.0,2.0,0.2,0.9986030202378096
3b27_3b27_conf0,rdkit_random_raw_chembl_count,16,3,9,9,9,1.0,0.9464768179999687,1.5021855455941795,0.0,2.0,22.22222222222222,0.9910760598382222
3b27_3b27_conf0,rdkit_random_minimized_fixed,16,3,1000,1000,1000,1.0,0.2194381062333285,1.1734297538202645,1.0,4.0,0.4,0.998632932474025
3b27_3b27_conf0,rdkit_random_minimized_chembl_count,16,3,9,9,9,1.0,0.2197113919708617,1.362282602308975,1.0,4.0,44.44444444444444,0.9182958340544894
3b27_3b27_conf0,torsion_raw_fixed,16,3,1000,1000,1000,1.0,0.0951084970866549,1.004065447737578,1.0,4.0,0.4,0.9307040617532408
3b27_3b27_conf0,torsion_raw_chembl_count,16,3,9,9,9,1.0,0.1701900469481881,0.9543977825390504,1.0,3.0,33.333333333333336,0.9057125980138372
3b27_3b27_conf0,torsion_minimized_fixed,16,3,1000,1000,1000,1.0,0.219014866825935,1.0468259971715366,1.0,4.0,0.4,0.8017444814897712
3b27_3b27_conf0,torsion_minimized_chembl_count,16,3,9,9,9,1.0,0.2197153140117604,0.2197757538371849,1.0,3.0,33.333333333333336,0.8527924884900404
3b5r_3b5r_conf0,rdkit_random_raw_fixed,28,6,1000,1000,1000,1.0,0.4205590610756788,1.9267908668841889,1.0,78.0,7.8,0.9335905274980576
3b5r_3b5r_conf0,rdkit_random_raw_chembl_count,28,6,200,200,200,1.0,0.7140696123416347,1.84157584522393,1.0,50.0,25.0,0.9272191418587789
3b5r_3b5r_conf0,rdkit_random_minimized_fixed,28,6,1000,1000,1000,1.0,0.7039715598628918,1.862928746547427,1.0,43.0,4.3,0.908605327622928
3b5r_3b5r_conf0,rdkit_random_minimized_chembl_count,28,6,200,200,200,1.0,0.7041395882860233,2.093725722521324,1.0,38.0,19.0,0.8971471954788627
3b5r_3b5r_conf0,torsion_raw_fixed,28,6,914,1000,914,0.914,0.8321334986151974,1.979514036249703,0.0,249.0,27.24288840262582,0.9529416674802073
3b5r_3b5r_conf0,torsion_raw_chembl_count,28,6,188,200,188,0.94,1.1150458770781555,2.0040073266389897,0.0,107.0,56.91489361702128,0.9636733757330388
3b5r_3b5r_conf0,torsion_minimized_fixed,28,6,1000,1000,1000,1.0,0.7041339225150198,2.0937217593881634,1.0,71.0,7.1,0.8144989208256016
3b5r_3b5r_conf0,torsion_minimized_chembl_count,28,6,200,200,200,1.0,0.7041612017955824,2.113889784970433,1.0,46.0,23.0,0.8485540621951527
3b65_3b65_conf0,rdkit_random_raw_fixed,25,6,1000,1000,1000,1.0,0.3921997409830073,1.5757246631784283,1.0,37.0,3.7,0.9211640602740604
3b65_3b65_conf0,rdkit_random_raw_chembl_count,25,6,200,200,200,1.0,0.5535709657680523,1.605981875260709,1.0,28.0,14.0,0.9374238942929854
3b65_3b65_conf0,rdkit_random_minimized_fixed,25,6,1000,1000,1000,1.0,0.6765196687251862,1.666683420409416,1.0,17.0,1.7,0.8129200598023673
3b65_3b65_conf0,rdkit_random_minimized_chembl_count,25,6,200,200,200,1.0,0.6767091963925367,1.6984787288777363,1.0,16.0,8.0,0.860609436179149
3b65_3b65_conf0,torsion_raw_fixed,25,6,898,1000,898,0.898,0.7321842322536546,1.7267713961463824,1.0,143.0,15.924276169265031,0.9376865111730968
3b65_3b65_conf0,torsion_raw_chembl_count,25,6,178,200,178,0.89,0.9357598080991252,1.751252141455064,0.0,70.0,39.325842696629216,0.9505551749316165
3b65_3b65_conf0,torsion_minimized_fixed,25,6,1000,1000,1000,1.0,0.6767215488471046,1.692389366025593,1.0,33.0,3.3,0.7386211660769239
3b65_3b65_conf0,torsion_minimized_chembl_count,25,6,200,200,200,1.0,0.818884946550518,1.7069528415612147,0.0,20.0,10.0,0.8181079086043443
3bgz_3bgz_conf0,rdkit_random_raw_fixed,24,3,1000,1000,1000,1.0,0.2512586217422324,0.6128394443652088,1.0,1.0,0.1,0.0
3bgz_3bgz_conf0,rdkit_random_raw_chembl_count,24,3,10,10,10,1.0,0.2782352592157429,0.2997137425037201,1.0,1.0,10.0,0.0
3bgz_3bgz_conf0,rdkit_random_minimized_fixed,24,3,1000,1000,1000,1.0,0.183212119255803,0.8762709796293715,1.0,1.0,0.1,0.0
3bgz_3bgz_conf0,rdkit_random_minimized_chembl_count,24,3,10,10,10,1.0,0.183239856042759,0.1832770799992871,1.0,1.0,10.0,0.0
3bgz_3bgz_conf0,torsion_raw_fixed,24,3,788,1000,788,0.788,0.1927038502494418,0.7471919406427268,1.0,2.0,0.2538071065989847,0.3745777034048255
3bgz_3bgz_conf0,torsion_raw_chembl_count,24,3,8,10,8,0.8,0.4428151551631586,0.6045490160143752,1.0,1.0,12.5,0.0
3bgz_3bgz_conf0,torsion_minimized_fixed,24,3,1000,1000,1000,1.0,0.1832363604786022,0.8762857686352579,1.0,1.0,0.1,0.0
3bgz_3bgz_conf0,torsion_minimized_chembl_count,24,3,10,10,10,1.0,0.1832600294365028,0.1832708660510961,1.0,1.0,10.0,0.0
3cj4_3cj4_conf0,rdkit_random_raw_fixed,25,5,1000,1000,1000,1.0,0.9232326822775736,1.6772091840797547,0.0,19.0,1.9,0.9471738382223625
3cj4_3cj4_conf0,rdkit_random_raw_chembl_count,25,5,199,199,199,1.0,0.9232326822775736,1.6761862771912612,0.0,14.0,7.035175879396985,0.9316957030731592
3cj4_3cj4_conf0,rdkit_random_minimized_fixed,25,5,1000,1000,1000,1.0,0.921481222239834,1.9019713447526023,0.0,8.0,0.8,0.8645788054696968
3cj4_3cj4_conf0,rdkit_random_minimized_chembl_count,25,5,199,199,199,1.0,1.0262066952382212,1.9506131897754864,0.0,9.0,4.522613065326633,0.8546222257673511
3cj4_3cj4_conf0,torsion_raw_fixed,25,5,845,1000,845,0.845,0.790056148800863,1.6080402175234465,0.0,130.0,15.384615384615383,0.9454166896023892
3cj4_3cj4_conf0,torsion_raw_chembl_count,25,5,167,199,167,0.8391959798994975,0.790056148800863,1.6355598700152074,0.0,61.0,36.52694610778443,0.9528227936985362
3cj4_3cj4_conf0,torsion_minimized_fixed,25,5,1000,1000,1000,1.0,0.8613170620867767,1.666440183871103,0.0,24.0,2.4,0.7421139453278108
3cj4_3cj4_conf0,torsion_minimized_chembl_count,25,5,199,199,199,1.0,0.8613204527798934,1.666439980990482,0.0,15.0,7.537688442211055,0.8194168858840268
3dd0_3dd0_conf0,rdkit_random_raw_fixed,16,4,1000,1000,1000,1.0,0.3385208616626852,1.0799068684094872,1.0,3.0,0.3,0.9343806504768958
3dd0_3dd0_conf0,rdkit_random_raw_chembl_count,16,4,51,51,51,1.0,0.3385208616626852,1.08203408255885,1.0,4.0,7.84313725490196,0.99375252292378
3dd0_3dd0_conf0,rdkit_random_minimized_fixed,16,4,1000,1000,1000,1.0,0.5279514540763756,0.8120699741330667,1.0,3.0,0.3,0.4072547222999569
3dd0_3dd0_conf0,rdkit_random_minimized_chembl_count,16,4,51,51,51,1.0,0.5279751901166909,0.7831990761980527,1.0,2.0,3.92156862745098,0.3227569588973983
3dd0_3dd0_conf0,torsion_raw_fixed,16,4,956,1000,956,0.956,0.3916496458569065,1.0013813745394124,1.0,4.0,0.4184100418410041,0.9950512580660394
3dd0_3dd0_conf0,torsion_raw_chembl_count,16,4,50,51,50,0.9803921568627452,0.532773859240657,1.0354555151861184,1.0,4.0,8.0,0.9906576387006182
3dd0_3dd0_conf0,torsion_minimized_fixed,16,4,1000,1000,1000,1.0,0.5279659869809529,0.8226554544597854,1.0,2.0,0.2,0.3392404417949341
3dd0_3dd0_conf0,torsion_minimized_chembl_count,16,4,51,51,51,1.0,0.5412832767759662,0.8226502019021521,1.0,2.0,3.92156862745098,0.3227569588973983
3e92_3e92_conf0,rdkit_random_raw_fixed,26,4,1000,1000,1000,1.0,0.3520442249466634,1.4409545330076672,1.0,4.0,0.4,0.9236753922002362
3e92_3e92_conf0,rdkit_random_raw_chembl_count,26,4,134,134,134,1.0,0.3937247587134371,1.4480529076334028,1.0,5.0,3.7313432835820897,0.8477649664298139
3e92_3e92_conf0,rdkit_random_minimized_fixed,26,4,1000,1000,1000,1.0,0.4467798707183251,1.4746353730139663,1.0,8.0,0.8,0.9416680949919394
3e92_3e92_conf0,rdkit_random_minimized_chembl_count,26,4,134,134,134,1.0,0.4469663760600526,1.474638404827388,1.0,8.0,5.970149253731344,0.9368511433710498
3e92_3e92_conf0,torsion_raw_fixed,26,4,757,1000,757,0.757,1.0365097251281554,1.716017788338579,0.0,21.0,2.774108322324967,0.8919468055219987
3e92_3e92_conf0,torsion_raw_chembl_count,26,4,95,134,95,0.7089552238805971,1.0365097251281554,1.6945289983955518,0.0,11.0,11.578947368421051,0.913305919792644
3e92_3e92_conf0,torsion_minimized_fixed,26,4,1000,1000,1000,1.0,0.3365343027601835,1.7423015328307256,1.0,16.0,1.6,0.7512932551743592
3e92_3e92_conf0,torsion_minimized_chembl_count,26,4,134,134,134,1.0,0.4470036103534517,1.7423295132996826,1.0,12.0,8.955223880597014,0.7881048428479112
3e93_3e93_conf0,rdkit_random_raw_fixed,37,5,1000,1000,1000,1.0,0.7038087412358562,2.052848950143914,1.0,52.0,5.2,0.8595616392677995
3e93_3e93_conf0,rdkit_random_raw_chembl_count,37,5,200,200,200,1.0,0.7827877040598269,2.0543040524801306,0.0,31.0,15.5,0.8818204950756086
3e93_3e93_conf0,rdkit_random_minimized_fixed,37,5,1000,1000,1000,1.0,0.7107752674395759,1.977005860620033,1.0,22.0,2.2,0.9152459093737212
3e93_3e93_conf0,rdkit_random_minimized_chembl_count,37,5,200,200,200,1.0,0.931211849681589,1.9957641768889796,0.0,20.0,10.0,0.9295445630145872
3e93_3e93_conf0,torsion_raw_fixed,37,5,761,1000,761,0.761,0.6841941863403769,2.065552012976219,1.0,156.0,20.49934296977661,0.953126472262262
3e93_3e93_conf0,torsion_raw_chembl_count,37,5,151,200,151,0.755,0.9432448495019536,2.061830663973254,0.0,70.0,46.35761589403973,0.9508971512353526
3e93_3e93_conf0,torsion_minimized_fixed,37,5,1000,1000,1000,1.0,0.7250784953047776,2.0585367865707016,1.0,32.0,3.2,0.8424978225678151
3e93_3e93_conf0,torsion_minimized_chembl_count,37,5,200,200,200,1.0,0.7389313754996689,2.05851799558406,1.0,27.0,13.5,0.8546193989941544
3ehy_3ehy_conf0,rdkit_random_raw_fixed,17,5,1000,1000,1000,1.0,0.3710062285277666,0.7254584693430475,1.0,2.0,0.2,0.9998961234639354
3ehy_3ehy_conf0,rdkit_random_raw_chembl_count,17,5,25,25,25,1.0,0.3735564287928631,0.7161634756231904,1.0,2.0,8.0,0.9895875212220556
3ehy_3ehy_conf0,rdkit_random_minimized_fixed,17,5,1000,1000,1000,1.0,0.550157337633,0.6716384462297922,1.0,2.0,0.2,0.9996508396313204
3ehy_3ehy_conf0,rdkit_random_minimized_chembl_count,17,5,25,25,25,1.0,0.5501690342212117,1.4457915269783164,1.0,2.0,8.0,0.9988455359952018
3ehy_3ehy_conf0,torsion_raw_fixed,17,5,831,1000,831,0.831,0.4903527180508524,1.3779983130747115,1.0,11.0,1.3237063778580025,0.9413178555687386
3ehy_3ehy_conf0,torsion_raw_chembl_count,17,5,23,25,23,0.92,1.0570963508055882,1.2360652437794264,0.0,7.0,30.43478260869565,0.9318321474167488
3ehy_3ehy_conf0,torsion_minimized_fixed,17,5,999,1000,999,0.999,0.5501593698075283,0.9971080214234802,1.0,7.0,0.7007007007007007,0.6278400499748259
3ehy_3ehy_conf0,torsion_minimized_chembl_count,17,5,25,25,25,1.0,0.5501760534089474,0.9782537419848334,1.0,4.0,16.0,0.6698609162048068
3fcq_3fcq_conf0,rdkit_random_raw_fixed,14,2,1000,1000,1000,1.0,0.345966630674021,0.3930881549380823,1.0,2.0,0.2,0.99971144175281
3fcq_3fcq_conf0,rdkit_random_raw_chembl_count,14,2,2,2,2,1.0,1.101660081564769,1.1046508062134708,0.0,1.0,50.0,0.0
3fcq_3fcq_conf0,rdkit_random_minimized_fixed,14,2,1000,1000,1000,1.0,0.4975814863928876,0.4977513687749409,1.0,2.0,0.2,0.9998961234639354
3fcq_3fcq_conf0,rdkit_random_minimized_chembl_count,14,2,2,2,2,1.0,0.4977149081566215,0.7998192580410375,1.0,2.0,100.0,1.0
3fcq_3fcq_conf0,torsion_raw_fixed,14,2,789,1000,789,0.789,0.1207263400857972,0.7065307160676161,1.0,4.0,0.5069708491761724,0.9778809779467024
3fcq_3fcq_conf0,torsion_raw_chembl_count,14,2,1,2,1,0.5,1.0646868216064982,1.0646868216064982,0.0,1.0,100.0,0.0
3fcq_3fcq_conf0,torsion_minimized_fixed,14,2,1000,1000,1000,1.0,0.4976687353546947,0.4977257960030019,1.0,2.0,0.2,0.557438185027989
3fcq_3fcq_conf0,torsion_minimized_chembl_count,14,2,2,2,2,1.0,0.4977154307180254,0.4977174504928047,1.0,1.0,50.0,0.0
3fur_3fur_conf0,rdkit_random_raw_fixed,31,5,1000,1000,1000,1.0,0.530443617881331,1.6011795563123887,1.0,58.0,5.8,0.8956194074966084
3fur_3fur_conf0,rdkit_random_raw_chembl_count,31,5,86,86,86,1.0,0.5881743199252898,1.6385722770832,1.0,29.0,33.72093023255814,0.9302110361227468
3fur_3fur_conf0,rdkit_random_minimized_fixed,31,5,1000,1000,1000,1.0,1.0500660250452,1.7852557721112934,0.0,38.0,3.8,0.8720073599262542
3fur_3fur_conf0,rdkit_random_minimized_chembl_count,31,5,86,86,86,1.0,1.0759881275280263,1.785268877052017,0.0,25.0,29.069767441860463,0.9109832127630264
3fur_3fur_conf0,torsion_raw_fixed,31,5,917,1000,917,0.917,0.3517626893843607,1.98697558104044,1.0,138.0,15.04907306434024,0.9481872219262112
3fur_3fur_conf0,torsion_raw_chembl_count,31,5,78,86,78,0.9069767441860463,0.9742438133329634,1.893297225913794,0.0,46.0,58.97435897435897,0.974837116919487
3fur_3fur_conf0,torsion_minimized_fixed,31,5,1000,1000,1000,1.0,1.0759849205736238,1.9762480563490237,0.0,47.0,4.7,0.8550733078279334
3fur_3fur_conf0,torsion_minimized_chembl_count,31,5,86,86,86,1.0,1.0759910309486331,2.0147706124368536,0.0,26.0,30.232558139534884,0.9110902929184436
3g2z_3g2z_conf0,rdkit_random_raw_fixed,13,2,1000,1000,1000,1.0,0.2669879266353687,0.932812860677818,1.0,3.0,0.3,0.9993438090674576
3g2z_3g2z_conf0,rdkit_random_raw_chembl_count,13,2,6,6,6,1.0,0.8265256688416075,0.8776480799560524,0.0,2.0,33.333333333333336,0.6500224216483541
3g2z_3g2z_conf0,rdkit_random_minimized_fixed,13,2,1000,1000,1000,1.0,0.2412741402779965,0.5778416775751106,1.0,2.0,0.2,0.9991659615315872
3g2z_3g2z_conf0,rdkit_random_minimized_chembl_count,13,2,6,6,6,1.0,0.2412944371920495,0.3724057690965365,1.0,2.0,33.333333333333336,0.6500224216483541
3g2z_3g2z_conf0,torsion_raw_fixed,13,2,1000,1000,1000,1.0,0.254589500881915,0.6904105801113103,1.0,3.0,0.3,0.8446947503484709
3g2z_3g2z_conf0,torsion_raw_chembl_count,13,2,6,6,6,1.0,0.5503836329162433,0.6294243259369411,1.0,1.0,16.666666666666668,0.0
3g2z_3g2z_conf0,torsion_minimized_fixed,13,2,1000,1000,1000,1.0,0.2907900281290815,0.3826606422659089,1.0,2.0,0.2,0.7780113035465377
3g2z_3g2z_conf0,torsion_minimized_chembl_count,13,2,6,6,6,1.0,0.2907999196152591,0.3826488215192239,1.0,1.0,16.666666666666668,0.0
3g31_3g31_conf0,rdkit_random_raw_fixed,17,2,1000,1000,1000,1.0,0.3035649354646825,0.4925493748295801,1.0,2.0,0.2,0.99440665256278
3g31_3g31_conf0,rdkit_random_raw_chembl_count,17,2,2,2,2,1.0,0.4253493488854954,0.4255798693788542,1.0,1.0,50.0,0.0
3g31_3g31_conf0,rdkit_random_minimized_fixed,17,2,1000,1000,1000,1.0,0.2195104557877605,0.219568721116607,1.0,2.0,0.2,0.9960462879344312
3g31_3g31_conf0,rdkit_random_minimized_chembl_count,17,2,2,2,2,1.0,0.2195349203335016,0.2195465398448386,1.0,1.0,50.0,0.0
3g31_3g31_conf0,torsion_raw_fixed,17,2,1000,1000,1000,1.0,0.0676192111017285,0.7077659531361069,1.0,2.0,0.2,0.960818175317104
3g31_3g31_conf0,torsion_raw_chembl_count,17,2,2,2,2,1.0,0.3157027331462591,0.6375933148651762,1.0,1.0,50.0,0.0
3g31_3g31_conf0,torsion_minimized_fixed,17,2,1000,1000,1000,1.0,0.2195136296813761,0.2195579002225188,1.0,2.0,0.2,0.7638026659331062
3g31_3g31_conf0,torsion_minimized_chembl_count,17,2,2,2,2,1.0,0.2195499337945944,0.8297706369923599,1.0,2.0,100.0,1.0
3gy4_3gy4_conf0,rdkit_random_raw_fixed,10,2,1000,1000,1000,1.0,0.0986299497538523,0.3528082299763141,1.0,1.0,0.1,0.0
3gy4_3gy4_conf0,rdkit_random_raw_chembl_count,10,2,1,1,1,1.0,0.1034994077455585,0.1034994077455585,1.0,1.0,100.0,0.0
3gy4_3gy4_conf0,rdkit_random_minimized_fixed,10,2,1000,1000,1000,1.0,0.2687584310284616,0.518027283761217,1.0,1.0,0.1,0.0
3gy4_3gy4_conf0,rdkit_random_minimized_chembl_count,10,2,1,1,1,1.0,0.5180573152960599,0.5180573152960599,1.0,1.0,100.0,0.0
3gy4_3gy4_conf0,torsion_raw_fixed,10,2,1000,1000,1000,1.0,0.0345415201957312,0.4000906891364074,1.0,1.0,0.1,0.0
3gy4_3gy4_conf0,torsion_raw_chembl_count,10,2,1,1,1,1.0,0.0376998558792912,0.0376998558792912,1.0,1.0,100.0,0.0
3gy4_3gy4_conf0,torsion_minimized_fixed,10,2,1000,1000,1000,1.0,0.2687610594238147,0.2688014751224671,1.0,1.0,0.1,0.0
3gy4_3gy4_conf0,torsion_minimized_chembl_count,10,2,1,1,1,1.0,0.5180469420866858,0.5180469420866858,1.0,1.0,100.0,0.0
3jvs_3jvs_conf0,rdkit_random_raw_fixed,30,3,1000,1000,1000,1.0,1.0360317469135778,2.1592989588765508,0.0,13.0,1.3,0.789201396711005
3jvs_3jvs_conf0,rdkit_random_raw_chembl_count,30,3,40,40,40,1.0,1.048578498943231,2.1522396569997704,0.0,9.0,22.5,0.8589101396723732
3jvs_3jvs_conf0,rdkit_random_minimized_fixed,30,3,1000,1000,1000,1.0,1.5220447815722904,2.09318375120841,0.0,4.0,0.4,0.9202772623165308
3jvs_3jvs_conf0,rdkit_random_minimized_chembl_count,30,3,40,40,40,1.0,1.5222781496981963,2.227888834215864,0.0,5.0,12.5,0.862730089211795
3jvs_3jvs_conf0,torsion_raw_fixed,30,3,897,1000,897,0.897,0.8310299721608663,2.1340609231726724,0.0,258.0,28.762541806020067,0.9536201446207714
3jvs_3jvs_conf0,torsion_raw_chembl_count,30,3,34,40,34,0.85,0.925743445404703,2.174831703016678,0.0,30.0,88.23529411764706,0.9888479535178122
3jvs_3jvs_conf0,torsion_minimized_fixed,30,3,1000,1000,1000,1.0,0.6612133419235041,2.157145189748867,1.0,79.0,7.9,0.7715540299198861
3jvs_3jvs_conf0,torsion_minimized_chembl_count,30,3,40,40,40,1.0,1.7476457608046227,2.1940448149079548,0.0,17.0,42.5,0.8441454107218141
3k5v_3k5v_conf0,rdkit_random_raw_fixed,27,5,1000,1000,1000,1.0,0.4990378535639741,2.541324995510549,1.0,29.0,2.9,0.918552640328405
3k5v_3k5v_conf0,rdkit_random_raw_chembl_count,27,5,200,200,200,1.0,0.5613690909082011,2.51423814675935,1.0,26.0,13.0,0.9067285577333704
3k5v_3k5v_conf0,rdkit_random_minimized_fixed,27,5,1000,1000,1000,1.0,0.6123336990021576,2.228377294426017,1.0,21.0,2.1,0.908106631119393
3k5v_3k5v_conf0,rdkit_random_minimized_chembl_count,27,5,200,200,200,1.0,0.6123394965887637,2.22836775055484,1.0,17.0,8.5,0.9433423163890868
3k5v_3k5v_conf0,torsion_raw_fixed,27,5,1000,1000,1000,1.0,0.3774691314754164,1.8611486764337304,1.0,39.0,3.9,0.9645856192395196
3k5v_3k5v_conf0,torsion_raw_chembl_count,27,5,200,200,200,1.0,0.3774691314754164,1.8861145990101236,1.0,31.0,15.5,0.932875359756576
3k5v_3k5v_conf0,torsion_minimized_fixed,27,5,1000,1000,1000,1.0,0.6123273435143741,1.6794073968392556,1.0,23.0,2.3,0.7851698831753354
3k5v_3k5v_conf0,torsion_minimized_chembl_count,27,5,200,200,200,1.0,0.6123273435143741,1.6593735123230091,1.0,18.0,9.0,0.8659504185960633
3kgp_3kgp_conf0,rdkit_random_raw_fixed,11,3,1000,1000,1000,1.0,0.2828791090115245,0.3083274495874603,1.0,1.0,0.1,0.0
3kgp_3kgp_conf0,rdkit_random_raw_chembl_count,11,3,1,1,1,1.0,0.3193664164529984,0.3193664164529984,1.0,1.0,100.0,0.0
3kgp_3kgp_conf0,rdkit_random_minimized_fixed,11,3,1000,1000,1000,1.0,0.3340192761636012,0.3340462711439555,1.0,1.0,0.1,0.0
3kgp_3kgp_conf0,rdkit_random_minimized_chembl_count,11,3,1,1,1,1.0,0.3340500610775644,0.3340500610775644,1.0,1.0,100.0,0.0
3kgp_3kgp_conf0,torsion_raw_fixed,11,3,1000,1000,1000,1.0,0.1032336046668171,0.4671953974875924,1.0,1.0,0.1,0.0
3kgp_3kgp_conf0,torsion_raw_chembl_count,11,3,1,1,1,1.0,0.1972588141602993,0.1972588141602993,1.0,1.0,100.0,0.0
3kgp_3kgp_conf0,torsion_minimized_fixed,11,3,1000,1000,1000,1.0,0.3340188759587906,0.3340467313362795,1.0,1.0,0.1,0.0
3kgp_3kgp_conf0,torsion_minimized_chembl_count,11,3,1,1,1,1.0,0.3340549497712207,0.3340549497712207,1.0,1.0,100.0,0.0
3lka_3lka_conf0,rdkit_random_raw_fixed,12,3,1000,1000,1000,1.0,0.1915476962807628,0.2480081240528207,1.0,1.0,0.1,0.0
3lka_3lka_conf0,rdkit_random_raw_chembl_count,12,3,4,4,4,1.0,0.218933184306385,0.5939229348994812,1.0,1.0,25.0,0.0
3lka_3lka_conf0,rdkit_random_minimized_fixed,12,3,1000,1000,1000,1.0,0.1874304430607938,0.2846104834530905,1.0,1.0,0.1,0.0
3lka_3lka_conf0,rdkit_random_minimized_chembl_count,12,3,4,4,4,1.0,0.187589208775275,0.4275819495318486,1.0,1.0,25.0,0.0
3lka_3lka_conf0,torsion_raw_fixed,12,3,1000,1000,1000,1.0,0.1085083467437948,0.6196312520596132,1.0,1.0,0.1,0.0
3lka_3lka_conf0,torsion_raw_chembl_count,12,3,4,4,4,1.0,0.5261725822791573,0.6769784017845141,1.0,1.0,25.0,0.0
3lka_3lka_conf0,torsion_minimized_fixed,12,3,1000,1000,1000,1.0,0.1875449716256703,0.2845663214823347,1.0,1.0,0.1,0.0
3lka_3lka_conf0,torsion_minimized_chembl_count,12,3,4,4,4,1.0,0.1875671625623699,0.2547912404549456,1.0,1.0,25.0,0.0
3nx7_3nx7_conf0,rdkit_random_raw_fixed,20,9,1000,1000,1000,1.0,0.5027624593039076,1.4986542758795085,1.0,15.0,1.5,0.9032431968909128
3nx7_3nx7_conf0,rdkit_random_raw_chembl_count,20,9,111,111,111,1.0,0.6526571262168755,1.4501124166778092,1.0,13.0,11.711711711711713,0.9349191868464732
3nx7_3nx7_conf0,rdkit_random_minimized_fixed,20,9,1000,1000,1000,1.0,0.4215366491467428,1.5057336223815625,1.0,24.0,2.4,0.8211790670673838
3nx7_3nx7_conf0,rdkit_random_minimized_chembl_count,20,9,111,111,111,1.0,0.6054005484799609,1.504245723805201,1.0,15.0,13.513513513513514,0.8711862640783752
3nx7_3nx7_conf0,torsion_raw_fixed,20,9,542,1000,542,0.542,0.5642940577528988,1.431381882832172,1.0,58.0,10.70110701107011,0.9243058981352136
3nx7_3nx7_conf0,torsion_raw_chembl_count,20,9,62,111,62,0.5585585585585585,0.7168466878600221,1.3916344060576935,1.0,24.0,38.70967741935484,0.9524703897743269
3nx7_3nx7_conf0,torsion_minimized_fixed,20,9,1000,1000,1000,1.0,0.3318952383301703,1.4519310508908192,1.0,38.0,3.8,0.8430044221221886
3nx7_3nx7_conf0,torsion_minimized_chembl_count,20,9,111,111,111,1.0,0.5957206339705492,1.4270827757921831,1.0,20.0,18.01801801801802,0.8464246353446024
3pxf_3pxf_conf0,rdkit_random_raw_fixed,21,3,1000,1000,1000,1.0,0.4591380139923289,0.8664662078571302,1.0,3.0,0.3,0.9969269070180375
3pxf_3pxf_conf0,rdkit_random_raw_chembl_count,21,3,7,7,7,1.0,0.524632702491201,0.5621649110560586,1.0,2.0,28.571428571428573,0.8631205685666311
3pxf_3pxf_conf0,rdkit_random_minimized_fixed,21,3,1000,1000,1000,1.0,0.3593728073762157,1.0395829125800526,1.0,1.0,0.1,0.0
3pxf_3pxf_conf0,rdkit_random_minimized_chembl_count,21,3,7,7,7,1.0,0.3595107717587861,0.3595307927230133,1.0,1.0,14.285714285714286,0.0
3pxf_3pxf_conf0,torsion_raw_fixed,21,3,766,1000,766,0.766,0.1281227899904701,0.7495848668211447,1.0,2.0,0.2610966057441253,0.955152625488686
3pxf_3pxf_conf0,torsion_raw_chembl_count,21,3,6,7,6,0.8571428571428571,0.5184165834904346,0.5786852551701479,1.0,1.0,16.666666666666668,0.0
3pxf_3pxf_conf0,torsion_minimized_fixed,21,3,1000,1000,1000,1.0,0.3594669624045983,1.0395980085749232,1.0,1.0,0.1,0.0
3pxf_3pxf_conf0,torsion_minimized_chembl_count,21,3,7,7,7,1.0,0.35952237793723,0.4875206362490945,1.0,1.0,14.285714285714286,0.0
3qqs_3qqs_conf0,rdkit_random_raw_fixed,19,4,1000,1000,1000,1.0,0.3565006216324878,1.6004560009063682,1.0,6.0,0.6,0.8086834459435854
3qqs_3qqs_conf0,rdkit_random_raw_chembl_count,19,4,7,7,7,1.0,1.0700429979277175,1.5983589927780917,0.0,4.0,57.142857142857146,0.9211854965885544
3qqs_3qqs_conf0,rdkit_random_minimized_fixed,19,4,1000,1000,1000,1.0,0.7868880349065662,1.49440628918663,0.0,4.0,0.4,0.6042520217173785
3qqs_3qqs_conf0,rdkit_random_minimized_chembl_count,19,4,7,7,7,1.0,1.4943427590594336,2.3060719038454005,0.0,3.0,42.85714285714285,0.8699155297736259
3qqs_3qqs_conf0,torsion_raw_fixed,19,4,991,1000,991,0.991,0.2042694347083224,1.3468137012805772,1.0,7.0,0.7063572149344097,0.9186788392931792
3qqs_3qqs_conf0,torsion_raw_chembl_count,19,4,7,7,7,1.0,0.3965474675412007,1.38051802649055,1.0,3.0,42.85714285714285,0.9821410328348752
3qqs_3qqs_conf0,torsion_minimized_fixed,19,4,1000,1000,1000,1.0,0.7879815926938948,2.3060842420923136,0.0,4.0,0.4,0.6800304888680286
3qqs_3qqs_conf0,torsion_minimized_chembl_count,19,4,7,7,7,1.0,1.4943134705062209,1.4943464562819664,0.0,3.0,42.85714285714285,0.8699155297736259
3rlr_3rlr_conf0,rdkit_random_raw_fixed,23,2,1000,1000,1000,1.0,0.200814938310876,2.100408995217195,1.0,2.0,0.2,0.9990649315776106
3rlr_3rlr_conf0,rdkit_random_raw_chembl_count,23,2,9,9,9,1.0,0.4964224691097297,2.2706408864561234,1.0,2.0,22.22222222222222,0.9182958340544894
3rlr_3rlr_conf0,rdkit_random_minimized_fixed,23,2,1000,1000,1000,1.0,0.1844710994466607,2.036811409106564,1.0,2.0,0.2,0.9986030202378096
3rlr_3rlr_conf0,rdkit_random_minimized_chembl_count,23,2,9,9,9,1.0,0.1850280880531715,2.03681489250905,1.0,2.0,22.22222222222222,0.9910760598382222
3rlr_3rlr_conf0,torsion_raw_fixed,23,2,996,1000,996,0.996,0.1728668851686286,0.974148719661375,1.0,2.0,0.2008032128514056,0.9905291756648062
3rlr_3rlr_conf0,torsion_raw_chembl_count,23,2,9,9,9,1.0,0.2132655351041814,0.4790247368652708,1.0,2.0,22.22222222222222,0.5032583347756457
3rlr_3rlr_conf0,torsion_minimized_fixed,23,2,1000,1000,1000,1.0,0.1844406940613688,0.4735574304798751,1.0,2.0,0.2,0.6148227571490692
3rlr_3rlr_conf0,torsion_minimized_chembl_count,23,2,9,9,9,1.0,0.1845901533439713,0.4735466195233976,1.0,1.0,11.11111111111111,0.0
3rsx_3rsx_conf0,rdkit_random_raw_fixed,16,2,1000,1000,1000,1.0,0.0844898301135599,0.7721930016500378,1.0,2.0,0.2,0.999858611267083
3rsx_3rsx_conf0,rdkit_random_raw_chembl_count,16,2,4,4,4,1.0,0.7689785037766502,0.8973041326875402,0.0,1.0,25.0,0.0
3rsx_3rsx_conf0,rdkit_random_minimized_fixed,16,2,1000,1000,1000,1.0,0.115760900904653,0.6307972169061151,1.0,2.0,0.2,0.9996508396313204
3rsx_3rsx_conf0,rdkit_random_minimized_chembl_count,16,2,4,4,4,1.0,0.1157887507391675,0.66083756905215,1.0,2.0,50.0,1.0
3rsx_3rsx_conf0,torsion_raw_fixed,16,2,1000,1000,1000,1.0,0.389225613741207,0.83744332357671,1.0,2.0,0.2,0.9179621399872384
3rsx_3rsx_conf0,torsion_raw_chembl_count,16,2,4,4,4,1.0,0.8204715961211038,0.8301062895611432,0.0,1.0,25.0,0.0
3rsx_3rsx_conf0,torsion_minimized_fixed,16,2,1000,1000,1000,1.0,0.1157742605860168,0.6908969572293324,1.0,2.0,0.2,0.8312397541751453
3rsx_3rsx_conf0,torsion_minimized_chembl_count,16,2,4,4,4,1.0,0.6907387574938822,0.8481162142397309,1.0,1.0,25.0,0.0
3ryj_3ryj_conf0,rdkit_random_raw_fixed,18,4,1000,1000,1000,1.0,0.6128933388274072,0.9277826350311638,1.0,3.0,0.3,0.9935281678768388
3ryj_3ryj_conf0,rdkit_random_raw_chembl_count,18,4,81,81,81,1.0,0.6166646691864084,1.0570055076789564,1.0,3.0,3.703703703703704,0.9788592689621792
3ryj_3ryj_conf0,rdkit_random_minimized_fixed,18,4,1000,1000,1000,1.0,0.4901079269616474,0.8884481185826847,1.0,3.0,0.3,0.9228469328530996
3ryj_3ryj_conf0,rdkit_random_minimized_chembl_count,18,4,81,81,81,1.0,0.4901151055765885,1.0483068377363265,1.0,2.0,2.469135802469136,0.9972496329704708
3ryj_3ryj_conf0,torsion_raw_fixed,18,4,999,1000,999,0.999,0.2774409100005842,1.113820036795773,1.0,12.0,1.2012012012012012,0.9393511573012612
3ryj_3ryj_conf0,torsion_raw_chembl_count,18,4,81,81,81,1.0,0.471488347433082,1.1407460781009806,1.0,10.0,12.34567901234568,0.9299656236822172
3ryj_3ryj_conf0,torsion_minimized_fixed,18,4,1000,1000,1000,1.0,0.4901008737344493,0.8884492243242726,1.0,5.0,0.5,0.9555630124795512
3ryj_3ryj_conf0,torsion_minimized_chembl_count,18,4,81,81,81,1.0,0.5403750948390716,0.9346314695212474,1.0,5.0,6.172839506172839,0.7954934967715716
3syr_3syr_conf0,rdkit_random_raw_fixed,20,6,1000,1000,1000,1.0,0.1801598715972583,1.3747155798233297,1.0,14.0,1.4,0.9580300626939052
3syr_3syr_conf0,rdkit_random_raw_chembl_count,20,6,122,122,122,1.0,0.2909454926220404,1.3851149466563983,1.0,12.0,9.836065573770492,0.9710678400839784
3syr_3syr_conf0,rdkit_random_minimized_fixed,20,6,1000,1000,1000,1.0,0.4363921026519531,1.148544867694083,1.0,10.0,1.0,0.8365121150977526
3syr_3syr_conf0,rdkit_random_minimized_chembl_count,20,6,122,122,122,1.0,0.4536551897722496,1.1153482314064216,1.0,8.0,6.557377049180328,0.8072754401707777
3syr_3syr_conf0,torsion_raw_fixed,20,6,948,1000,948,0.948,0.2688171279954624,0.8526456970084837,1.0,3.0,0.3164556962025316,0.8256674334844328
3syr_3syr_conf0,torsion_raw_chembl_count,20,6,114,122,114,0.9344262295081968,0.3694629171515098,0.8422875412936395,1.0,3.0,2.631578947368421,0.930796956617754
3syr_3syr_conf0,torsion_minimized_fixed,20,6,1000,1000,1000,1.0,0.4363950059802026,0.718025484653658,1.0,3.0,0.3,0.4906587199963744
3syr_3syr_conf0,torsion_minimized_chembl_count,20,6,122,122,122,1.0,0.4364024252537771,0.7163495518818533,1.0,2.0,1.639344262295082,0.489443831525844
3twp_3twp_conf0,rdkit_random_raw_fixed,10,2,1000,1000,1000,1.0,0.0602847810143959,0.0795791726937722,1.0,1.0,0.1,0.0
3twp_3twp_conf0,rdkit_random_raw_chembl_count,10,2,1,1,1,1.0,0.0722600713112689,0.0722600713112689,1.0,1.0,100.0,0.0
3twp_3twp_conf0,rdkit_random_minimized_fixed,10,2,1000,1000,1000,1.0,0.0871066720480888,0.0871336225296448,1.0,1.0,0.1,0.0
3twp_3twp_conf0,rdkit_random_minimized_chembl_count,10,2,1,1,1,1.0,0.087142750497529,0.087142750497529,1.0,1.0,100.0,0.0
3twp_3twp_conf0,torsion_raw_fixed,10,2,1000,1000,1000,1.0,0.0684826469586516,0.250158755965264,1.0,1.0,0.1,0.0
3twp_3twp_conf0,torsion_raw_chembl_count,10,2,1,1,1,1.0,0.2245972524701561,0.2245972524701561,1.0,1.0,100.0,0.0
3twp_3twp_conf0,torsion_minimized_fixed,10,2,1000,1000,1000,1.0,0.0871062367030622,0.0871334615676407,1.0,1.0,0.1,0.0
3twp_3twp_conf0,torsion_minimized_chembl_count,10,2,1,1,1,1.0,0.0871365939456968,0.0871365939456968,1.0,1.0,100.0,0.0
3u5j_3u5j_conf0,rdkit_random_raw_fixed,22,1,1000,1000,1000,1.0,0.2509833346138144,1.6776587249966268,1.0,2.0,0.2,0.9988455359952018
3u5j_3u5j_conf0,rdkit_random_raw_chembl_count,22,1,2,2,2,1.0,1.7176373456444152,1.7203211858147216,0.0,1.0,50.0,0.0
3u5j_3u5j_conf0,rdkit_random_minimized_fixed,22,1,1000,1000,1000,1.0,0.1928395111996006,1.8131995492769548,1.0,2.0,0.2,0.9999740313334506
3u5j_3u5j_conf0,rdkit_random_minimized_chembl_count,22,1,2,2,2,1.0,0.1928783383668247,0.1928825581404069,1.0,1.0,50.0,0.0
3u5j_3u5j_conf0,torsion_raw_fixed,22,1,1000,1000,1000,1.0,1.6358082879965634,1.663542205392682,0.0,1.0,0.1,0.0
3u5j_3u5j_conf0,torsion_raw_chembl_count,22,1,2,2,2,1.0,1.6399474696273024,1.6842590632168326,0.0,1.0,50.0,0.0
3u5j_3u5j_conf0,torsion_minimized_fixed,22,1,1000,1000,1000,1.0,1.8131490095188056,1.8132175477104184,0.0,1.0,0.1,0.0
3u5j_3u5j_conf0,torsion_minimized_chembl_count,22,1,2,2,2,1.0,1.8132165016651456,1.8132167326671509,0.0,1.0,50.0,0.0
3u8n_3u8n_conf0,rdkit_random_raw_fixed,17,3,1000,1000,1000,1.0,0.1883589648073869,1.4400588735874642,1.0,5.0,0.5,0.9711038308436668
3u8n_3u8n_conf0,rdkit_random_raw_chembl_count,17,3,197,197,197,1.0,0.3941863674064511,1.4728734454159664,1.0,4.0,2.030456852791878,0.9968510250111392
3u8n_3u8n_conf0,rdkit_random_minimized_fixed,17,3,1000,1000,1000,1.0,0.4317743932526335,1.307400503383236,1.0,7.0,0.7,0.8044170560747035
3u8n_3u8n_conf0,rdkit_random_minimized_chembl_count,17,3,197,197,197,1.0,0.431894839487688,1.3073170747304237,1.0,7.0,3.553299492385787,0.818286351889637
3u8n_3u8n_conf0,torsion_raw_fixed,17,3,957,1000,957,0.957,0.9652700053926808,1.2104823488494925,0.0,6.0,0.6269592476489029,0.8310069398526531
3u8n_3u8n_conf0,torsion_raw_chembl_count,17,3,190,197,190,0.964467005076142,0.9668850363044824,1.2285009874779456,0.0,4.0,2.1052631578947367,0.9130202306666246
3u8n_3u8n_conf0,torsion_minimized_fixed,17,3,1000,1000,1000,1.0,1.0212403720225922,1.1090784870463837,0.0,3.0,0.3,0.6707499613539276
3u8n_3u8n_conf0,torsion_minimized_chembl_count,17,3,197,197,197,1.0,1.021245388113827,1.1090596492644802,0.0,3.0,1.5228426395939083,0.7047856752432883
3uo4_3uo4_conf0,rdkit_random_raw_fixed,29,6,1000,1000,1000,1.0,0.6958923409451488,2.5085330918035136,1.0,82.0,8.2,0.8601850281459302
3uo4_3uo4_conf0,rdkit_random_raw_chembl_count,29,6,26,26,26,1.0,0.7320417538121643,2.514065472932317,1.0,14.0,53.84615384615385,0.944089159036652
3uo4_3uo4_conf0,rdkit_random_minimized_fixed,29,6,1000,1000,1000,1.0,0.5206700510121336,2.478186270528652,1.0,16.0,1.6,0.9183217743057024
3uo4_3uo4_conf0,rdkit_random_minimized_chembl_count,29,6,26,26,26,1.0,0.5206770145221579,2.170800549802338,1.0,10.0,38.46153846153846,0.9388895993832144
3uo4_3uo4_conf0,torsion_raw_fixed,29,6,869,1000,869,0.869,0.5671597708979275,1.9598993250750256,1.0,55.0,6.329113924050633,0.9506017223473118
3uo4_3uo4_conf0,torsion_raw_chembl_count,29,6,21,26,21,0.8076923076923077,1.0084260677388852,2.134503579800964,0.0,17.0,80.95238095238095,0.9725881732291828
3uo4_3uo4_conf0,torsion_minimized_fixed,29,6,1000,1000,1000,1.0,0.5206699531926251,1.930736796546504,1.0,16.0,1.6,0.7798928413706707
3uo4_3uo4_conf0,torsion_minimized_chembl_count,29,6,26,26,26,1.0,0.5206735156047024,1.5928795184798652,1.0,9.0,34.61538461538461,0.8697379715495854
3up2_3up2_conf0,rdkit_random_raw_fixed,28,6,1000,1000,1000,1.0,0.5145262746319014,2.171810149315393,1.0,93.0,9.3,0.8901447966835856
3up2_3up2_conf0,rdkit_random_raw_chembl_count,28,6,43,43,43,1.0,0.9423471170825064,2.177180520009877,0.0,21.0,48.83720930232558,0.924312072947862
3up2_3up2_conf0,rdkit_random_minimized_fixed,28,6,1000,1000,1000,1.0,0.8489555778657274,2.25170603497886,0.0,17.0,1.7,0.8955919655843672
3up2_3up2_conf0,rdkit_random_minimized_chembl_count,28,6,43,43,43,1.0,0.8489746019539461,2.354217512443259,0.0,12.0,27.906976744186046,0.9240316343308116
3up2_3up2_conf0,torsion_raw_fixed,28,6,983,1000,983,0.983,0.4883121895407137,2.167645361546358,1.0,71.0,7.222787385554425,0.9388377477775212
3up2_3up2_conf0,torsion_raw_chembl_count,28,6,43,43,43,1.0,0.9248574370279552,2.3163746740829056,0.0,24.0,55.81395348837209,0.96145924406984
3up2_3up2_conf0,torsion_minimized_fixed,28,6,1000,1000,1000,1.0,0.8489621789937092,1.7490141897877742,0.0,16.0,1.6,0.8009774356626556
3up2_3up2_conf0,torsion_minimized_chembl_count,28,6,43,43,43,1.0,0.8489858806548993,2.251704699223948,0.0,11.0,25.58139534883721,0.9232542564335428
3wtj_3wtj_conf0,rdkit_random_raw_fixed,16,2,1000,1000,1000,1.0,0.8079663317290425,1.350528790448562,0.0,6.0,0.6,0.9898555781095496
3wtj_3wtj_conf0,rdkit_random_raw_chembl_count,16,2,52,52,52,1.0,0.8249949882775203,1.470284475760144,0.0,6.0,11.538461538461538,0.9588700902307238
3wtj_3wtj_conf0,rdkit_random_minimized_fixed,16,2,1000,1000,1000,1.0,0.2604435581525484,1.2337621005393593,1.0,4.0,0.4,0.9983646893658376
3wtj_3wtj_conf0,rdkit_random_minimized_chembl_count,16,2,52,52,52,1.0,0.2604665587491422,1.233752584004166,1.0,4.0,7.6923076923076925,0.9771411972194372
3wtj_3wtj_conf0,torsion_raw_fixed,16,2,829,1000,829,0.829,0.2817820196309326,1.2622073094021409,1.0,8.0,0.9650180940892642,0.905574249580128
3wtj_3wtj_conf0,torsion_raw_chembl_count,16,2,46,52,46,0.8846153846153846,0.3926974078959743,1.339552144892123,1.0,5.0,10.869565217391305,0.92166659453806
3wtj_3wtj_conf0,torsion_minimized_fixed,16,2,999,1000,999,0.999,0.2604448745615031,1.2337519826242818,1.0,5.0,0.5005005005005005,0.6627381624624737
3wtj_3wtj_conf0,torsion_minimized_chembl_count,16,2,52,52,52,1.0,0.2604542415579113,1.2337512864545044,1.0,4.0,7.6923076923076925,0.729069516468171
3zdg_3zdg_conf0,rdkit_random_raw_fixed,13,4,1000,1000,1000,1.0,0.2534668309429185,1.3463406815114851,1.0,13.0,1.3,0.94602198483599
3zdg_3zdg_conf0,rdkit_random_raw_chembl_count,13,4,199,199,199,1.0,0.3208758123552875,1.320458098394087,1.0,11.0,5.527638190954774,0.9271881005943572
3zdg_3zdg_conf0,rdkit_random_minimized_fixed,13,4,1000,1000,1000,1.0,0.4412301875193227,1.3907260094606473,1.0,13.0,1.3,0.9502102999043832
3zdg_3zdg_conf0,rdkit_random_minimized_chembl_count,13,4,199,199,199,1.0,0.4412301875193227,1.4027399695777911,1.0,10.0,5.025125628140704,0.959666125018904
3zdg_3zdg_conf0,torsion_raw_fixed,13,4,770,1000,770,0.77,0.4684351887959751,1.4303491850491077,1.0,34.0,4.415584415584416,0.918001976926482
3zdg_3zdg_conf0,torsion_raw_chembl_count,13,4,156,199,156,0.7839195979899497,0.6001148501164654,1.4350598459352022,1.0,23.0,14.743589743589745,0.8991260977776807
3zdg_3zdg_conf0,torsion_minimized_fixed,13,4,1000,1000,1000,1.0,0.441313294439111,1.428230076772431,1.0,12.0,1.2,0.8870459493558129
3zdg_3zdg_conf0,torsion_minimized_chembl_count,13,4,199,199,199,1.0,0.4413329749617035,1.4428529776105006,1.0,12.0,6.030150753768845,0.8992187370171383
4ddh_4ddh_conf0,rdkit_random_raw_fixed,15,3,1000,1000,1000,1.0,0.2402337864126792,0.8379166816816038,1.0,3.0,0.3,0.7389754231845435
4ddh_4ddh_conf0,rdkit_random_raw_chembl_count,15,3,2,2,2,1.0,0.5862889717665024,0.8010337913512378,1.0,1.0,50.0,0.0
4ddh_4ddh_conf0,rdkit_random_minimized_fixed,15,3,1000,1000,1000,1.0,0.4220029339467185,0.8758322931022409,1.0,2.0,0.2,0.9999740313334506
4ddh_4ddh_conf0,rdkit_random_minimized_chembl_count,15,3,2,2,2,1.0,0.965108845791861,0.9651205505414986,0.0,1.0,50.0,0.0
4ddh_4ddh_conf0,torsion_raw_fixed,15,3,982,1000,982,0.982,0.2181993607579118,0.6890679857149435,1.0,2.0,0.2036659877800407,0.9447595609502768
4ddh_4ddh_conf0,torsion_raw_chembl_count,15,3,2,2,2,1.0,0.6786736959421885,0.6882558405773177,1.0,1.0,50.0,0.0
4ddh_4ddh_conf0,torsion_minimized_fixed,15,3,1000,1000,1000,1.0,0.4219325056651849,0.4220710666132472,1.0,2.0,0.2,0.8428959163008508
4ddh_4ddh_conf0,torsion_minimized_chembl_count,15,3,2,2,2,1.0,0.422074849475473,0.5380925650429078,1.0,1.0,50.0,0.0
4ddk_4ddk_conf0,rdkit_random_raw_fixed,12,1,1000,1000,1000,1.0,0.0536125905185872,0.1425049567165412,1.0,1.0,0.1,0.0
4ddk_4ddk_conf0,rdkit_random_raw_chembl_count,12,1,1,1,1,1.0,0.1160690826149756,0.1160690826149756,1.0,1.0,100.0,0.0
4ddk_4ddk_conf0,rdkit_random_minimized_fixed,12,1,1000,1000,1000,1.0,0.0699864623514473,0.0700103179155449,1.0,1.0,0.1,0.0
4ddk_4ddk_conf0,rdkit_random_minimized_chembl_count,12,1,1,1,1,1.0,0.0700016672536204,0.0700016672536204,1.0,1.0,100.0,0.0
4ddk_4ddk_conf0,torsion_raw_fixed,12,1,1000,1000,1000,1.0,0.07246805972709,0.4223492729762852,1.0,1.0,0.1,0.0
4ddk_4ddk_conf0,torsion_raw_chembl_count,12,1,1,1,1,1.0,0.4848692390395714,0.4848692390395714,1.0,1.0,100.0,0.0
4ddk_4ddk_conf0,torsion_minimized_fixed,12,1,1000,1000,1000,1.0,0.0699833211555186,0.070009886580794,1.0,1.0,0.1,0.0
4ddk_4ddk_conf0,torsion_minimized_chembl_count,12,1,1,1,1,1.0,0.0700071822154772,0.0700071822154772,1.0,1.0,100.0,0.0
4eor_4eor_conf0,rdkit_random_raw_fixed,28,7,1000,1000,1000,1.0,0.5892751107444998,1.410603661527698,1.0,52.0,5.2,0.8608456680257195
4eor_4eor_conf0,rdkit_random_raw_chembl_count,28,7,200,200,200,1.0,0.8580847273236986,1.4667363102080837,0.0,36.0,18.0,0.8991155378023747
4eor_4eor_conf0,rdkit_random_minimized_fixed,28,7,1000,1000,1000,1.0,0.7040401239138735,1.1636561473125728,1.0,15.0,1.5,0.8682093671635216
4eor_4eor_conf0,rdkit_random_minimized_chembl_count,28,7,200,200,200,1.0,0.7574185708254365,1.158069788962241,0.0,11.0,5.5,0.9202709325231122
4eor_4eor_conf0,torsion_raw_fixed,28,7,991,1000,991,0.991,0.5381061086232313,1.477268773358747,1.0,83.0,8.375378405650858,0.9405577206400892
4eor_4eor_conf0,torsion_raw_chembl_count,28,7,197,200,197,0.985,0.6292126247736668,1.5091813326742964,1.0,52.0,26.395939086294412,0.9293158406363105
4eor_4eor_conf0,torsion_minimized_fixed,28,7,1000,1000,1000,1.0,0.7387622241480876,1.1247007575220913,1.0,13.0,1.3,0.796377110208594
4eor_4eor_conf0,torsion_minimized_chembl_count,28,7,200,200,200,1.0,0.7388272791632651,1.1130406571724194,1.0,10.0,5.0,0.7172832726464816
4f09_4f09_conf0,rdkit_random_raw_fixed,19,1,1000,1000,1000,1.0,0.1174986388760615,0.4759020123569257,1.0,3.0,0.3,0.519790241080053
4f09_4f09_conf0,rdkit_random_raw_chembl_count,19,1,2,2,2,1.0,0.4845407931714343,0.5638956434348396,1.0,1.0,50.0,0.0
4f09_4f09_conf0,rdkit_random_minimized_fixed,19,1,1000,1000,1000,1.0,0.1545910310040393,0.3504862544055425,1.0,5.0,0.5,0.1972670063308997
4f09_4f09_conf0,rdkit_random_minimized_chembl_count,19,1,2,2,2,1.0,0.3404853833953414,0.3718811436752861,1.0,1.0,50.0,0.0
4f09_4f09_conf0,torsion_raw_fixed,19,1,510,1000,510,0.51,0.3756971758389315,0.5371100563648061,1.0,1.0,0.196078431372549,0.0
4f09_4f09_conf0,torsion_raw_chembl_count,19,1,1,2,1,0.5,0.6985061114753849,0.6985061114753849,1.0,1.0,100.0,0.0
4f09_4f09_conf0,torsion_minimized_fixed,19,1,1000,1000,1000,1.0,0.1546096466208905,0.3772410707049402,1.0,2.0,0.2,0.0114077577374611
4f09_4f09_conf0,torsion_minimized_chembl_count,19,1,2,2,2,1.0,0.1546348370261831,0.2659372123370837,1.0,1.0,50.0,0.0
4f2w_4f2w_conf0,rdkit_random_raw_fixed,20,6,1000,1000,1000,1.0,0.2715825097439219,1.7422280329414883,1.0,44.0,4.4,0.9226996728433232
4f2w_4f2w_conf0,rdkit_random_raw_chembl_count,20,6,200,200,200,1.0,0.7160538167986744,1.750260719434197,1.0,31.0,15.5,0.9107559260190444
4f2w_4f2w_conf0,rdkit_random_minimized_fixed,20,6,1000,1000,1000,1.0,0.3437682577910559,1.7483736743546157,1.0,10.0,1.0,0.8425760130338639
4f2w_4f2w_conf0,rdkit_random_minimized_chembl_count,20,6,200,200,200,1.0,0.3439173969352556,1.7693608600879545,1.0,9.0,4.5,0.8719633897822718
4f2w_4f2w_conf0,torsion_raw_fixed,20,6,935,1000,935,0.935,0.5944609553732416,1.5541666707077482,1.0,21.0,2.2459893048128343,0.9712843555847416
4f2w_4f2w_conf0,torsion_raw_chembl_count,20,6,192,200,192,0.96,0.6327235781220277,1.5545297089979129,1.0,18.0,9.375,0.9466824713725768
4f2w_4f2w_conf0,torsion_minimized_fixed,20,6,1000,1000,1000,1.0,0.3437905364352548,1.6226461761521311,1.0,11.0,1.1,0.8003731470186889
4f2w_4f2w_conf0,torsion_minimized_chembl_count,20,6,200,200,200,1.0,0.3439467926375231,1.6388035368575309,1.0,11.0,5.5,0.8749580159492606
4f9w_4f9w_conf0,rdkit_random_raw_fixed,25,3,1000,1000,1000,1.0,0.1525484656406097,1.1725072011940858,1.0,3.0,0.3,0.9064079442106622
4f9w_4f9w_conf0,rdkit_random_raw_chembl_count,25,3,4,4,4,1.0,0.9848636954599336,1.4623050297886655,0.0,2.0,50.0,0.8112781244591328
4f9w_4f9w_conf0,rdkit_random_minimized_fixed,25,3,1000,1000,1000,1.0,0.1748365664542712,0.9865760911143706,1.0,2.0,0.2,0.9999278640456616
4f9w_4f9w_conf0,rdkit_random_minimized_chembl_count,25,3,4,4,4,1.0,0.986513981819814,1.444436804842802,0.0,2.0,50.0,0.8112781244591328
4f9w_4f9w_conf0,torsion_raw_fixed,25,3,852,1000,852,0.852,0.1644146048507088,0.7661372957874285,1.0,4.0,0.4694835680751174,0.8454177764356037
4f9w_4f9w_conf0,torsion_raw_chembl_count,25,3,3,4,3,0.75,0.5090144032844136,1.288900407645113,1.0,2.0,66.66666666666667,0.9182958340544894
4f9w_4f9w_conf0,torsion_minimized_fixed,25,3,1000,1000,1000,1.0,0.1748961432804407,0.982636049211744,1.0,2.0,0.2,0.6437935214851034
4f9w_4f9w_conf0,torsion_minimized_chembl_count,25,3,4,4,4,1.0,0.180300758469194,0.9845766713897676,1.0,2.0,50.0,0.8112781244591328
4hge_4hge_conf0,rdkit_random_raw_fixed,25,3,1000,1000,1000,1.0,0.3401366866596688,1.6708893048138636,1.0,25.0,2.5,0.9426523441868396
4hge_4hge_conf0,rdkit_random_raw_chembl_count,25,3,36,36,36,1.0,0.3537796672069996,1.661122044008713,1.0,13.0,36.11111111111112,0.9469079743751666
4hge_4hge_conf0,rdkit_random_minimized_fixed,25,3,1000,1000,1000,1.0,0.4487843370128213,1.5048639050813335,1.0,15.0,1.5,0.7980844660724901
4hge_4hge_conf0,rdkit_random_minimized_chembl_count,25,3,36,36,36,1.0,0.4488468673480779,1.7513027380541653,1.0,11.0,30.55555555555556,0.8966777107772836
4hge_4hge_conf0,torsion_raw_fixed,25,3,981,1000,981,0.981,0.3017077731185891,1.7652702205727933,1.0,72.0,7.339449541284404,0.9389008504789494
4hge_4hge_conf0,torsion_raw_chembl_count,25,3,36,36,36,1.0,0.4171097746748576,1.7769475503030054,1.0,17.0,47.22222222222222,0.9673405135372692
4hge_4hge_conf0,torsion_minimized_fixed,25,3,1000,1000,1000,1.0,0.4488203700067364,1.3768447041995522,1.0,32.0,3.2,0.6906983552040067
4hge_4hge_conf0,torsion_minimized_chembl_count,25,3,36,36,36,1.0,0.4488295993398979,1.3768405992366413,1.0,13.0,36.11111111111112,0.7589756357989734
4j21_4j21_conf0,rdkit_random_raw_fixed,20,2,1000,1000,1000,1.0,0.1379531070760999,0.9276803817492936,1.0,3.0,0.3,0.7062763541275172
4j21_4j21_conf0,rdkit_random_raw_chembl_count,20,2,3,3,3,1.0,0.1405507633547665,0.1482134995824147,1.0,1.0,33.333333333333336,0.0
4j21_4j21_conf0,rdkit_random_minimized_fixed,20,2,1000,1000,1000,1.0,0.2739966004766293,0.5599610979212762,1.0,2.0,0.2,0.9995844639313984
4j21_4j21_conf0,rdkit_random_minimized_chembl_count,20,2,3,3,3,1.0,1.4065434163746795,1.4065496114036504,0.0,1.0,33.333333333333336,0.0
4j21_4j21_conf0,torsion_raw_fixed,20,2,1000,1000,1000,1.0,0.2940104445511457,1.303459191647228,1.0,2.0,0.2,0.9521953766259578
4j21_4j21_conf0,torsion_raw_chembl_count,20,2,3,3,3,1.0,0.6761823372815273,1.471985991976764,1.0,2.0,66.66666666666667,0.9182958340544894
4j21_4j21_conf0,torsion_minimized_fixed,20,2,1000,1000,1000,1.0,0.2740020929467756,1.4065455009290302,1.0,2.0,0.2,0.8457365854914222
4j21_4j21_conf0,torsion_minimized_chembl_count,20,2,3,3,3,1.0,0.2740232025943984,1.4065334203519235,1.0,2.0,66.66666666666667,0.9182958340544894
4j3l_4j3l_conf0,rdkit_random_raw_fixed,26,5,1000,1000,1000,1.0,0.3897603711025874,1.5597586690252856,1.0,18.0,1.8,0.9467398775057022
4j3l_4j3l_conf0,rdkit_random_raw_chembl_count,26,5,114,114,114,1.0,0.4367514596854026,1.5899275723972246,1.0,16.0,14.035087719298245,0.9453836435435492
4j3l_4j3l_conf0,rdkit_random_minimized_fixed,26,5,1000,1000,1000,1.0,0.491361353935268,1.5973338849059586,1.0,10.0,1.0,0.9704580760345418
4j3l_4j3l_conf0,rdkit_random_minimized_chembl_count,26,5,114,114,114,1.0,0.5114637284687727,1.5973180798645432,1.0,9.0,7.894736842105263,0.9720640413661116
4j3l_4j3l_conf0,torsion_raw_fixed,26,5,971,1000,971,0.971,0.6621826718359515,1.7419658683381412,1.0,35.0,3.604531410916581,0.9190198976129836
4j3l_4j3l_conf0,torsion_raw_chembl_count,26,5,114,114,114,1.0,0.813537321774267,1.751863332491734,0.0,18.0,15.789473684210526,0.9162834762912112
4j3l_4j3l_conf0,torsion_minimized_fixed,26,5,1000,1000,1000,1.0,0.5114746354199985,1.7004778316056464,1.0,19.0,1.9,0.845990313491703
4j3l_4j3l_conf0,torsion_minimized_chembl_count,26,5,114,114,114,1.0,0.8846875506151921,1.651503224246384,0.0,14.0,12.280701754385966,0.855931257227657
4jsz_4jsz_conf0,rdkit_random_raw_fixed,10,2,1000,1000,1000,1.0,0.5053559377481438,0.5468786199065535,1.0,1.0,0.1,0.0
4jsz_4jsz_conf0,rdkit_random_raw_chembl_count,10,2,2,2,2,1.0,0.55822150685921,0.5665793766645048,1.0,1.0,50.0,0.0
4jsz_4jsz_conf0,rdkit_random_minimized_fixed,10,2,1000,1000,1000,1.0,0.483051873695548,0.5418345977501867,1.0,1.0,0.1,0.0
4jsz_4jsz_conf0,rdkit_random_minimized_chembl_count,10,2,2,2,2,1.0,0.4833776386215661,0.5424104525384104,1.0,1.0,50.0,0.0
4jsz_4jsz_conf0,torsion_raw_fixed,10,2,1000,1000,1000,1.0,0.0929364531553462,0.3791834936230919,1.0,1.0,0.1,0.0
4jsz_4jsz_conf0,torsion_raw_chembl_count,10,2,2,2,2,1.0,0.3752758742881142,0.3877381006024715,1.0,1.0,50.0,0.0
4jsz_4jsz_conf0,torsion_minimized_fixed,10,2,1000,1000,1000,1.0,0.4833174601998128,0.5418331014346169,1.0,1.0,0.1,0.0
4jsz_4jsz_conf0,torsion_minimized_chembl_count,10,2,2,2,2,1.0,0.4833516715163051,0.5424007910317068,1.0,1.0,50.0,0.0
4jxs_4jxs_conf0,rdkit_random_raw_fixed,22,6,1000,1000,1000,1.0,0.7560355001338684,1.4903994116953632,0.0,6.0,0.6,0.6199185058499462
4jxs_4jxs_conf0,rdkit_random_raw_chembl_count,22,6,32,32,32,1.0,0.8015676186194188,1.006205280388628,0.0,3.0,9.375,0.9163077923825256
4jxs_4jxs_conf0,rdkit_random_minimized_fixed,22,6,1000,1000,1000,1.0,0.745563389774338,1.7987032687006823,1.0,5.0,0.5,0.7565784556747384
4jxs_4jxs_conf0,rdkit_random_minimized_chembl_count,22,6,32,32,32,1.0,0.7462507228270266,1.3385562919788718,1.0,4.0,12.5,0.9029218842411784
4jxs_4jxs_conf0,torsion_raw_fixed,22,6,912,1000,912,0.912,0.3128579721471378,1.3989188275045796,1.0,38.0,4.166666666666667,0.9220340873588956
4jxs_4jxs_conf0,torsion_raw_chembl_count,22,6,29,32,29,0.90625,0.6930055428267593,1.4717917557478115,1.0,16.0,55.172413793103445,0.9289830463787572
4jxs_4jxs_conf0,torsion_minimized_fixed,22,6,1000,1000,1000,1.0,0.7460348808103061,1.0749362042247812,1.0,8.0,0.8,0.6810767741899715
4jxs_4jxs_conf0,torsion_minimized_chembl_count,22,6,32,32,32,1.0,0.7462509430135612,0.8335087891695137,1.0,6.0,18.75,0.6990180524758991
4k18_4k18_conf0,rdkit_random_raw_fixed,29,5,1000,1000,1000,1.0,0.4389901698128339,1.8705562898149517,1.0,17.0,1.7,0.8565718475746484
4k18_4k18_conf0,rdkit_random_raw_chembl_count,29,5,109,109,109,1.0,0.7058913014733854,1.97540306800898,1.0,11.0,10.091743119266056,0.8381864174801464
4k18_4k18_conf0,rdkit_random_minimized_fixed,29,5,1000,1000,1000,1.0,0.212359955505252,2.2012761335881046,1.0,6.0,0.6,0.8498983333991423
4k18_4k18_conf0,rdkit_random_minimized_chembl_count,29,5,109,109,109,1.0,0.2125492620722833,2.201413062569251,1.0,6.0,5.504587155963303,0.8379029851529651
4k18_4k18_conf0,torsion_raw_fixed,29,5,941,1000,941,0.941,0.6423016449411022,2.2613977073049605,1.0,53.0,5.63230605738576,0.9316871875659468
4k18_4k18_conf0,torsion_raw_chembl_count,29,5,105,109,105,0.963302752293578,0.6995548251464316,2.336898675485329,1.0,27.0,25.714285714285715,0.9302914223324128
4k18_4k18_conf0,torsion_minimized_fixed,29,5,1000,1000,1000,1.0,0.2122893911303075,2.7028288947908834,1.0,15.0,1.5,0.8009430898142482
4k18_4k18_conf0,torsion_minimized_chembl_count,29,5,109,109,109,1.0,0.2124733270506667,2.702682647485683,1.0,14.0,12.844036697247706,0.8233497683063223
4k77_4k77_conf0,rdkit_random_raw_fixed,18,2,1000,1000,1000,1.0,0.3008209226095009,0.954177064214634,1.0,5.0,0.5,0.9306479198572344
4k77_4k77_conf0,rdkit_random_raw_chembl_count,18,2,5,5,5,1.0,0.5309389795441114,1.0467428162917694,1.0,3.0,60.0,0.9602297178607612
4k77_4k77_conf0,rdkit_random_minimized_fixed,18,2,1000,1000,1000,1.0,0.1608453677102441,0.8157849403313733,1.0,3.0,0.3,0.8493813824355654
4k77_4k77_conf0,rdkit_random_minimized_chembl_count,18,2,5,5,5,1.0,0.5110060045986957,0.984053666542152,1.0,2.0,40.0,0.9709505944546688
4k77_4k77_conf0,torsion_raw_fixed,18,2,980,1000,980,0.98,0.0731907781387693,0.7941194010198378,1.0,3.0,0.3061224489795918,0.883353624545062
4k77_4k77_conf0,torsion_raw_chembl_count,18,2,5,5,5,1.0,0.6381221339404057,0.7449702124414309,1.0,1.0,20.0,0.0
4k77_4k77_conf0,torsion_minimized_fixed,18,2,1000,1000,1000,1.0,0.1608311668179148,0.5878439158227633,1.0,3.0,0.3,0.5740549666592516
4k77_4k77_conf0,torsion_minimized_chembl_count,18,2,5,5,5,1.0,0.1608490993524108,0.5561847964270596,1.0,2.0,40.0,0.7219280948873623
4kzq_4kzq_conf0,rdkit_random_raw_fixed,18,2,1000,1000,1000,1.0,0.0784924981975731,0.0860341476647326,1.0,1.0,0.1,0.0
4kzq_4kzq_conf0,rdkit_random_raw_chembl_count,18,2,6,6,6,1.0,0.0826862052482354,0.0868577938063144,1.0,1.0,16.666666666666668,0.0
4kzq_4kzq_conf0,rdkit_random_minimized_fixed,18,2,1000,1000,1000,1.0,0.0774474529655251,0.3934140438049672,1.0,1.0,0.1,0.0
4kzq_4kzq_conf0,rdkit_random_minimized_chembl_count,18,2,6,6,6,1.0,0.3782383426461318,0.3859525797802612,1.0,1.0,16.666666666666668,0.0
4kzq_4kzq_conf0,torsion_raw_fixed,18,2,1000,1000,1000,1.0,0.0767840015502708,0.3497679723533397,1.0,1.0,0.1,0.0
4kzq_4kzq_conf0,torsion_raw_chembl_count,18,2,6,6,6,1.0,0.0983191651641099,0.1835995622915634,1.0,1.0,16.666666666666668,0.0
4kzq_4kzq_conf0,torsion_minimized_fixed,18,2,1000,1000,1000,1.0,0.3782130680288784,0.3784713216784262,1.0,1.0,0.1,0.0
4kzq_4kzq_conf0,torsion_minimized_chembl_count,18,2,6,6,6,1.0,0.3782385290169274,0.3784679674145916,1.0,1.0,16.666666666666668,0.0
4kzu_4kzu_conf0,rdkit_random_raw_fixed,18,1,1000,1000,1000,1.0,0.0999972500504771,0.1164146701709278,1.0,1.0,0.1,0.0
4kzu_4kzu_conf0,rdkit_random_raw_chembl_count,18,1,3,3,3,1.0,0.1026655113472767,0.1076240285307394,1.0,1.0,33.333333333333336,0.0
4kzu_4kzu_conf0,rdkit_random_minimized_fixed,18,1,1000,1000,1000,1.0,0.1239351709608409,0.1240984364383483,1.0,1.0,0.1,0.0
4kzu_4kzu_conf0,rdkit_random_minimized_chembl_count,18,1,3,3,3,1.0,0.1240451147073202,0.1240768026431769,1.0,1.0,33.333333333333336,0.0
4kzu_4kzu_conf0,torsion_raw_fixed,18,1,1000,1000,1000,1.0,0.0911705979307084,0.3602560224200094,1.0,1.0,0.1,0.0
4kzu_4kzu_conf0,torsion_raw_chembl_count,18,1,3,3,3,1.0,0.3443208588790846,0.5122299081691112,1.0,1.0,33.333333333333336,0.0
4kzu_4kzu_conf0,torsion_minimized_fixed,18,1,1000,1000,1000,1.0,0.3184436472875435,0.3184779542192323,1.0,1.0,0.1,0.0
4kzu_4kzu_conf0,torsion_minimized_chembl_count,18,1,3,3,3,1.0,0.3184765730272798,0.3184838097097079,1.0,1.0,33.333333333333336,0.0
4llx_4llx_conf0,rdkit_random_raw_fixed,9,1,1000,1000,1000,1.0,0.035363001249189,0.0536819129204563,1.0,1.0,0.1,0.0
4llx_4llx_conf0,rdkit_random_raw_chembl_count,9,1,1,1,1,1.0,0.0607104209628255,0.0607104209628255,1.0,1.0,100.0,0.0
4llx_4llx_conf0,rdkit_random_minimized_fixed,9,1,1000,1000,1000,1.0,0.0402710578409653,0.0403000238058943,1.0,1.0,0.1,0.0
4llx_4llx_conf0,rdkit_random_minimized_chembl_count,9,1,1,1,1,1.0,0.0402896254816662,0.0402896254816662,1.0,1.0,100.0,0.0
4llx_4llx_conf0,torsion_raw_fixed,9,1,1000,1000,1000,1.0,0.0492149037694406,0.0492149037694406,1.0,1.0,0.1,0.0
4llx_4llx_conf0,torsion_raw_chembl_count,9,1,1,1,1,1.0,0.0492149037694406,0.0492149037694406,1.0,1.0,100.0,0.0
4llx_4llx_conf0,torsion_minimized_fixed,9,1,1000,1000,1000,1.0,0.0402719030920891,0.040300482567724,1.0,1.0,0.1,0.0
4llx_4llx_conf0,torsion_minimized_chembl_count,9,1,1,1,1,1.0,0.040293587181329,0.040293587181329,1.0,1.0,100.0,0.0
4lzs_4lzs_conf0,rdkit_random_raw_fixed,15,3,1000,1000,1000,1.0,0.3336649480723452,1.0075094388717845,1.0,4.0,0.4,0.9911839315698938
4lzs_4lzs_conf0,rdkit_random_raw_chembl_count,15,3,12,12,12,1.0,0.5019914955050205,1.015074073755653,1.0,3.0,25.0,0.8359889967247164
4lzs_4lzs_conf0,rdkit_random_minimized_fixed,15,3,1000,1000,1000,1.0,0.1683209996177457,1.09778001800612,1.0,3.0,0.3,0.8246671632229999
4lzs_4lzs_conf0,rdkit_random_minimized_chembl_count,15,3,12,12,12,1.0,0.1683504179729029,1.220229161083897,1.0,4.0,33.333333333333336,0.8129072918469556
4lzs_4lzs_conf0,torsion_raw_fixed,15,3,890,1000,890,0.89,0.5303530703037297,1.098200299498893,1.0,5.0,0.5617977528089888,0.9599810309628704
4lzs_4lzs_conf0,torsion_raw_chembl_count,15,3,11,12,11,0.9166666666666666,0.5462645552917678,1.0656427553460004,1.0,3.0,27.272727272727277,0.8342022886441013
4lzs_4lzs_conf0,torsion_minimized_fixed,15,3,1000,1000,1000,1.0,0.1683424758564299,1.0977706632998072,1.0,6.0,0.6,0.9057274264063632
4lzs_4lzs_conf0,torsion_minimized_chembl_count,15,3,12,12,12,1.0,0.9333908752485996,1.0702063408963998,0.0,3.0,25.0,0.6567045482143385
4mgd_4mgd_conf0,rdkit_random_raw_fixed,19,4,1000,1000,1000,1.0,0.3136641122812354,0.4552277195759662,1.0,1.0,0.1,0.0
4mgd_4mgd_conf0,rdkit_random_raw_chembl_count,19,4,24,24,24,1.0,0.3642360707061832,0.4658961820364775,1.0,1.0,4.166666666666667,0.0
4mgd_4mgd_conf0,rdkit_random_minimized_fixed,19,4,1000,1000,1000,1.0,0.2674308047039633,0.2703918231493707,1.0,1.0,0.1,0.0
4mgd_4mgd_conf0,rdkit_random_minimized_chembl_count,19,4,24,24,24,1.0,0.2674622526452931,0.2693970106555148,1.0,1.0,4.166666666666667,0.0
4mgd_4mgd_conf0,torsion_raw_fixed,19,4,732,1000,732,0.732,0.1150060394140249,0.7664050147640975,1.0,2.0,0.273224043715847,0.998055155847119
4mgd_4mgd_conf0,torsion_raw_chembl_count,19,4,18,24,18,0.75,0.341068272115703,0.7389769348081202,1.0,1.0,5.555555555555555,0.0
4mgd_4mgd_conf0,torsion_minimized_fixed,19,4,1000,1000,1000,1.0,0.2674566189331577,0.812048502843443,1.0,1.0,0.1,0.0
4mgd_4mgd_conf0,torsion_minimized_chembl_count,19,4,24,24,24,1.0,0.2674590234343634,0.8120474232497202,1.0,1.0,4.166666666666667,0.0
4ogj_4ogj_conf0,rdkit_random_raw_fixed,37,10,1000,1000,1000,1.0,1.1286550178448116,2.8426612785490626,0.0,537.0,53.7,0.9646865212292924
4ogj_4ogj_conf0,rdkit_random_raw_chembl_count,37,10,54,54,54,1.0,1.1652610945615318,2.947843763666187,0.0,49.0,90.74074074074076,0.9919839976799338
4ogj_4ogj_conf0,rdkit_random_minimized_fixed,37,10,1000,1000,1000,1.0,0.5296442417851924,2.898823231855957,1.0,197.0,19.7,0.9042426860342764
4ogj_4ogj_conf0,rdkit_random_minimized_chembl_count,37,10,54,54,54,1.0,0.679928709505889,2.699772003294604,1.0,36.0,66.66666666666667,0.967972348722933
4ogj_4ogj_conf0,torsion_raw_fixed,37,10,811,1000,811,0.811,0.9918188287653292,3.6357233838157472,0.0,672.0,82.86066584463624,0.9902717133877366
4ogj_4ogj_conf0,torsion_raw_chembl_count,37,10,42,54,42,0.7777777777777778,1.1410199777059562,3.2766206849177584,0.0,41.0,97.61904761904762,0.997600839068423
4ogj_4ogj_conf0,torsion_minimized_fixed,37,10,1000,1000,1000,1.0,0.4029727885685484,3.3536298842611867,1.0,198.0,19.8,0.912874736616334
4ogj_4ogj_conf0,torsion_minimized_chembl_count,37,10,54,54,54,1.0,0.7170372481528066,3.831193783157596,1.0,40.0,74.07407407407408,0.9760430235933604
5c28_5c28_conf0,rdkit_random_raw_fixed,12,2,1000,1000,1000,1.0,0.0642459577217697,0.6252767070669353,1.0,1.0,0.1,0.0
5c28_5c28_conf0,rdkit_random_raw_chembl_count,12,2,2,2,2,1.0,0.0837764488834333,0.0946925755596876,1.0,1.0,50.0,0.0
5c28_5c28_conf0,rdkit_random_minimized_fixed,12,2,1000,1000,1000,1.0,0.0530430961615017,0.5940284043445679,1.0,1.0,0.1,0.0
5c28_5c28_conf0,rdkit_random_minimized_chembl_count,12,2,2,2,2,1.0,0.5940328811693543,0.5971264029586776,1.0,1.0,50.0,0.0
5c28_5c28_conf0,torsion_raw_fixed,12,2,1000,1000,1000,1.0,0.0439368292329334,0.5961064501010578,1.0,1.0,0.1,0.0
5c28_5c28_conf0,torsion_raw_chembl_count,12,2,2,2,2,1.0,0.3874778898577776,0.507124171328706,1.0,1.0,50.0,0.0
5c28_5c28_conf0,torsion_minimized_fixed,12,2,1000,1000,1000,1.0,0.0533061278425414,0.5940447149214159,1.0,1.0,0.1,0.0
5c28_5c28_conf0,torsion_minimized_chembl_count,12,2,2,2,2,1.0,0.530309959501529,0.5652608225621552,1.0,1.0,50.0,0.0
5c2h_5c2h_conf0,rdkit_random_raw_fixed,31,8,1000,1000,1000,1.0,0.9819953640732068,2.77812415601968,0.0,409.0,40.9,0.9607869526563042
5c2h_5c2h_conf0,rdkit_random_raw_chembl_count,31,8,85,85,85,1.0,1.5116990328666904,2.8030824161252106,0.0,71.0,83.52941176470588,0.9843227640891548
5c2h_5c2h_conf0,rdkit_random_minimized_fixed,31,8,1000,1000,1000,1.0,1.1561280335901318,2.960391674716683,0.0,277.0,27.7,0.9417627552956296
5c2h_5c2h_conf0,rdkit_random_minimized_chembl_count,31,8,85,85,85,1.0,1.7336405848136405,3.0348671935738887,0.0,63.0,74.11764705882354,0.967740629587334
5c2h_5c2h_conf0,torsion_raw_fixed,31,8,880,1000,880,0.88,1.0822946493926004,2.487445040501464,0.0,559.0,63.52272727272727,0.9769951167862208
5c2h_5c2h_conf0,torsion_raw_chembl_count,31,8,71,85,71,0.8352941176470589,1.0915581585964915,2.494461588106376,0.0,65.0,91.54929577464787,0.9930866431072604
5c2h_5c2h_conf0,torsion_minimized_fixed,31,8,1000,1000,1000,1.0,1.2593282547013915,2.805344202792506,0.0,272.0,27.2,0.9002167765450434
5c2h_5c2h_conf0,torsion_minimized_chembl_count,31,8,85,85,85,1.0,1.6443772016446396,2.740853690241724,0.0,57.0,67.05882352941177,0.951357304057637
1bcu_1bcu_conf0,chembl3d_gt_pb,16,0,1,1,1,1.0,0.0560874884793196,0.0560874884793196,1.0,1.0,100.0,0.0
1c5z_1c5z_conf0,chembl3d_gt_pb,9,1,1,1,1,1.0,0.0762719142023807,0.0762719142023807,1.0,1.0,100.0,0.0
1lpg_1lpg_conf0,chembl3d_gt_pb,41,10,193,193,193,1.0,1.552367976324618,2.2357893665313804,0.0,27.0,13.989637305699482,0.8959518103315486
1mq6_1mq6_conf0,chembl3d_gt_pb,36,7,12,12,12,1.0,2.033420024144573,2.8818685776277366,0.0,6.0,50.0,0.911188669681059
1nc3_1nc3_conf0,chembl3d_gt_pb,19,2,196,196,196,1.0,0.7300768796300652,1.1183139458465865,1.0,4.0,2.0408163265306123,0.696210364706063
1o3f_1o3f_conf0,chembl3d_gt_pb,25,3,31,31,31,1.0,0.3830638990332117,1.1329605583517566,1.0,3.0,9.67741935483871,0.9648412112801078
1o5b_1o5b_conf0,chembl3d_gt_pb,13,1,1,1,1,1.0,0.0727676022836421,0.0727676022836421,1.0,1.0,100.0,0.0
1owh_1owh_conf0,chembl3d_gt_pb,24,4,12,12,12,1.0,0.492936795811774,1.0088004527355894,1.0,2.0,16.666666666666668,0.9182958340544894
1p1n_1p1n_conf0,chembl3d_gt_pb,15,4,23,23,23,1.0,0.5416981558876723,0.6841354664144346,1.0,3.0,13.043478260869565,0.7250832502304524
1pxn_1pxn_conf0,chembl3d_gt_pb,22,4,200,200,200,1.0,0.3796883107617219,1.8991438795013944,1.0,6.0,3.0,0.95773529409514
1sqa_1sqa_conf0,chembl3d_gt_pb,31,6,200,200,200,1.0,0.4314429391540759,1.2305437513333226,1.0,8.0,4.0,0.8957659006287721
1uto_1uto_conf0,chembl3d_gt_pb,9,2,7,7,7,1.0,0.1234413066223419,0.6082723221123144,1.0,1.0,14.285714285714286,0.0
1yc1_1yc1_conf0,chembl3d_gt_pb,27,4,168,168,168,1.0,0.2977927580669561,1.4522577258685352,1.0,8.0,4.761904761904762,0.9529795069334775
1ydr_1ydr_conf0,chembl3d_gt_pb,20,2,16,16,16,1.0,0.4400121983931404,1.6539568854241633,1.0,6.0,37.5,0.9218145574751188
1ydt_1ydt_conf0,chembl3d_gt_pb,27,8,140,140,140,1.0,0.8356597455977347,2.6437295688705955,0.0,19.0,13.571428571428571,0.922487082597947
1z6e_1z6e_conf0,chembl3d_gt_pb,38,6,200,200,200,1.0,0.7578948177622203,2.138245570246004,0.0,32.0,16.0,0.9615801572883133
1z95_1z95_conf0,chembl3d_gt_pb,29,5,198,198,198,1.0,0.5520548892468133,1.978813078982604,1.0,25.0,12.626262626262626,0.9069784436240956
1z9g_1z9g_conf0,chembl3d_gt_pb,17,6,199,199,199,1.0,0.4669009525750938,1.0285774418536997,1.0,8.0,4.0201005025125625,0.7378363000968456
2br1_2br1_conf0,chembl3d_gt_pb,29,7,200,200,200,1.0,0.7063505913621065,1.048092266888776,1.0,2.0,1.0,0.9999278640456616
2brb_2brb_conf0,chembl3d_gt_pb,25,5,200,200,200,1.0,0.3109392246275234,0.8731192391147877,1.0,2.0,1.0,0.99971144175281
2c3i_2c3i_conf0,chembl3d_gt_pb,23,5,200,200,200,1.0,0.7567529701225132,1.7434561155994035,0.0,14.0,7.0,0.8975895941549942
2fvd_2fvd_conf0,chembl3d_gt_pb,30,6,200,200,200,1.0,0.3377994274791545,2.03144110180216,1.0,28.0,14.0,0.872775279599305
2hb1_2hb1_conf0,chembl3d_gt_pb,14,4,38,38,38,1.0,0.2620714782663008,0.6535843310380001,1.0,2.0,5.2631578947368425,0.3984592740952357
2p4y_2p4y_conf0,chembl3d_gt_pb,40,8,174,174,174,1.0,1.6067924472346995,3.380064824243159,0.0,17.0,9.770114942528735,0.827440818347634
2pog_2pog_conf0,chembl3d_gt_pb,21,1,10,10,10,1.0,0.4034619507209207,0.5597172307738879,1.0,2.0,20.0,0.7219280948873623
2qbp_2qbp_conf0,chembl3d_gt_pb,37,10,200,200,200,1.0,0.768257348966016,2.448298447519763,0.0,25.0,12.5,0.9303331280107155
2qbq_2qbq_conf0,chembl3d_gt_pb,31,7,200,200,200,1.0,0.3433008880112947,1.9991181310913089,1.0,19.0,9.5,0.9598262379950252
2qbr_2qbr_conf0,chembl3d_gt_pb,28,8,200,200,200,1.0,1.1169626011489795,1.7413040980005334,0.0,5.0,2.5,0.8871271802935882
2v00_2v00_conf0,chembl3d_gt_pb,16,3,30,30,30,1.0,0.5239267200062603,1.3442600450326103,1.0,5.0,16.666666666666668,0.8282906921331332
2wn9_2wn9_conf0,chembl3d_gt_pb,22,3,71,71,71,1.0,0.3746580071374948,1.3640269225937522,1.0,8.0,11.267605633802816,0.936650712545531
2wtv_2wtv_conf0,chembl3d_gt_pb,34,4,110,110,110,1.0,0.6769646423896447,2.603513113320614,1.0,4.0,3.636363636363636,0.998674106670598
2xdl_2xdl_conf0,chembl3d_gt_pb,16,4,58,58,58,1.0,0.2987426870081766,1.514932073825053,1.0,4.0,6.896551724137931,0.9797972169636128
2xnb_2xnb_conf0,chembl3d_gt_pb,27,4,79,79,79,1.0,0.3607992086372161,1.6250387976550154,1.0,8.0,10.126582278481012,0.8356356882711401
2yfe_2yfe_conf0,chembl3d_gt_pb,25,7,155,155,155,1.0,0.7404357250609132,1.5605934621016797,1.0,13.0,8.387096774193548,0.8855342798043708
2ymd_2ymd_conf0,chembl3d_gt_pb,13,2,30,30,30,1.0,0.1308366159713919,0.6568605856657926,1.0,2.0,6.666666666666667,0.9967916319816368
2zb1_2zb1_conf0,chembl3d_gt_pb,26,5,200,200,200,1.0,0.3518807762904908,1.175853790177444,1.0,8.0,4.0,0.9551504372025478
2zcq_2zcq_conf0,chembl3d_gt_pb,25,8,67,67,67,1.0,2.227376149259632,2.819843837678827,0.0,11.0,16.417910447761194,0.7876935843588626
2zcr_2zcr_conf0,chembl3d_gt_pb,28,10,60,60,60,1.0,0.9840629128251616,2.515219732676972,0.0,13.0,21.666666666666668,0.9339195767015211
2zy1_2zy1_conf0,chembl3d_gt_pb,24,8,94,94,94,1.0,1.334513463187972,3.2349900536056024,0.0,27.0,28.72340425531915,0.9481745786635248
3aru_3aru_conf0,chembl3d_gt_pb,20,5,124,124,124,1.0,0.3208749502528139,1.2707383189998152,1.0,10.0,8.064516129032258,0.9491488556261398
3ary_3ary_conf0,chembl3d_gt_pb,17,2,3,3,3,1.0,0.925034183600134,1.1293239970148277,0.0,2.0,66.66666666666667,0.9182958340544894
3b27_3b27_conf0,chembl3d_gt_pb,16,2,9,9,9,1.0,0.7265373167602888,1.0995936279068288,1.0,4.0,44.44444444444444,0.9455305560363264
3b5r_3b5r_conf0,chembl3d_gt_pb,28,5,200,200,200,1.0,0.5419830272809034,1.8049865177877755,1.0,26.0,13.0,0.9289992348989892
3b65_3b65_conf0,chembl3d_gt_pb,25,5,200,200,200,1.0,0.4831698060384986,1.5176435198097535,1.0,15.0,7.5,0.8858077486032169
3bgz_3bgz_conf0,chembl3d_gt_pb,24,3,10,10,10,1.0,0.1750052148990774,0.5748151012859612,1.0,1.0,10.0,0.0
3cj4_3cj4_conf0,chembl3d_gt_pb,25,5,199,199,199,1.0,0.6892425195932594,1.836231255761468,1.0,16.0,8.040201005025125,0.9340025317799032
3dd0_3dd0_conf0,chembl3d_gt_pb,16,3,51,51,51,1.0,0.1129918920012213,1.0026873221383252,1.0,3.0,5.882352941176471,0.8602598076826115
3e92_3e92_conf0,chembl3d_gt_pb,26,4,134,134,134,1.0,0.3050505278467723,1.326212916430363,1.0,8.0,5.970149253731344,0.968112133296867
3e93_3e93_conf0,chembl3d_gt_pb,37,5,200,200,200,1.0,0.4977570266390245,2.1094906811724448,1.0,18.0,9.0,0.9826595794415856
3ehy_3ehy_conf0,chembl3d_gt_pb,17,5,25,25,25,1.0,0.4678381369976015,1.2764097867266757,1.0,2.0,8.0,0.9426831892554924
3fcq_3fcq_conf0,chembl3d_gt_pb,14,2,2,2,2,1.0,1.0362239509622118,1.0701180392722076,0.0,1.0,50.0,0.0
3fur_3fur_conf0,chembl3d_gt_pb,31,5,86,86,86,1.0,0.8531668020110448,2.031093878943318,0.0,22.0,25.58139534883721,0.9315727229727389
3g2z_3g2z_conf0,chembl3d_gt_pb,13,2,6,6,6,1.0,0.1674486088227958,0.4211811565767863,1.0,2.0,33.333333333333336,0.9182958340544894
3g31_3g31_conf0,chembl3d_gt_pb,17,2,2,2,2,1.0,0.0859175295997032,0.7518365620280076,1.0,2.0,100.0,1.0
3gy4_3gy4_conf0,chembl3d_gt_pb,10,1,1,1,1,1.0,0.1332841237824809,0.1332841237824809,1.0,1.0,100.0,0.0
3jvs_3jvs_conf0,chembl3d_gt_pb,30,3,40,40,40,1.0,1.237296058589515,2.163539187343066,0.0,9.0,22.5,0.9598007196573066
3k5v_3k5v_conf0,chembl3d_gt_pb,27,5,200,200,200,1.0,0.4991397791385065,1.13222931130632,1.0,6.0,3.0,0.9948977815976212
3kgp_3kgp_conf0,chembl3d_gt_pb,11,2,1,1,1,1.0,0.3070227700623602,0.3070227700623602,1.0,1.0,100.0,0.0
3lka_3lka_conf0,chembl3d_gt_pb,12,2,4,4,4,1.0,0.2001199910128341,0.6176042046890229,1.0,1.0,25.0,0.0
3nx7_3nx7_conf0,chembl3d_gt_pb,20,7,111,111,111,1.0,0.8735998548466309,1.9673838878140504,0.0,5.0,4.504504504504505,0.7890138814137236
3pxf_3pxf_conf0,chembl3d_gt_pb,21,3,7,7,7,1.0,0.4082936810924392,0.4416083284870261,1.0,1.0,14.285714285714286,0.0
3qqs_3qqs_conf0,chembl3d_gt_pb,19,4,7,7,7,1.0,0.4536973549151157,1.239242883468453,1.0,4.0,57.142857142857146,0.9211854965885544
3rlr_3rlr_conf0,chembl3d_gt_pb,23,2,9,9,9,1.0,0.1938525995329428,2.129884443772752,1.0,3.0,33.333333333333336,0.9057125980138372
3rsx_3rsx_conf0,chembl3d_gt_pb,16,1,4,4,4,1.0,0.1592945770904845,0.6495267562476685,1.0,2.0,50.0,1.0
3ryj_3ryj_conf0,chembl3d_gt_pb,18,3,81,81,81,1.0,0.3922644075514499,0.9335807786793866,1.0,3.0,3.703703703703704,0.8601163659986334
3syr_3syr_conf0,chembl3d_gt_pb,20,2,122,122,122,1.0,0.4453346512103984,0.5834027510111249,1.0,2.0,1.639344262295082,0.7912027614010297
3twp_3twp_conf0,chembl3d_gt_pb,10,1,1,1,1,1.0,0.0764438748742548,0.0764438748742548,1.0,1.0,100.0,0.0
3u5j_3u5j_conf0,chembl3d_gt_pb,22,1,2,2,2,1.0,0.228582891224856,1.057047792493273,1.0,2.0,100.0,1.0
3u8n_3u8n_conf0,chembl3d_gt_pb,17,3,197,197,197,1.0,0.1922359473550382,1.349195465350754,1.0,4.0,2.030456852791878,0.9737617613988578
3uo4_3uo4_conf0,chembl3d_gt_pb,29,6,26,26,26,1.0,0.4959585309916267,2.306970064044254,1.0,9.0,34.61538461538461,0.9341661406422918
3up2_3up2_conf0,chembl3d_gt_pb,28,6,43,43,43,1.0,0.5885469848437642,2.297351100624648,1.0,17.0,39.53488372093023,0.9398587337783372
3wtj_3wtj_conf0,chembl3d_gt_pb,16,2,52,52,52,1.0,0.4444503187268323,1.2091027839911417,1.0,4.0,7.6923076923076925,0.9914293448563528
3zdg_3zdg_conf0,chembl3d_gt_pb,13,4,199,199,199,1.0,0.3771852516671138,1.3775655951538337,1.0,9.0,4.522613065326633,0.8147262851379566
4ddh_4ddh_conf0,chembl3d_gt_pb,15,3,2,2,2,1.0,0.6632791544098959,0.7601916549364451,1.0,2.0,100.0,1.0
4ddk_4ddk_conf0,chembl3d_gt_pb,12,1,1,1,1,1.0,0.0639377159212755,0.0639377159212755,1.0,1.0,100.0,0.0
4eor_4eor_conf0,chembl3d_gt_pb,28,6,200,200,200,1.0,0.2660056702077308,1.184345511129023,1.0,7.0,3.5,0.8444846059542883
4f09_4f09_conf0,chembl3d_gt_pb,19,1,2,2,2,1.0,0.1435174889207757,0.2665696633494528,1.0,1.0,50.0,0.0
4f2w_4f2w_conf0,chembl3d_gt_pb,20,4,200,200,200,1.0,0.8627598870450417,2.096139702692611,0.0,7.0,3.5,0.9344844027865458
4f9w_4f9w_conf0,chembl3d_gt_pb,25,3,4,4,4,1.0,0.9418792288463744,1.1564829272355317,0.0,2.0,50.0,1.0
4hge_4hge_conf0,chembl3d_gt_pb,25,3,36,36,36,1.0,0.3544549904906045,1.866866107185842,1.0,8.0,22.22222222222222,0.9461587098150566
4j21_4j21_conf0,chembl3d_gt_pb,20,1,3,3,3,1.0,0.0954062451319392,0.7856734644842456,1.0,2.0,66.66666666666667,0.9182958340544894
4j3l_4j3l_conf0,chembl3d_gt_pb,26,5,114,114,114,1.0,0.4209450566462457,1.5989004905907374,1.0,12.0,10.526315789473683,0.9578478653491724
4jsz_4jsz_conf0,chembl3d_gt_pb,10,1,2,2,2,1.0,0.3495491035198001,0.4463642599930886,1.0,1.0,50.0,0.0
4jxs_4jxs_conf0,chembl3d_gt_pb,22,6,32,32,32,1.0,0.3400067604615137,1.584020383278197,1.0,8.0,25.0,0.946070084481941
4k18_4k18_conf0,chembl3d_gt_pb,29,4,109,109,109,1.0,0.3583345934439012,2.0341015336849178,1.0,11.0,10.091743119266056,0.9730182303136936
4k77_4k77_conf0,chembl3d_gt_pb,18,2,5,5,5,1.0,0.5307776062379889,0.704355155440203,1.0,2.0,40.0,0.7219280948873623
4kzq_4kzq_conf0,chembl3d_gt_pb,18,1,6,6,6,1.0,0.0927094342874151,0.161493797187986,1.0,1.0,16.666666666666668,0.0
4kzu_4kzu_conf0,chembl3d_gt_pb,18,1,3,3,3,1.0,0.1026510134562173,0.1477061123743617,1.0,1.0,33.333333333333336,0.0
4llx_4llx_conf0,chembl3d_gt_pb,9,0,1,1,1,1.0,0.0412356446983446,0.0412356446983446,1.0,1.0,100.0,0.0
4lzs_4lzs_conf0,chembl3d_gt_pb,15,3,12,12,12,1.0,0.7339041162684289,1.0480667297107684,1.0,4.0,33.333333333333336,0.8920795639257109
4mgd_4mgd_conf0,chembl3d_gt_pb,19,2,24,24,24,1.0,0.2306073340036878,0.5308212824718314,1.0,1.0,4.166666666666667,0.0
4ogj_4ogj_conf0,chembl3d_gt_pb,37,10,54,54,54,1.0,0.887215316172344,2.560516497401218,0.0,21.0,38.888888888888886,0.9029257289610274
5c28_5c28_conf0,chembl3d_gt_pb,12,1,2,2,2,1.0,0.0687311595880626,0.3517301332944593,1.0,1.0,50.0,0.0
5c2h_5c2h_conf0,chembl3d_gt_pb,31,8,85,85,85,1.0,1.902666212188871,3.277601145509929,0.0,33.0,38.8235294117647,0.9204605300195754
1bcu_1bcu_conf0,loqi_raw_fixed,16,2,1000,1000,1000,1.0,0.0394321894803238,0.0564341021605374,1.0,1.0,0.1,0.0
1bcu_1bcu_conf0,loqi_raw_chembl_count,16,2,1,1,1,1.0,0.0468455942842327,0.0468455942842327,1.0,1.0,100.0,0.0
1c5z_1c5z_conf0,loqi_raw_fixed,9,1,1000,1000,1000,1.0,0.040221362439458,0.1956965692672766,1.0,1.0,0.1,0.0
1c5z_1c5z_conf0,loqi_raw_chembl_count,9,1,1,1,1,1.0,0.1708755895670032,0.1708755895670032,1.0,1.0,100.0,0.0
1lpg_1lpg_conf0,loqi_raw_fixed,41,13,1000,1000,1000,1.0,1.4673053124884,2.56649308563997,0.0,102.0,10.2,0.7724525386645288
1lpg_1lpg_conf0,loqi_raw_chembl_count,41,13,193,193,193,1.0,1.5366297432883242,2.633929064267374,0.0,48.0,24.870466321243523,0.8669295385659439
1mq6_1mq6_conf0,loqi_raw_fixed,36,9,1000,1000,1000,1.0,1.2852034993681565,2.8563360043182504,0.0,197.0,19.7,0.8965619339153966
1mq6_1mq6_conf0,loqi_raw_chembl_count,36,9,12,12,12,1.0,2.1641373185676263,2.7409407505544534,0.0,12.0,100.0,1.0000000000000002
1nc3_1nc3_conf0,loqi_raw_fixed,19,6,999,1000,999,0.999,0.4222848684941226,1.1693023129152302,1.0,6.0,0.6006006006006006,0.938323016668978
1nc3_1nc3_conf0,loqi_raw_chembl_count,19,6,196,196,196,1.0,0.4979918625684961,1.048910615861414,1.0,5.0,2.5510204081632653,0.9414823428814356
1o3f_1o3f_conf0,loqi_raw_fixed,25,4,1000,1000,1000,1.0,0.1908614471327527,0.799210333805605,1.0,4.0,0.4,0.9677231323560104
1o3f_1o3f_conf0,loqi_raw_chembl_count,25,4,31,31,31,1.0,0.242094876592952,0.7521218408878833,1.0,2.0,6.451612903225806,0.8238116333123173
1o5b_1o5b_conf0,loqi_raw_fixed,13,1,1000,1000,1000,1.0,0.0604153312592652,0.0778568885445537,1.0,1.0,0.1,0.0
1o5b_1o5b_conf0,loqi_raw_chembl_count,13,1,1,1,1,1.0,0.1287774258357048,0.1287774258357048,1.0,1.0,100.0,0.0
1owh_1owh_conf0,loqi_raw_fixed,24,5,1000,1000,1000,1.0,0.1904418658186114,0.9832962416545288,1.0,2.0,0.2,0.999858611267083
1owh_1owh_conf0,loqi_raw_chembl_count,24,5,12,12,12,1.0,0.5194733171295147,1.0040112103740693,1.0,2.0,16.666666666666668,0.9798687566511528
1p1n_1p1n_conf0,loqi_raw_fixed,15,5,987,1000,987,0.987,0.1411985868762212,1.0845341937268778,1.0,12.0,1.21580547112462,0.8198046177680264
1p1n_1p1n_conf0,loqi_raw_chembl_count,15,5,23,23,23,1.0,0.2283958845893451,0.9869313074457248,1.0,5.0,21.73913043478261,0.915293773349888
1pxn_1pxn_conf0,loqi_raw_fixed,22,7,1000,1000,1000,1.0,0.298499083392264,0.6433221932550507,1.0,5.0,0.5,0.5727092290480126
1pxn_1pxn_conf0,loqi_raw_chembl_count,22,7,200,200,200,1.0,0.3134373154594205,0.6580841399921679,1.0,4.0,2.0,0.5663497489464692
1sqa_1sqa_conf0,loqi_raw_fixed,31,7,1000,1000,1000,1.0,0.4094413246564468,1.2910439763452104,1.0,8.0,0.8,0.8618075978154854
1sqa_1sqa_conf0,loqi_raw_chembl_count,31,7,200,200,200,1.0,0.4474941662937707,1.306018407792768,1.0,8.0,4.0,0.8053985499097628
1uto_1uto_conf0,loqi_raw_fixed,9,3,1000,1000,1000,1.0,0.0944228512130025,0.6390279374722707,1.0,1.0,0.1,0.0
1uto_1uto_conf0,loqi_raw_chembl_count,9,3,7,7,7,1.0,0.2029072453171562,0.6412668567022363,1.0,1.0,14.285714285714286,0.0
1yc1_1yc1_conf0,loqi_raw_fixed,27,7,1000,1000,1000,1.0,0.215892125498248,1.4185387344862228,1.0,8.0,0.8,0.7550029567365181
1yc1_1yc1_conf0,loqi_raw_chembl_count,27,7,168,168,168,1.0,0.215892125498248,1.411558581651248,1.0,7.0,4.166666666666667,0.7740428262837667
1ydr_1ydr_conf0,loqi_raw_fixed,20,3,998,1000,998,0.998,0.7253436176194098,1.8473467729188768,1.0,9.0,0.9018036072144288,0.7472542560205337
1ydr_1ydr_conf0,loqi_raw_chembl_count,20,3,16,16,16,1.0,1.3670756551370222,1.9169201092735384,0.0,5.0,31.25,0.8504146864248052
1ydt_1ydt_conf0,loqi_raw_fixed,27,8,1000,1000,1000,1.0,0.3615691957951479,2.9159002652906203,1.0,70.0,7.0,0.7029376682353402
1ydt_1ydt_conf0,loqi_raw_chembl_count,27,8,140,140,140,1.0,0.7050046884272265,2.931087051250988,1.0,26.0,18.571428571428573,0.7369526407313883
1z6e_1z6e_conf0,loqi_raw_fixed,38,9,1000,1000,1000,1.0,0.8825259013625942,2.828503290900388,0.0,73.0,7.3,0.8247592231316673
1z6e_1z6e_conf0,loqi_raw_chembl_count,38,9,200,200,200,1.0,0.9370626348479628,2.8155916230757336,0.0,41.0,20.5,0.8639005530692191
1z95_1z95_conf0,loqi_raw_fixed,29,7,1000,1000,1000,1.0,0.3825704880621074,2.088878428941416,1.0,47.0,4.7,0.7199901428282184
1z95_1z95_conf0,loqi_raw_chembl_count,29,7,198,198,198,1.0,0.4555744242633523,1.9804031734217296,1.0,26.0,13.131313131313131,0.8098671999591368
1z9g_1z9g_conf0,loqi_raw_fixed,17,7,1000,1000,1000,1.0,0.2878676494067361,0.9822750114608568,1.0,9.0,0.9,0.4008319621719323
1z9g_1z9g_conf0,loqi_raw_chembl_count,17,7,199,199,199,1.0,0.2978168617265283,0.9636720247295956,1.0,6.0,3.0150753768844223,0.3086290724515231
2br1_2br1_conf0,loqi_raw_fixed,29,10,1000,1000,1000,1.0,0.2547179893056031,0.9477582124877146,1.0,4.0,0.4,0.7009918661131941
2br1_2br1_conf0,loqi_raw_chembl_count,29,10,200,200,200,1.0,0.2547179893056031,0.9304372563731944,1.0,2.0,1.0,0.994149171480893
2brb_2brb_conf0,loqi_raw_fixed,25,6,1000,1000,1000,1.0,0.1703329417229646,0.7632145888508599,1.0,3.0,0.3,0.7313346743053792
2brb_2brb_conf0,loqi_raw_chembl_count,25,6,200,200,200,1.0,0.2542630600984519,0.775174349070059,1.0,2.0,1.0,0.909736122531166
2c3i_2c3i_conf0,loqi_raw_fixed,23,6,1000,1000,1000,1.0,0.3186649636492248,1.0431935020954015,1.0,11.0,1.1,0.7778875334582883
2c3i_2c3i_conf0,loqi_raw_chembl_count,23,6,200,200,200,1.0,0.4023956311561691,0.985746294658974,1.0,9.0,4.5,0.7511970457973194
2fvd_2fvd_conf0,loqi_raw_fixed,30,9,1000,1000,1000,1.0,0.2406627790203591,1.984495827596528,1.0,38.0,3.8,0.7565709081087132
2fvd_2fvd_conf0,loqi_raw_chembl_count,30,9,200,200,200,1.0,0.269041388871409,2.0014763919597245,1.0,23.0,11.5,0.8293117184338722
2hb1_2hb1_conf0,loqi_raw_fixed,14,4,1000,1000,1000,1.0,0.1155747211692607,1.0218300142380103,1.0,3.0,0.3,0.9741650619655116
2hb1_2hb1_conf0,loqi_raw_chembl_count,14,4,38,38,38,1.0,0.145297264567159,1.039226396270502,1.0,3.0,7.894736842105263,0.9268232437135888
2p4y_2p4y_conf0,loqi_raw_fixed,40,11,995,1000,995,0.995,0.8589816445312501,3.0424027587381404,0.0,60.0,6.030150753768845,0.6907449218857498
2p4y_2p4y_conf0,loqi_raw_chembl_count,40,11,174,174,174,1.0,1.5958684330340902,3.183858265639448,0.0,29.0,16.666666666666668,0.749571217092688
2pog_2pog_conf0,loqi_raw_fixed,21,3,999,1000,999,0.999,0.1933931799550619,0.3944492078260998,1.0,2.0,0.2002002002002002,0.4724763154846293
2pog_2pog_conf0,loqi_raw_chembl_count,21,3,10,10,10,1.0,0.2647608589608897,0.3888784493793323,1.0,1.0,10.0,0.0
2qbp_2qbp_conf0,loqi_raw_fixed,37,10,1000,1000,1000,1.0,0.5295100389965435,2.309108103924295,1.0,129.0,12.9,0.8466546646977167
2qbp_2qbp_conf0,loqi_raw_chembl_count,37,10,200,200,200,1.0,0.8360386456983758,2.327104161072913,0.0,63.0,31.5,0.900082868397744
2qbq_2qbq_conf0,loqi_raw_fixed,31,11,1000,1000,1000,1.0,0.381390170897683,2.291088556018503,1.0,58.0,5.8,0.818094950903714
2qbq_2qbq_conf0,loqi_raw_chembl_count,31,11,200,200,200,1.0,0.5166959837980318,2.3225069688578706,1.0,37.0,18.5,0.8825555832407844
2qbr_2qbr_conf0,loqi_raw_fixed,28,8,1000,1000,1000,1.0,0.6481908781941357,2.0758362779659763,1.0,48.0,4.8,0.8472658616066061
2qbr_2qbr_conf0,loqi_raw_chembl_count,28,8,200,200,200,1.0,1.1195912814980309,2.0199750234643634,0.0,27.0,13.5,0.8862745983941469
2v00_2v00_conf0,loqi_raw_fixed,16,4,1000,1000,1000,1.0,0.1744014667158238,1.4745485998340615,1.0,5.0,0.5,0.8441979786055926
2v00_2v00_conf0,loqi_raw_chembl_count,16,4,30,30,30,1.0,0.8151868548645682,1.481180069032205,0.0,4.0,13.333333333333334,0.9248560176330758
2wn9_2wn9_conf0,loqi_raw_fixed,22,5,999,1000,999,0.999,0.2763499874791135,1.37220522206526,1.0,10.0,1.001001001001001,0.9084362629965568
2wn9_2wn9_conf0,loqi_raw_chembl_count,22,5,71,71,71,1.0,0.3002652429607093,1.3054490340032618,1.0,8.0,11.267605633802816,0.9646482659078662
2wtv_2wtv_conf0,loqi_raw_fixed,34,4,1000,1000,1000,1.0,0.1517111563254686,1.914601136790949,1.0,16.0,1.6,0.5549132969233906
2wtv_2wtv_conf0,loqi_raw_chembl_count,34,4,110,110,110,1.0,0.1625378899547058,1.865041404163868,1.0,12.0,10.909090909090908,0.6358584674951586
2xdl_2xdl_conf0,loqi_raw_fixed,16,8,1000,1000,1000,1.0,0.2005454522949943,1.3752882728131048,1.0,4.0,0.4,0.9984849758624736
2xdl_2xdl_conf0,loqi_raw_chembl_count,16,8,58,58,58,1.0,0.2918142053103864,0.9859755958189192,1.0,4.0,6.896551724137931,0.9664965710434889
2xnb_2xnb_conf0,loqi_raw_fixed,27,6,1000,1000,1000,1.0,0.3247686850399497,0.7170467962821782,1.0,6.0,0.6,0.6769031110949422
2xnb_2xnb_conf0,loqi_raw_chembl_count,27,6,79,79,79,1.0,0.3939762992669576,0.733875137804339,1.0,4.0,5.063291139240507,0.8893006112807619
2yfe_2yfe_conf0,loqi_raw_fixed,25,11,1000,1000,1000,1.0,0.796042940082735,2.210565219061684,0.0,16.0,1.6,0.8394863047149416
2yfe_2yfe_conf0,loqi_raw_chembl_count,25,11,155,155,155,1.0,0.9077968423370432,2.1971499112443067,0.0,13.0,8.387096774193548,0.7918590110571612
2ymd_2ymd_conf0,loqi_raw_fixed,13,4,1000,1000,1000,1.0,0.0874630784642472,0.4976315761381222,1.0,2.0,0.2,0.9989581233509568
2ymd_2ymd_conf0,loqi_raw_chembl_count,13,4,30,30,30,1.0,0.2569551366914034,0.5866094442913548,1.0,2.0,6.666666666666667,1.0
2zb1_2zb1_conf0,loqi_raw_fixed,26,7,1000,1000,1000,1.0,0.3207207297012198,1.363590331768859,1.0,8.0,0.8,0.7469506780258167
2zb1_2zb1_conf0,loqi_raw_chembl_count,26,7,200,200,200,1.0,0.4766122769766579,1.369832769915692,1.0,9.0,4.5,0.7821690777938757
2zcq_2zcq_conf0,loqi_raw_fixed,25,8,997,1000,997,0.997,1.261193654592026,2.8873732715587384,0.0,54.0,5.4162487462387165,0.7638918747461536
2zcq_2zcq_conf0,loqi_raw_chembl_count,25,8,67,67,67,1.0,1.261193654592026,2.875021104066562,0.0,20.0,29.85074626865672,0.8796950025737438
2zcr_2zcr_conf0,loqi_raw_fixed,28,11,994,1000,994,0.994,0.8523287239695208,2.563849704613381,0.0,58.0,5.835010060362173,0.8539700319751652
2zcr_2zcr_conf0,loqi_raw_chembl_count,28,11,60,60,60,1.0,1.2229017529405182,2.548440055690845,0.0,23.0,38.333333333333336,0.9047755738645404
2zy1_2zy1_conf0,loqi_raw_fixed,24,8,1000,1000,1000,1.0,1.4652583406417998,3.5784264791735865,0.0,64.0,6.4,0.670447030175714
2zy1_2zy1_conf0,loqi_raw_chembl_count,24,8,94,94,94,1.0,1.890408685743986,3.5696518739169605,0.0,22.0,23.404255319148938,0.7664861769084483
3aru_3aru_conf0,loqi_raw_fixed,20,8,1000,1000,1000,1.0,0.4520465699928401,1.6628715766267943,1.0,17.0,1.7,0.8384981892956762
3aru_3aru_conf0,loqi_raw_chembl_count,20,8,124,124,124,1.0,0.8361230485770568,1.6668906142596418,0.0,13.0,10.483870967741936,0.9229186369800128
3ary_3ary_conf0,loqi_raw_fixed,17,2,1000,1000,1000,1.0,0.4945611380513126,1.2107510352591206,1.0,2.0,0.2,0.6951533369561015
3ary_3ary_conf0,loqi_raw_chembl_count,17,2,3,3,3,1.0,1.1157711276544209,1.2392675708087089,0.0,1.0,33.333333333333336,0.0
3b27_3b27_conf0,loqi_raw_fixed,16,4,1000,1000,1000,1.0,0.1297759849423528,1.2565968889579966,1.0,4.0,0.4,0.9884387781796442
3b27_3b27_conf0,loqi_raw_chembl_count,16,4,9,9,9,1.0,0.1486726330714176,1.5267378943455636,1.0,2.0,22.22222222222222,0.9910760598382222
3b5r_3b5r_conf0,loqi_raw_fixed,28,7,1000,1000,1000,1.0,0.3646022652129675,2.0799877420363537,1.0,44.0,4.4,0.8719418784669042
3b5r_3b5r_conf0,loqi_raw_chembl_count,28,7,200,200,200,1.0,0.4043492352579607,2.090873566821906,1.0,29.0,14.5,0.9680189336151074
3b65_3b65_conf0,loqi_raw_fixed,25,7,1000,1000,1000,1.0,0.158626626535539,1.7177416082154586,1.0,19.0,1.9,0.8498888330181087
3b65_3b65_conf0,loqi_raw_chembl_count,25,7,200,200,200,1.0,0.2117387943185533,1.737742421685206,1.0,14.0,7.0,0.8810883148344669
3bgz_3bgz_conf0,loqi_raw_fixed,24,3,1000,1000,1000,1.0,0.1070715323079446,0.8193769790133942,1.0,1.0,0.1,0.0
3bgz_3bgz_conf0,loqi_raw_chembl_count,24,3,10,10,10,1.0,0.1155865228178308,0.8803789661545114,1.0,1.0,10.0,0.0
3cj4_3cj4_conf0,loqi_raw_fixed,25,7,1000,1000,1000,1.0,1.0053169858210127,1.7999350855802414,0.0,25.0,2.5,0.7226069828598086
3cj4_3cj4_conf0,loqi_raw_chembl_count,25,7,199,199,199,1.0,1.0053169858210127,1.7886493325573192,0.0,15.0,7.537688442211055,0.7613346647690491
3dd0_3dd0_conf0,loqi_raw_fixed,16,5,1000,1000,1000,1.0,0.4794579103531478,0.8395658305264976,1.0,2.0,0.2,0.5350826097473704
3dd0_3dd0_conf0,loqi_raw_chembl_count,16,5,51,51,51,1.0,0.6356116135265615,0.811620240985832,1.0,2.0,3.92156862745098,0.9863676072907088
3e92_3e92_conf0,loqi_raw_fixed,26,7,1000,1000,1000,1.0,0.2128560702879218,1.416221003776101,1.0,8.0,0.8,0.9826027058315042
3e92_3e92_conf0,loqi_raw_chembl_count,26,7,134,134,134,1.0,0.2683585808010091,1.424270677013937,1.0,8.0,5.970149253731344,0.952515405388224
3e93_3e93_conf0,loqi_raw_fixed,37,6,1000,1000,1000,1.0,0.39520085955657,1.8272543297007449,1.0,39.0,3.9,0.8810840633601614
3e93_3e93_conf0,loqi_raw_chembl_count,37,6,200,200,200,1.0,0.39520085955657,1.8443111519781616,1.0,24.0,12.0,0.8744743553059611
3ehy_3ehy_conf0,loqi_raw_fixed,17,7,1000,1000,1000,1.0,0.3726382605081075,0.5600783325524441,1.0,3.0,0.3,0.1452226979818658
3ehy_3ehy_conf0,loqi_raw_chembl_count,17,7,25,25,25,1.0,0.3842296374157165,0.5523631023110939,1.0,1.0,4.0,0.0
3fcq_3fcq_conf0,loqi_raw_fixed,14,4,1000,1000,1000,1.0,0.0902259395764313,0.9119006143844598,1.0,2.0,0.2,0.9999971146079948
3fcq_3fcq_conf0,loqi_raw_chembl_count,14,4,2,2,2,1.0,0.127975932744961,0.1477156293834034,1.0,1.0,50.0,0.0
3fur_3fur_conf0,loqi_raw_fixed,31,5,1000,1000,1000,1.0,0.8452301850797478,1.295660269330068,0.0,13.0,1.3,0.5335567728498908
3fur_3fur_conf0,loqi_raw_chembl_count,31,5,86,86,86,1.0,0.9818161553712058,1.2950413949659336,0.0,7.0,8.13953488372093,0.6026051082274465
3g2z_3g2z_conf0,loqi_raw_fixed,13,2,1000,1000,1000,1.0,0.1045005509537209,0.4812808243165516,1.0,2.0,0.2,0.9573326906403244
3g2z_3g2z_conf0,loqi_raw_chembl_count,13,2,6,6,6,1.0,0.125473462196345,0.3931988669512736,1.0,2.0,33.333333333333336,0.6500224216483541
3g31_3g31_conf0,loqi_raw_fixed,17,3,975,1000,975,0.975,0.0441164660027714,1.3589024795526896,1.0,3.0,0.3076923076923077,0.6658917623132925
3g31_3g31_conf0,loqi_raw_chembl_count,17,3,2,2,2,1.0,1.376361823106817,1.3913957166971642,0.0,1.0,50.0,0.0
3gy4_3gy4_conf0,loqi_raw_fixed,10,2,1000,1000,1000,1.0,0.0275699562037065,0.1244897018611062,1.0,1.0,0.1,0.0
3gy4_3gy4_conf0,loqi_raw_chembl_count,10,2,1,1,1,1.0,0.1128569916820682,0.1128569916820682,1.0,1.0,100.0,0.0
3jvs_3jvs_conf0,loqi_raw_fixed,30,3,1000,1000,1000,1.0,1.0344128737130371,2.1268842421265437,0.0,30.0,3.0,0.8821618860132581
3jvs_3jvs_conf0,loqi_raw_chembl_count,30,3,40,40,40,1.0,1.4629244014401317,2.147611995513917,0.0,12.0,30.0,0.9110157554764357
3k5v_3k5v_conf0,loqi_raw_fixed,27,5,1000,1000,1000,1.0,0.365263437218021,1.685369443118392,1.0,19.0,1.9,0.9004160883628587
3k5v_3k5v_conf0,loqi_raw_chembl_count,27,5,200,200,200,1.0,0.365263437218021,1.5724958382689884,1.0,15.0,7.5,0.8608532623489977
3kgp_3kgp_conf0,loqi_raw_fixed,11,3,1000,1000,1000,1.0,0.1089483521111155,0.3041686732594941,1.0,1.0,0.1,0.0
3kgp_3kgp_conf0,loqi_raw_chembl_count,11,3,1,1,1,1.0,0.3253430885756213,0.3253430885756213,1.0,1.0,100.0,0.0
3lka_3lka_conf0,loqi_raw_fixed,12,4,1000,1000,1000,1.0,0.1148380565641625,0.3563408954068748,1.0,1.0,0.1,0.0
3lka_3lka_conf0,loqi_raw_chembl_count,12,4,4,4,4,1.0,0.1560083199277868,0.3916944496644007,1.0,1.0,25.0,0.0
3nx7_3nx7_conf0,loqi_raw_fixed,20,10,1000,1000,1000,1.0,0.3661840825665265,1.6559527302539057,1.0,25.0,2.5,0.7016298776116155
3nx7_3nx7_conf0,loqi_raw_chembl_count,20,10,111,111,111,1.0,0.5728847106566601,1.621176818121281,1.0,9.0,8.108108108108109,0.7660981965273251
3pxf_3pxf_conf0,loqi_raw_fixed,21,3,1000,1000,1000,1.0,0.089977441360011,0.8046268021106591,1.0,4.0,0.4,0.8087948356505926
3pxf_3pxf_conf0,loqi_raw_chembl_count,21,3,7,7,7,1.0,0.205199154847615,0.8524441964555519,1.0,3.0,42.85714285714285,0.9821410328348752
3qqs_3qqs_conf0,loqi_raw_fixed,19,4,1000,1000,1000,1.0,0.1192559792550433,1.1562185350541987,1.0,5.0,0.5,0.7956074125278936
3qqs_3qqs_conf0,loqi_raw_chembl_count,19,4,7,7,7,1.0,0.2784677155279718,0.8356003571670071,1.0,3.0,42.85714285714285,0.8699155297736259
3rlr_3rlr_conf0,loqi_raw_fixed,23,5,1000,1000,1000,1.0,0.0874316392848557,1.9240739714397872,1.0,2.0,0.2,0.9995123141215676
3rlr_3rlr_conf0,loqi_raw_chembl_count,23,5,9,9,9,1.0,0.1217683866834935,0.8027181313054321,1.0,2.0,22.22222222222222,0.9182958340544894
3rsx_3rsx_conf0,loqi_raw_fixed,16,2,1000,1000,1000,1.0,0.0982807852080268,0.8627366695457901,1.0,2.0,0.2,0.6295033782281994
3rsx_3rsx_conf0,loqi_raw_chembl_count,16,2,4,4,4,1.0,0.8494958646892468,0.9184631857438934,0.0,1.0,25.0,0.0
3ryj_3ryj_conf0,loqi_raw_fixed,18,4,1000,1000,1000,1.0,0.2275731779513268,0.959555412854024,1.0,3.0,0.3,0.994241891273975
3ryj_3ryj_conf0,loqi_raw_chembl_count,18,4,81,81,81,1.0,0.5451395523604938,0.8917923678820192,1.0,3.0,3.703703703703704,0.9471772432519088
3syr_3syr_conf0,loqi_raw_fixed,20,6,1000,1000,1000,1.0,0.2364343483130745,0.6097535530900664,1.0,4.0,0.4,0.2999340026816701
3syr_3syr_conf0,loqi_raw_chembl_count,20,6,122,122,122,1.0,0.4070908815797532,0.6063765449458721,1.0,2.0,1.639344262295082,0.6036522497544011
3twp_3twp_conf0,loqi_raw_fixed,10,2,1000,1000,1000,1.0,0.0739095204475164,0.0791723775334214,1.0,1.0,0.1,0.0
3twp_3twp_conf0,loqi_raw_chembl_count,10,2,1,1,1,1.0,0.077297104970645,0.077297104970645,1.0,1.0,100.0,0.0
3u5j_3u5j_conf0,loqi_raw_fixed,22,2,1000,1000,1000,1.0,0.1247794023610886,1.6479586719872708,1.0,2.0,0.2,0.9998961234639354
3u5j_3u5j_conf0,loqi_raw_chembl_count,22,2,2,2,2,1.0,0.2321073887309771,1.0733858922477983,1.0,2.0,100.0,1.0
3u8n_3u8n_conf0,loqi_raw_fixed,17,4,1000,1000,1000,1.0,0.1316416625692809,1.2658443877918009,1.0,5.0,0.5,0.8626484015553164
3u8n_3u8n_conf0,loqi_raw_chembl_count,17,4,197,197,197,1.0,0.147452239954431,1.3650309107017826,1.0,3.0,1.5228426395939083,0.9349945866764487
3uo4_3uo4_conf0,loqi_raw_fixed,29,6,1000,1000,1000,1.0,0.4030194845564033,2.188969607552856,1.0,16.0,1.6,0.5908166880356186
3uo4_3uo4_conf0,loqi_raw_chembl_count,29,6,26,26,26,1.0,1.8331948719940427,2.9412119010762328,0.0,4.0,15.384615384615383,0.7995459869779499
3up2_3up2_conf0,loqi_raw_fixed,28,6,1000,1000,1000,1.0,0.3466616275129296,1.7401383753713624,1.0,12.0,1.2,0.7184873493243273
3up2_3up2_conf0,loqi_raw_chembl_count,28,6,43,43,43,1.0,0.4350915564220687,1.7059623306812426,1.0,4.0,9.30232558139535,0.911802707083515
3wtj_3wtj_conf0,loqi_raw_fixed,16,2,1000,1000,1000,1.0,0.1767832434115598,1.2430095195945636,1.0,8.0,0.8,0.8674257791597
3wtj_3wtj_conf0,loqi_raw_chembl_count,16,2,52,52,52,1.0,0.1946121653591641,1.2418054528999136,1.0,5.0,9.615384615384617,0.9579156294936888
3zdg_3zdg_conf0,loqi_raw_fixed,13,9,995,1000,995,0.995,0.1770386077886452,1.3531556098958173,1.0,14.0,1.407035175879397,0.707576571897924
3zdg_3zdg_conf0,loqi_raw_chembl_count,13,9,199,199,199,1.0,0.1770386077886452,1.3577072631996407,1.0,12.0,6.030150753768845,0.6654899164544159
4ddh_4ddh_conf0,loqi_raw_fixed,15,4,1000,1000,1000,1.0,0.1602060893632637,0.8064113132608439,1.0,2.0,0.2,0.9990649315776106
4ddh_4ddh_conf0,loqi_raw_chembl_count,15,4,2,2,2,1.0,0.3058914144447724,0.5670518727692431,1.0,2.0,100.0,1.0
4ddk_4ddk_conf0,loqi_raw_fixed,12,1,1000,1000,1000,1.0,0.06452116493385,0.0726089828937732,1.0,1.0,0.1,0.0
4ddk_4ddk_conf0,loqi_raw_chembl_count,12,1,1,1,1,1.0,0.075524437705804,0.075524437705804,1.0,1.0,100.0,0.0
4eor_4eor_conf0,loqi_raw_fixed,28,7,1000,1000,1000,1.0,0.2690911762326157,1.1490282928407696,1.0,13.0,1.3,0.7772067862253077
4eor_4eor_conf0,loqi_raw_chembl_count,28,7,200,200,200,1.0,0.3437545600854042,1.1572469911593166,1.0,11.0,5.5,0.860033250668348
4f09_4f09_conf0,loqi_raw_fixed,19,2,1000,1000,1000,1.0,0.0973698554827982,0.1537474357086835,1.0,1.0,0.1,0.0
4f09_4f09_conf0,loqi_raw_chembl_count,19,2,2,2,2,1.0,0.1049350052993823,0.1302595299293801,1.0,1.0,50.0,0.0
4f2w_4f2w_conf0,loqi_raw_fixed,20,7,1000,1000,1000,1.0,0.4567870472437262,2.0182115344764533,1.0,19.0,1.9,0.8299554680619456
4f2w_4f2w_conf0,loqi_raw_chembl_count,20,7,200,200,200,1.0,0.4567870472437262,2.058317973723529,1.0,14.0,7.0,0.8699396271968661
4f9w_4f9w_conf0,loqi_raw_fixed,25,5,1000,1000,1000,1.0,0.1208535824130173,1.1942386312782165,1.0,3.0,0.3,0.9322516748871515
4f9w_4f9w_conf0,loqi_raw_chembl_count,25,5,4,4,4,1.0,0.2313139015356999,1.1467001921363449,1.0,2.0,50.0,1.0
4hge_4hge_conf0,loqi_raw_fixed,25,4,1000,1000,1000,1.0,0.1164977720171303,1.0848425073475374,1.0,16.0,1.6,0.6009178382740986
4hge_4hge_conf0,loqi_raw_chembl_count,25,4,36,36,36,1.0,0.1304959209204114,1.367999396822349,1.0,4.0,11.11111111111111,0.8288713632524444
4j21_4j21_conf0,loqi_raw_fixed,20,3,1000,1000,1000,1.0,0.0643389347309839,0.8100406989357828,1.0,2.0,0.2,0.9992612140227842
4j21_4j21_conf0,loqi_raw_chembl_count,20,3,3,3,3,1.0,0.1099084962673494,1.634819118148849,1.0,2.0,66.66666666666667,0.9182958340544894
4j3l_4j3l_conf0,loqi_raw_fixed,26,7,1000,1000,1000,1.0,0.3233044951463649,1.5773929685437662,1.0,12.0,1.2,0.932826975024887
4j3l_4j3l_conf0,loqi_raw_chembl_count,26,7,114,114,114,1.0,0.4561788765142741,1.617983994860115,1.0,9.0,7.894736842105263,0.9679858931315524
4jsz_4jsz_conf0,loqi_raw_fixed,10,2,1000,1000,1000,1.0,0.1273518096669406,0.5317857509094566,1.0,1.0,0.1,0.0
4jsz_4jsz_conf0,loqi_raw_chembl_count,10,2,2,2,2,1.0,0.517781559261889,0.5884856466954034,1.0,1.0,50.0,0.0
4jxs_4jxs_conf0,loqi_raw_fixed,22,6,1000,1000,1000,1.0,0.9343777269375184,2.4079184877672937,0.0,9.0,0.9,0.4903964255901636
4jxs_4jxs_conf0,loqi_raw_chembl_count,22,6,32,32,32,1.0,2.2513263136769286,2.6314860796987003,0.0,3.0,9.375,0.7373329228778438
4k18_4k18_conf0,loqi_raw_fixed,29,5,1000,1000,1000,1.0,0.0820962185257147,0.6637652461409498,1.0,6.0,0.6,0.5995805574284695
4k18_4k18_conf0,loqi_raw_chembl_count,29,5,109,109,109,1.0,0.2140755191790204,0.6467417268501419,1.0,4.0,3.669724770642202,0.5142620981049114
4k77_4k77_conf0,loqi_raw_fixed,18,2,1000,1000,1000,1.0,0.0635644992657851,0.4344899839362782,1.0,2.0,0.2,0.1579685469996634
4k77_4k77_conf0,loqi_raw_chembl_count,18,2,5,5,5,1.0,0.1174775920264542,0.5388256190484595,1.0,1.0,20.0,0.0
4kzq_4kzq_conf0,loqi_raw_fixed,18,2,1000,1000,1000,1.0,0.0782167326515724,0.1009444203322258,1.0,1.0,0.1,0.0
4kzq_4kzq_conf0,loqi_raw_chembl_count,18,2,6,6,6,1.0,0.0976607414245932,0.106607703370163,1.0,1.0,16.666666666666668,0.0
4kzu_4kzu_conf0,loqi_raw_fixed,18,1,1000,1000,1000,1.0,0.062443895468657,0.1054173239648317,1.0,1.0,0.1,0.0
4kzu_4kzu_conf0,loqi_raw_chembl_count,18,1,3,3,3,1.0,0.075134554771573,0.1509583060765859,1.0,1.0,33.333333333333336,0.0
4llx_4llx_conf0,loqi_raw_fixed,9,3,1000,1000,1000,1.0,0.0387418714805116,0.0434725145427803,1.0,1.0,0.1,0.0
4llx_4llx_conf0,loqi_raw_chembl_count,9,3,1,1,1,1.0,0.042388100390877,0.042388100390877,1.0,1.0,100.0,0.0
4lzs_4lzs_conf0,loqi_raw_fixed,15,7,1000,1000,1000,1.0,0.132694608603244,1.2637218774278145,1.0,4.0,0.4,0.660564176857389
4lzs_4lzs_conf0,loqi_raw_chembl_count,15,7,12,12,12,1.0,0.8444103922408781,1.249989222072832,0.0,3.0,25.0,0.8080141510844469
4mgd_4mgd_conf0,loqi_raw_fixed,19,4,1000,1000,1000,1.0,0.1565052907571696,0.5394620699049208,1.0,1.0,0.1,0.0
4mgd_4mgd_conf0,loqi_raw_chembl_count,19,4,24,24,24,1.0,0.2123779056809426,0.5515247145409712,1.0,1.0,4.166666666666667,0.0
4ogj_4ogj_conf0,loqi_raw_fixed,37,11,1000,1000,1000,1.0,0.4873046613223499,2.0446355466305297,1.0,128.0,12.8,0.8638183941097015
4ogj_4ogj_conf0,loqi_raw_chembl_count,37,11,54,54,54,1.0,0.7864753407885191,1.9110765999460384,0.0,26.0,48.14814814814815,0.9254044468528414
5c28_5c28_conf0,loqi_raw_fixed,12,3,1000,1000,1000,1.0,0.0421382754598194,0.6194250825115845,1.0,1.0,0.1,0.0
5c28_5c28_conf0,loqi_raw_chembl_count,12,3,2,2,2,1.0,0.084608088519763,0.3533537102205814,1.0,1.0,50.0,0.0
5c2h_5c2h_conf0,loqi_raw_fixed,31,11,1000,1000,1000,1.0,1.329996691728866,3.4027774646031235,0.0,177.0,17.7,0.8525803710314065
5c2h_5c2h_conf0,loqi_raw_chembl_count,31,11,85,85,85,1.0,2.199893694462885,3.4255969201189598,0.0,53.0,62.35294117647059,0.9581909984196084
1bcu_1bcu_conf0,nextmol_dmt_l_raw_fixed,16,2,1000,1000,1000,1.0,0.0497640654704334,0.0641713136167692,1.0,1.0,0.1,0.0
1bcu_1bcu_conf0,nextmol_dmt_l_raw_chembl_count,16,2,1,1,1,1.0,0.0724475873857539,0.0724475873857539,1.0,1.0,100.0,0.0
1c5z_1c5z_conf0,nextmol_dmt_l_raw_fixed,9,1,1000,1000,1000,1.0,0.0638638312614753,0.1832111928915603,1.0,1.0,0.1,0.0
1c5z_1c5z_conf0,nextmol_dmt_l_raw_chembl_count,9,1,1,1,1,1.0,0.1604608780182917,0.1604608780182917,1.0,1.0,100.0,0.0
1lpg_1lpg_conf0,nextmol_dmt_l_raw_fixed,41,10,999,1000,999,0.999,0.968808032071198,2.491304857555866,0.0,257.0,25.725725725725727,0.9299395199284848
1lpg_1lpg_conf0,nextmol_dmt_l_raw_chembl_count,41,10,193,193,193,1.0,1.5475370799659534,2.5401126572738675,0.0,108.0,55.95854922279793,0.9646750251062288
1mq6_1mq6_conf0,nextmol_dmt_l_raw_fixed,36,7,973,1000,973,0.973,1.0701636018665477,2.12675403768841,0.0,207.0,21.274409044193217,0.891775929680383
1mq6_1mq6_conf0,nextmol_dmt_l_raw_chembl_count,36,7,12,12,12,1.0,1.5220518472628153,1.9045724292400157,0.0,12.0,100.0,1.0000000000000002
1nc3_1nc3_conf0,nextmol_dmt_l_raw_fixed,19,6,381,1000,381,0.381,0.3589865697002969,1.4808622029419545,1.0,18.0,4.724409448818897,0.8517117618899663
1nc3_1nc3_conf0,nextmol_dmt_l_raw_chembl_count,19,6,76,196,76,0.3877551020408163,0.3589865697002969,1.476886036663548,1.0,11.0,14.473684210526317,0.8688132595107406
1o3f_1o3f_conf0,nextmol_dmt_l_raw_fixed,25,4,1000,1000,1000,1.0,0.1655041526288053,0.911613592870448,1.0,3.0,0.3,0.9537282707467796
1o3f_1o3f_conf0,nextmol_dmt_l_raw_chembl_count,25,4,31,31,31,1.0,0.1795204328112305,0.6416574225420806,1.0,3.0,9.67741935483871,0.8733654297218261
1o5b_1o5b_conf0,nextmol_dmt_l_raw_fixed,13,1,1000,1000,1000,1.0,0.0630152405573864,0.0743521886610171,1.0,1.0,0.1,0.0
1o5b_1o5b_conf0,nextmol_dmt_l_raw_chembl_count,13,1,1,1,1,1.0,0.0820477189006496,0.0820477189006496,1.0,1.0,100.0,0.0
1owh_1owh_conf0,nextmol_dmt_l_raw_fixed,24,5,999,1000,999,0.999,0.2294439983629999,1.0394272313098014,1.0,7.0,0.7007007007007007,0.8257766049897151
1owh_1owh_conf0,nextmol_dmt_l_raw_chembl_count,24,5,12,12,12,1.0,0.5989723122890087,1.1723832224519035,1.0,5.0,41.66666666666666,0.8848616689990428
1p1n_1p1n_conf0,nextmol_dmt_l_raw_fixed,15,4,436,1000,436,0.436,0.8189853465691995,1.2930734183381498,0.0,9.0,2.0642201834862384,0.760926193787371
1p1n_1p1n_conf0,nextmol_dmt_l_raw_chembl_count,15,4,8,23,8,0.3478260869565217,1.0213819740717314,1.2732576360493582,0.0,3.0,37.5,0.946394630357186
1pxn_1pxn_conf0,nextmol_dmt_l_raw_fixed,22,5,1000,1000,1000,1.0,0.1464220149743794,1.844052979822956,1.0,4.0,0.4,0.9852958597555264
1pxn_1pxn_conf0,nextmol_dmt_l_raw_chembl_count,22,5,200,200,200,1.0,0.1584697777378899,1.8199209352780568,1.0,4.0,2.0,0.9905545552911296
1sqa_1sqa_conf0,nextmol_dmt_l_raw_fixed,31,7,426,1000,426,0.426,0.7078497941178916,2.8591030397055595,1.0,26.0,6.103286384976526,0.8045794021810658
1sqa_1sqa_conf0,nextmol_dmt_l_raw_chembl_count,31,7,81,200,81,0.405,0.7107365021068012,2.6801018250749387,1.0,14.0,17.28395061728395,0.8930599213839795
1uto_1uto_conf0,nextmol_dmt_l_raw_fixed,9,3,1000,1000,1000,1.0,0.1446982240766551,0.7027439829858311,1.0,1.0,0.1,0.0
1uto_1uto_conf0,nextmol_dmt_l_raw_chembl_count,9,3,7,7,7,1.0,0.1783642088773163,0.6937620634354486,1.0,1.0,14.285714285714286,0.0
1yc1_1yc1_conf0,nextmol_dmt_l_raw_fixed,27,6,1000,1000,1000,1.0,0.454174855593016,1.4787314851003317,1.0,10.0,1.0,0.9137417551964174
1yc1_1yc1_conf0,nextmol_dmt_l_raw_chembl_count,27,6,168,168,168,1.0,0.5023750917691512,1.4871644046393189,1.0,8.0,4.761904761904762,0.9899321213871064
1ydr_1ydr_conf0,nextmol_dmt_l_raw_fixed,20,2,506,1000,506,0.506,0.9012218895981882,1.6910746234479814,0.0,11.0,2.1739130434782608,0.9268479828477766
1ydr_1ydr_conf0,nextmol_dmt_l_raw_chembl_count,20,2,9,16,9,0.5625,0.9047597356581496,1.711121445880494,0.0,6.0,66.66666666666667,0.935944697445866
1ydt_1ydt_conf0,nextmol_dmt_l_raw_fixed,27,8,992,1000,992,0.992,0.4464483635896269,2.076965041293104,1.0,94.0,9.475806451612904,0.8978630630987764
1ydt_1ydt_conf0,nextmol_dmt_l_raw_chembl_count,27,8,139,140,139,0.9928571428571428,1.050667516562138,2.213375481390841,0.0,51.0,36.69064748201439,0.9373147688770794
1z6e_1z6e_conf0,nextmol_dmt_l_raw_fixed,38,7,866,1000,866,0.866,1.035903817120612,3.649876585141104,0.0,109.0,12.58660508083141,0.7732771564854878
1z6e_1z6e_conf0,nextmol_dmt_l_raw_chembl_count,38,7,180,200,180,0.9,1.257049560190301,3.6325544850359135,0.0,51.0,28.33333333333333,0.8137697981552219
1z95_1z95_conf0,nextmol_dmt_l_raw_fixed,29,6,497,1000,497,0.497,0.5607937790765775,2.03895744657324,1.0,55.0,11.066398390342052,0.8976653528680045
1z95_1z95_conf0,nextmol_dmt_l_raw_chembl_count,29,6,96,198,96,0.4848484848484848,0.5920435829037362,2.112416638139656,1.0,28.0,29.166666666666668,0.9099822237280532
1z9g_1z9g_conf0,nextmol_dmt_l_raw_fixed,17,7,523,1000,523,0.523,0.3969879944461859,1.7108546384983516,1.0,22.0,4.2065009560229445,0.9376246646460472
1z9g_1z9g_conf0,nextmol_dmt_l_raw_chembl_count,17,7,103,199,103,0.5175879396984925,0.5771912875157045,1.7076388514164116,1.0,18.0,17.475728155339805,0.9291430542654596
2br1_2br1_conf0,nextmol_dmt_l_raw_fixed,29,8,1000,1000,1000,1.0,0.2426974377969003,0.880092401573676,1.0,2.0,0.2,0.9998153271549208
2br1_2br1_conf0,nextmol_dmt_l_raw_chembl_count,29,8,200,200,200,1.0,0.2477927464443872,0.8560139514700962,1.0,2.0,1.0,0.9999278640456616
2brb_2brb_conf0,nextmol_dmt_l_raw_fixed,25,6,1000,1000,1000,1.0,0.1293133272333644,0.7653870306689345,1.0,2.0,0.2,0.954434002924965
2brb_2brb_conf0,nextmol_dmt_l_raw_chembl_count,25,6,200,200,200,1.0,0.1763450111983114,0.7551783484319636,1.0,2.0,1.0,0.99971144175281
2c3i_2c3i_conf0,nextmol_dmt_l_raw_fixed,23,5,1000,1000,1000,1.0,0.2388428760520219,1.92935520152386,1.0,15.0,1.5,0.921085040130088
2c3i_2c3i_conf0,nextmol_dmt_l_raw_chembl_count,23,5,200,200,200,1.0,0.3723878539621563,1.9976637234708448,1.0,10.0,5.0,0.911062346840606
2fvd_2fvd_conf0,nextmol_dmt_l_raw_fixed,30,7,999,1000,999,0.999,0.2770054642734927,2.1951484630699447,1.0,62.0,6.206206206206206,0.8270312705955999
2fvd_2fvd_conf0,nextmol_dmt_l_raw_chembl_count,30,7,200,200,200,1.0,0.2770054642734927,2.126580444315244,1.0,33.0,16.5,0.8414106569598373
2hb1_2hb1_conf0,nextmol_dmt_l_raw_fixed,14,4,1000,1000,1000,1.0,0.3747992779634728,0.8889202235576382,1.0,3.0,0.3,0.9552500407562668
2hb1_2hb1_conf0,nextmol_dmt_l_raw_chembl_count,14,4,38,38,38,1.0,0.4912233474216471,0.9764489285597052,1.0,2.0,5.2631578947368425,0.8680403986166402
2p4y_2p4y_conf0,nextmol_dmt_l_raw_fixed,40,8,513,1000,513,0.513,0.7846045857472485,2.746127483585829,0.0,94.0,18.32358674463937,0.8475942457600474
2p4y_2p4y_conf0,nextmol_dmt_l_raw_chembl_count,40,8,81,174,81,0.4655172413793103,1.0539342455960747,2.756340794538557,0.0,35.0,43.20987654320987,0.9031895953632308
2pog_2pog_conf0,nextmol_dmt_l_raw_fixed,21,3,442,1000,442,0.442,0.1994629433323879,1.0242989325317118,1.0,6.0,1.3574660633484164,0.7425621377332787
2pog_2pog_conf0,nextmol_dmt_l_raw_chembl_count,21,3,6,10,6,0.6,1.0227488596846628,1.371285120183515,0.0,3.0,50.0,0.9206198357143048
2qbp_2qbp_conf0,nextmol_dmt_l_raw_fixed,37,10,999,1000,999,0.999,0.9045872024936402,2.972091133944948,0.0,409.0,40.94094094094094,0.95361358391932
2qbp_2qbp_conf0,nextmol_dmt_l_raw_chembl_count,37,10,199,200,199,0.995,1.0905493979685623,3.0898858851102267,0.0,143.0,71.85929648241206,0.9733859482637616
2qbq_2qbq_conf0,nextmol_dmt_l_raw_fixed,31,7,1000,1000,1000,1.0,0.3808681268588361,1.9972262535854663,1.0,107.0,10.7,0.9165260749582238
2qbq_2qbq_conf0,nextmol_dmt_l_raw_chembl_count,31,7,200,200,200,1.0,0.568030614599757,1.993448074707183,1.0,63.0,31.5,0.9386683348071356
2qbr_2qbr_conf0,nextmol_dmt_l_raw_fixed,28,8,1000,1000,1000,1.0,0.5346653533982678,2.0266899827580014,1.0,93.0,9.3,0.9309607200322052
2qbr_2qbr_conf0,nextmol_dmt_l_raw_chembl_count,28,8,200,200,200,1.0,0.5346653533982678,2.049159323096397,1.0,56.0,28.0,0.9495571916985202
2v00_2v00_conf0,nextmol_dmt_l_raw_fixed,16,4,1000,1000,1000,1.0,0.2812388769959162,1.4160158149964053,1.0,10.0,1.0,0.7251137992666581
2v00_2v00_conf0,nextmol_dmt_l_raw_chembl_count,16,4,30,30,30,1.0,0.5283408460011458,1.4289894321361742,1.0,6.0,20.0,0.7998755102664845
2wn9_2wn9_conf0,nextmol_dmt_l_raw_fixed,22,4,1000,1000,1000,1.0,0.2827577384382048,1.3371744948518431,1.0,11.0,1.1,0.953418634182453
2wn9_2wn9_conf0,nextmol_dmt_l_raw_chembl_count,22,4,71,71,71,1.0,0.3574069218007099,1.4041612059985409,1.0,7.0,9.859154929577464,0.9727796713094404
2wtv_2wtv_conf0,nextmol_dmt_l_raw_fixed,34,4,999,1000,999,0.999,0.2755889753135469,1.908966147596044,1.0,11.0,1.1011011011011012,0.6681222683197846
2wtv_2wtv_conf0,nextmol_dmt_l_raw_chembl_count,34,4,110,110,110,1.0,0.3788703796791949,2.3959867252375604,1.0,5.0,4.545454545454546,0.8575063007187324
2xdl_2xdl_conf0,nextmol_dmt_l_raw_fixed,16,5,1000,1000,1000,1.0,0.3328074855306457,1.5090611773790816,1.0,3.0,0.3,0.9036045630991236
2xdl_2xdl_conf0,nextmol_dmt_l_raw_chembl_count,16,5,58,58,58,1.0,0.3328074855306457,1.1455678955505948,1.0,3.0,5.172413793103448,0.9198510147950278
2xnb_2xnb_conf0,nextmol_dmt_l_raw_fixed,27,4,1000,1000,1000,1.0,0.5161315526732463,2.31505918618348,1.0,10.0,1.0,0.3662384269791533
2xnb_2xnb_conf0,nextmol_dmt_l_raw_chembl_count,27,4,79,79,79,1.0,0.5541480975080957,2.310259489236153,1.0,7.0,8.860759493670885,0.5900875327104603
2yfe_2yfe_conf0,nextmol_dmt_l_raw_fixed,25,8,999,1000,999,0.999,0.4638731833347879,1.9155623528117909,1.0,29.0,2.9029029029029028,0.8998685949627031
2yfe_2yfe_conf0,nextmol_dmt_l_raw_chembl_count,25,8,154,155,154,0.9935483870967742,0.5157052918334746,1.867379138665432,1.0,20.0,12.987012987012989,0.9308894372404144
2ymd_2ymd_conf0,nextmol_dmt_l_raw_fixed,13,4,1000,1000,1000,1.0,0.1894770780808151,0.8696940428094002,1.0,2.0,0.2,0.9993506898146104
2ymd_2ymd_conf0,nextmol_dmt_l_raw_chembl_count,13,4,30,30,30,1.0,0.2430339529853425,1.0583485218412858,1.0,2.0,6.666666666666667,0.6500224216483541
2zb1_2zb1_conf0,nextmol_dmt_l_raw_fixed,26,5,1000,1000,1000,1.0,0.3070337919642936,1.2591860959600976,1.0,9.0,0.9,0.972993487723254
2zb1_2zb1_conf0,nextmol_dmt_l_raw_chembl_count,26,5,200,200,200,1.0,0.3408453102546993,1.2228095830337582,1.0,8.0,4.0,0.9858606768149136
2zcq_2zcq_conf0,nextmol_dmt_l_raw_fixed,25,8,512,1000,512,0.512,0.7276147896893833,2.13683516183327,1.0,112.0,21.875,0.908380600305859
2zcq_2zcq_conf0,nextmol_dmt_l_raw_chembl_count,25,8,33,67,33,0.4925373134328358,0.7276147896893833,2.0555579105998474,1.0,23.0,69.6969696969697,0.9519213247424864
2zcr_2zcr_conf0,nextmol_dmt_l_raw_fixed,28,10,479,1000,479,0.479,0.6443565592451796,1.7434538453617257,1.0,86.0,17.954070981210855,0.916194423838924
2zcr_2zcr_conf0,nextmol_dmt_l_raw_chembl_count,28,10,26,60,26,0.4333333333333333,1.1723882610084595,1.6405369714452005,0.0,16.0,61.53846153846154,0.9225650977420962
2zy1_2zy1_conf0,nextmol_dmt_l_raw_fixed,24,8,1000,1000,1000,1.0,1.1436684646717017,3.119562218759489,0.0,88.0,8.8,0.8743610828911834
2zy1_2zy1_conf0,nextmol_dmt_l_raw_chembl_count,24,8,94,94,94,1.0,1.315835979116585,3.1563845914386963,0.0,33.0,35.1063829787234,0.9250169959570989
3aru_3aru_conf0,nextmol_dmt_l_raw_fixed,20,5,1000,1000,1000,1.0,0.3612083756076095,1.5857390743864248,1.0,18.0,1.8,0.9605282546880132
3aru_3aru_conf0,nextmol_dmt_l_raw_chembl_count,20,5,124,124,124,1.0,0.3612083756076095,1.645792619929444,1.0,14.0,11.290322580645162,0.9326209253808148
3ary_3ary_conf0,nextmol_dmt_l_raw_fixed,17,2,1000,1000,1000,1.0,0.5194574366512962,0.8707086052862798,1.0,2.0,0.2,0.9885173903891564
3ary_3ary_conf0,nextmol_dmt_l_raw_chembl_count,17,2,3,3,3,1.0,0.8484818760562894,1.2740171249361207,0.0,1.0,33.333333333333336,0.0
3b27_3b27_conf0,nextmol_dmt_l_raw_fixed,16,3,1000,1000,1000,1.0,0.218381572515375,1.2002969541782456,1.0,4.0,0.4,0.9581933941547078
3b27_3b27_conf0,nextmol_dmt_l_raw_chembl_count,16,3,9,9,9,1.0,0.4354177014054116,1.1978888622986708,1.0,3.0,33.333333333333336,0.965633607142825
3b5r_3b5r_conf0,nextmol_dmt_l_raw_fixed,28,6,496,1000,496,0.496,0.4001376022997898,2.315031667265391,1.0,81.0,16.330645161290324,0.9252689416217272
3b5r_3b5r_conf0,nextmol_dmt_l_raw_chembl_count,28,6,96,200,96,0.48,0.4001376022997898,2.2627993371929565,1.0,48.0,50.0,0.9449357622722409
3b65_3b65_conf0,nextmol_dmt_l_raw_fixed,25,6,497,1000,497,0.497,0.1907620131090772,1.8923426193588493,1.0,50.0,10.060362173038229,0.9197666975237068
3b65_3b65_conf0,nextmol_dmt_l_raw_chembl_count,25,6,94,200,94,0.47,0.1907620131090772,1.8993023347605196,1.0,34.0,36.17021276595744,0.9494768019807364
3bgz_3bgz_conf0,nextmol_dmt_l_raw_fixed,24,3,1000,1000,1000,1.0,0.1441673977336873,0.5075827025741719,1.0,1.0,0.1,0.0
3bgz_3bgz_conf0,nextmol_dmt_l_raw_chembl_count,24,3,10,10,10,1.0,0.1600635069587987,0.3322785757381055,1.0,1.0,10.0,0.0
3cj4_3cj4_conf0,nextmol_dmt_l_raw_fixed,25,5,827,1000,827,0.827,0.949805390663103,1.8926419763680071,0.0,17.0,2.0556227327690446,0.6659928515729576
3cj4_3cj4_conf0,nextmol_dmt_l_raw_chembl_count,25,5,171,199,171,0.8592964824120602,0.9597786281760162,1.8732811057020464,0.0,14.0,8.187134502923977,0.6481335933541598
3dd0_3dd0_conf0,nextmol_dmt_l_raw_fixed,16,4,1000,1000,1000,1.0,0.1370057348425431,0.9047428121328952,1.0,4.0,0.4,0.8001943640090451
3dd0_3dd0_conf0,nextmol_dmt_l_raw_chembl_count,16,4,51,51,51,1.0,0.1498577398729556,0.94396048004224,1.0,4.0,7.84313725490196,0.8806262627715344
3e92_3e92_conf0,nextmol_dmt_l_raw_fixed,26,4,1000,1000,1000,1.0,0.1784089312691761,1.400986639249468,1.0,9.0,0.9,0.9451427842941862
3e92_3e92_conf0,nextmol_dmt_l_raw_chembl_count,26,4,134,134,134,1.0,0.3661908390298403,1.3919191567444071,1.0,7.0,5.223880597014926,0.9729647589771704
3e93_3e93_conf0,nextmol_dmt_l_raw_fixed,37,5,280,1000,280,0.28,1.3734599317080982,3.977241736315016,0.0,63.0,22.5,0.830299119241153
3e93_3e93_conf0,nextmol_dmt_l_raw_chembl_count,37,5,56,200,56,0.28,1.4383335790096123,3.714231507388954,0.0,30.0,53.57142857142857,0.9185984891970772
3ehy_3ehy_conf0,nextmol_dmt_l_raw_fixed,17,5,507,1000,507,0.507,0.4614860022058478,0.8589322362256345,1.0,9.0,1.7751479289940828,0.7587995699940544
3ehy_3ehy_conf0,nextmol_dmt_l_raw_chembl_count,17,5,14,25,14,0.56,0.7045050343336899,0.8925988458044751,1.0,5.0,35.714285714285715,0.8902220097637678
3fcq_3fcq_conf0,nextmol_dmt_l_raw_fixed,14,2,529,1000,529,0.529,0.2677507436956868,0.9989403896914464,1.0,3.0,0.5671077504725898,0.8730035828085984
3fcq_3fcq_conf0,nextmol_dmt_l_raw_chembl_count,14,2,0,2,0,0.0,,,,,,
3fur_3fur_conf0,nextmol_dmt_l_raw_fixed,31,5,1000,1000,1000,1.0,0.3882039807746475,2.132431213944443,1.0,94.0,9.4,0.9343913842064784
3fur_3fur_conf0,nextmol_dmt_l_raw_chembl_count,31,5,86,86,86,1.0,0.486029787895034,2.1244791101467224,1.0,42.0,48.83720930232558,0.9641406183709814
3g2z_3g2z_conf0,nextmol_dmt_l_raw_fixed,13,2,1000,1000,1000,1.0,0.1781776070472351,1.1225752500116584,1.0,2.0,0.2,0.9823733825422626
3g2z_3g2z_conf0,nextmol_dmt_l_raw_chembl_count,13,2,6,6,6,1.0,0.2325601219156362,0.3479543028519343,1.0,2.0,33.333333333333336,0.9182958340544894
3g31_3g31_conf0,nextmol_dmt_l_raw_fixed,17,2,0,1000,0,0.0,,,,,,
3g31_3g31_conf0,nextmol_dmt_l_raw_chembl_count,17,2,0,2,0,0.0,,,,,,
3gy4_3gy4_conf0,nextmol_dmt_l_raw_fixed,10,2,1000,1000,1000,1.0,0.0272579650540277,0.0677631302556765,1.0,1.0,0.1,0.0
3gy4_3gy4_conf0,nextmol_dmt_l_raw_chembl_count,10,2,1,1,1,1.0,0.2970088047671594,0.2970088047671594,1.0,1.0,100.0,0.0
3jvs_3jvs_conf0,nextmol_dmt_l_raw_fixed,30,3,444,1000,444,0.444,0.9148397721970436,2.332803302779056,0.0,71.0,15.99099099099099,0.907752597931538
3jvs_3jvs_conf0,nextmol_dmt_l_raw_chembl_count,30,3,19,40,19,0.475,1.0442947123473807,2.636518957664227,0.0,12.0,63.1578947368421,0.9461445256397004
3k5v_3k5v_conf0,nextmol_dmt_l_raw_fixed,27,5,998,1000,998,0.998,0.2409495134492973,1.7916348285342312,1.0,13.0,1.3026052104208417,0.9862706977335988
3k5v_3k5v_conf0,nextmol_dmt_l_raw_chembl_count,27,5,198,200,198,0.99,0.2410081332042832,1.790727151592511,1.0,12.0,6.0606060606060606,0.9207146875633389
3kgp_3kgp_conf0,nextmol_dmt_l_raw_fixed,11,3,1000,1000,1000,1.0,0.1943172463883572,0.3597480443889908,1.0,1.0,0.1,0.0
3kgp_3kgp_conf0,nextmol_dmt_l_raw_chembl_count,11,3,1,1,1,1.0,0.2895348214896709,0.2895348214896709,1.0,1.0,100.0,0.0
3lka_3lka_conf0,nextmol_dmt_l_raw_fixed,12,3,1000,1000,1000,1.0,0.1174289710037845,0.586088991993351,1.0,1.0,0.1,0.0
3lka_3lka_conf0,nextmol_dmt_l_raw_chembl_count,12,3,4,4,4,1.0,0.2362523699867787,0.7059865961926564,1.0,1.0,25.0,0.0
3nx7_3nx7_conf0,nextmol_dmt_l_raw_fixed,20,9,1000,1000,1000,1.0,0.5093084401203478,1.93698834057994,1.0,35.0,3.5,0.8838795919908825
3nx7_3nx7_conf0,nextmol_dmt_l_raw_chembl_count,20,9,111,111,111,1.0,0.6254517311854976,1.991900153987924,1.0,21.0,18.91891891891892,0.9265433834060208
3pxf_3pxf_conf0,nextmol_dmt_l_raw_fixed,21,3,1000,1000,1000,1.0,0.2154214491773018,0.9108977315811088,1.0,3.0,0.3,0.3271464558159119
3pxf_3pxf_conf0,nextmol_dmt_l_raw_chembl_count,21,3,7,7,7,1.0,0.2394246384069787,0.2764450295543936,1.0,1.0,14.285714285714286,0.0
3qqs_3qqs_conf0,nextmol_dmt_l_raw_fixed,19,4,1000,1000,1000,1.0,0.431689584972981,1.5631444672900598,1.0,4.0,0.4,0.99451098510758
3qqs_3qqs_conf0,nextmol_dmt_l_raw_chembl_count,19,4,7,7,7,1.0,0.5390084592016643,1.555490329969475,1.0,3.0,42.85714285714285,0.9821410328348752
3rlr_3rlr_conf0,nextmol_dmt_l_raw_fixed,23,2,1000,1000,1000,1.0,0.1604407717191046,1.7375200274974234,1.0,4.0,0.4,0.997340897524326
3rlr_3rlr_conf0,nextmol_dmt_l_raw_chembl_count,23,2,9,9,9,1.0,0.1773161738729053,1.9179089448098523,1.0,3.0,33.333333333333336,0.6223659728744494
3rsx_3rsx_conf0,nextmol_dmt_l_raw_fixed,16,2,1000,1000,1000,1.0,0.0940164907337171,0.5482761096470219,1.0,2.0,0.2,0.9988455359952018
3rsx_3rsx_conf0,nextmol_dmt_l_raw_chembl_count,16,2,4,4,4,1.0,0.1040185929506792,0.4409382584373194,1.0,1.0,25.0,0.0
3ryj_3ryj_conf0,nextmol_dmt_l_raw_fixed,18,4,1000,1000,1000,1.0,0.3834243192233063,0.9535081969172436,1.0,5.0,0.5,0.687138570605583
3ryj_3ryj_conf0,nextmol_dmt_l_raw_chembl_count,18,4,81,81,81,1.0,0.3834243192233063,0.9788571497084978,1.0,3.0,3.703703703703704,0.998333656208573
3syr_3syr_conf0,nextmol_dmt_l_raw_fixed,20,6,295,1000,295,0.295,0.3744522983353788,1.4297812949231594,1.0,19.0,6.440677966101695,0.7916967735847084
3syr_3syr_conf0,nextmol_dmt_l_raw_chembl_count,20,6,36,122,36,0.2950819672131147,0.531230820942269,1.2149769152213692,1.0,13.0,36.11111111111112,0.9090342354720554
3twp_3twp_conf0,nextmol_dmt_l_raw_fixed,10,2,1000,1000,1000,1.0,0.0672863630777575,0.0761320798261016,1.0,1.0,0.1,0.0
3twp_3twp_conf0,nextmol_dmt_l_raw_chembl_count,10,2,1,1,1,1.0,0.0728826939227503,0.0728826939227503,1.0,1.0,100.0,0.0
3u5j_3u5j_conf0,nextmol_dmt_l_raw_fixed,22,1,1000,1000,1000,1.0,0.1068049441453442,1.822793833114236,1.0,2.0,0.2,0.9996508396313204
3u5j_3u5j_conf0,nextmol_dmt_l_raw_chembl_count,22,1,2,2,2,1.0,0.1278184587117639,0.9862891340796094,1.0,2.0,100.0,1.0
3u8n_3u8n_conf0,nextmol_dmt_l_raw_fixed,17,3,1000,1000,1000,1.0,0.2133710665426967,1.4579739819228916,1.0,13.0,1.3,0.9464110050188704
3u8n_3u8n_conf0,nextmol_dmt_l_raw_chembl_count,17,3,197,197,197,1.0,0.3246632411108756,1.455674829153314,1.0,9.0,4.568527918781726,0.96158638979497
3uo4_3uo4_conf0,nextmol_dmt_l_raw_fixed,29,6,1000,1000,1000,1.0,0.4121136556336188,2.4913082277490397,1.0,25.0,2.5,0.8673721224914412
3uo4_3uo4_conf0,nextmol_dmt_l_raw_chembl_count,29,6,26,26,26,1.0,0.4490991499380444,2.680421496194616,1.0,11.0,42.30769230769231,0.8832101461021304
3up2_3up2_conf0,nextmol_dmt_l_raw_fixed,28,6,1000,1000,1000,1.0,0.3568118130649513,2.214702056450195,1.0,23.0,2.3,0.8483445686892668
3up2_3up2_conf0,nextmol_dmt_l_raw_chembl_count,28,6,43,43,43,1.0,0.3867131733546579,2.208003667291948,1.0,14.0,32.55813953488372,0.8819752297586497
3wtj_3wtj_conf0,nextmol_dmt_l_raw_fixed,16,2,842,1000,842,0.842,0.2377995732589736,1.479326175076729,1.0,7.0,0.831353919239905,0.9203820220798584
3wtj_3wtj_conf0,nextmol_dmt_l_raw_chembl_count,16,2,45,52,45,0.8653846153846154,0.2377995732589736,1.4242714776906649,1.0,7.0,15.555555555555555,0.9319432719274336
3zdg_3zdg_conf0,nextmol_dmt_l_raw_fixed,13,4,508,1000,508,0.508,0.4901926127674756,1.3115740748622275,1.0,4.0,0.7874015748031497,0.4237887985762899
3zdg_3zdg_conf0,nextmol_dmt_l_raw_chembl_count,13,4,104,199,104,0.5226130653266332,1.0933787772102022,1.3222630506439768,0.0,2.0,1.9230769230769231,0.4248088738678147
4ddh_4ddh_conf0,nextmol_dmt_l_raw_fixed,15,3,1000,1000,1000,1.0,0.3173240667247852,0.8942457028735031,1.0,3.0,0.3,0.967194037555313
4ddh_4ddh_conf0,nextmol_dmt_l_raw_chembl_count,15,3,2,2,2,1.0,0.8423005146625215,0.9271244659900796,0.0,1.0,50.0,0.0
4ddk_4ddk_conf0,nextmol_dmt_l_raw_fixed,12,1,1000,1000,1000,1.0,0.0634599968935546,0.0714065669157013,1.0,1.0,0.1,0.0
4ddk_4ddk_conf0,nextmol_dmt_l_raw_chembl_count,12,1,1,1,1,1.0,0.0699319209166779,0.0699319209166779,1.0,1.0,100.0,0.0
4eor_4eor_conf0,nextmol_dmt_l_raw_fixed,28,7,999,1000,999,0.999,0.7183379714778685,1.68822820776186,1.0,25.0,2.5025025025025025,0.8911408589862632
4eor_4eor_conf0,nextmol_dmt_l_raw_chembl_count,28,7,199,200,199,0.995,0.7183379714778685,1.823579197379998,1.0,17.0,8.542713567839195,0.9134843577322918
4f09_4f09_conf0,nextmol_dmt_l_raw_fixed,19,1,1000,1000,1000,1.0,0.1774796474453245,0.3667514245858263,1.0,4.0,0.4,0.3548284052207942
4f09_4f09_conf0,nextmol_dmt_l_raw_chembl_count,19,1,2,2,2,1.0,0.2033802732349999,0.2891076748647789,1.0,1.0,50.0,0.0
4f2w_4f2w_conf0,nextmol_dmt_l_raw_fixed,20,6,449,1000,449,0.449,0.7136837613330151,1.6817855809892397,1.0,28.0,6.23608017817372,0.8786759916834325
4f2w_4f2w_conf0,nextmol_dmt_l_raw_chembl_count,20,6,74,200,74,0.37,0.7456173538875157,1.6742396993380066,1.0,18.0,24.324324324324323,0.8704528280323037
4f9w_4f9w_conf0,nextmol_dmt_l_raw_fixed,25,3,1000,1000,1000,1.0,0.1859047907553993,1.1171930037994482,1.0,4.0,0.4,0.9985297181212492
4f9w_4f9w_conf0,nextmol_dmt_l_raw_chembl_count,25,3,4,4,4,1.0,0.2035349377637127,1.4011076996209644,1.0,3.0,75.0,0.946394630357186
4hge_4hge_conf0,nextmol_dmt_l_raw_fixed,25,3,780,1000,780,0.78,0.1947312892984131,2.0301921064093005,1.0,42.0,5.384615384615385,0.8279717626686586
4hge_4hge_conf0,nextmol_dmt_l_raw_chembl_count,25,3,27,36,27,0.75,0.2248641827788699,2.0238017850675174,1.0,17.0,62.96296296296296,0.95470264256233
4j21_4j21_conf0,nextmol_dmt_l_raw_fixed,20,2,1000,1000,1000,1.0,0.0794563761445749,0.8485063458196306,1.0,2.0,0.2,0.9999971146079948
4j21_4j21_conf0,nextmol_dmt_l_raw_chembl_count,20,2,3,3,3,1.0,0.832234981263704,0.8323376660762655,0.0,2.0,66.66666666666667,0.9182958340544894
4j3l_4j3l_conf0,nextmol_dmt_l_raw_fixed,26,5,1000,1000,1000,1.0,0.3589340783733044,1.5700709374348385,1.0,17.0,1.7,0.9766062948841128
4j3l_4j3l_conf0,nextmol_dmt_l_raw_chembl_count,26,5,114,114,114,1.0,0.4470181866246972,1.6155367530201794,1.0,15.0,13.157894736842104,0.95971177431556
4jsz_4jsz_conf0,nextmol_dmt_l_raw_fixed,10,2,1000,1000,1000,1.0,0.1010470622092304,0.5360487155082574,1.0,1.0,0.1,0.0
4jsz_4jsz_conf0,nextmol_dmt_l_raw_chembl_count,10,2,2,2,2,1.0,0.5342000858950468,0.5373276456899323,1.0,1.0,50.0,0.0
4jxs_4jxs_conf0,nextmol_dmt_l_raw_fixed,22,6,999,1000,999,0.999,0.3448697336834435,1.7135211599433888,1.0,17.0,1.7017017017017018,0.8651982943270414
4jxs_4jxs_conf0,nextmol_dmt_l_raw_chembl_count,22,6,32,32,32,1.0,0.740710873816919,1.9070213786378911,1.0,8.0,25.0,0.9243918649356108
4k18_4k18_conf0,nextmol_dmt_l_raw_fixed,29,5,974,1000,974,0.974,0.1364693701106712,2.035254736220833,1.0,27.0,2.7720739219712525,0.8086956561554568
4k18_4k18_conf0,nextmol_dmt_l_raw_chembl_count,29,5,108,109,108,0.9908256880733946,0.1784187274972349,2.110741963909097,1.0,17.0,15.74074074074074,0.8630732620244781
4k77_4k77_conf0,nextmol_dmt_l_raw_fixed,18,2,1000,1000,1000,1.0,0.0977363407683432,0.589399637536419,1.0,3.0,0.3,0.5053955392880394
4k77_4k77_conf0,nextmol_dmt_l_raw_chembl_count,18,2,5,5,5,1.0,0.6809093778217752,0.6876677985945676,1.0,1.0,20.0,0.0
4kzq_4kzq_conf0,nextmol_dmt_l_raw_fixed,18,2,1000,1000,1000,1.0,0.0882861025567447,0.2191244431515275,1.0,1.0,0.1,0.0
4kzq_4kzq_conf0,nextmol_dmt_l_raw_chembl_count,18,2,6,6,6,1.0,0.1450024310994588,0.2230283719947794,1.0,1.0,16.666666666666668,0.0
4kzu_4kzu_conf0,nextmol_dmt_l_raw_fixed,18,1,1000,1000,1000,1.0,0.0678730121924165,0.1640097165402906,1.0,1.0,0.1,0.0
4kzu_4kzu_conf0,nextmol_dmt_l_raw_chembl_count,18,1,3,3,3,1.0,0.093358410767821,0.1589803785548683,1.0,1.0,33.333333333333336,0.0
4llx_4llx_conf0,nextmol_dmt_l_raw_fixed,9,1,1000,1000,1000,1.0,0.0440981086075882,0.0504824977884884,1.0,1.0,0.1,0.0
4llx_4llx_conf0,nextmol_dmt_l_raw_chembl_count,9,1,1,1,1,1.0,0.0490791508870725,0.0490791508870725,1.0,1.0,100.0,0.0
4lzs_4lzs_conf0,nextmol_dmt_l_raw_fixed,15,3,1000,1000,1000,1.0,0.1453178356619828,1.003004541662939,1.0,5.0,0.5,0.9332267473013346
4lzs_4lzs_conf0,nextmol_dmt_l_raw_chembl_count,15,3,12,12,12,1.0,0.8010175740954509,0.973660740005588,0.0,3.0,25.0,0.8359889967247164
4mgd_4mgd_conf0,nextmol_dmt_l_raw_fixed,19,4,1000,1000,1000,1.0,0.2089328223814728,0.5565397527506113,1.0,1.0,0.1,0.0
4mgd_4mgd_conf0,nextmol_dmt_l_raw_chembl_count,19,4,24,24,24,1.0,0.2304645219735895,0.5943659712217585,1.0,1.0,4.166666666666667,0.0
4ogj_4ogj_conf0,nextmol_dmt_l_raw_fixed,37,10,999,1000,999,0.999,0.4265701654673014,2.214798630590212,1.0,35.0,3.503503503503504,0.7872982982891742
4ogj_4ogj_conf0,nextmol_dmt_l_raw_chembl_count,37,10,54,54,54,1.0,0.6555830565855478,2.4187311885315825,1.0,14.0,25.925925925925927,0.8642593003465661
5c28_5c28_conf0,nextmol_dmt_l_raw_fixed,12,2,1000,1000,1000,1.0,0.0636351321167985,0.6258027280118885,1.0,1.0,0.1,0.0
5c28_5c28_conf0,nextmol_dmt_l_raw_chembl_count,12,2,2,2,2,1.0,0.6302887254847354,0.6306454352361536,1.0,1.0,50.0,0.0
5c2h_5c2h_conf0,nextmol_dmt_l_raw_fixed,31,8,1000,1000,1000,1.0,2.201124408094078,3.8197634811818255,0.0,117.0,11.7,0.8857473699731693
5c2h_5c2h_conf0,nextmol_dmt_l_raw_chembl_count,31,8,85,85,85,1.0,3.028128357673008,3.85615297182629,0.0,50.0,58.8235294117647,0.9644204215477636
1bcu_1bcu_conf0,torsional_diffusion_raw_fixed,16,2,1000,1000,1000,1.0,0.0700026891980126,0.0857162570963936,1.0,1.0,0.1,0.0
1bcu_1bcu_conf0,torsional_diffusion_raw_chembl_count,16,2,1,1,1,1.0,0.0957507718913101,0.0957507718913101,1.0,1.0,100.0,0.0
1c5z_1c5z_conf0,torsional_diffusion_raw_fixed,9,1,1000,1000,1000,1.0,0.0445083117360444,0.2413738055875656,1.0,1.0,0.1,0.0
1c5z_1c5z_conf0,torsional_diffusion_raw_chembl_count,9,1,1,1,1,1.0,0.3651336291429994,0.3651336291429994,1.0,1.0,100.0,0.0
1lpg_1lpg_conf0,torsional_diffusion_raw_fixed,41,10,790,1000,790,0.79,1.5575089887842193,2.8816333717231752,0.0,498.0,63.03797468354431,0.971410691011926
1lpg_1lpg_conf0,torsional_diffusion_raw_chembl_count,41,10,147,193,147,0.7616580310880829,1.6790507237116723,2.8362764014880124,0.0,129.0,87.75510204081633,0.9904833425589392
1mq6_1mq6_conf0,torsional_diffusion_raw_fixed,36,7,402,1000,402,0.402,1.1491514325477727,2.3725037375630365,0.0,259.0,64.42786069651741,0.9698266111089076
1mq6_1mq6_conf0,torsional_diffusion_raw_chembl_count,36,7,7,12,7,0.5833333333333334,2.3528404446272515,2.8494762997424656,0.0,7.0,100.0,1.0
1nc3_1nc3_conf0,torsional_diffusion_raw_fixed,19,6,995,1000,995,0.995,0.364875701398378,1.254943654542313,1.0,8.0,0.8040201005025126,0.9149648402111276
1nc3_1nc3_conf0,torsional_diffusion_raw_chembl_count,19,6,196,196,196,1.0,0.5442591290493849,1.273074696508369,1.0,7.0,3.571428571428572,0.9279851673525106
1o3f_1o3f_conf0,torsional_diffusion_raw_fixed,25,4,994,1000,994,0.994,0.1467320646798439,0.8262471419708187,1.0,3.0,0.3018108651911468,0.9261126303967352
1o3f_1o3f_conf0,torsional_diffusion_raw_chembl_count,25,4,30,31,30,0.967741935483871,0.2259756680821598,1.0739627627699395,1.0,2.0,6.666666666666667,1.0
1o5b_1o5b_conf0,torsional_diffusion_raw_fixed,13,1,1000,1000,1000,1.0,0.0753765293114792,0.1060255308799398,1.0,1.0,0.1,0.0
1o5b_1o5b_conf0,torsional_diffusion_raw_chembl_count,13,1,1,1,1,1.0,0.086888580496144,0.086888580496144,1.0,1.0,100.0,0.0
1owh_1owh_conf0,torsional_diffusion_raw_fixed,24,5,645,1000,645,0.645,0.2173014995440551,1.238022769726232,1.0,11.0,1.7054263565891472,0.8498562748629346
1owh_1owh_conf0,torsional_diffusion_raw_chembl_count,24,5,6,12,6,0.5,0.7057016918546053,1.687074812182829,1.0,3.0,50.0,0.920619835714305
1p1n_1p1n_conf0,torsional_diffusion_raw_fixed,15,4,587,1000,587,0.587,0.3577181052851985,1.2547641404884606,1.0,15.0,2.5553662691652472,0.8208923744544105
1p1n_1p1n_conf0,torsional_diffusion_raw_chembl_count,15,4,16,23,16,0.6956521739130435,0.9071872191734835,1.4349103961790806,0.0,7.0,43.75,0.8846257998344363
1pxn_1pxn_conf0,torsional_diffusion_raw_fixed,22,5,989,1000,989,0.989,0.1121906919194336,1.8056295121024977,1.0,8.0,0.8088978766430738,0.6850108367847109
1pxn_1pxn_conf0,torsional_diffusion_raw_chembl_count,22,5,197,200,197,0.985,0.1698857072336207,1.93055478006362,1.0,4.0,2.030456852791878,0.994785070714302
1sqa_1sqa_conf0,torsional_diffusion_raw_fixed,31,7,525,1000,525,0.525,0.490280149449895,2.284734302738055,1.0,44.0,8.380952380952381,0.8338689070361556
1sqa_1sqa_conf0,torsional_diffusion_raw_chembl_count,31,7,111,200,111,0.555,0.490280149449895,1.5590344621801902,1.0,23.0,20.72072072072072,0.864677633636951
1uto_1uto_conf0,torsional_diffusion_raw_fixed,9,3,991,1000,991,0.991,0.0742396000364341,0.6857954832648474,1.0,1.0,0.1009081735620585,0.0
1uto_1uto_conf0,torsional_diffusion_raw_chembl_count,9,3,7,7,7,1.0,0.2926049146778445,0.723174598179305,1.0,1.0,14.285714285714286,0.0
1yc1_1yc1_conf0,torsional_diffusion_raw_fixed,27,6,988,1000,988,0.988,0.3404766496546452,1.4268472692224754,1.0,12.0,1.214574898785425,0.8168218242450257
1yc1_1yc1_conf0,torsional_diffusion_raw_chembl_count,27,6,166,168,166,0.988095238095238,0.4054185596613645,1.4155423445743558,1.0,11.0,6.626506024096385,0.8392956355149094
1ydr_1ydr_conf0,torsional_diffusion_raw_fixed,20,2,936,1000,936,0.936,0.3251126624762785,1.5786522249015582,1.0,23.0,2.4572649572649574,0.9221469277879422
1ydr_1ydr_conf0,torsional_diffusion_raw_chembl_count,20,2,15,16,15,0.9375,0.7542979430101188,1.6362348202983077,0.0,8.0,53.333333333333336,0.9576351984400188
1ydt_1ydt_conf0,torsional_diffusion_raw_fixed,27,8,566,1000,566,0.566,0.6242877259434314,2.184375875076418,1.0,175.0,30.918727915194346,0.9266387119825512
1ydt_1ydt_conf0,torsional_diffusion_raw_chembl_count,27,8,87,140,87,0.6214285714285714,0.8463664657804901,2.125590951155914,0.0,58.0,66.66666666666667,0.9599868514398232
1z6e_1z6e_conf0,torsional_diffusion_raw_fixed,38,7,685,1000,685,0.685,1.0560686849198693,2.7742242215211377,0.0,217.0,31.67883211678832,0.9452094809335312
1z6e_1z6e_conf0,torsional_diffusion_raw_chembl_count,38,7,137,200,137,0.685,1.3373691107413392,2.577152982916629,0.0,92.0,67.15328467153284,0.9765629661511324
1z95_1z95_conf0,torsional_diffusion_raw_fixed,29,6,898,1000,898,0.898,0.2986447420847199,2.1231361318782715,1.0,81.0,9.020044543429844,0.8703244235631208
1z95_1z95_conf0,torsional_diffusion_raw_chembl_count,29,6,179,198,179,0.904040404040404,0.2986447420847199,2.161034216819792,1.0,44.0,24.58100558659218,0.8869232555256773
1z9g_1z9g_conf0,torsional_diffusion_raw_fixed,17,7,930,1000,930,0.93,0.4652590885978829,1.502701655869691,1.0,37.0,3.978494623655914,0.831302633912095
1z9g_1z9g_conf0,torsional_diffusion_raw_chembl_count,17,7,192,199,192,0.964824120603015,0.4824510007951441,1.5506140359331864,1.0,20.0,10.416666666666666,0.8580899167180018
2br1_2br1_conf0,torsional_diffusion_raw_fixed,29,8,987,1000,987,0.987,0.2573242605976942,0.9134576480820298,1.0,5.0,0.5065856129685917,0.7113662267403025
2br1_2br1_conf0,torsional_diffusion_raw_chembl_count,29,8,198,200,198,0.99,0.3541802964806584,0.8778587814592986,1.0,3.0,1.5151515151515151,0.7811121478432809
2brb_2brb_conf0,torsional_diffusion_raw_fixed,25,6,983,1000,983,0.983,0.2422148028166085,0.7897457533999214,1.0,4.0,0.4069175991861648,0.7408110871904064
2brb_2brb_conf0,torsional_diffusion_raw_chembl_count,25,6,195,200,195,0.975,0.2637838622586337,0.8001284933568137,1.0,4.0,2.051282051282051,0.7019290207225021
2c3i_2c3i_conf0,torsional_diffusion_raw_fixed,23,5,998,1000,998,0.998,0.3182158406329927,1.420958015890986,1.0,19.0,1.9038076152304608,0.8713929127073967
2c3i_2c3i_conf0,torsional_diffusion_raw_chembl_count,23,5,200,200,200,1.0,0.3814478166972561,1.425172986237124,1.0,18.0,9.0,0.8711051510996022
2fvd_2fvd_conf0,torsional_diffusion_raw_fixed,30,7,930,1000,930,0.93,0.6505197441025167,2.1487408737357887,1.0,178.0,19.13978494623656,0.8972042927081959
2fvd_2fvd_conf0,torsional_diffusion_raw_chembl_count,30,7,186,200,186,0.93,0.8925751878181949,2.164852680644124,0.0,77.0,41.39784946236559,0.9252395253850172
2hb1_2hb1_conf0,torsional_diffusion_raw_fixed,14,4,820,1000,820,0.82,0.3043274516621173,1.1057934959206173,1.0,5.0,0.6097560975609756,0.9050790193621846
2hb1_2hb1_conf0,torsional_diffusion_raw_chembl_count,14,4,30,38,30,0.7894736842105263,0.5019132909963128,1.1719887630312575,1.0,5.0,16.666666666666668,0.8445412464587144
2p4y_2p4y_conf0,torsional_diffusion_raw_fixed,40,8,868,1000,868,0.868,1.188215949872941,2.905129022232969,0.0,182.0,20.967741935483872,0.8891296281633467
2p4y_2p4y_conf0,torsional_diffusion_raw_chembl_count,40,8,146,174,146,0.8390804597701149,1.2286700796067545,3.0133175303420447,0.0,70.0,47.945205479452056,0.938038515691043
2pog_2pog_conf0,torsional_diffusion_raw_fixed,21,3,951,1000,951,0.951,0.1516457267767372,0.5041293154136924,1.0,3.0,0.3154574132492113,0.7519508775273077
2pog_2pog_conf0,torsional_diffusion_raw_chembl_count,21,3,10,10,10,1.0,0.2837707073123905,0.4560730916632353,1.0,1.0,10.0,0.0
2qbp_2qbp_conf0,torsional_diffusion_raw_fixed,37,10,558,1000,558,0.558,1.096442552785442,3.200832487168647,0.0,476.0,85.30465949820788,0.991117271551211
2qbp_2qbp_conf0,torsional_diffusion_raw_chembl_count,37,10,109,200,109,0.545,1.4142111414633851,3.270829138312306,0.0,102.0,93.57798165137616,0.995102023253603
2qbq_2qbq_conf0,torsional_diffusion_raw_fixed,31,7,698,1000,698,0.698,0.6104411043186412,2.0509030757743103,1.0,130.0,18.624641833810887,0.935032704342459
2qbq_2qbq_conf0,torsional_diffusion_raw_chembl_count,31,7,135,200,135,0.675,0.7566368301520829,2.007200191767954,0.0,64.0,47.407407407407405,0.9502854126272556
2qbr_2qbr_conf0,torsional_diffusion_raw_fixed,28,8,761,1000,761,0.761,0.7280762382960273,2.1354117569041438,1.0,103.0,13.534822601839684,0.9451492694153032
2qbr_2qbr_conf0,torsional_diffusion_raw_chembl_count,28,8,158,200,158,0.79,1.0326847662665373,2.0604672988947623,0.0,56.0,35.44303797468354,0.9447508832249346
2v00_2v00_conf0,torsional_diffusion_raw_fixed,16,4,998,1000,998,0.998,0.0862491486479573,1.353630553580328,1.0,10.0,1.002004008016032,0.8282236250770767
2v00_2v00_conf0,torsional_diffusion_raw_chembl_count,16,4,30,30,30,1.0,0.6222952974301926,1.3904492830587245,1.0,6.0,20.0,0.9369752998222096
2wn9_2wn9_conf0,torsional_diffusion_raw_fixed,22,4,781,1000,781,0.781,0.3365378504779819,1.4606971139646858,1.0,23.0,2.9449423815621,0.8316469844966605
2wn9_2wn9_conf0,torsional_diffusion_raw_chembl_count,22,4,56,71,56,0.7887323943661971,0.4566045079723556,1.2904900060190352,1.0,13.0,23.214285714285715,0.916577761724643
2wtv_2wtv_conf0,torsional_diffusion_raw_fixed,34,4,887,1000,887,0.887,0.4626785795760393,1.8361997009488795,1.0,17.0,1.9165727170236757,0.8750244127164986
2wtv_2wtv_conf0,torsional_diffusion_raw_chembl_count,34,4,97,110,97,0.8818181818181818,0.5998634066196169,1.8417483132869623,1.0,11.0,11.34020618556701,0.8991034062399468
2xdl_2xdl_conf0,torsional_diffusion_raw_fixed,16,5,991,1000,991,0.991,0.2839765836710847,1.1664708480778248,1.0,6.0,0.6054490413723511,0.7829880674694337
2xdl_2xdl_conf0,torsional_diffusion_raw_chembl_count,16,5,57,58,57,0.9827586206896552,0.3842781190276486,1.4293571484560437,1.0,4.0,7.017543859649122,0.8399726300509847
2xnb_2xnb_conf0,torsional_diffusion_raw_fixed,27,4,987,1000,987,0.987,0.2732529062988708,1.4822229150724595,1.0,17.0,1.7223910840932115,0.7842438553578105
2xnb_2xnb_conf0,torsional_diffusion_raw_chembl_count,27,4,75,79,75,0.9493670886075948,0.4288697858471336,1.47575328379905,1.0,6.0,8.0,0.9192112431066964
2yfe_2yfe_conf0,torsional_diffusion_raw_fixed,25,8,830,1000,830,0.83,0.5056326808600448,2.0824279956407032,1.0,28.0,3.3734939759036147,0.8718720818537736
2yfe_2yfe_conf0,torsional_diffusion_raw_chembl_count,25,8,132,155,132,0.8516129032258064,0.5056326808600448,2.1151278850086914,1.0,21.0,15.909090909090908,0.8794558788399328
2ymd_2ymd_conf0,torsional_diffusion_raw_fixed,13,4,986,1000,986,0.986,0.1167219411712956,0.8182979447672432,1.0,2.0,0.2028397565922921,0.9986907556634672
2ymd_2ymd_conf0,torsional_diffusion_raw_chembl_count,13,4,29,30,29,0.9666666666666668,0.4059881857016649,1.0342869277189977,1.0,2.0,6.896551724137931,0.3620512517339979
2zb1_2zb1_conf0,torsional_diffusion_raw_fixed,26,5,996,1000,996,0.996,0.2431594912770471,1.2974679841134753,1.0,15.0,1.5060240963855422,0.8855580615093425
2zb1_2zb1_conf0,torsional_diffusion_raw_chembl_count,26,5,199,200,199,0.995,0.2431594912770471,1.3078063221900782,1.0,12.0,6.030150753768845,0.9123188722913564
2zcq_2zcq_conf0,torsional_diffusion_raw_fixed,25,8,562,1000,562,0.562,0.9605034768933808,2.509845622630367,0.0,182.0,32.38434163701068,0.9419906252964788
2zcq_2zcq_conf0,torsional_diffusion_raw_chembl_count,25,8,37,67,37,0.5522388059701493,1.2213592938857376,2.5196851618235034,0.0,32.0,86.48648648648648,0.987836619071736
2zcr_2zcr_conf0,torsional_diffusion_raw_fixed,28,10,517,1000,517,0.517,0.904300989571704,2.810841479359281,0.0,149.0,28.820116054158607,0.9457102675975464
2zcr_2zcr_conf0,torsional_diffusion_raw_chembl_count,28,10,28,60,28,0.4666666666666667,1.5394194775996444,2.763759271720418,0.0,23.0,82.14285714285714,0.9718649974848534
2zy1_2zy1_conf0,torsional_diffusion_raw_fixed,24,8,656,1000,656,0.656,1.2081901987636188,3.1582000605991176,0.0,185.0,28.201219512195124,0.9190907753256978
2zy1_2zy1_conf0,torsional_diffusion_raw_chembl_count,24,8,63,94,63,0.6702127659574468,1.3057743605709793,3.245883621126459,0.0,44.0,69.84126984126983,0.9650968164112862
3aru_3aru_conf0,torsional_diffusion_raw_fixed,20,5,942,1000,942,0.942,0.3691875716842065,2.1606879322863843,1.0,22.0,2.335456475583864,0.8391290918524973
3aru_3aru_conf0,torsional_diffusion_raw_chembl_count,20,5,113,124,113,0.9112903225806452,0.3691875716842065,2.211840825916051,1.0,15.0,13.27433628318584,0.8353304423045476
3ary_3ary_conf0,torsional_diffusion_raw_fixed,17,2,1000,1000,1000,1.0,0.1866776977634175,1.0651355683199109,1.0,3.0,0.3,0.997627915414818
3ary_3ary_conf0,torsional_diffusion_raw_chembl_count,17,2,3,3,3,1.0,0.9550180407753768,1.141195348674972,0.0,1.0,33.333333333333336,0.0
3b27_3b27_conf0,torsional_diffusion_raw_fixed,16,3,1000,1000,1000,1.0,0.2977725010052605,1.208626018146031,1.0,4.0,0.4,0.9238754078965824
3b27_3b27_conf0,torsional_diffusion_raw_chembl_count,16,3,9,9,9,1.0,0.4616008563408419,1.1575681373712423,1.0,2.0,22.22222222222222,0.9182958340544894
3b5r_3b5r_conf0,torsional_diffusion_raw_fixed,28,6,948,1000,948,0.948,0.4259962670182683,2.255618582102723,1.0,124.0,13.080168776371307,0.8859425198699602
3b5r_3b5r_conf0,torsional_diffusion_raw_chembl_count,28,6,190,200,190,0.95,0.5394218801842665,2.2180283053864374,1.0,63.0,33.1578947368421,0.9136958458733055
3b65_3b65_conf0,torsional_diffusion_raw_fixed,25,6,952,1000,952,0.952,0.3035569123144768,1.9857609179547613,1.0,59.0,6.197478991596639,0.8577264444232267
3b65_3b65_conf0,torsional_diffusion_raw_chembl_count,25,6,191,200,191,0.955,0.3035569123144768,1.9041159082857788,1.0,36.0,18.848167539267017,0.8599233842587257
3bgz_3bgz_conf0,torsional_diffusion_raw_fixed,24,3,998,1000,998,0.998,0.1125703618505472,0.5894191410586531,1.0,1.0,0.1002004008016032,0.0
3bgz_3bgz_conf0,torsional_diffusion_raw_chembl_count,24,3,10,10,10,1.0,0.1511591726108504,0.8764313809384332,1.0,1.0,10.0,0.0
3cj4_3cj4_conf0,torsional_diffusion_raw_fixed,25,5,695,1000,695,0.695,0.7249992260750514,1.8600060739159137,1.0,108.0,15.53956834532374,0.8620163689965592
3cj4_3cj4_conf0,torsional_diffusion_raw_chembl_count,25,5,135,199,135,0.678391959798995,0.939657367070987,1.851021755823058,0.0,47.0,34.81481481481482,0.8375200002618582
3dd0_3dd0_conf0,torsional_diffusion_raw_fixed,16,4,1000,1000,1000,1.0,0.1892903112054091,0.9668491159282996,1.0,5.0,0.5,0.980591572183534
3dd0_3dd0_conf0,torsional_diffusion_raw_chembl_count,16,4,51,51,51,1.0,0.2872422686137362,0.9758267475343818,1.0,3.0,5.882352941176471,0.7882119656701659
3e92_3e92_conf0,torsional_diffusion_raw_fixed,26,4,958,1000,958,0.958,0.2786040479148037,1.4581520914161628,1.0,18.0,1.8789144050104385,0.9293572147253272
3e92_3e92_conf0,torsional_diffusion_raw_chembl_count,26,4,129,134,129,0.9626865671641792,0.3008301813886713,1.4737956136949784,1.0,17.0,13.178294573643411,0.9109864597321388
3e93_3e93_conf0,torsional_diffusion_raw_fixed,37,5,474,1000,474,0.474,0.7207244828213711,3.2414591462144893,1.0,136.0,28.69198312236287,0.9175085898793448
3e93_3e93_conf0,torsional_diffusion_raw_chembl_count,37,5,97,200,97,0.485,0.8051413293140858,3.201797280521248,0.0,53.0,54.63917525773196,0.9586658189238144
3ehy_3ehy_conf0,torsional_diffusion_raw_fixed,17,5,914,1000,914,0.914,0.3893445166604543,0.9400731538109216,1.0,15.0,1.6411378555798688,0.8527584743193624
3ehy_3ehy_conf0,torsional_diffusion_raw_chembl_count,17,5,24,25,24,0.96,0.5297374280345514,0.8137837437251567,1.0,6.0,25.0,0.8704188162777186
3fcq_3fcq_conf0,torsional_diffusion_raw_fixed,14,2,946,1000,946,0.946,0.1323958169264267,0.991055770113878,1.0,4.0,0.4228329809725158,0.8531423380597655
3fcq_3fcq_conf0,torsional_diffusion_raw_chembl_count,14,2,1,2,1,0.5,0.5981512430433973,0.5981512430433973,1.0,1.0,100.0,0.0
3fur_3fur_conf0,torsional_diffusion_raw_fixed,31,5,987,1000,987,0.987,0.5326862237788091,1.81445742726198,1.0,93.0,9.422492401215806,0.8475342857036464
3fur_3fur_conf0,torsional_diffusion_raw_chembl_count,31,5,84,86,84,0.9767441860465116,0.5781110369764058,1.669173581753224,1.0,36.0,42.85714285714285,0.8813746757131412
3g2z_3g2z_conf0,torsional_diffusion_raw_fixed,13,2,980,1000,980,0.98,0.2235225058721796,1.1472094460323603,1.0,2.0,0.2040816326530612,0.9981214577227674
3g2z_3g2z_conf0,torsional_diffusion_raw_chembl_count,13,2,6,6,6,1.0,0.3058069028151277,1.1710605972755803,1.0,2.0,33.333333333333336,0.9182958340544894
3g31_3g31_conf0,torsional_diffusion_raw_fixed,17,2,994,1000,994,0.994,0.1018881569148874,0.9094540183781225,1.0,3.0,0.3018108651911468,0.9288566035118004
3g31_3g31_conf0,torsional_diffusion_raw_chembl_count,17,2,2,2,2,1.0,1.3051640623804155,1.3620350820433196,0.0,1.0,50.0,0.0
3gy4_3gy4_conf0,torsional_diffusion_raw_fixed,10,2,1000,1000,1000,1.0,0.0495811173165829,0.3275352806597492,1.0,1.0,0.1,0.0
3gy4_3gy4_conf0,torsional_diffusion_raw_chembl_count,10,2,1,1,1,1.0,0.1285171145641377,0.1285171145641377,1.0,1.0,100.0,0.0
3jvs_3jvs_conf0,torsional_diffusion_raw_fixed,30,3,504,1000,504,0.504,0.758540678244328,2.2988600285906777,0.0,163.0,32.34126984126984,0.917651548026401
3jvs_3jvs_conf0,torsional_diffusion_raw_chembl_count,30,3,18,40,18,0.45,1.4345527382234846,2.3253617760565506,0.0,16.0,88.88888888888889,0.9869256948050228
3k5v_3k5v_conf0,torsional_diffusion_raw_fixed,27,5,999,1000,999,0.999,0.266119244751006,2.20193511275793,1.0,22.0,2.2022022022022023,0.8817817526870874
3k5v_3k5v_conf0,torsional_diffusion_raw_chembl_count,27,5,199,200,199,0.995,0.4486327320261218,2.1056657240123715,1.0,14.0,7.035175879396985,0.9458929851914392
3kgp_3kgp_conf0,torsional_diffusion_raw_fixed,11,3,996,1000,996,0.996,0.1117027508937569,0.4135679331352955,1.0,1.0,0.1004016064257028,0.0
3kgp_3kgp_conf0,torsional_diffusion_raw_chembl_count,11,3,1,1,1,1.0,0.2280132862600862,0.2280132862600862,1.0,1.0,100.0,0.0
3lka_3lka_conf0,torsional_diffusion_raw_fixed,12,3,1000,1000,1000,1.0,0.1363698095430502,0.5921461320070928,1.0,1.0,0.1,0.0
3lka_3lka_conf0,torsional_diffusion_raw_chembl_count,12,3,4,4,4,1.0,0.2369899523936639,0.5918013319295796,1.0,1.0,25.0,0.0
3nx7_3nx7_conf0,torsional_diffusion_raw_fixed,20,9,747,1000,747,0.747,0.4440173338326581,1.8957569550594184,1.0,66.0,8.835341365461847,0.9054220392256837
3nx7_3nx7_conf0,torsional_diffusion_raw_chembl_count,20,9,78,111,78,0.7027027027027027,0.557130981607051,1.90458515857786,1.0,31.0,39.74358974358975,0.9419793016202298
3pxf_3pxf_conf0,torsional_diffusion_raw_fixed,21,3,495,1000,495,0.495,0.2386945035036253,0.9675202284438305,1.0,3.0,0.6060606060606061,0.9425271601601956
3pxf_3pxf_conf0,torsional_diffusion_raw_chembl_count,21,3,3,7,3,0.4285714285714285,0.2765694642427072,0.6261804420846303,1.0,2.0,66.66666666666667,0.9182958340544894
3qqs_3qqs_conf0,torsional_diffusion_raw_fixed,19,4,853,1000,853,0.853,0.2925477086749672,1.4360110984538883,1.0,6.0,0.7033997655334114,0.8972893867547905
3qqs_3qqs_conf0,torsional_diffusion_raw_chembl_count,19,4,5,7,5,0.7142857142857143,0.7035190788765384,1.3759680970867092,1.0,3.0,60.0,0.8649735207179272
3rlr_3rlr_conf0,torsional_diffusion_raw_fixed,23,2,967,1000,967,0.967,0.2130805018768838,1.7559328484447998,1.0,4.0,0.4136504653567735,0.9992930718412268
3rlr_3rlr_conf0,torsional_diffusion_raw_chembl_count,23,2,9,9,9,1.0,0.2983535227991538,1.836460353163636,1.0,4.0,44.44444444444444,0.9182958340544894
3rsx_3rsx_conf0,torsional_diffusion_raw_fixed,16,2,1000,1000,1000,1.0,0.057249265816749,0.7324265599997715,1.0,2.0,0.2,0.998727168607354
3rsx_3rsx_conf0,torsional_diffusion_raw_chembl_count,16,2,4,4,4,1.0,0.3271711965906171,0.6583860638223746,1.0,2.0,50.0,0.8112781244591328
3ryj_3ryj_conf0,torsional_diffusion_raw_fixed,18,4,998,1000,998,0.998,0.2427659144518459,0.9803492173212008,1.0,10.0,1.002004008016032,0.6601162080568895
3ryj_3ryj_conf0,torsional_diffusion_raw_chembl_count,18,4,81,81,81,1.0,0.2427659144518459,0.997262085081282,1.0,5.0,6.172839506172839,0.8024208794306799
3syr_3syr_conf0,torsional_diffusion_raw_fixed,20,6,966,1000,966,0.966,0.262463195927767,1.0406315675086977,1.0,10.0,1.0351966873706004,0.7387272797868485
3syr_3syr_conf0,torsional_diffusion_raw_chembl_count,20,6,119,122,119,0.9754098360655736,0.3465104780248108,0.9541953820074472,1.0,5.0,4.201680672268908,0.7037884691317219
3twp_3twp_conf0,torsional_diffusion_raw_fixed,10,2,1000,1000,1000,1.0,0.0495111277416019,0.0825200795158538,1.0,1.0,0.1,0.0
3twp_3twp_conf0,torsional_diffusion_raw_chembl_count,10,2,1,1,1,1.0,0.0636748561318532,0.0636748561318532,1.0,1.0,100.0,0.0
3u5j_3u5j_conf0,torsional_diffusion_raw_fixed,22,1,915,1000,915,0.915,0.2507259826270726,0.7356826213442837,1.0,2.0,0.2185792349726776,0.9980959023798264
3u5j_3u5j_conf0,torsional_diffusion_raw_chembl_count,22,1,2,2,2,1.0,0.2860151742524405,1.0033402803936975,1.0,2.0,100.0,1.0
3u8n_3u8n_conf0,torsional_diffusion_raw_fixed,17,3,960,1000,960,0.96,0.4083061382174877,1.313980952477197,1.0,13.0,1.3541666666666667,0.8983214445459602
3u8n_3u8n_conf0,torsional_diffusion_raw_chembl_count,17,3,191,197,191,0.9695431472081218,0.487560023617637,1.299536277338318,1.0,11.0,5.7591623036649215,0.8883690639090386
3uo4_3uo4_conf0,torsional_diffusion_raw_fixed,29,6,971,1000,971,0.971,0.3852035829372241,2.6941716986195554,1.0,34.0,3.501544799176107,0.8105444301088337
3uo4_3uo4_conf0,torsional_diffusion_raw_chembl_count,29,6,26,26,26,1.0,0.7571591811143477,2.1281925077875607,0.0,11.0,42.30769230769231,0.9065561940793706
3up2_3up2_conf0,torsional_diffusion_raw_fixed,28,6,974,1000,974,0.974,0.4001964817298326,2.2839045027360134,1.0,37.0,3.7987679671457903,0.8738715783242869
3up2_3up2_conf0,torsional_diffusion_raw_chembl_count,28,6,41,43,41,0.9534883720930232,0.685090338141358,2.413894035951137,1.0,17.0,41.46341463414634,0.9393435210255802
3wtj_3wtj_conf0,torsional_diffusion_raw_fixed,16,2,822,1000,822,0.822,0.2720493801104651,1.437097995804915,1.0,17.0,2.068126520681265,0.8170965409866746
3wtj_3wtj_conf0,torsional_diffusion_raw_chembl_count,16,2,40,52,40,0.7692307692307693,0.2856887612576285,1.3355535573242625,1.0,10.0,25.0,0.8879658333273982
3zdg_3zdg_conf0,torsional_diffusion_raw_fixed,13,4,887,1000,887,0.887,0.2938950041972711,1.3201991022645765,1.0,20.0,2.254791431792559,0.7004471424605766
3zdg_3zdg_conf0,torsional_diffusion_raw_chembl_count,13,4,176,199,176,0.8844221105527639,0.3365447558730414,1.3074178552475169,1.0,11.0,6.25,0.7525095856987536
4ddh_4ddh_conf0,torsional_diffusion_raw_fixed,15,3,999,1000,999,0.999,0.2227403884783829,0.8751104288652398,1.0,3.0,0.3003003003003003,0.9846563701126824
4ddh_4ddh_conf0,torsional_diffusion_raw_chembl_count,15,3,2,2,2,1.0,0.8225401356448383,0.8522863895277932,0.0,1.0,50.0,0.0
4ddk_4ddk_conf0,torsional_diffusion_raw_fixed,12,1,1000,1000,1000,1.0,0.054283443966178,0.1417049145436308,1.0,1.0,0.1,0.0
4ddk_4ddk_conf0,torsional_diffusion_raw_chembl_count,12,1,1,1,1,1.0,0.1523481145081766,0.1523481145081766,1.0,1.0,100.0,0.0
4eor_4eor_conf0,torsional_diffusion_raw_fixed,28,7,989,1000,989,0.989,0.4994385041569467,1.4373917859685976,1.0,52.0,5.25783619817998,0.891346034933249
4eor_4eor_conf0,torsional_diffusion_raw_chembl_count,28,7,194,200,194,0.97,0.7477068149469558,1.4135473727051415,1.0,30.0,15.463917525773196,0.9187186860331784
4f09_4f09_conf0,torsional_diffusion_raw_fixed,19,1,857,1000,857,0.857,0.1279939279413038,0.3781004487761085,1.0,2.0,0.2333722287047841,0.1339051469659697
4f09_4f09_conf0,torsional_diffusion_raw_chembl_count,19,1,2,2,2,1.0,0.4512303919757661,0.6319898482956261,1.0,1.0,50.0,0.0
4f2w_4f2w_conf0,torsional_diffusion_raw_fixed,20,6,963,1000,963,0.963,0.6238348934711645,2.0425686541703234,1.0,41.0,4.257528556593977,0.8316793638957801
4f2w_4f2w_conf0,torsional_diffusion_raw_chembl_count,20,6,199,200,199,0.995,0.85377044600082,2.011590358177917,0.0,25.0,12.56281407035176,0.8788852455279756
4f9w_4f9w_conf0,torsional_diffusion_raw_fixed,25,3,993,1000,993,0.993,0.1376495253922067,1.199573321809428,1.0,4.0,0.4028197381671702,0.998186619463054
4f9w_4f9w_conf0,torsional_diffusion_raw_chembl_count,25,3,3,4,3,0.75,0.2569477480247543,1.0891340273051775,1.0,3.0,100.0,0.9999999999999998
4hge_4hge_conf0,torsional_diffusion_raw_fixed,25,3,782,1000,782,0.782,0.2913980670841594,2.0696985677213635,1.0,48.0,6.138107416879795,0.8796122960647683
4hge_4hge_conf0,torsional_diffusion_raw_chembl_count,25,3,29,36,29,0.8055555555555556,0.2913980670841594,2.0901482269123712,1.0,16.0,55.172413793103445,0.9708343651052516
4j21_4j21_conf0,torsional_diffusion_raw_fixed,20,2,1000,1000,1000,1.0,0.0928029151677101,0.8826484285804341,1.0,3.0,0.3,0.9783796882146926
4j21_4j21_conf0,torsional_diffusion_raw_chembl_count,20,2,3,3,3,1.0,0.1559824367365113,0.8398107305892933,1.0,2.0,66.66666666666667,0.9182958340544894
4j3l_4j3l_conf0,torsional_diffusion_raw_fixed,26,5,989,1000,989,0.989,0.3487234934323363,1.5597054366983611,1.0,27.0,2.730030333670374,0.8969207268014942
4j3l_4j3l_conf0,torsional_diffusion_raw_chembl_count,26,5,114,114,114,1.0,0.4666426935552024,1.526983303469246,1.0,18.0,15.789473684210526,0.9045390776599194
4jsz_4jsz_conf0,torsional_diffusion_raw_fixed,10,2,1000,1000,1000,1.0,0.0873615754758558,0.5371822796669614,1.0,1.0,0.1,0.0
4jsz_4jsz_conf0,torsional_diffusion_raw_chembl_count,10,2,2,2,2,1.0,0.534205572700375,0.5618004744471435,1.0,1.0,50.0,0.0
4jxs_4jxs_conf0,torsional_diffusion_raw_fixed,22,6,867,1000,867,0.867,0.3936904202035113,2.501064969858255,1.0,42.0,4.844290657439446,0.7787439166930313
4jxs_4jxs_conf0,torsional_diffusion_raw_chembl_count,22,6,28,32,28,0.875,0.8137745657709392,2.502998635360843,0.0,11.0,39.285714285714285,0.8364517005754174
4k18_4k18_conf0,torsional_diffusion_raw_fixed,29,5,804,1000,804,0.804,0.1852804116071986,1.9115848976149648,1.0,37.0,4.601990049751244,0.7973836737806254
4k18_4k18_conf0,torsional_diffusion_raw_chembl_count,29,5,88,109,88,0.8073394495412844,0.4392435786229994,1.9183677839491984,1.0,21.0,23.863636363636363,0.8984242431814529
4k77_4k77_conf0,torsional_diffusion_raw_fixed,18,2,925,1000,925,0.925,0.1370568135592737,0.7022950067018336,1.0,5.0,0.5405405405405406,0.870162164329345
4k77_4k77_conf0,torsional_diffusion_raw_chembl_count,18,2,4,5,4,0.8,0.3306348265571677,0.8672480433936613,1.0,2.0,50.0,0.8112781244591328
4kzq_4kzq_conf0,torsional_diffusion_raw_fixed,18,2,1000,1000,1000,1.0,0.0814106481770671,0.2062762609128638,1.0,1.0,0.1,0.0
4kzq_4kzq_conf0,torsional_diffusion_raw_chembl_count,18,2,6,6,6,1.0,0.166703859286779,0.1811148359517354,1.0,1.0,16.666666666666668,0.0
4kzu_4kzu_conf0,torsional_diffusion_raw_fixed,18,1,1000,1000,1000,1.0,0.0715713053654013,0.1932437536216436,1.0,1.0,0.1,0.0
4kzu_4kzu_conf0,torsional_diffusion_raw_chembl_count,18,1,3,3,3,1.0,0.1278892447515894,0.1560168735004821,1.0,1.0,33.333333333333336,0.0
4llx_4llx_conf0,torsional_diffusion_raw_fixed,9,1,1000,1000,1000,1.0,0.0340098623047461,0.0529361108471692,1.0,1.0,0.1,0.0
4llx_4llx_conf0,torsional_diffusion_raw_chembl_count,9,1,1,1,1,1.0,0.0548132553274033,0.0548132553274033,1.0,1.0,100.0,0.0
4lzs_4lzs_conf0,torsional_diffusion_raw_fixed,15,3,923,1000,923,0.923,0.1267037052388801,1.0422581682243466,1.0,7.0,0.7583965330444203,0.8040777247203801
4lzs_4lzs_conf0,torsional_diffusion_raw_chembl_count,15,3,9,12,9,0.75,0.6559612992758629,1.188120493376966,1.0,2.0,22.22222222222222,0.9910760598382222
4mgd_4mgd_conf0,torsional_diffusion_raw_fixed,19,4,997,1000,997,0.997,0.1494796802687844,0.5946015466668223,1.0,2.0,0.2006018054162487,0.4699487075576245
4mgd_4mgd_conf0,torsional_diffusion_raw_chembl_count,19,4,24,24,24,1.0,0.2257762882682634,0.406633582393429,1.0,1.0,4.166666666666667,0.0
4ogj_4ogj_conf0,torsional_diffusion_raw_fixed,37,10,541,1000,541,0.541,0.614350052120657,2.6751511509502977,1.0,383.0,70.79482439926063,0.975138812154753
4ogj_4ogj_conf0,torsional_diffusion_raw_chembl_count,37,10,33,54,33,0.6111111111111112,0.9058019783824623,2.798428783484617,0.0,31.0,93.93939393939394,0.993739789403274
5c28_5c28_conf0,torsional_diffusion_raw_fixed,12,2,1000,1000,1000,1.0,0.0594526753573235,0.6235535514548368,1.0,1.0,0.1,0.0
5c28_5c28_conf0,torsional_diffusion_raw_chembl_count,12,2,2,2,2,1.0,0.100940556223105,0.1041101595524821,1.0,1.0,50.0,0.0
5c2h_5c2h_conf0,torsional_diffusion_raw_fixed,31,8,717,1000,717,0.717,1.6828721064120646,3.740877966708127,0.0,354.0,49.37238493723849,0.943914114632982
5c2h_5c2h_conf0,torsional_diffusion_raw_chembl_count,31,8,59,85,59,0.6941176470588235,2.7368273035818675,3.745208036549111,0.0,51.0,86.44067796610169,0.986996137936214
1bcu_1bcu_conf0,mcf_drugs_l_raw_fixed,16,2,999,1000,999,0.999,0.0440920649349164,0.0601263308187118,1.0,2.0,0.2002002002002002,0.0114177313293692
1bcu_1bcu_conf0,mcf_drugs_l_raw_chembl_count,16,2,1,1,1,1.0,0.0670901780763707,0.0670901780763707,1.0,1.0,100.0,0.0
1c5z_1c5z_conf0,mcf_drugs_l_raw_fixed,9,1,999,1000,999,0.999,0.0261957949443279,0.1926101897458227,1.0,1.0,0.1001001001001001,0.0
1c5z_1c5z_conf0,mcf_drugs_l_raw_chembl_count,9,1,1,1,1,1.0,0.3038964134441183,0.3038964134441183,1.0,1.0,100.0,0.0
1lpg_1lpg_conf0,mcf_drugs_l_raw_fixed,41,10,995,1000,995,0.995,0.8838095654394502,2.7405499589029705,0.0,271.0,27.23618090452261,0.9369083623437194
1lpg_1lpg_conf0,mcf_drugs_l_raw_chembl_count,41,10,192,193,192,0.9948186528497408,0.8838095654394502,2.7459075028382207,0.0,118.0,61.458333333333336,0.9741291520910372
1mq6_1mq6_conf0,mcf_drugs_l_raw_fixed,36,7,735,1000,735,0.735,1.1487867270392842,2.7836512880925213,0.0,281.0,38.2312925170068,0.9443012251606672
1mq6_1mq6_conf0,mcf_drugs_l_raw_chembl_count,36,7,9,12,9,0.75,1.8927753348952656,2.6780709121564867,0.0,9.0,100.0,1.0
1nc3_1nc3_conf0,mcf_drugs_l_raw_fixed,19,6,475,1000,475,0.475,0.2883977488780266,1.5137819280479583,1.0,17.0,3.5789473684210527,0.8575186717766233
1nc3_1nc3_conf0,mcf_drugs_l_raw_chembl_count,19,6,94,196,94,0.4795918367346938,0.4803469690676947,1.5692171169761675,1.0,11.0,11.702127659574469,0.9601088311950078
1o3f_1o3f_conf0,mcf_drugs_l_raw_fixed,25,4,1000,1000,1000,1.0,0.1604054586205878,0.7938085466779021,1.0,3.0,0.3,0.8516256269346324
1o3f_1o3f_conf0,mcf_drugs_l_raw_chembl_count,25,4,31,31,31,1.0,0.2016894600813784,1.3122000690140028,1.0,2.0,6.451612903225806,0.9629004147713268
1o5b_1o5b_conf0,mcf_drugs_l_raw_fixed,13,1,1000,1000,1000,1.0,0.062738192111327,0.0800442476463763,1.0,1.0,0.1,0.0
1o5b_1o5b_conf0,mcf_drugs_l_raw_chembl_count,13,1,1,1,1,1.0,0.0789866531208269,0.0789866531208269,1.0,1.0,100.0,0.0
1owh_1owh_conf0,mcf_drugs_l_raw_fixed,24,5,990,1000,990,0.99,0.1725144021708933,1.071632997268272,1.0,9.0,0.9090909090909092,0.7492524117444628
1owh_1owh_conf0,mcf_drugs_l_raw_chembl_count,24,5,12,12,12,1.0,0.2979491983160378,0.8711641237716434,1.0,4.0,33.333333333333336,0.7091479170272448
1p1n_1p1n_conf0,mcf_drugs_l_raw_fixed,15,4,284,1000,284,0.284,0.2671239106733602,1.2398908253803789,1.0,20.0,7.042253521126761,0.8082960045002666
1p1n_1p1n_conf0,mcf_drugs_l_raw_chembl_count,15,4,6,23,6,0.2608695652173913,0.730455008371044,1.1632216653759253,1.0,2.0,33.333333333333336,0.9182958340544894
1pxn_1pxn_conf0,mcf_drugs_l_raw_fixed,22,5,1000,1000,1000,1.0,0.1364904922785939,1.84331074018653,1.0,6.0,0.6,0.7445657467924389
1pxn_1pxn_conf0,mcf_drugs_l_raw_chembl_count,22,5,200,200,200,1.0,0.1381898242408538,1.8397699486530008,1.0,6.0,3.0,0.7701862827444175
1sqa_1sqa_conf0,mcf_drugs_l_raw_fixed,31,7,276,1000,276,0.276,0.8870993409533446,2.992734863684815,0.0,24.0,8.695652173913043,0.8522542042509723
1sqa_1sqa_conf0,mcf_drugs_l_raw_chembl_count,31,7,64,200,64,0.32,0.9980007089380768,2.864767652784473,0.0,14.0,21.875,0.8728326775445635
1uto_1uto_conf0,mcf_drugs_l_raw_fixed,9,3,999,1000,999,0.999,0.1435685046845173,0.7302681644983678,1.0,1.0,0.1001001001001001,0.0
1uto_1uto_conf0,mcf_drugs_l_raw_chembl_count,9,3,7,7,7,1.0,0.695922145116818,0.7489827462298471,1.0,1.0,14.285714285714286,0.0
1yc1_1yc1_conf0,mcf_drugs_l_raw_fixed,27,6,1000,1000,1000,1.0,0.4842842912638835,1.4294922967541412,1.0,8.0,0.8,0.7215067987924219
1yc1_1yc1_conf0,mcf_drugs_l_raw_chembl_count,27,6,168,168,168,1.0,0.5040881917499818,1.4476558653824316,1.0,8.0,4.761904761904762,0.796240344004056
1ydr_1ydr_conf0,mcf_drugs_l_raw_fixed,20,2,547,1000,547,0.547,0.8625319529723091,1.6956512692083852,0.0,12.0,2.1937842778793417,0.9013977003413296
1ydr_1ydr_conf0,mcf_drugs_l_raw_chembl_count,20,2,10,16,10,0.625,1.3257735624614797,1.7002222074933433,0.0,7.0,70.0,0.969570350190125
1ydt_1ydt_conf0,mcf_drugs_l_raw_fixed,27,8,993,1000,993,0.993,0.6072602752380633,2.136347639310015,1.0,87.0,8.761329305135952,0.8893757568566756
1ydt_1ydt_conf0,mcf_drugs_l_raw_chembl_count,27,8,140,140,140,1.0,0.6072602752380633,2.012135609341086,1.0,38.0,27.142857142857142,0.8821311790747555
1z6e_1z6e_conf0,mcf_drugs_l_raw_fixed,38,7,983,1000,983,0.983,0.9445014521163266,3.4018499995066187,0.0,129.0,13.123092573753814,0.8229917835961885
1z6e_1z6e_conf0,mcf_drugs_l_raw_chembl_count,38,7,197,200,197,0.985,0.9445014521163266,3.399844640814113,0.0,73.0,37.055837563451774,0.8706655031516449
1z95_1z95_conf0,mcf_drugs_l_raw_fixed,29,6,451,1000,451,0.451,0.4347110897950687,2.0364899113771875,1.0,49.0,10.864745011086477,0.84077115166487
1z95_1z95_conf0,mcf_drugs_l_raw_chembl_count,29,6,91,198,91,0.4595959595959596,0.6403993556301838,2.061979084692714,1.0,28.0,30.76923076923077,0.8991883300779806
1z9g_1z9g_conf0,mcf_drugs_l_raw_fixed,17,7,528,1000,528,0.528,0.3758294563140198,1.7142771106988015,1.0,22.0,4.166666666666667,0.9386560126642992
1z9g_1z9g_conf0,mcf_drugs_l_raw_chembl_count,17,7,100,199,100,0.5025125628140703,0.8371053081448057,1.7267764787244868,0.0,16.0,16.0,0.9319522786093576
2br1_2br1_conf0,mcf_drugs_l_raw_fixed,29,8,1000,1000,1000,1.0,0.2531169030730932,0.8745708382053035,1.0,2.0,0.2,0.9313602262676112
2br1_2br1_conf0,mcf_drugs_l_raw_chembl_count,29,8,200,200,200,1.0,0.2635631663190632,0.8667486714212536,1.0,2.0,1.0,0.9953784388202258
2brb_2brb_conf0,mcf_drugs_l_raw_fixed,25,6,1000,1000,1000,1.0,0.1388106622809229,0.772426241934207,1.0,2.0,0.2,0.993061046460056
2brb_2brb_conf0,mcf_drugs_l_raw_chembl_count,25,6,200,200,200,1.0,0.2659208634342141,0.7741921202475026,1.0,3.0,1.5,0.720997769855402
2c3i_2c3i_conf0,mcf_drugs_l_raw_fixed,23,5,1000,1000,1000,1.0,0.2574517847623926,1.4299114750032942,1.0,14.0,1.4,0.8653601492209753
2c3i_2c3i_conf0,mcf_drugs_l_raw_chembl_count,23,5,200,200,200,1.0,0.2819618290992092,1.3637646917435249,1.0,13.0,6.5,0.9092152384035604
2fvd_2fvd_conf0,mcf_drugs_l_raw_fixed,30,7,1000,1000,1000,1.0,0.4933958633430736,2.2837817494059998,1.0,84.0,8.4,0.8258127754036061
2fvd_2fvd_conf0,mcf_drugs_l_raw_chembl_count,30,7,200,200,200,1.0,0.8788888671933364,2.2656314716833528,0.0,37.0,18.5,0.8958475074492669
2hb1_2hb1_conf0,mcf_drugs_l_raw_fixed,14,4,986,1000,986,0.986,0.3314702700355965,1.096075762172145,1.0,3.0,0.3042596348884381,0.984387914343313
2hb1_2hb1_conf0,mcf_drugs_l_raw_chembl_count,14,4,38,38,38,1.0,0.4998354279575009,1.115025487915576,1.0,5.0,13.157894736842104,0.9569157192907264
2p4y_2p4y_conf0,mcf_drugs_l_raw_fixed,40,8,485,1000,485,0.485,0.573092903733719,2.716715622220489,1.0,141.0,29.072164948453608,0.926361196359206
2p4y_2p4y_conf0,mcf_drugs_l_raw_chembl_count,40,8,95,174,95,0.5459770114942529,0.573092903733719,2.7018341997653925,1.0,54.0,56.8421052631579,0.9487484346776092
2pog_2pog_conf0,mcf_drugs_l_raw_fixed,21,3,599,1000,599,0.599,0.2138280437811742,0.4989093377366194,1.0,6.0,1.001669449081803,0.6608908525264294
2pog_2pog_conf0,mcf_drugs_l_raw_chembl_count,21,3,5,10,5,0.5,0.2529204607095458,0.2629559212212832,1.0,2.0,40.0,0.7219280948873623
2qbp_2qbp_conf0,mcf_drugs_l_raw_fixed,37,10,994,1000,994,0.994,0.9555222266714872,3.323906500296532,0.0,378.0,38.0281690140845,0.9365406507857796
2qbp_2qbp_conf0,mcf_drugs_l_raw_chembl_count,37,10,198,200,198,0.99,1.247344435730559,3.311363585586254,0.0,132.0,66.66666666666667,0.959667316617804
2qbq_2qbq_conf0,mcf_drugs_l_raw_fixed,31,7,994,1000,994,0.994,0.5394230656572255,2.004491570736491,1.0,97.0,9.758551307847082,0.9174172022178704
2qbq_2qbq_conf0,mcf_drugs_l_raw_chembl_count,31,7,198,200,198,0.99,0.6453574569458432,1.950300769937164,1.0,51.0,25.75757575757576,0.9316726928289004
2qbr_2qbr_conf0,mcf_drugs_l_raw_fixed,28,8,997,1000,997,0.997,0.4581681248616229,2.041181932749153,1.0,82.0,8.224674022066198,0.9561542431605852
2qbr_2qbr_conf0,mcf_drugs_l_raw_chembl_count,28,8,200,200,200,1.0,0.6290407989393144,2.057783520215837,1.0,61.0,30.5,0.9564004748901302
2v00_2v00_conf0,mcf_drugs_l_raw_fixed,16,4,1000,1000,1000,1.0,0.279843494227144,1.4261197737914508,1.0,10.0,1.0,0.8807777405675775
2v00_2v00_conf0,mcf_drugs_l_raw_chembl_count,16,4,30,30,30,1.0,0.3279730555838654,1.4636853244124135,1.0,7.0,23.33333333333333,0.8426423790490222
2wn9_2wn9_conf0,mcf_drugs_l_raw_fixed,22,4,1000,1000,1000,1.0,0.2719675843703172,1.3479443947926886,1.0,9.0,0.9,0.9897114951057434
2wn9_2wn9_conf0,mcf_drugs_l_raw_chembl_count,22,4,71,71,71,1.0,0.3541617892258112,1.4339641905009572,1.0,8.0,11.267605633802816,0.953685439625808
2wtv_2wtv_conf0,mcf_drugs_l_raw_fixed,34,4,998,1000,998,0.998,0.2899364695080759,1.9599939362225545,1.0,9.0,0.9018036072144288,0.6583814548441391
2wtv_2wtv_conf0,mcf_drugs_l_raw_chembl_count,34,4,110,110,110,1.0,0.4216959134486795,1.937300403372628,1.0,4.0,3.636363636363636,0.9832549556643946
2xdl_2xdl_conf0,mcf_drugs_l_raw_fixed,16,5,1000,1000,1000,1.0,0.2180124523686029,1.4993479631821476,1.0,4.0,0.4,0.9751903093085388
2xdl_2xdl_conf0,mcf_drugs_l_raw_chembl_count,16,5,58,58,58,1.0,0.4127991734691121,1.6351928766179422,1.0,2.0,3.4482758620689653,0.9784493292686188
2xnb_2xnb_conf0,mcf_drugs_l_raw_fixed,27,4,995,1000,995,0.995,0.775101081732069,2.3218907505583672,0.0,8.0,0.8040201005025126,0.1969993596797358
2xnb_2xnb_conf0,mcf_drugs_l_raw_chembl_count,27,4,79,79,79,1.0,0.7923521470826922,2.31761211523004,0.0,3.0,3.79746835443038,0.2757869491389843
2yfe_2yfe_conf0,mcf_drugs_l_raw_fixed,25,8,1000,1000,1000,1.0,0.493769708009512,2.056153613306055,1.0,34.0,3.4,0.8654474344062203
2yfe_2yfe_conf0,mcf_drugs_l_raw_chembl_count,25,8,155,155,155,1.0,0.493769708009512,2.077743231598704,1.0,15.0,9.67741935483871,0.9245895044644292
2ymd_2ymd_conf0,mcf_drugs_l_raw_fixed,13,4,983,1000,983,0.983,0.1640680282047194,0.5472951308948544,1.0,2.0,0.2034587995930824,0.9988642553152364
2ymd_2ymd_conf0,mcf_drugs_l_raw_chembl_count,13,4,29,30,29,0.9666666666666668,0.3458865475551073,0.5326725706189311,1.0,2.0,6.896551724137931,0.9293636260137188
2zb1_2zb1_conf0,mcf_drugs_l_raw_fixed,26,5,1000,1000,1000,1.0,0.3335296889712486,1.259104725096325,1.0,14.0,1.4,0.8616326962415035
2zb1_2zb1_conf0,mcf_drugs_l_raw_chembl_count,26,5,200,200,200,1.0,0.3880402517168679,1.223062910276551,1.0,11.0,5.5,0.8737775231623699
2zcq_2zcq_conf0,mcf_drugs_l_raw_fixed,25,8,484,1000,484,0.484,0.5068266969646811,2.135995161735512,1.0,114.0,23.553719008264466,0.9418499791803372
2zcq_2zcq_conf0,mcf_drugs_l_raw_chembl_count,25,8,32,67,32,0.4776119402985074,1.2251590553530332,2.273769977231461,0.0,21.0,65.625,0.9764571529632414
2zcr_2zcr_conf0,mcf_drugs_l_raw_fixed,28,10,523,1000,523,0.523,0.7421713190780659,1.5977209672831183,1.0,97.0,18.54684512428298,0.908811650860508
2zcr_2zcr_conf0,mcf_drugs_l_raw_chembl_count,28,10,33,60,33,0.55,0.969056339702623,1.6446910083553432,0.0,24.0,72.72727272727273,0.971259593834541
2zy1_2zy1_conf0,mcf_drugs_l_raw_fixed,24,8,999,1000,999,0.999,0.8871153892507141,3.2919701448329075,0.0,110.0,11.01101101101101,0.8609574142776495
2zy1_2zy1_conf0,mcf_drugs_l_raw_chembl_count,24,8,93,94,93,0.9893617021276596,1.319308021101409,3.268400778836692,0.0,37.0,39.784946236559136,0.9167697935296713
3aru_3aru_conf0,mcf_drugs_l_raw_fixed,20,5,999,1000,999,0.999,0.3742082726974861,1.6824792561660256,1.0,18.0,1.8018018018018016,0.9633284742779558
3aru_3aru_conf0,mcf_drugs_l_raw_chembl_count,20,5,124,124,124,1.0,0.5793244385040285,1.806758457068356,1.0,14.0,11.290322580645162,0.93306288069501
3ary_3ary_conf0,mcf_drugs_l_raw_fixed,17,2,1000,1000,1000,1.0,0.4518367639904154,1.0578542325183078,1.0,2.0,0.2,0.9993506898146104
3ary_3ary_conf0,mcf_drugs_l_raw_chembl_count,17,2,3,3,3,1.0,0.515461252596391,0.9364337209303456,1.0,2.0,66.66666666666667,0.9182958340544894
3b27_3b27_conf0,mcf_drugs_l_raw_fixed,16,3,1000,1000,1000,1.0,0.3314947623037589,1.1604534931526351,1.0,6.0,0.6,0.9380279042940298
3b27_3b27_conf0,mcf_drugs_l_raw_chembl_count,16,3,9,9,9,1.0,0.374275821214546,1.1280692308698603,1.0,2.0,22.22222222222222,0.9910760598382222
3b5r_3b5r_conf0,mcf_drugs_l_raw_fixed,28,6,477,1000,477,0.477,0.4288016527843771,2.2962994147950764,1.0,82.0,17.19077568134172,0.916177199453971
3b5r_3b5r_conf0,mcf_drugs_l_raw_chembl_count,28,6,103,200,103,0.515,0.4485336237812844,2.4124988285489617,1.0,40.0,38.83495145631068,0.941820181518624
3b65_3b65_conf0,mcf_drugs_l_raw_fixed,25,6,432,1000,432,0.432,0.2911465850512333,1.7551970476543792,1.0,41.0,9.49074074074074,0.8737915655650142
3b65_3b65_conf0,mcf_drugs_l_raw_chembl_count,25,6,94,200,94,0.47,0.2911465850512333,1.7419233970338597,1.0,27.0,28.72340425531915,0.9177671561674204
3bgz_3bgz_conf0,mcf_drugs_l_raw_fixed,24,3,985,1000,985,0.985,0.1358707054259035,0.5319036151492416,1.0,3.0,0.3045685279187817,0.0145853143079815
3bgz_3bgz_conf0,mcf_drugs_l_raw_chembl_count,24,3,10,10,10,1.0,0.1580361488842204,0.4311094504428439,1.0,1.0,10.0,0.0
3cj4_3cj4_conf0,mcf_drugs_l_raw_fixed,25,5,850,1000,850,0.85,0.8549663011266633,1.8735833303043008,0.0,34.0,4.0,0.6412483389718056
3cj4_3cj4_conf0,mcf_drugs_l_raw_chembl_count,25,5,168,199,168,0.8442211055276382,0.9460683472755088,1.8062387716888488,0.0,17.0,10.11904761904762,0.7395077048316877
3dd0_3dd0_conf0,mcf_drugs_l_raw_fixed,16,4,1000,1000,1000,1.0,0.1241407749236225,0.899926973858913,1.0,4.0,0.4,0.8401361365028169
3dd0_3dd0_conf0,mcf_drugs_l_raw_chembl_count,16,4,51,51,51,1.0,0.4850662846764383,0.9019190429258772,1.0,3.0,5.882352941176471,0.7703953782024133
3e92_3e92_conf0,mcf_drugs_l_raw_fixed,26,4,1000,1000,1000,1.0,0.2318915863809316,1.425492038723147,1.0,11.0,1.1,0.9074166049684844
3e92_3e92_conf0,mcf_drugs_l_raw_chembl_count,26,4,134,134,134,1.0,0.2889827666614918,1.4293680122085015,1.0,10.0,7.462686567164179,0.8940850683343018
3e93_3e93_conf0,mcf_drugs_l_raw_fixed,37,5,267,1000,267,0.267,1.095284783443713,3.826704602676816,0.0,60.0,22.471910112359552,0.8900194678523421
3e93_3e93_conf0,mcf_drugs_l_raw_chembl_count,37,5,50,200,50,0.25,1.7459483547091157,3.941871966903016,0.0,27.0,54.0,0.9203529269785008
3ehy_3ehy_conf0,mcf_drugs_l_raw_fixed,17,5,490,1000,490,0.49,0.3984476271180306,0.9358371734460138,1.0,10.0,2.0408163265306123,0.857762516429006
3ehy_3ehy_conf0,mcf_drugs_l_raw_chembl_count,17,5,17,25,17,0.68,0.3984476271180306,0.838631370345198,1.0,4.0,23.529411764705884,0.7258303821788833
3fcq_3fcq_conf0,mcf_drugs_l_raw_fixed,14,2,930,1000,930,0.93,0.2099111267761715,0.998181343545808,1.0,3.0,0.3225806451612903,0.9639157508877362
3fcq_3fcq_conf0,mcf_drugs_l_raw_chembl_count,14,2,2,2,2,1.0,1.0264518623917998,1.0720513891236094,0.0,1.0,50.0,0.0
3fur_3fur_conf0,mcf_drugs_l_raw_fixed,31,5,1000,1000,1000,1.0,0.412819397893626,2.111182668977995,1.0,101.0,10.1,0.933034668117019
3fur_3fur_conf0,mcf_drugs_l_raw_chembl_count,31,5,86,86,86,1.0,0.4463908084460345,2.056823015662115,1.0,48.0,55.81395348837209,0.9562649254922172
3g2z_3g2z_conf0,mcf_drugs_l_raw_fixed,13,2,1000,1000,1000,1.0,0.1767361268922653,1.1107146165202837,1.0,2.0,0.2,0.9956068607005616
3g2z_3g2z_conf0,mcf_drugs_l_raw_chembl_count,13,2,6,6,6,1.0,0.2322085380965725,1.1450411894098087,1.0,2.0,33.333333333333336,0.9182958340544894
3g31_3g31_conf0,mcf_drugs_l_raw_fixed,17,2,0,1000,0,0.0,,,,,,
3g31_3g31_conf0,mcf_drugs_l_raw_chembl_count,17,2,0,2,0,0.0,,,,,,
3gy4_3gy4_conf0,mcf_drugs_l_raw_fixed,10,2,1000,1000,1000,1.0,0.020263505427932,0.1287585351760218,1.0,1.0,0.1,0.0
3gy4_3gy4_conf0,mcf_drugs_l_raw_chembl_count,10,2,1,1,1,1.0,0.2894953946423668,0.2894953946423668,1.0,1.0,100.0,0.0
3jvs_3jvs_conf0,mcf_drugs_l_raw_fixed,30,3,620,1000,620,0.62,0.9207774436092042,2.226424635561949,0.0,95.0,15.32258064516129,0.9122007621736352
3jvs_3jvs_conf0,mcf_drugs_l_raw_chembl_count,30,3,29,40,29,0.725,1.3799858662157265,2.193836386294054,0.0,22.0,75.86206896551724,0.9752793949655972
3k5v_3k5v_conf0,mcf_drugs_l_raw_fixed,27,5,1000,1000,1000,1.0,0.2420874777371597,2.1639955177787087,1.0,14.0,1.4,0.9496379012242976
3k5v_3k5v_conf0,mcf_drugs_l_raw_chembl_count,27,5,200,200,200,1.0,0.5028779131770164,2.0401535794138166,1.0,12.0,6.0,0.977823530442774
3kgp_3kgp_conf0,mcf_drugs_l_raw_fixed,11,3,940,1000,940,0.94,0.1029047799027932,0.3323205275061827,1.0,2.0,0.2127659574468085,0.136635030499243
3kgp_3kgp_conf0,mcf_drugs_l_raw_chembl_count,11,3,1,1,1,1.0,0.2053477881201268,0.2053477881201268,1.0,1.0,100.0,0.0
3lka_3lka_conf0,mcf_drugs_l_raw_fixed,12,3,1000,1000,1000,1.0,0.1412259952490382,0.582018966392986,1.0,1.0,0.1,0.0
3lka_3lka_conf0,mcf_drugs_l_raw_chembl_count,12,3,4,4,4,1.0,0.5771861811012746,0.5824054376019248,1.0,1.0,25.0,0.0
3nx7_3nx7_conf0,mcf_drugs_l_raw_fixed,20,9,1000,1000,1000,1.0,0.5467927360918428,1.8962992725185448,1.0,42.0,4.2,0.9009891534001012
3nx7_3nx7_conf0,mcf_drugs_l_raw_chembl_count,20,9,111,111,111,1.0,0.6984711864328088,1.9009791761914223,1.0,24.0,21.62162162162162,0.9142416483920448
3pxf_3pxf_conf0,mcf_drugs_l_raw_fixed,21,3,996,1000,996,0.996,0.1695680394645405,0.7899653066606365,1.0,3.0,0.3012048192771084,0.5169041358311586
3pxf_3pxf_conf0,mcf_drugs_l_raw_chembl_count,21,3,7,7,7,1.0,0.3391654272331673,0.91720577735444,1.0,2.0,28.571428571428573,0.5916727785823274
3qqs_3qqs_conf0,mcf_drugs_l_raw_fixed,19,4,988,1000,988,0.988,0.2040439158211169,1.4695710484090947,1.0,6.0,0.6072874493927125,0.7813850089739641
3qqs_3qqs_conf0,mcf_drugs_l_raw_chembl_count,19,4,7,7,7,1.0,0.3823564684931494,1.1788968584869128,1.0,3.0,42.85714285714285,0.9821410328348752
3rlr_3rlr_conf0,mcf_drugs_l_raw_fixed,23,2,1000,1000,1000,1.0,0.1522961466633627,1.234922666949085,1.0,4.0,0.4,0.9971996796450876
3rlr_3rlr_conf0,mcf_drugs_l_raw_chembl_count,23,2,9,9,9,1.0,0.206102938769301,1.1269435847977625,1.0,3.0,33.333333333333336,0.8783471047618534
3rsx_3rsx_conf0,mcf_drugs_l_raw_fixed,16,2,1000,1000,1000,1.0,0.0837568771422792,0.7485827645499208,1.0,2.0,0.2,0.992183779438731
3rsx_3rsx_conf0,mcf_drugs_l_raw_chembl_count,16,2,4,4,4,1.0,0.0899332025956592,0.424410706222837,1.0,1.0,25.0,0.0
3ryj_3ryj_conf0,mcf_drugs_l_raw_fixed,18,4,1000,1000,1000,1.0,0.3210743210882241,0.9608143069481074,1.0,5.0,0.5,0.6611707833806741
3ryj_3ryj_conf0,mcf_drugs_l_raw_chembl_count,18,4,81,81,81,1.0,0.5876879436518725,0.9604282026255146,1.0,4.0,4.938271604938271,0.8753357460395507
3syr_3syr_conf0,mcf_drugs_l_raw_fixed,20,6,111,1000,111,0.111,0.5985088419407396,1.645192605318275,1.0,19.0,17.117117117117118,0.8860373013794155
3syr_3syr_conf0,mcf_drugs_l_raw_chembl_count,20,6,10,122,10,0.081967213114754,0.702134305650699,1.2784139936324042,1.0,6.0,60.0,0.9172088932791936
3twp_3twp_conf0,mcf_drugs_l_raw_fixed,10,2,997,1000,997,0.997,0.0642447332426865,0.0902106813710629,1.0,1.0,0.1003009027081243,0.0
3twp_3twp_conf0,mcf_drugs_l_raw_chembl_count,10,2,1,1,1,1.0,0.104565306933936,0.104565306933936,1.0,1.0,100.0,0.0
3u5j_3u5j_conf0,mcf_drugs_l_raw_fixed,22,1,999,1000,999,0.999,0.1013491310641428,1.688578474773091,1.0,3.0,0.3003003003003003,0.659856023208165
3u5j_3u5j_conf0,mcf_drugs_l_raw_chembl_count,22,1,2,2,2,1.0,0.1479527892886119,0.9852743417489692,1.0,2.0,100.0,1.0
3u8n_3u8n_conf0,mcf_drugs_l_raw_fixed,17,3,999,1000,999,0.999,0.192815248682568,1.367639723893486,1.0,10.0,1.001001001001001,0.9309911087253482
3u8n_3u8n_conf0,mcf_drugs_l_raw_chembl_count,17,3,196,197,196,0.9949238578680204,0.3016618174380839,1.347982041970801,1.0,10.0,5.1020408163265305,0.858846805910479
3uo4_3uo4_conf0,mcf_drugs_l_raw_fixed,29,6,998,1000,998,0.998,0.4518717470352966,2.8239305184962524,1.0,24.0,2.404809619238477,0.8712000414603978
3uo4_3uo4_conf0,mcf_drugs_l_raw_chembl_count,29,6,26,26,26,1.0,0.5183870004706682,2.8882911366912287,1.0,9.0,34.61538461538461,0.9353778348047288
3up2_3up2_conf0,mcf_drugs_l_raw_fixed,28,6,999,1000,999,0.999,0.3512898049713265,2.322463905642304,1.0,19.0,1.901901901901902,0.8978058653715988
3up2_3up2_conf0,mcf_drugs_l_raw_chembl_count,28,6,43,43,43,1.0,0.3608770503590754,1.93286210502124,1.0,15.0,34.88372093023256,0.9416514570569392
3wtj_3wtj_conf0,mcf_drugs_l_raw_fixed,16,2,827,1000,827,0.827,0.2046532952573942,1.2963690761740772,1.0,10.0,1.2091898428053205,0.8778788473060407
3wtj_3wtj_conf0,mcf_drugs_l_raw_chembl_count,16,2,44,52,44,0.8461538461538461,0.4012387101747837,1.3515137282586562,1.0,6.0,13.636363636363637,0.901835887851206
3zdg_3zdg_conf0,mcf_drugs_l_raw_fixed,13,4,514,1000,514,0.514,0.4543578247608855,1.325850286139561,1.0,3.0,0.5836575875486382,0.5931072088917736
3zdg_3zdg_conf0,mcf_drugs_l_raw_chembl_count,13,4,105,199,105,0.5276381909547738,1.096533867669549,1.3162132534357118,0.0,2.0,1.9047619047619049,0.63884693917719
4ddh_4ddh_conf0,mcf_drugs_l_raw_fixed,15,3,1000,1000,1000,1.0,0.2178481462242772,0.8902778171582526,1.0,3.0,0.3,0.9174245968544856
4ddh_4ddh_conf0,mcf_drugs_l_raw_chembl_count,15,3,2,2,2,1.0,0.7844927120181696,0.8471617504549191,0.0,1.0,50.0,0.0
4ddk_4ddk_conf0,mcf_drugs_l_raw_fixed,12,1,1000,1000,1000,1.0,0.0568680500962507,0.072682461637633,1.0,1.0,0.1,0.0
4ddk_4ddk_conf0,mcf_drugs_l_raw_chembl_count,12,1,1,1,1,1.0,0.0681415403646081,0.0681415403646081,1.0,1.0,100.0,0.0
4eor_4eor_conf0,mcf_drugs_l_raw_fixed,28,7,999,1000,999,0.999,0.5169425921502527,1.2917096129832466,1.0,22.0,2.2022022022022023,0.9058611990071964
4eor_4eor_conf0,mcf_drugs_l_raw_chembl_count,28,7,200,200,200,1.0,0.8068027952391,1.34163466220215,0.0,18.0,9.0,0.9325055222792672
4f09_4f09_conf0,mcf_drugs_l_raw_fixed,19,1,1000,1000,1000,1.0,0.1519726124813618,0.3657675445097503,1.0,3.0,0.3,0.548093871173927
4f09_4f09_conf0,mcf_drugs_l_raw_chembl_count,19,1,2,2,2,1.0,0.1966782496664344,0.212776187615764,1.0,1.0,50.0,0.0
4f2w_4f2w_conf0,mcf_drugs_l_raw_fixed,20,6,249,1000,249,0.249,0.7211999210168027,1.9304993308056757,1.0,19.0,7.630522088353413,0.8501303907799673
4f2w_4f2w_conf0,mcf_drugs_l_raw_chembl_count,20,6,50,200,50,0.25,0.8355979413360756,1.9023313218160245,0.0,12.0,24.0,0.9258338322803944
4f9w_4f9w_conf0,mcf_drugs_l_raw_fixed,25,3,1000,1000,1000,1.0,0.1829706148788099,1.268290201062332,1.0,3.0,0.3,0.9584459278645122
4f9w_4f9w_conf0,mcf_drugs_l_raw_chembl_count,25,3,4,4,4,1.0,0.1925084963039625,0.8660439593976268,1.0,2.0,50.0,1.0
4hge_4hge_conf0,mcf_drugs_l_raw_fixed,25,3,562,1000,562,0.562,0.2039141886689025,2.0829048004652853,1.0,38.0,6.761565836298932,0.8384962914748754
4hge_4hge_conf0,mcf_drugs_l_raw_chembl_count,25,3,18,36,18,0.5,0.9291343935943692,2.0872451342510883,0.0,11.0,61.11111111111112,0.9684275911253816
4j21_4j21_conf0,mcf_drugs_l_raw_fixed,20,2,1000,1000,1000,1.0,0.0702224368398352,1.1760028527378812,1.0,2.0,0.2,0.9998153271549208
4j21_4j21_conf0,mcf_drugs_l_raw_chembl_count,20,2,3,3,3,1.0,0.8279192486021706,1.4956322156632178,0.0,2.0,66.66666666666667,0.9182958340544894
4j3l_4j3l_conf0,mcf_drugs_l_raw_fixed,26,5,1000,1000,1000,1.0,0.3757644560520532,1.5992058916664913,1.0,21.0,2.1,0.9600489189313606
4j3l_4j3l_conf0,mcf_drugs_l_raw_chembl_count,26,5,114,114,114,1.0,0.3757644560520532,1.6207983181203272,1.0,14.0,12.280701754385966,0.9392530432985368
4jsz_4jsz_conf0,mcf_drugs_l_raw_fixed,10,2,1000,1000,1000,1.0,0.0964482220677973,0.5192325204688023,1.0,1.0,0.1,0.0
4jsz_4jsz_conf0,mcf_drugs_l_raw_chembl_count,10,2,2,2,2,1.0,0.4700519702155202,0.503152049536173,1.0,1.0,50.0,0.0
4jxs_4jxs_conf0,mcf_drugs_l_raw_fixed,22,6,999,1000,999,0.999,0.3979255356583847,2.5432390791548163,1.0,18.0,1.8018018018018016,0.7912714908082816
4jxs_4jxs_conf0,mcf_drugs_l_raw_chembl_count,22,6,32,32,32,1.0,0.8457480229777862,2.53396013263259,0.0,9.0,28.125,0.8237718367176706
4k18_4k18_conf0,mcf_drugs_l_raw_fixed,29,5,997,1000,997,0.997,0.1275208502365987,1.6651417877224215,1.0,27.0,2.7081243731193583,0.8154085536735808
4k18_4k18_conf0,mcf_drugs_l_raw_chembl_count,29,5,108,109,108,0.9908256880733946,0.1424382121990687,1.9487890900917968,1.0,18.0,16.666666666666668,0.8500822948255109
4k77_4k77_conf0,mcf_drugs_l_raw_fixed,18,2,1000,1000,1000,1.0,0.1034187636672806,0.6851581133400031,1.0,5.0,0.5,0.6456484391766771
4k77_4k77_conf0,mcf_drugs_l_raw_chembl_count,18,2,5,5,5,1.0,0.781630077239373,0.8675870941519883,0.0,1.0,20.0,0.0
4kzq_4kzq_conf0,mcf_drugs_l_raw_fixed,18,2,1000,1000,1000,1.0,0.0819651905459243,0.214154816961699,1.0,1.0,0.1,0.0
4kzq_4kzq_conf0,mcf_drugs_l_raw_chembl_count,18,2,6,6,6,1.0,0.1229988337602489,0.2082563188646991,1.0,1.0,16.666666666666668,0.0
4kzu_4kzu_conf0,mcf_drugs_l_raw_fixed,18,1,1000,1000,1000,1.0,0.0656813249740124,0.1605951690186394,1.0,1.0,0.1,0.0
4kzu_4kzu_conf0,mcf_drugs_l_raw_chembl_count,18,1,3,3,3,1.0,0.1548939306729956,0.1559693424925005,1.0,1.0,33.333333333333336,0.0
4llx_4llx_conf0,mcf_drugs_l_raw_fixed,9,1,1000,1000,1000,1.0,0.0424712315912037,0.0528651511233174,1.0,1.0,0.1,0.0
4llx_4llx_conf0,mcf_drugs_l_raw_chembl_count,9,1,1,1,1,1.0,0.0552898843353022,0.0552898843353022,1.0,1.0,100.0,0.0
4lzs_4lzs_conf0,mcf_drugs_l_raw_fixed,15,3,992,1000,992,0.992,0.1273953376760243,0.9934093551081852,1.0,4.0,0.4032258064516129,0.999061835364016
4lzs_4lzs_conf0,mcf_drugs_l_raw_chembl_count,15,3,12,12,12,1.0,0.2543080912576366,0.841572485807339,1.0,2.0,16.666666666666668,0.9182958340544894
4mgd_4mgd_conf0,mcf_drugs_l_raw_fixed,19,4,1000,1000,1000,1.0,0.208503594047382,0.625130642683069,1.0,2.0,0.2,0.9888799605926124
4mgd_4mgd_conf0,mcf_drugs_l_raw_chembl_count,19,4,24,24,24,1.0,0.2335790549792044,0.827328549082675,1.0,1.0,4.166666666666667,0.0
4ogj_4ogj_conf0,mcf_drugs_l_raw_fixed,37,10,999,1000,999,0.999,0.6260088083720893,1.6678762526854198,1.0,33.0,3.3033033033033035,0.7813980594526437
4ogj_4ogj_conf0,mcf_drugs_l_raw_chembl_count,37,10,54,54,54,1.0,0.8005888182934929,1.601455640476638,0.0,13.0,24.074074074074076,0.8957997003011093
5c28_5c28_conf0,mcf_drugs_l_raw_fixed,12,2,997,1000,997,0.997,0.0539808328249906,0.6288822820248844,1.0,1.0,0.1003009027081243,0.0
5c28_5c28_conf0,mcf_drugs_l_raw_chembl_count,12,2,2,2,2,1.0,0.0720106263244742,0.354628069249558,1.0,1.0,50.0,0.0
5c2h_5c2h_conf0,mcf_drugs_l_raw_fixed,31,8,980,1000,980,0.98,1.6530551315091564,3.794656529615592,0.0,153.0,15.612244897959185,0.8749320869958943
5c2h_5c2h_conf0,mcf_drugs_l_raw_chembl_count,31,8,84,85,84,0.9882352941176472,2.0204129476390404,3.800295490770032,0.0,48.0,57.142857142857146,0.948776869742757
1bcu_1bcu_conf0,flowr_raw_fixed,16,2,952,1000,952,0.952,0.0458395789205642,0.0666836986463755,1.0,1.0,0.1050420168067226,0.0
1bcu_1bcu_conf0,flowr_raw_chembl_count,16,2,1,1,1,1.0,0.0590152700866226,0.0590152700866226,1.0,1.0,100.0,0.0
1c5z_1c5z_conf0,flowr_raw_fixed,9,1,979,1000,979,0.979,0.3476624647837684,0.347717451039499,1.0,1.0,0.1021450459652706,0.0
1c5z_1c5z_conf0,flowr_raw_chembl_count,9,1,1,1,1,1.0,0.4810783752486395,0.4810783752486395,1.0,1.0,100.0,0.0
1lpg_1lpg_conf0,flowr_raw_fixed,41,10,525,1000,525,0.525,1.4517959606933517,3.340731198431932,0.0,516.0,98.28571428571428,0.9989635865470088
1lpg_1lpg_conf0,flowr_raw_chembl_count,41,10,109,193,109,0.5647668393782384,1.644213926087925,3.4486906368640238,0.0,109.0,100.0,1.0
1mq6_1mq6_conf0,flowr_raw_fixed,36,7,678,1000,678,0.678,1.340371186334418,2.746056520227006,0.0,648.0,95.57522123893806,0.99715794952297
1mq6_1mq6_conf0,flowr_raw_chembl_count,36,7,11,12,11,0.9166666666666666,1.7416217412460595,2.7756901423337625,0.0,11.0,100.0,1.0
1nc3_1nc3_conf0,flowr_raw_fixed,19,6,908,943,908,0.9628844114528102,0.3477686285106841,1.362525527325589,1.0,10.0,1.1013215859030836,0.6677844063350862
1nc3_1nc3_conf0,flowr_raw_chembl_count,19,6,189,196,189,0.9642857142857144,0.5366299194132441,1.3636433441925764,1.0,6.0,3.1746031746031744,0.7760168296126713
1o3f_1o3f_conf0,flowr_raw_fixed,25,4,900,1000,900,0.9,0.3091166628796495,1.1970300880854097,1.0,32.0,3.555555555555556,0.6344437010745138
1o3f_1o3f_conf0,flowr_raw_chembl_count,25,4,28,31,28,0.9032258064516128,0.4790658351847487,1.3481201841510653,1.0,7.0,25.0,0.8432890611892103
1o5b_1o5b_conf0,flowr_raw_fixed,13,1,966,1000,966,0.966,0.0892510926303377,0.1720549243006231,1.0,1.0,0.10351966873706,0.0
1o5b_1o5b_conf0,flowr_raw_chembl_count,13,1,1,1,1,1.0,0.1714635868273298,0.1714635868273298,1.0,1.0,100.0,0.0
1owh_1owh_conf0,flowr_raw_fixed,24,5,896,1000,896,0.896,0.2344716213320012,1.4600777449161475,1.0,49.0,5.46875,0.7518212604478248
1owh_1owh_conf0,flowr_raw_chembl_count,24,5,9,12,9,0.75,0.7364739774319948,1.7852320738928844,1.0,7.0,77.77777777777777,0.9708357627258162
1p1n_1p1n_conf0,flowr_raw_fixed,15,4,988,999,988,0.988988988988989,0.7429820101768004,1.260450318266987,1.0,5.0,0.5060728744939271,0.812318619128292
1p1n_1p1n_conf0,flowr_raw_chembl_count,15,4,22,23,22,0.9565217391304348,0.9775570545796498,1.2601882340030488,0.0,2.0,9.090909090909092,0.6840384356390417
1pxn_1pxn_conf0,flowr_raw_fixed,22,5,944,1000,944,0.944,0.3648919066309848,1.678031660565211,1.0,26.0,2.754237288135593,0.752317040977145
1pxn_1pxn_conf0,flowr_raw_chembl_count,22,5,191,200,191,0.955,0.4231933260786948,1.6964568804639542,1.0,13.0,6.806282722513089,0.8340070746692181
1sqa_1sqa_conf0,flowr_raw_fixed,31,7,792,1000,792,0.792,0.5220852122908647,1.9248715339741351,1.0,204.0,25.75757575757576,0.9091618762157452
1sqa_1sqa_conf0,flowr_raw_chembl_count,31,7,160,200,160,0.8,0.7020903833981669,1.9587413513279608,1.0,87.0,54.375,0.9568217921662964
1uto_1uto_conf0,flowr_raw_fixed,9,3,990,1000,990,0.99,0.1082715589745303,0.6766739897788248,1.0,1.0,0.101010101010101,0.0
1uto_1uto_conf0,flowr_raw_chembl_count,9,3,7,7,7,1.0,0.1876084639925156,0.6766656772124329,1.0,1.0,14.285714285714286,0.0
1yc1_1yc1_conf0,flowr_raw_fixed,27,6,920,1000,920,0.92,0.2404124344028221,1.584706966083725,1.0,56.0,6.086956521739131,0.7011624570705228
1yc1_1yc1_conf0,flowr_raw_chembl_count,27,6,158,168,158,0.9404761904761904,0.4078682632644037,1.6794236966279907,1.0,22.0,13.924050632911392,0.8569876662164285
1ydr_1ydr_conf0,flowr_raw_fixed,20,2,947,1000,947,0.947,0.2624034037387156,1.69358799174173,1.0,26.0,2.7455121436114043,0.8892863139806857
1ydr_1ydr_conf0,flowr_raw_chembl_count,20,2,15,16,15,0.9375,1.0426087690002757,1.746386136401812,0.0,8.0,53.333333333333336,0.9576351984400188
1ydt_1ydt_conf0,flowr_raw_fixed,27,8,921,1000,921,0.921,0.7509051445233053,2.377606894460592,0.0,284.0,30.836047774158523,0.9548958427201132
1ydt_1ydt_conf0,flowr_raw_chembl_count,27,8,133,140,133,0.95,0.7509051445233053,2.3765639093486404,0.0,92.0,69.17293233082707,0.9728169414510168
1z6e_1z6e_conf0,flowr_raw_fixed,38,7,801,1000,801,0.801,1.2913810968974864,2.8274012115828584,0.0,630.0,78.65168539325843,0.9864438744452092
1z6e_1z6e_conf0,flowr_raw_chembl_count,38,7,161,200,161,0.805,1.4248539445080848,2.7944329820001075,0.0,150.0,93.16770186335404,0.9952208269990772
1z95_1z95_conf0,flowr_raw_fixed,29,6,948,1000,948,0.948,0.5063218802078897,2.1628662298395005,1.0,290.0,30.59071729957806,0.9527116162811188
1z95_1z95_conf0,flowr_raw_chembl_count,29,6,184,198,184,0.9292929292929292,1.020109308483118,2.1409768589449065,0.0,121.0,65.76086956521739,0.9755401955132876
1z9g_1z9g_conf0,flowr_raw_fixed,17,7,985,1000,985,0.985,0.6654043271096759,1.695512037592306,1.0,32.0,3.248730964467005,0.9166955941510528
1z9g_1z9g_conf0,flowr_raw_chembl_count,17,7,195,199,195,0.9798994974874372,0.8257938800394607,1.669507972629147,0.0,23.0,11.794871794871796,0.9203776876038786
2br1_2br1_conf0,flowr_raw_fixed,29,8,868,1000,868,0.868,0.3878100502620457,1.1729252398250665,1.0,88.0,10.138248847926269,0.7049443087172683
2br1_2br1_conf0,flowr_raw_chembl_count,29,8,164,200,164,0.82,0.3878100502620457,1.1796333319851362,1.0,30.0,18.29268292682927,0.7359327342551873
2brb_2brb_conf0,flowr_raw_fixed,25,6,909,1000,909,0.909,0.301775521086325,0.9488638271276836,1.0,27.0,2.9702970297029703,0.6045962086545195
2brb_2brb_conf0,flowr_raw_chembl_count,25,6,181,200,181,0.905,0.3943625687100293,0.9892708313337998,1.0,14.0,7.734806629834254,0.698952235405262
2c3i_2c3i_conf0,flowr_raw_fixed,23,5,950,1000,950,0.95,0.5339114099252041,1.5957402300279666,1.0,42.0,4.421052631578948,0.8697000934231177
2c3i_2c3i_conf0,flowr_raw_chembl_count,23,5,193,200,193,0.965,0.5743102871802311,1.6298203763339572,1.0,28.0,14.507772020725389,0.9292707393907308
2fvd_2fvd_conf0,flowr_raw_fixed,30,7,920,1000,920,0.92,0.926949387897743,2.2586800157684896,0.0,400.0,43.47826086956522,0.9615037353290098
2fvd_2fvd_conf0,flowr_raw_chembl_count,30,7,181,200,181,0.905,0.9308164293066256,2.2442713306457063,0.0,137.0,75.69060773480663,0.9816801109826286
2hb1_2hb1_conf0,flowr_raw_fixed,14,4,995,1000,995,0.995,0.6123016484466755,0.9592296183896102,1.0,2.0,0.2010050251256281,0.99946877412445
2hb1_2hb1_conf0,flowr_raw_chembl_count,14,4,38,38,38,1.0,0.7415390264111678,0.9157138386171202,1.0,2.0,5.2631578947368425,0.7897492536625224
2p4y_2p4y_conf0,flowr_raw_fixed,40,8,694,1000,694,0.694,1.1655608138181448,2.921976479417178,0.0,608.0,87.60806916426513,0.991298944475141
2p4y_2p4y_conf0,flowr_raw_chembl_count,40,8,120,174,120,0.6896551724137931,1.4023295296142408,2.930038182855018,0.0,115.0,95.83333333333331,0.9967960235854604
2pog_2pog_conf0,flowr_raw_fixed,21,3,909,1000,909,0.909,0.1491345392976933,0.6798235773815013,1.0,5.0,0.5500550055005501,0.5305267818358325
2pog_2pog_conf0,flowr_raw_chembl_count,21,3,10,10,10,1.0,0.2750222453158162,0.5980270431400067,1.0,2.0,20.0,0.9709505944546688
2qbp_2qbp_conf0,flowr_raw_fixed,37,10,723,1000,723,0.723,1.4987112649114116,3.467496657860312,0.0,656.0,90.73305670816045,0.993688253201365
2qbp_2qbp_conf0,flowr_raw_chembl_count,37,10,143,200,143,0.715,1.7933813032154369,3.4188635946868287,0.0,140.0,97.9020979020979,0.9984052081958878
2qbq_2qbq_conf0,flowr_raw_fixed,31,7,781,1000,781,0.781,0.7317202748567007,2.2198550982286904,1.0,288.0,36.875800256081945,0.9480726288493684
2qbq_2qbq_conf0,flowr_raw_chembl_count,31,7,161,200,161,0.805,1.210792893010227,2.216330525089533,0.0,113.0,70.1863354037267,0.9736535291261126
2qbr_2qbr_conf0,flowr_raw_fixed,28,8,883,1000,883,0.883,0.6980886511735538,2.024141404787079,1.0,137.0,15.515288788221971,0.9319456455407118
2qbr_2qbr_conf0,flowr_raw_chembl_count,28,8,173,200,173,0.865,0.9837280035870488,2.170771184715381,0.0,65.0,37.57225433526011,0.9560850165975076
2v00_2v00_conf0,flowr_raw_fixed,16,4,971,1000,971,0.971,0.1943990218971036,1.3434270597886595,1.0,7.0,0.7209062821833162,0.8262025223127041
2v00_2v00_conf0,flowr_raw_chembl_count,16,4,29,30,29,0.9666666666666668,0.2731638453386265,1.3032273119467042,1.0,6.0,20.689655172413797,0.8990660057201914
2wn9_2wn9_conf0,flowr_raw_fixed,22,4,922,1000,922,0.922,0.3686836032788044,1.4161958505373664,1.0,23.0,2.4945770065075923,0.8109119613773896
2wn9_2wn9_conf0,flowr_raw_chembl_count,22,4,65,71,65,0.9154929577464788,0.702410327224355,1.502871939514246,1.0,12.0,18.46153846153846,0.8794105424257438
2wtv_2wtv_conf0,flowr_raw_fixed,34,4,815,1000,815,0.815,0.2344748378479318,2.3570488340824918,1.0,123.0,15.0920245398773,0.8419275198951457
2wtv_2wtv_conf0,flowr_raw_chembl_count,34,4,91,110,91,0.8272727272727273,0.6442144728647583,2.337929901954293,1.0,37.0,40.65934065934066,0.927796646088294
2xdl_2xdl_conf0,flowr_raw_fixed,16,5,977,1000,977,0.977,0.2144182928316303,1.1720359193537877,1.0,8.0,0.8188331627430911,0.7615504138616438
2xdl_2xdl_conf0,flowr_raw_chembl_count,16,5,57,58,57,0.9827586206896552,0.2401561068331258,1.0846656305404356,1.0,6.0,10.526315789473683,0.7622819940378364
2xnb_2xnb_conf0,flowr_raw_fixed,27,4,912,1000,912,0.912,0.4837488592317429,1.6955788977883506,1.0,120.0,13.157894736842104,0.8811219218571331
2xnb_2xnb_conf0,flowr_raw_chembl_count,27,4,73,79,73,0.9240506329113924,0.6559194950287518,1.6909489287101005,1.0,39.0,53.42465753424658,0.9280737813311236
2yfe_2yfe_conf0,flowr_raw_fixed,25,8,917,1000,917,0.917,0.5583402126415247,1.801683928774302,1.0,91.0,9.923664122137405,0.8757332945223726
2yfe_2yfe_conf0,flowr_raw_chembl_count,25,8,142,155,142,0.9161290322580644,0.6297622424475041,1.7997654952931257,1.0,37.0,26.056338028169016,0.9253648379473344
2ymd_2ymd_conf0,flowr_raw_fixed,13,4,990,1000,990,0.99,0.0816139090757995,0.5192039289941979,1.0,2.0,0.202020202020202,0.7219280948873623
2ymd_2ymd_conf0,flowr_raw_chembl_count,13,4,30,30,30,1.0,0.2506858957884431,1.05927252178416,1.0,2.0,6.666666666666667,0.9709505944546688
2zb1_2zb1_conf0,flowr_raw_fixed,26,5,908,1000,908,0.908,0.4634652761915587,1.650251709662124,1.0,89.0,9.801762114537445,0.8095704275034645
2zb1_2zb1_conf0,flowr_raw_chembl_count,26,5,185,200,185,0.925,0.4949342922754853,1.6744886069390232,1.0,40.0,21.62162162162162,0.878566945171999
2zcq_2zcq_conf0,flowr_raw_fixed,25,8,963,1000,963,0.963,0.5114213565702846,2.1360722442016584,1.0,141.0,14.641744548286605,0.9270343261687934
2zcq_2zcq_conf0,flowr_raw_chembl_count,25,8,60,67,60,0.8955223880597015,0.8516957254064316,2.050037468469599,0.0,36.0,60.0,0.966031254969039
2zcr_2zcr_conf0,flowr_raw_fixed,28,10,919,1000,919,0.919,0.6988860832826116,2.3042498838564804,1.0,257.0,27.965179542981502,0.93458105037225
2zcr_2zcr_conf0,flowr_raw_chembl_count,28,10,56,60,56,0.9333333333333332,1.2919662362150168,2.362928361052975,0.0,45.0,80.35714285714286,0.9859145327137552
2zy1_2zy1_conf0,flowr_raw_fixed,24,8,947,1000,947,0.947,0.8519449127262635,2.515452962907509,0.0,243.0,25.65997888067582,0.9439382127738528
2zy1_2zy1_conf0,flowr_raw_chembl_count,24,8,91,94,91,0.9680851063829788,1.0823431261756722,2.5734455949189674,0.0,65.0,71.42857142857143,0.968596491242052
3aru_3aru_conf0,flowr_raw_fixed,20,5,972,1000,972,0.972,0.1503938575405781,1.4996909206662443,1.0,26.0,2.674897119341564,0.871251691620335
3aru_3aru_conf0,flowr_raw_chembl_count,20,5,121,124,121,0.9758064516129032,0.4927687154223872,1.4465991193563503,1.0,21.0,17.355371900826448,0.92184566531266
3ary_3ary_conf0,flowr_raw_fixed,17,2,982,1000,982,0.982,0.3251176168188683,1.0128509114265176,1.0,4.0,0.4073319755600815,0.7882673360176993
3ary_3ary_conf0,flowr_raw_chembl_count,17,2,3,3,3,1.0,0.4944925653868762,1.0128507720062443,1.0,1.0,33.333333333333336,0.0
3b27_3b27_conf0,flowr_raw_fixed,16,3,969,1000,969,0.969,0.1148360571639168,1.3548807981559663,1.0,4.0,0.4127966976264189,0.9973544076189372
3b27_3b27_conf0,flowr_raw_chembl_count,16,3,9,9,9,1.0,1.0026095553417944,1.057868323581569,0.0,2.0,22.22222222222222,0.7642045065086203
3b5r_3b5r_conf0,flowr_raw_fixed,28,6,951,1000,951,0.951,0.3950172006474816,2.0942167927151174,1.0,269.0,28.286014721345957,0.9561138350128766
3b5r_3b5r_conf0,flowr_raw_chembl_count,28,6,189,200,189,0.945,0.4670500101963448,2.0545137207322965,1.0,117.0,61.90476190476191,0.97073292179346
3b65_3b65_conf0,flowr_raw_fixed,25,6,959,1000,959,0.959,0.410847432263963,1.757461764500036,1.0,155.0,16.16266944734098,0.9289895949843426
3b65_3b65_conf0,flowr_raw_chembl_count,25,6,193,200,193,0.965,0.4946660429243986,1.8197576592285596,1.0,80.0,41.45077720207254,0.9501255766629824
3bgz_3bgz_conf0,flowr_raw_fixed,24,3,908,1000,908,0.908,0.1527141034907768,0.6445012119292479,1.0,14.0,1.5418502202643172,0.3049857616674816
3bgz_3bgz_conf0,flowr_raw_chembl_count,24,3,9,10,9,0.9,0.1810174170177022,0.4802283212081599,1.0,1.0,11.11111111111111,0.0
3cj4_3cj4_conf0,flowr_raw_fixed,25,5,941,1000,941,0.941,0.8476943826149074,1.8231503369027369,0.0,206.0,21.891604675876728,0.8974890068569356
3cj4_3cj4_conf0,flowr_raw_chembl_count,25,5,187,199,187,0.9396984924623116,0.9819481624129256,1.830151802568002,0.0,82.0,43.850267379679146,0.9277107011044904
3dd0_3dd0_conf0,flowr_raw_fixed,16,4,989,1000,989,0.989,0.2571611288205374,0.8227283709436107,1.0,5.0,0.5055611729019212,0.5445114506501685
3dd0_3dd0_conf0,flowr_raw_chembl_count,16,4,50,51,50,0.9803921568627452,0.2571611288205374,0.8158660253511292,1.0,3.0,6.0,0.7277137107369743
3e92_3e92_conf0,flowr_raw_fixed,26,4,913,1000,913,0.913,0.4299117123594977,1.70168141457088,1.0,102.0,11.171960569550931,0.8348587723557864
3e92_3e92_conf0,flowr_raw_chembl_count,26,4,119,134,119,0.8880597014925373,0.5867719231250922,1.7321747325371837,1.0,41.0,34.45378151260504,0.9200253786015252
3e93_3e93_conf0,flowr_raw_fixed,37,5,718,1000,718,0.718,1.17511121675034,3.265572715500604,0.0,645.0,89.83286908077994,0.9934010963431564
3e93_3e93_conf0,flowr_raw_chembl_count,37,5,142,200,142,0.71,1.4413481271417636,3.240526421532808,0.0,138.0,97.1830985915493,0.9978736282706198
3ehy_3ehy_conf0,flowr_raw_fixed,17,5,990,1000,990,0.99,0.3666247690508162,1.002675582239846,1.0,10.0,1.0101010101010102,0.8020071783903011
3ehy_3ehy_conf0,flowr_raw_chembl_count,17,5,25,25,25,1.0,0.6041257274566724,1.043749236089051,1.0,4.0,16.0,0.7358687167112333
3fcq_3fcq_conf0,flowr_raw_fixed,14,2,998,1000,998,0.998,0.2458952894317589,1.08121444508263,1.0,3.0,0.3006012024048096,0.9138706934974598
3fcq_3fcq_conf0,flowr_raw_chembl_count,14,2,2,2,2,1.0,1.0934776583676782,1.1069336387987625,0.0,1.0,50.0,0.0
3fur_3fur_conf0,flowr_raw_fixed,31,5,894,1000,894,0.894,0.4836301468262238,1.9920314804050203,1.0,236.0,26.39821029082774,0.926577164999269
3fur_3fur_conf0,flowr_raw_chembl_count,31,5,76,86,76,0.8837209302325582,0.5618846793918998,1.951875827268484,1.0,55.0,72.36842105263158,0.9717441488856589
3g2z_3g2z_conf0,flowr_raw_fixed,13,2,961,1000,961,0.961,0.2271192075302187,0.5742607868689005,1.0,2.0,0.2081165452653486,0.9984177262674232
3g2z_3g2z_conf0,flowr_raw_chembl_count,13,2,5,6,5,0.8333333333333334,0.2284283182245359,0.4511258394255061,1.0,2.0,40.0,0.9709505944546688
3g31_3g31_conf0,flowr_raw_fixed,17,2,979,1000,979,0.979,0.085373153116366,1.230492041121903,1.0,6.0,0.6128702757916241,0.4484376173000037
3g31_3g31_conf0,flowr_raw_chembl_count,17,2,2,2,2,1.0,0.2813069054855818,0.8426895929088545,1.0,2.0,100.0,1.0
3gy4_3gy4_conf0,flowr_raw_fixed,10,2,981,1000,981,0.981,0.2360446136815353,0.5184839500225918,1.0,1.0,0.1019367991845056,0.0
3gy4_3gy4_conf0,flowr_raw_chembl_count,10,2,1,1,1,1.0,0.2701530774040506,0.2701530774040506,1.0,1.0,100.0,0.0
3jvs_3jvs_conf0,flowr_raw_fixed,30,3,690,1000,690,0.69,0.8202005295043915,2.4412436512263707,0.0,288.0,41.73913043478261,0.9610381063618592
3jvs_3jvs_conf0,flowr_raw_chembl_count,30,3,25,40,25,0.625,1.549186461583204,2.419733732285282,0.0,23.0,92.0,0.9912224555189026
3k5v_3k5v_conf0,flowr_raw_fixed,27,5,943,1000,943,0.943,0.6068131184721127,2.577113273962281,1.0,74.0,7.847295864262991,0.8904050315906007
3k5v_3k5v_conf0,flowr_raw_chembl_count,27,5,191,200,191,0.955,0.704842977593726,2.4391212513246145,1.0,44.0,23.03664921465969,0.926673205548872
3kgp_3kgp_conf0,flowr_raw_fixed,11,3,979,1000,979,0.979,0.3326752967799457,0.3340518894011074,1.0,2.0,0.2042900919305413,0.9029539763400184
3kgp_3kgp_conf0,flowr_raw_chembl_count,11,3,1,1,1,1.0,0.3340536528392178,0.3340536528392178,1.0,1.0,100.0,0.0
3lka_3lka_conf0,flowr_raw_fixed,12,3,994,1000,994,0.994,0.1137360936589157,0.5655677106858862,1.0,1.0,0.1006036217303823,0.0
3lka_3lka_conf0,flowr_raw_chembl_count,12,3,4,4,4,1.0,0.1875606122667019,0.405109985429905,1.0,1.0,25.0,0.0
3nx7_3nx7_conf0,flowr_raw_fixed,20,9,973,1000,973,0.973,0.4613306066325002,1.808027512008076,1.0,78.0,8.016443987667008,0.9254029424295392
3nx7_3nx7_conf0,flowr_raw_chembl_count,20,9,109,111,109,0.981981981981982,0.6723192109162959,1.877313424282196,1.0,36.0,33.027522935779814,0.9378510616443738
3pxf_3pxf_conf0,flowr_raw_fixed,21,3,929,1000,929,0.929,0.19454723226889,0.7630970485525163,1.0,8.0,0.8611410118406889,0.4672102931843543
3pxf_3pxf_conf0,flowr_raw_chembl_count,21,3,6,7,6,0.8571428571428571,0.1953221019327131,0.3587107866276096,1.0,1.0,16.666666666666668,0.0
3qqs_3qqs_conf0,flowr_raw_fixed,19,4,962,1000,962,0.962,0.492887611657669,1.824695818528802,1.0,5.0,0.5197505197505198,0.5161309580679563
3qqs_3qqs_conf0,flowr_raw_chembl_count,19,4,7,7,7,1.0,1.38726752423392,2.250041903121736,0.0,2.0,28.571428571428573,0.8631205685666311
3rlr_3rlr_conf0,flowr_raw_fixed,23,2,929,1000,929,0.929,0.0821653148294145,0.9279422897577916,1.0,14.0,1.5069967707212055,0.4419031137904767
3rlr_3rlr_conf0,flowr_raw_chembl_count,23,2,9,9,9,1.0,0.1959191372319354,0.4718789380562417,1.0,2.0,22.22222222222222,0.5032583347756457
3rsx_3rsx_conf0,flowr_raw_fixed,16,2,964,1000,964,0.964,0.1061964767046529,0.6310284291441629,1.0,3.0,0.3112033195020747,0.6366235009008786
3rsx_3rsx_conf0,flowr_raw_chembl_count,16,2,4,4,4,1.0,0.1163486665014603,0.3669233972646956,1.0,1.0,25.0,0.0
3ryj_3ryj_conf0,flowr_raw_fixed,18,4,978,1000,978,0.978,0.1149902580104867,1.1876968619208914,1.0,8.0,0.8179959100204499,0.9220262701922002
3ryj_3ryj_conf0,flowr_raw_chembl_count,18,4,77,81,77,0.9506172839506172,0.5827545355273183,1.1547864039682398,1.0,6.0,7.792207792207792,0.947530233606248
3syr_3syr_conf0,flowr_raw_fixed,20,6,690,725,690,0.9517241379310344,0.2970101641843367,1.3238568123970107,1.0,16.0,2.318840579710145,0.8333160345191738
3syr_3syr_conf0,flowr_raw_chembl_count,20,6,118,122,118,0.9672131147540984,0.3549781355097078,1.3849753329824264,1.0,12.0,10.169491525423728,0.8310444905080548
3twp_3twp_conf0,flowr_raw_fixed,10,2,990,1000,990,0.99,0.0860598966900381,0.0871335459996361,1.0,1.0,0.101010101010101,0.0
3twp_3twp_conf0,flowr_raw_chembl_count,10,2,1,1,1,1.0,0.0871260040100228,0.0871260040100228,1.0,1.0,100.0,0.0
3u5j_3u5j_conf0,flowr_raw_fixed,22,1,868,1000,868,0.868,0.1250512683299455,1.556743600740504,1.0,5.0,0.576036866359447,0.4823544292687843
3u5j_3u5j_conf0,flowr_raw_chembl_count,22,1,2,2,2,1.0,0.16842666617098,0.4532453868685634,1.0,1.0,50.0,0.0
3u8n_3u8n_conf0,flowr_raw_fixed,17,3,958,1000,958,0.958,0.3479420380155368,1.303613463542719,1.0,12.0,1.2526096033402925,0.8966958632901204
3u8n_3u8n_conf0,flowr_raw_chembl_count,17,3,186,197,186,0.9441624365482234,0.443354484372815,1.323373424862327,1.0,10.0,5.376344086021505,0.890428205365343
3uo4_3uo4_conf0,flowr_raw_fixed,29,6,893,1000,893,0.893,0.3997607049819063,2.4517519285993856,1.0,132.0,14.781634938409857,0.914527554606382
3uo4_3uo4_conf0,flowr_raw_chembl_count,29,6,23,26,23,0.8846153846153846,1.162626380782757,2.488168802038944,0.0,20.0,86.95652173913044,0.9862941486421736
3up2_3up2_conf0,flowr_raw_fixed,28,6,936,1000,936,0.936,0.3844418676092537,2.2789932889069267,1.0,130.0,13.88888888888889,0.9268558226219898
3up2_3up2_conf0,flowr_raw_chembl_count,28,6,42,43,42,0.9767441860465116,0.7291719855038128,2.2318130363575746,1.0,27.0,64.28571428571429,0.9687164330538136
3wtj_3wtj_conf0,flowr_raw_fixed,16,2,979,1000,979,0.979,0.146087639588293,1.3045034794348578,1.0,6.0,0.6128702757916241,0.8171905259246532
3wtj_3wtj_conf0,flowr_raw_chembl_count,16,2,51,52,51,0.9807692307692308,0.1648851492281169,1.426926118153209,1.0,4.0,7.84313725490196,0.9567448418137412
3zdg_3zdg_conf0,flowr_raw_fixed,13,4,1000,1000,1000,1.0,0.3475226469530141,1.4252410113402516,1.0,15.0,1.5,0.9504754997056464
3zdg_3zdg_conf0,flowr_raw_chembl_count,13,4,199,199,199,1.0,0.515611426660886,1.4307458687016965,1.0,13.0,6.532663316582915,0.9030062159922768
4ddh_4ddh_conf0,flowr_raw_fixed,15,3,991,1000,991,0.991,0.3526247534160426,0.7678030677366868,1.0,2.0,0.201816347124117,0.998994223170058
4ddh_4ddh_conf0,flowr_raw_chembl_count,15,3,2,2,2,1.0,0.8758643200953087,0.901308412272832,0.0,1.0,50.0,0.0
4ddk_4ddk_conf0,flowr_raw_fixed,12,1,993,1000,993,0.993,0.0699847196804982,0.0700102515472951,1.0,1.0,0.1007049345417925,0.0
4ddk_4ddk_conf0,flowr_raw_chembl_count,12,1,1,1,1,1.0,0.0700034340062946,0.0700034340062946,1.0,1.0,100.0,0.0
4eor_4eor_conf0,flowr_raw_fixed,28,7,932,1000,932,0.932,0.530627987147056,1.6562231629849118,1.0,203.0,21.781115879828327,0.9302826279076762
4eor_4eor_conf0,flowr_raw_chembl_count,28,7,188,200,188,0.94,0.7551682644316584,1.5979221863569752,0.0,81.0,43.08510638297872,0.9575244462509468
4f09_4f09_conf0,flowr_raw_fixed,19,1,964,1000,964,0.964,0.1301447065053164,0.6384944996159367,1.0,7.0,0.7261410788381742,0.7093451023824099
4f09_4f09_conf0,flowr_raw_chembl_count,19,1,2,2,2,1.0,0.4032591899748098,0.5214338407893199,1.0,1.0,50.0,0.0
4f2w_4f2w_conf0,flowr_raw_fixed,20,6,964,996,964,0.9678714859437751,0.2973488436425203,1.7754185606177637,1.0,38.0,3.941908713692946,0.8486010926033462
4f2w_4f2w_conf0,flowr_raw_chembl_count,20,6,192,200,192,0.96,0.4268970795666887,1.813270955120465,1.0,27.0,14.0625,0.8955422052321113
4f9w_4f9w_conf0,flowr_raw_fixed,25,3,878,1000,878,0.878,0.17626299716903,1.3164375786967857,1.0,24.0,2.733485193621868,0.5965551478598712
4f9w_4f9w_conf0,flowr_raw_chembl_count,25,3,4,4,4,1.0,1.06385019712108,1.335615166361297,0.0,3.0,75.0,0.946394630357186
4hge_4hge_conf0,flowr_raw_fixed,25,3,934,1000,934,0.934,0.2897438072401703,2.07387540773832,1.0,87.0,9.314775160599572,0.9009799277109584
4hge_4hge_conf0,flowr_raw_chembl_count,25,3,34,36,34,0.9444444444444444,0.450629654466182,2.1152289248791893,1.0,18.0,52.94117647058823,0.9406580248265588
4j21_4j21_conf0,flowr_raw_fixed,20,2,934,1000,934,0.934,0.059709551973672,0.787214967997208,1.0,7.0,0.7494646680942184,0.4102138847430764
4j21_4j21_conf0,flowr_raw_chembl_count,20,2,3,3,3,1.0,0.2286973803126956,0.4631574069454379,1.0,2.0,66.66666666666667,0.9182958340544894
4j3l_4j3l_conf0,flowr_raw_fixed,26,5,875,1000,875,0.875,0.4200722146786224,1.8548625890090813,1.0,120.0,13.714285714285714,0.8408045723328715
4j3l_4j3l_conf0,flowr_raw_chembl_count,26,5,96,114,96,0.8421052631578947,0.7356078050618869,1.829288532199576,1.0,36.0,37.5,0.93264721463071
4jsz_4jsz_conf0,flowr_raw_fixed,10,2,993,1000,993,0.993,0.3359645188702491,0.5418304122132666,1.0,1.0,0.1007049345417925,0.0
4jsz_4jsz_conf0,flowr_raw_chembl_count,10,2,2,2,2,1.0,0.4833735235470244,0.4833740346060184,1.0,1.0,50.0,0.0
4jxs_4jxs_conf0,flowr_raw_fixed,22,6,969,1000,969,0.969,0.3580359362272154,1.6355698428645116,1.0,28.0,2.889576883384933,0.7617301017237664
4jxs_4jxs_conf0,flowr_raw_chembl_count,22,6,32,32,32,1.0,0.4635319521881062,1.7341853422139102,1.0,7.0,21.875,0.8812908500034621
4k18_4k18_conf0,flowr_raw_fixed,29,5,920,1000,920,0.92,0.2437584962044957,2.22880499310321,1.0,108.0,11.73913043478261,0.8909350772200052
4k18_4k18_conf0,flowr_raw_chembl_count,29,5,100,109,100,0.9174311926605504,0.4346649669218532,2.1637054238445432,1.0,46.0,46.0,0.951334949688874
4k77_4k77_conf0,flowr_raw_fixed,18,2,940,1000,940,0.94,0.1419864261729231,0.90200426768449,1.0,6.0,0.6382978723404256,0.9192043132569822
4k77_4k77_conf0,flowr_raw_chembl_count,18,2,5,5,5,1.0,0.7088253865382784,0.83144360497365,1.0,3.0,60.0,0.8649735207179272
4kzq_4kzq_conf0,flowr_raw_fixed,18,2,954,1000,954,0.954,0.0784062063540635,0.3895164053575087,1.0,3.0,0.3144654088050314,0.0383689712234435
4kzq_4kzq_conf0,flowr_raw_chembl_count,18,2,6,6,6,1.0,0.2633660845289998,0.3783254257515186,1.0,1.0,16.666666666666668,0.0
4kzu_4kzu_conf0,flowr_raw_fixed,18,1,928,1000,928,0.928,0.0981368764920475,0.4184292117780188,1.0,1.0,0.1077586206896551,0.0
4kzu_4kzu_conf0,flowr_raw_chembl_count,18,1,2,3,2,0.6666666666666666,0.2079895306293049,0.2632263352542995,1.0,1.0,50.0,0.0
4llx_4llx_conf0,flowr_raw_fixed,9,1,1000,1000,1000,1.0,0.0393892664074424,0.0397349674787198,1.0,1.0,0.1,0.0
4llx_4llx_conf0,flowr_raw_chembl_count,9,1,1,1,1,1.0,0.0397479876859492,0.0397479876859492,1.0,1.0,100.0,0.0
4lzs_4lzs_conf0,flowr_raw_fixed,15,3,991,1000,991,0.991,0.1356311793657696,1.1321035002493582,1.0,7.0,0.7063572149344097,0.9545539039028416
4lzs_4lzs_conf0,flowr_raw_chembl_count,15,3,12,12,12,1.0,0.5484699267744277,1.2238700048990518,1.0,5.0,41.66666666666666,0.8848616689990428
4mgd_4mgd_conf0,flowr_raw_fixed,19,4,976,1000,976,0.976,0.2321511581099345,0.3694889988933146,1.0,1.0,0.1024590163934426,0.0
4mgd_4mgd_conf0,flowr_raw_chembl_count,19,4,24,24,24,1.0,0.2674721926123874,0.8105715001001987,1.0,1.0,4.166666666666667,0.0
4ogj_4ogj_conf0,flowr_raw_fixed,37,10,794,1000,794,0.794,1.0498659269733863,3.247281227469033,0.0,764.0,96.22166246851386,0.9978124482232285
4ogj_4ogj_conf0,flowr_raw_chembl_count,37,10,42,54,42,0.7777777777777778,1.1816814785242975,3.2972334818343434,0.0,41.0,97.61904761904762,0.997600839068423
5c28_5c28_conf0,flowr_raw_fixed,12,2,999,1000,999,0.999,0.0431095544399239,0.5934362930267769,1.0,1.0,0.1001001001001001,0.0
5c28_5c28_conf0,flowr_raw_chembl_count,12,2,2,2,2,1.0,0.5290459686764015,0.5641607753142815,1.0,1.0,50.0,0.0
5c2h_5c2h_conf0,flowr_raw_fixed,31,8,880,1000,880,0.88,1.2002672060008996,2.8464465635572544,0.0,685.0,77.8409090909091,0.9862996848800136
5c2h_5c2h_conf0,flowr_raw_chembl_count,31,8,75,85,75,0.8823529411764706,1.3366997181036484,2.9530810680495594,0.0,72.0,96.0,0.9965791624790418
1bcu_1bcu_conf0,qwen_1p7b_fsq_bigdata_step47023_fixed,16,2,1000,1000,1000,1.0,0.0378126465095547,0.0630702015153493,1.0,1.0,0.1,0.0
1bcu_1bcu_conf0,qwen_1p7b_fsq_bigdata_step47023_chembl_count,16,2,1,1,1,1.0,0.0631341001260051,0.0631341001260051,1.0,1.0,100.0,0.0
1c5z_1c5z_conf0,qwen_1p7b_fsq_bigdata_step47023_fixed,9,1,1000,1000,1000,1.0,0.0447571429310664,0.2336054421525245,1.0,1.0,0.1,0.0
1c5z_1c5z_conf0,qwen_1p7b_fsq_bigdata_step47023_chembl_count,9,1,1,1,1,1.0,0.2551135942033833,0.2551135942033833,1.0,1.0,100.0,0.0
1lpg_1lpg_conf0,qwen_1p7b_fsq_bigdata_step47023_fixed,41,10,924,1000,924,0.924,0.6954406844518337,2.3101836112378287,1.0,667.0,72.18614718614718,0.9815868319912184
1lpg_1lpg_conf0,qwen_1p7b_fsq_bigdata_step47023_chembl_count,41,10,173,193,173,0.8963730569948186,0.6954406844518337,2.244159331150983,1.0,159.0,91.90751445086704,0.9939192312422618
1mq6_1mq6_conf0,qwen_1p7b_fsq_bigdata_step47023_fixed,36,7,802,997,802,0.8044132397191575,1.094868926312366,2.076743833947348,0.0,362.0,45.13715710723192,0.9659151080678332
1mq6_1mq6_conf0,qwen_1p7b_fsq_bigdata_step47023_chembl_count,36,7,11,12,11,0.9166666666666666,1.549633123642758,1.9066811782306992,0.0,11.0,100.0,1.0
1nc3_1nc3_conf0,qwen_1p7b_fsq_bigdata_step47023_fixed,19,6,937,999,937,0.937937937937938,0.408299313358074,1.1500092745592123,1.0,8.0,0.8537886872998933,0.8182793019750746
1nc3_1nc3_conf0,qwen_1p7b_fsq_bigdata_step47023_chembl_count,19,6,180,196,180,0.9183673469387756,0.408299313358074,1.1238947962281516,1.0,5.0,2.7777777777777777,0.9551318776930576
1o3f_1o3f_conf0,qwen_1p7b_fsq_bigdata_step47023_fixed,25,4,1000,1000,1000,1.0,0.2198914979091688,1.0396171361018192,1.0,5.0,0.5,0.8392342414269097
1o3f_1o3f_conf0,qwen_1p7b_fsq_bigdata_step47023_chembl_count,25,4,31,31,31,1.0,0.3766597275393891,1.1320833536475072,1.0,5.0,16.129032258064516,0.7703302548008137
1o5b_1o5b_conf0,qwen_1p7b_fsq_bigdata_step47023_fixed,13,1,1000,1000,1000,1.0,0.0753183859890712,0.1794701890919948,1.0,1.0,0.1,0.0
1o5b_1o5b_conf0,qwen_1p7b_fsq_bigdata_step47023_chembl_count,13,1,1,1,1,1.0,0.3145138517919068,0.3145138517919068,1.0,1.0,100.0,0.0
1owh_1owh_conf0,qwen_1p7b_fsq_bigdata_step47023_fixed,24,5,999,1000,999,0.999,0.1604628101675247,1.0366917773121138,1.0,14.0,1.4014014014014011,0.585280547704747
1owh_1owh_conf0,qwen_1p7b_fsq_bigdata_step47023_chembl_count,24,5,12,12,12,1.0,0.7336615101445494,1.0591151538357018,1.0,4.0,33.333333333333336,0.8647869792568111
1p1n_1p1n_conf0,qwen_1p7b_fsq_bigdata_step47023_fixed,15,4,762,1000,762,0.762,0.2514333772571184,1.1346055882042718,1.0,22.0,2.8871391076115485,0.7916313942419279
1p1n_1p1n_conf0,qwen_1p7b_fsq_bigdata_step47023_chembl_count,15,4,17,23,17,0.7391304347826086,0.4534735046061736,1.1222714335030823,1.0,6.0,35.294117647058826,0.8186964434150548
1pxn_1pxn_conf0,qwen_1p7b_fsq_bigdata_step47023_fixed,22,5,1000,1000,1000,1.0,0.1382759403595858,1.764814796024273,1.0,17.0,1.7,0.9228173998586986
1pxn_1pxn_conf0,qwen_1p7b_fsq_bigdata_step47023_chembl_count,22,5,200,200,200,1.0,0.1950838821920755,1.681574382952987,1.0,15.0,7.5,0.9291125002846016
1sqa_1sqa_conf0,qwen_1p7b_fsq_bigdata_step47023_fixed,31,7,994,1000,994,0.994,0.5049178573147635,1.2838619788034151,1.0,54.0,5.432595573440644,0.7641403998480677
1sqa_1sqa_conf0,qwen_1p7b_fsq_bigdata_step47023_chembl_count,31,7,197,200,197,0.985,0.5704933640642814,1.283820107598982,1.0,29.0,14.720812182741115,0.771645217773306
1uto_1uto_conf0,qwen_1p7b_fsq_bigdata_step47023_fixed,9,3,1000,1000,1000,1.0,0.0407548638371052,0.2347689358450994,1.0,1.0,0.1,0.0
1uto_1uto_conf0,qwen_1p7b_fsq_bigdata_step47023_chembl_count,9,3,7,7,7,1.0,0.0816800850032105,0.3013360199607556,1.0,1.0,14.285714285714286,0.0
1yc1_1yc1_conf0,qwen_1p7b_fsq_bigdata_step47023_fixed,27,6,962,1000,962,0.962,0.2350561636016938,1.6069377924761392,1.0,16.0,1.6632016632016633,0.8976152183460987
1yc1_1yc1_conf0,qwen_1p7b_fsq_bigdata_step47023_chembl_count,27,6,165,168,165,0.9821428571428572,0.2543805688706461,1.5862431127377223,1.0,12.0,7.272727272727272,0.9860222931912224
1ydr_1ydr_conf0,qwen_1p7b_fsq_bigdata_step47023_fixed,20,2,995,1000,995,0.995,0.5055136638487058,1.4836389466591564,1.0,18.0,1.809045226130653,0.8764289815440175
1ydr_1ydr_conf0,qwen_1p7b_fsq_bigdata_step47023_chembl_count,20,2,16,16,16,1.0,0.5514602556888398,1.4686291263949929,1.0,6.0,37.5,0.8822716235122602
1ydt_1ydt_conf0,qwen_1p7b_fsq_bigdata_step47023_fixed,27,8,965,998,965,0.966933867735471,0.9659451928431936,2.365810493485343,0.0,244.0,25.28497409326425,0.9508807070629096
1ydt_1ydt_conf0,qwen_1p7b_fsq_bigdata_step47023_chembl_count,27,8,135,140,135,0.9642857142857144,1.200111341011432,2.367083659181332,0.0,85.0,62.96296296296296,0.967482318766088
1z6e_1z6e_conf0,qwen_1p7b_fsq_bigdata_step47023_fixed,38,7,990,1000,990,0.99,0.6726361337091236,2.077756625624272,1.0,257.0,25.95959595959596,0.9383048075723612
1z6e_1z6e_conf0,qwen_1p7b_fsq_bigdata_step47023_chembl_count,38,7,199,200,199,0.995,0.7169208326678674,2.059012865351261,1.0,103.0,51.75879396984924,0.9630121737198056
1z95_1z95_conf0,qwen_1p7b_fsq_bigdata_step47023_fixed,29,6,871,1000,871,0.871,0.4145392513443094,2.124901594681704,1.0,139.0,15.958668197474168,0.9338041619017092
1z95_1z95_conf0,qwen_1p7b_fsq_bigdata_step47023_chembl_count,29,6,177,198,177,0.8939393939393939,0.7521914218007837,2.1888093880584902,0.0,67.0,37.85310734463277,0.9476239283028388
1z9g_1z9g_conf0,qwen_1p7b_fsq_bigdata_step47023_fixed,17,7,890,1000,890,0.89,0.7002098557053068,1.6050636259816349,1.0,52.0,5.842696629213483,0.9463362791174728
1z9g_1z9g_conf0,qwen_1p7b_fsq_bigdata_step47023_chembl_count,17,7,182,199,182,0.914572864321608,0.7451038179119801,1.6021770503930433,1.0,31.0,17.032967032967033,0.9253307300693284
2br1_2br1_conf0,qwen_1p7b_fsq_bigdata_step47023_fixed,29,8,989,1000,989,0.989,0.3485421823132867,0.9529632083327508,1.0,7.0,0.7077856420626896,0.799225114924698
2br1_2br1_conf0,qwen_1p7b_fsq_bigdata_step47023_chembl_count,29,8,197,200,197,0.985,0.4591512824916266,0.9486260517096222,1.0,5.0,2.538071065989848,0.8262794713058669
2brb_2brb_conf0,qwen_1p7b_fsq_bigdata_step47023_fixed,25,6,998,1000,998,0.998,0.2159111166018348,0.7408985645737809,1.0,5.0,0.501002004008016,0.7742073915607459
2brb_2brb_conf0,qwen_1p7b_fsq_bigdata_step47023_chembl_count,25,6,198,200,198,0.99,0.2159111166018348,0.7402304464951022,1.0,3.0,1.5151515151515151,0.8718419539347282
2c3i_2c3i_conf0,qwen_1p7b_fsq_bigdata_step47023_fixed,23,5,988,1000,988,0.988,0.407008977533458,1.7718329808937254,1.0,36.0,3.643724696356276,0.9542260079938212
2c3i_2c3i_conf0,qwen_1p7b_fsq_bigdata_step47023_chembl_count,23,5,198,200,198,0.99,0.6641361680791891,1.7709646753877757,1.0,24.0,12.12121212121212,0.9375481727478472
2fvd_2fvd_conf0,qwen_1p7b_fsq_bigdata_step47023_fixed,30,7,963,1000,963,0.963,0.3795937177323204,2.164366980946986,1.0,263.0,27.31048805815161,0.9300281613383528
2fvd_2fvd_conf0,qwen_1p7b_fsq_bigdata_step47023_chembl_count,30,7,193,200,193,0.965,0.3795937177323204,2.1399719031389126,1.0,107.0,55.44041450777202,0.9637245429767132
2hb1_2hb1_conf0,qwen_1p7b_fsq_bigdata_step47023_fixed,14,4,910,1000,910,0.91,0.1302581799877396,0.8999871462489903,1.0,6.0,0.6593406593406593,0.8800865060833779
2hb1_2hb1_conf0,qwen_1p7b_fsq_bigdata_step47023_chembl_count,14,4,34,38,34,0.8947368421052632,0.2994375840029091,0.9222769783718474,1.0,5.0,14.705882352941176,0.9627822515973854
2p4y_2p4y_conf0,qwen_1p7b_fsq_bigdata_step47023_fixed,40,8,868,998,868,0.8697394789579158,0.7846605610726817,2.8392036403989183,0.0,375.0,43.20276497695853,0.957501238145484
2p4y_2p4y_conf0,qwen_1p7b_fsq_bigdata_step47023_chembl_count,40,8,148,174,148,0.8505747126436781,1.1563621218130422,2.9255288885241355,0.0,105.0,70.94594594594595,0.97575413670289
2pog_2pog_conf0,qwen_1p7b_fsq_bigdata_step47023_fixed,21,3,969,1000,969,0.969,0.1170063969991284,0.5807342245196098,1.0,3.0,0.3095975232198142,0.597975490192447
2pog_2pog_conf0,qwen_1p7b_fsq_bigdata_step47023_chembl_count,21,3,10,10,10,1.0,0.3432000875223033,0.463918609185448,1.0,2.0,20.0,0.7219280948873623
2qbp_2qbp_conf0,qwen_1p7b_fsq_bigdata_step47023_fixed,37,10,983,1000,983,0.983,0.6112097052699034,2.5238163523009467,1.0,580.0,59.0030518819939,0.966756301969566
2qbp_2qbp_conf0,qwen_1p7b_fsq_bigdata_step47023_chembl_count,37,10,195,200,195,0.975,1.322403433663417,2.5659835841695355,0.0,163.0,83.58974358974359,0.9859024833762314
2qbq_2qbq_conf0,qwen_1p7b_fsq_bigdata_step47023_fixed,31,7,965,1000,965,0.965,0.4295577083657269,1.9348542951725411,1.0,172.0,17.82383419689119,0.9249186554319324
2qbq_2qbq_conf0,qwen_1p7b_fsq_bigdata_step47023_chembl_count,31,7,192,200,192,0.96,0.5061369724832161,1.9292623585675983,1.0,76.0,39.583333333333336,0.9409458830022
2qbr_2qbr_conf0,qwen_1p7b_fsq_bigdata_step47023_fixed,28,8,985,1000,985,0.985,0.6724879757177813,2.2763864400840044,1.0,139.0,14.111675126903553,0.918100888922756
2qbr_2qbr_conf0,qwen_1p7b_fsq_bigdata_step47023_chembl_count,28,8,198,200,198,0.99,0.8277465129887351,2.2278102881049904,0.0,68.0,34.343434343434346,0.94342610350375
2v00_2v00_conf0,qwen_1p7b_fsq_bigdata_step47023_fixed,16,4,999,999,999,1.0,0.2283873697751779,1.4266840537705232,1.0,9.0,0.9009009009009008,0.9154786502432428
2v00_2v00_conf0,qwen_1p7b_fsq_bigdata_step47023_chembl_count,16,4,30,30,30,1.0,0.551971398257766,1.6557780643331852,1.0,4.0,13.333333333333334,0.9787718665090316
2wn9_2wn9_conf0,qwen_1p7b_fsq_bigdata_step47023_fixed,22,4,994,1000,994,0.994,0.1787375637546778,1.473340861624072,1.0,10.0,1.0060362173038229,0.8298400364598851
2wn9_2wn9_conf0,qwen_1p7b_fsq_bigdata_step47023_chembl_count,22,4,71,71,71,1.0,0.3479936143454185,1.5156867364371092,1.0,7.0,9.859154929577464,0.8900939943959484
2wtv_2wtv_conf0,qwen_1p7b_fsq_bigdata_step47023_fixed,34,4,1000,1000,1000,1.0,0.2053467287717335,2.000766868583653,1.0,28.0,2.8,0.7576751782356894
2wtv_2wtv_conf0,qwen_1p7b_fsq_bigdata_step47023_chembl_count,34,4,110,110,110,1.0,0.2743475554751141,2.1092753271107174,1.0,12.0,10.909090909090908,0.8476322928685479
2xdl_2xdl_conf0,qwen_1p7b_fsq_bigdata_step47023_fixed,16,5,1000,1000,1000,1.0,0.2420415882618125,1.1834095518003571,1.0,10.0,1.0,0.905630515322987
2xdl_2xdl_conf0,qwen_1p7b_fsq_bigdata_step47023_chembl_count,16,5,58,58,58,1.0,0.2928539449825727,1.0767379623182918,1.0,6.0,10.344827586206897,0.9057777788018612
2xnb_2xnb_conf0,qwen_1p7b_fsq_bigdata_step47023_fixed,27,4,1000,1000,1000,1.0,0.2821340092470405,1.4785905529770549,1.0,36.0,3.6,0.8219447190300109
2xnb_2xnb_conf0,qwen_1p7b_fsq_bigdata_step47023_chembl_count,27,4,79,79,79,1.0,0.3257564411700111,1.432281947586028,1.0,16.0,20.253164556962027,0.8144102571869318
2yfe_2yfe_conf0,qwen_1p7b_fsq_bigdata_step47023_fixed,25,8,989,999,989,0.98998998998999,0.3420683232084581,1.6706879753123347,1.0,58.0,5.864509605662285,0.8955176791646251
2yfe_2yfe_conf0,qwen_1p7b_fsq_bigdata_step47023_chembl_count,25,8,155,155,155,1.0,0.755681264825854,1.6224588837390332,0.0,35.0,22.580645161290324,0.9329581323118904
2ymd_2ymd_conf0,qwen_1p7b_fsq_bigdata_step47023_fixed,13,4,1000,1000,1000,1.0,0.0920789990120365,0.8324268506537261,1.0,2.0,0.2,0.9587452303135016
2ymd_2ymd_conf0,qwen_1p7b_fsq_bigdata_step47023_chembl_count,13,4,30,30,30,1.0,0.232127886056734,0.8154649906479535,1.0,1.0,3.333333333333333,0.0
2zb1_2zb1_conf0,qwen_1p7b_fsq_bigdata_step47023_fixed,26,5,998,1000,998,0.998,0.3115555314419813,1.2525845224005634,1.0,21.0,2.1042084168336674,0.9335490953566804
2zb1_2zb1_conf0,qwen_1p7b_fsq_bigdata_step47023_chembl_count,26,5,200,200,200,1.0,0.3833708670825451,1.2403823442381443,1.0,15.0,7.5,0.8841208093397586
2zcq_2zcq_conf0,qwen_1p7b_fsq_bigdata_step47023_fixed,25,8,953,1000,953,0.953,0.5833107436845542,2.075642644438925,1.0,203.0,21.30115424973767,0.944389745456808
2zcq_2zcq_conf0,qwen_1p7b_fsq_bigdata_step47023_chembl_count,25,8,64,67,64,0.9552238805970148,1.0464277965034434,2.175211010928211,0.0,44.0,68.75,0.9644446343352198
2zcr_2zcr_conf0,qwen_1p7b_fsq_bigdata_step47023_fixed,28,10,961,999,961,0.961961961961962,0.3885881256275099,1.564696952481,1.0,102.0,10.613943808532778,0.9077949890255164
2zcr_2zcr_conf0,qwen_1p7b_fsq_bigdata_step47023_chembl_count,28,10,59,60,59,0.9833333333333332,1.0629871089678855,1.583103168404175,0.0,30.0,50.84745762711864,0.9535411013569256
2zy1_2zy1_conf0,qwen_1p7b_fsq_bigdata_step47023_fixed,24,8,989,1000,989,0.989,1.070488195727663,2.3656773526993597,0.0,294.0,29.726996966632964,0.9549559712090532
2zy1_2zy1_conf0,qwen_1p7b_fsq_bigdata_step47023_chembl_count,24,8,94,94,94,1.0,1.263185106817866,2.3394076899960927,0.0,68.0,72.34042553191489,0.9819041797656138
3aru_3aru_conf0,qwen_1p7b_fsq_bigdata_step47023_fixed,20,5,971,999,971,0.971971971971972,0.2709976016968142,1.255286945942108,1.0,20.0,2.059732234809475,0.8795100845269775
3aru_3aru_conf0,qwen_1p7b_fsq_bigdata_step47023_chembl_count,20,5,122,124,122,0.9838709677419356,0.5658442442422071,1.2512646569753962,1.0,13.0,10.655737704918034,0.8831852684188999
3ary_3ary_conf0,qwen_1p7b_fsq_bigdata_step47023_fixed,17,2,1000,1000,1000,1.0,0.2034715358311145,1.0665718675721712,1.0,4.0,0.4,0.9864375203557826
3ary_3ary_conf0,qwen_1p7b_fsq_bigdata_step47023_chembl_count,17,2,3,3,3,1.0,0.9416748116924598,0.9987469331006096,0.0,2.0,66.66666666666667,0.9182958340544894
3b27_3b27_conf0,qwen_1p7b_fsq_bigdata_step47023_fixed,16,3,1000,1000,1000,1.0,0.0756655199405508,1.391952194941935,1.0,5.0,0.5,0.98713150992844
3b27_3b27_conf0,qwen_1p7b_fsq_bigdata_step47023_chembl_count,16,3,9,9,9,1.0,0.0839808146678549,1.611125848927148,1.0,3.0,33.333333333333336,0.965633607142825
3b5r_3b5r_conf0,qwen_1p7b_fsq_bigdata_step47023_fixed,28,6,965,999,965,0.965965965965966,0.5118717066495142,2.095495852119436,1.0,135.0,13.989637305699482,0.9435860521270908
3b5r_3b5r_conf0,qwen_1p7b_fsq_bigdata_step47023_chembl_count,28,6,191,200,191,0.955,0.7011908577788442,2.0155727159110626,1.0,66.0,34.55497382198953,0.9567233670039316
3b65_3b65_conf0,qwen_1p7b_fsq_bigdata_step47023_fixed,25,6,968,1000,968,0.968,0.2522362620096763,1.814226237779256,1.0,79.0,8.161157024793388,0.9014976341225264
3b65_3b65_conf0,qwen_1p7b_fsq_bigdata_step47023_chembl_count,25,6,194,200,194,0.97,0.8484208281088736,1.802855395680876,0.0,39.0,20.103092783505154,0.9351089977456912
3bgz_3bgz_conf0,qwen_1p7b_fsq_bigdata_step47023_fixed,24,3,1000,1000,1000,1.0,0.1013581057090469,0.6287010459791305,1.0,2.0,0.2,0.9375897508004304
3bgz_3bgz_conf0,qwen_1p7b_fsq_bigdata_step47023_chembl_count,24,3,10,10,10,1.0,0.1916352762765629,0.845851947386922,1.0,1.0,10.0,0.0
3cj4_3cj4_conf0,qwen_1p7b_fsq_bigdata_step47023_fixed,25,5,791,999,791,0.7917917917917918,0.6282858007912279,1.800634214239759,1.0,154.0,19.469026548672566,0.9299345612693382
3cj4_3cj4_conf0,qwen_1p7b_fsq_bigdata_step47023_chembl_count,25,5,158,199,158,0.7939698492462312,0.6282858007912279,1.7457989547564696,1.0,69.0,43.67088607594937,0.9478688512226549
3dd0_3dd0_conf0,qwen_1p7b_fsq_bigdata_step47023_fixed,16,4,1000,1000,1000,1.0,0.1457913058657031,0.9622945241190616,1.0,4.0,0.4,0.9226324197079574
3dd0_3dd0_conf0,qwen_1p7b_fsq_bigdata_step47023_chembl_count,16,4,51,51,51,1.0,0.1457913058657031,0.965393187869247,1.0,3.0,5.882352941176471,0.9807848667356576
3e92_3e92_conf0,qwen_1p7b_fsq_bigdata_step47023_fixed,26,4,997,1000,997,0.997,0.2661596003144669,1.4612831406107631,1.0,23.0,2.3069207622868606,0.9003688410710428
3e92_3e92_conf0,qwen_1p7b_fsq_bigdata_step47023_chembl_count,26,4,133,134,133,0.9925373134328358,0.4292903747853062,1.4876814174760016,1.0,12.0,9.022556390977444,0.8901968322913207
3e93_3e93_conf0,qwen_1p7b_fsq_bigdata_step47023_fixed,37,5,1000,1000,1000,1.0,0.5943857282268378,2.046976762572996,1.0,165.0,16.5,0.916290096998944
3e93_3e93_conf0,qwen_1p7b_fsq_bigdata_step47023_chembl_count,37,5,200,200,200,1.0,0.7854288338640855,2.03739545036741,0.0,83.0,41.5,0.9451708532134818
3ehy_3ehy_conf0,qwen_1p7b_fsq_bigdata_step47023_fixed,17,5,976,1000,976,0.976,0.3644436335279526,1.1393346124372432,1.0,9.0,0.9221311475409836,0.9107206897726922
3ehy_3ehy_conf0,qwen_1p7b_fsq_bigdata_step47023_chembl_count,17,5,23,25,23,0.92,0.4937148894821205,1.2068729265608331,1.0,6.0,26.08695652173913,0.8918197655439063
3fcq_3fcq_conf0,qwen_1p7b_fsq_bigdata_step47023_fixed,14,2,916,1000,916,0.916,0.1773205232276413,1.048198706080834,1.0,4.0,0.4366812227074236,0.821998202452927
3fcq_3fcq_conf0,qwen_1p7b_fsq_bigdata_step47023_chembl_count,14,2,2,2,2,1.0,1.0632478596714114,1.092352615299835,0.0,1.0,50.0,0.0
3fur_3fur_conf0,qwen_1p7b_fsq_bigdata_step47023_fixed,31,5,977,1000,977,0.977,0.5440187194731171,2.0621951062621817,1.0,210.0,21.49437052200614,0.937740423348064
3fur_3fur_conf0,qwen_1p7b_fsq_bigdata_step47023_chembl_count,31,5,84,86,84,0.9767441860465116,0.5440187194731171,2.045397137373676,1.0,56.0,66.66666666666667,0.9697890226352404
3g2z_3g2z_conf0,qwen_1p7b_fsq_bigdata_step47023_fixed,13,2,1000,1000,1000,1.0,0.1425423666012851,0.9269773917615672,1.0,3.0,0.3,0.9907242487616156
3g2z_3g2z_conf0,qwen_1p7b_fsq_bigdata_step47023_chembl_count,13,2,6,6,6,1.0,0.4174223994563731,0.7651543471533445,1.0,2.0,33.333333333333336,1.0
3g31_3g31_conf0,qwen_1p7b_fsq_bigdata_step47023_fixed,17,2,960,1000,960,0.96,0.0707555814587851,0.7326531879812674,1.0,4.0,0.4166666666666667,0.7804723234558576
3g31_3g31_conf0,qwen_1p7b_fsq_bigdata_step47023_chembl_count,17,2,2,2,2,1.0,0.6222396847885742,0.9808551890403788,1.0,2.0,100.0,1.0
3gy4_3gy4_conf0,qwen_1p7b_fsq_bigdata_step47023_fixed,10,2,1000,1000,1000,1.0,0.0260506803576131,0.205779099740212,1.0,1.0,0.1,0.0
3gy4_3gy4_conf0,qwen_1p7b_fsq_bigdata_step47023_chembl_count,10,2,1,1,1,1.0,0.1466085411341974,0.1466085411341974,1.0,1.0,100.0,0.0
3jvs_3jvs_conf0,qwen_1p7b_fsq_bigdata_step47023_fixed,30,3,947,1000,947,0.947,0.7901480577192136,1.3975667598464114,0.0,53.0,5.59662090813094,0.4511402104481561
3jvs_3jvs_conf0,qwen_1p7b_fsq_bigdata_step47023_chembl_count,30,3,38,40,38,0.95,1.0562558753793938,1.375422119052227,0.0,7.0,18.42105263157895,0.5255032785357456
3k5v_3k5v_conf0,qwen_1p7b_fsq_bigdata_step47023_fixed,27,5,999,1000,999,0.999,0.3690939828580993,2.085631147279527,1.0,59.0,5.905905905905906,0.9381139465815536
3k5v_3k5v_conf0,qwen_1p7b_fsq_bigdata_step47023_chembl_count,27,5,200,200,200,1.0,0.5678167245369891,2.0048641462042154,1.0,39.0,19.5,0.944484694305756
3kgp_3kgp_conf0,qwen_1p7b_fsq_bigdata_step47023_fixed,11,3,1000,1000,1000,1.0,0.0951341360910261,0.2977688104477454,1.0,1.0,0.1,0.0
3kgp_3kgp_conf0,qwen_1p7b_fsq_bigdata_step47023_chembl_count,11,3,1,1,1,1.0,0.243494546973658,0.243494546973658,1.0,1.0,100.0,0.0
3lka_3lka_conf0,qwen_1p7b_fsq_bigdata_step47023_fixed,12,3,1000,1000,1000,1.0,0.0937849386735824,0.5897597664590191,1.0,1.0,0.1,0.0
3lka_3lka_conf0,qwen_1p7b_fsq_bigdata_step47023_chembl_count,12,3,4,4,4,1.0,0.2997588672090308,0.6547018174235002,1.0,1.0,25.0,0.0
3nx7_3nx7_conf0,qwen_1p7b_fsq_bigdata_step47023_fixed,20,9,949,1000,949,0.949,0.3036948898488883,1.8564005611528849,1.0,79.0,8.324552160168599,0.9065504345879428
3nx7_3nx7_conf0,qwen_1p7b_fsq_bigdata_step47023_chembl_count,20,9,103,111,103,0.927927927927928,0.6093547320029338,1.9036733011768263,1.0,36.0,34.95145631067961,0.9079474447373408
3pxf_3pxf_conf0,qwen_1p7b_fsq_bigdata_step47023_fixed,21,3,976,1000,976,0.976,0.1089106945456137,0.7817637812556548,1.0,6.0,0.6147540983606558,0.514974010673781
3pxf_3pxf_conf0,qwen_1p7b_fsq_bigdata_step47023_chembl_count,21,3,6,7,6,0.8571428571428571,0.2878919256564971,0.8279208991873805,1.0,2.0,33.333333333333336,0.9182958340544894
3qqs_3qqs_conf0,qwen_1p7b_fsq_bigdata_step47023_fixed,19,4,985,1000,985,0.985,0.1250157412019837,1.221008308403252,1.0,8.0,0.8121827411167513,0.8439581270233275
3qqs_3qqs_conf0,qwen_1p7b_fsq_bigdata_step47023_chembl_count,19,4,7,7,7,1.0,0.69770861083522,1.1994859166913965,1.0,3.0,42.85714285714285,0.8699155297736259
3rlr_3rlr_conf0,qwen_1p7b_fsq_bigdata_step47023_fixed,23,2,979,1000,979,0.979,0.1166506545186052,1.600541883514042,1.0,4.0,0.4085801838610827,0.7747516548228012
3rlr_3rlr_conf0,qwen_1p7b_fsq_bigdata_step47023_chembl_count,23,2,7,9,7,0.7777777777777778,0.438661564635683,1.2495753112684065,1.0,3.0,42.85714285714285,0.8699155297736259
3rsx_3rsx_conf0,qwen_1p7b_fsq_bigdata_step47023_fixed,16,2,1000,1000,1000,1.0,0.1007293009363163,0.7744227671752342,1.0,2.0,0.2,0.99440665256278
3rsx_3rsx_conf0,qwen_1p7b_fsq_bigdata_step47023_chembl_count,16,2,4,4,4,1.0,0.33924617765649,0.8904807870943412,1.0,1.0,25.0,0.0
3ryj_3ryj_conf0,qwen_1p7b_fsq_bigdata_step47023_fixed,18,4,998,1000,998,0.998,0.2604858960155517,0.9159660466340278,1.0,8.0,0.8016032064128257,0.7577950887445916
3ryj_3ryj_conf0,qwen_1p7b_fsq_bigdata_step47023_chembl_count,18,4,80,81,80,0.9876543209876544,0.3891794388514991,0.9892199595632984,1.0,4.0,5.0,0.8731976075871931
3syr_3syr_conf0,qwen_1p7b_fsq_bigdata_step47023_fixed,20,6,871,1000,871,0.871,0.2881683593128801,1.1651032588562102,1.0,19.0,2.1814006888633752,0.7925870193610344
3syr_3syr_conf0,qwen_1p7b_fsq_bigdata_step47023_chembl_count,20,6,106,122,106,0.8688524590163934,0.3148800688041825,1.2672454701637574,1.0,11.0,10.37735849056604,0.8484352797702094
3twp_3twp_conf0,qwen_1p7b_fsq_bigdata_step47023_fixed,10,2,1000,1000,1000,1.0,0.0864673344098836,0.1485971990899537,1.0,1.0,0.1,0.0
3twp_3twp_conf0,qwen_1p7b_fsq_bigdata_step47023_chembl_count,10,2,1,1,1,1.0,0.1316668193866149,0.1316668193866149,1.0,1.0,100.0,0.0
3u5j_3u5j_conf0,qwen_1p7b_fsq_bigdata_step47023_fixed,22,1,999,999,999,1.0,0.0856645837310894,1.3276219004394094,1.0,3.0,0.3003003003003003,0.6475748181346566
3u5j_3u5j_conf0,qwen_1p7b_fsq_bigdata_step47023_chembl_count,22,1,2,2,2,1.0,0.3652607670944118,0.5384153612404846,1.0,1.0,50.0,0.0
3u8n_3u8n_conf0,qwen_1p7b_fsq_bigdata_step47023_fixed,17,3,999,999,999,1.0,0.1504738391734096,0.8073203522289535,1.0,9.0,0.9009009009009008,0.5568737188710423
3u8n_3u8n_conf0,qwen_1p7b_fsq_bigdata_step47023_chembl_count,17,3,197,197,197,1.0,0.1504738391734096,0.809873531829097,1.0,5.0,2.538071065989848,0.7799685266453358
3uo4_3uo4_conf0,qwen_1p7b_fsq_bigdata_step47023_fixed,29,6,995,1000,995,0.995,0.4032574217847692,2.350743727956813,1.0,68.0,6.834170854271357,0.8865732947571539
3uo4_3uo4_conf0,qwen_1p7b_fsq_bigdata_step47023_chembl_count,29,6,26,26,26,1.0,0.7406977604246273,2.081163377457359,1.0,13.0,50.0,0.938943815534128
3up2_3up2_conf0,qwen_1p7b_fsq_bigdata_step47023_fixed,28,6,961,1000,961,0.961,0.2418089289176841,1.9829813420475155,1.0,74.0,7.700312174817898,0.8271836505862965
3up2_3up2_conf0,qwen_1p7b_fsq_bigdata_step47023_chembl_count,28,6,41,43,41,0.9534883720930232,0.3350624633634206,2.130098178779236,1.0,14.0,34.14634146341464,0.9101499736653976
3wtj_3wtj_conf0,qwen_1p7b_fsq_bigdata_step47023_fixed,16,2,997,999,997,0.997997997997998,0.1510479517979622,1.2451056962979823,1.0,10.0,1.0030090270812435,0.917365080486605
3wtj_3wtj_conf0,qwen_1p7b_fsq_bigdata_step47023_chembl_count,16,2,52,52,52,1.0,0.2110142905966301,1.316364177578079,1.0,7.0,13.461538461538462,0.9779894115063188
3zdg_3zdg_conf0,qwen_1p7b_fsq_bigdata_step47023_fixed,13,4,961,1000,961,0.961,0.3464808435255465,1.3809696838874148,1.0,28.0,2.91363163371488,0.899003126381742
3zdg_3zdg_conf0,qwen_1p7b_fsq_bigdata_step47023_chembl_count,13,4,190,199,190,0.9547738693467336,0.5350966628659659,1.3661559916714674,1.0,19.0,10.0,0.9079001891733162
4ddh_4ddh_conf0,qwen_1p7b_fsq_bigdata_step47023_fixed,15,3,1000,1000,1000,1.0,0.1243631236050342,0.8689835808363897,1.0,3.0,0.3,0.9937142577488334
4ddh_4ddh_conf0,qwen_1p7b_fsq_bigdata_step47023_chembl_count,15,3,2,2,2,1.0,0.6033430538926646,0.614342199607955,1.0,1.0,50.0,0.0
4ddk_4ddk_conf0,qwen_1p7b_fsq_bigdata_step47023_fixed,12,1,1000,1000,1000,1.0,0.0369876366568672,0.0942437701159728,1.0,1.0,0.1,0.0
4ddk_4ddk_conf0,qwen_1p7b_fsq_bigdata_step47023_chembl_count,12,1,1,1,1,1.0,0.1096583523733282,0.1096583523733282,1.0,1.0,100.0,0.0
4eor_4eor_conf0,qwen_1p7b_fsq_bigdata_step47023_fixed,28,7,998,1000,998,0.998,0.4119296914511399,1.5144503844788226,1.0,97.0,9.719438877755511,0.9059381537226908
4eor_4eor_conf0,qwen_1p7b_fsq_bigdata_step47023_chembl_count,28,7,200,200,200,1.0,0.6135874235906158,1.5185618888740908,1.0,54.0,27.0,0.9204409139216718
4f09_4f09_conf0,qwen_1p7b_fsq_bigdata_step47023_fixed,19,1,1000,1000,1000,1.0,0.0734409164509401,0.3299845937983668,1.0,3.0,0.3,0.1376231802865805
4f09_4f09_conf0,qwen_1p7b_fsq_bigdata_step47023_chembl_count,19,1,2,2,2,1.0,0.149952623510677,0.2232272036588106,1.0,1.0,50.0,0.0
4f2w_4f2w_conf0,qwen_1p7b_fsq_bigdata_step47023_fixed,20,6,997,1000,997,0.997,0.766021036249455,2.126283558425634,0.0,18.0,1.8054162487462384,0.1450977577011002
4f2w_4f2w_conf0,qwen_1p7b_fsq_bigdata_step47023_chembl_count,20,6,200,200,200,1.0,0.766021036249455,2.1211458748587635,0.0,9.0,4.5,0.2352249875619796
4f9w_4f9w_conf0,qwen_1p7b_fsq_bigdata_step47023_fixed,25,3,1000,1000,1000,1.0,0.1346653382901439,1.0963040688978842,1.0,4.0,0.4,0.961630373926924
4f9w_4f9w_conf0,qwen_1p7b_fsq_bigdata_step47023_chembl_count,25,3,4,4,4,1.0,0.3166922079467218,1.1665724303991327,1.0,4.0,100.0,1.0
4hge_4hge_conf0,qwen_1p7b_fsq_bigdata_step47023_fixed,25,3,960,1000,960,0.96,0.1449878981386875,2.0524343909731373,1.0,67.0,6.979166666666667,0.6567664516305735
4hge_4hge_conf0,qwen_1p7b_fsq_bigdata_step47023_chembl_count,25,3,36,36,36,1.0,0.379088618839636,2.049669092744542,1.0,14.0,38.888888888888886,0.8433091083296934
4j21_4j21_conf0,qwen_1p7b_fsq_bigdata_step47023_fixed,20,2,1000,1000,1000,1.0,0.0639796493692862,0.8706789927360687,1.0,3.0,0.3,0.8344894532577762
4j21_4j21_conf0,qwen_1p7b_fsq_bigdata_step47023_chembl_count,20,2,3,3,3,1.0,0.1162762471941373,0.2899881616849271,1.0,2.0,66.66666666666667,0.9182958340544894
4j3l_4j3l_conf0,qwen_1p7b_fsq_bigdata_step47023_fixed,26,5,1000,1000,1000,1.0,0.3878063419805179,1.510480603052283,1.0,22.0,2.2,0.928050065138021
4j3l_4j3l_conf0,qwen_1p7b_fsq_bigdata_step47023_chembl_count,26,5,114,114,114,1.0,0.4530024028110124,1.509103775479681,1.0,14.0,12.280701754385966,0.9036669762814268
4jsz_4jsz_conf0,qwen_1p7b_fsq_bigdata_step47023_fixed,10,2,1000,1000,1000,1.0,0.0821493132643628,0.4857329334951539,1.0,1.0,0.1,0.0
4jsz_4jsz_conf0,qwen_1p7b_fsq_bigdata_step47023_chembl_count,10,2,2,2,2,1.0,0.3858692478567789,0.4355204459365945,1.0,1.0,50.0,0.0
4jxs_4jxs_conf0,qwen_1p7b_fsq_bigdata_step47023_fixed,22,6,935,1000,935,0.935,0.3663482428773252,1.847349373060381,1.0,45.0,4.81283422459893,0.8851014184580346
4jxs_4jxs_conf0,qwen_1p7b_fsq_bigdata_step47023_chembl_count,22,6,28,32,28,0.875,0.6138223990863515,1.906771719504614,1.0,12.0,42.85714285714285,0.9352247841357968
4k18_4k18_conf0,qwen_1p7b_fsq_bigdata_step47023_fixed,29,5,996,1000,996,0.996,0.2417887798692563,1.8239054986569283,1.0,41.0,4.116465863453815,0.8466464042254302
4k18_4k18_conf0,qwen_1p7b_fsq_bigdata_step47023_chembl_count,29,5,109,109,109,1.0,0.2417887798692563,1.5124331054527955,1.0,17.0,15.596330275229358,0.8558686317272085
4k77_4k77_conf0,qwen_1p7b_fsq_bigdata_step47023_fixed,18,2,1000,1000,1000,1.0,0.0647817704104301,0.91522141258222,1.0,6.0,0.6,0.9198188282376982
4k77_4k77_conf0,qwen_1p7b_fsq_bigdata_step47023_chembl_count,18,2,5,5,5,1.0,0.1312631775237481,0.1926882608943559,1.0,3.0,60.0,0.8649735207179272
4kzq_4kzq_conf0,qwen_1p7b_fsq_bigdata_step47023_fixed,18,2,1000,1000,1000,1.0,0.0558639978112572,0.2050682738868728,1.0,1.0,0.1,0.0
4kzq_4kzq_conf0,qwen_1p7b_fsq_bigdata_step47023_chembl_count,18,2,6,6,6,1.0,0.1464999301682009,0.2272078308368786,1.0,1.0,16.666666666666668,0.0
4kzu_4kzu_conf0,qwen_1p7b_fsq_bigdata_step47023_fixed,18,1,1000,1000,1000,1.0,0.0727143378358644,0.2147633693383951,1.0,1.0,0.1,0.0
4kzu_4kzu_conf0,qwen_1p7b_fsq_bigdata_step47023_chembl_count,18,1,3,3,3,1.0,0.1202855608984674,0.2078284477480354,1.0,1.0,33.333333333333336,0.0
4llx_4llx_conf0,qwen_1p7b_fsq_bigdata_step47023_fixed,9,1,1000,1000,1000,1.0,0.0264434872926197,0.0397991842948886,1.0,1.0,0.1,0.0
4llx_4llx_conf0,qwen_1p7b_fsq_bigdata_step47023_chembl_count,9,1,1,1,1,1.0,0.0508122912817813,0.0508122912817813,1.0,1.0,100.0,0.0
4lzs_4lzs_conf0,qwen_1p7b_fsq_bigdata_step47023_fixed,15,3,1000,1000,1000,1.0,0.1958152749476205,1.0411101849196187,1.0,6.0,0.6,0.9696644808906038
4lzs_4lzs_conf0,qwen_1p7b_fsq_bigdata_step47023_chembl_count,15,3,12,12,12,1.0,0.6479969765801719,1.0452003253873303,1.0,2.0,16.666666666666668,1.0
4mgd_4mgd_conf0,qwen_1p7b_fsq_bigdata_step47023_fixed,19,4,999,1000,999,0.999,0.1030035127176258,0.6587612949271703,1.0,2.0,0.2002002002002002,0.6298850199279954
4mgd_4mgd_conf0,qwen_1p7b_fsq_bigdata_step47023_chembl_count,19,4,24,24,24,1.0,0.2076353948266334,0.6952577437085001,1.0,1.0,4.166666666666667,0.0
4ogj_4ogj_conf0,qwen_1p7b_fsq_bigdata_step47023_fixed,37,10,850,1000,850,0.85,0.7862543256355228,2.6430455126729666,0.0,449.0,52.8235294117647,0.9576708840494246
4ogj_4ogj_conf0,qwen_1p7b_fsq_bigdata_step47023_chembl_count,37,10,49,54,49,0.9074074074074074,1.002461637206797,2.72572697296016,0.0,48.0,97.95918367346938,0.998018073866184
5c28_5c28_conf0,qwen_1p7b_fsq_bigdata_step47023_fixed,12,2,1000,1000,1000,1.0,0.0420280261491185,0.5501961874226775,1.0,1.0,0.1,0.0
5c28_5c28_conf0,qwen_1p7b_fsq_bigdata_step47023_chembl_count,12,2,2,2,2,1.0,0.0529311050724234,0.2464730191492347,1.0,1.0,50.0,0.0
5c2h_5c2h_conf0,qwen_1p7b_fsq_bigdata_step47023_fixed,31,8,957,1000,957,0.957,0.9900071405905588,2.6469460337895963,0.0,577.0,60.29258098223615,0.9728991986381396
5c2h_5c2h_conf0,qwen_1p7b_fsq_bigdata_step47023_chembl_count,31,8,81,85,81,0.9529411764705882,1.4700604822119478,2.646007492575394,0.0,77.0,95.06172839506172,0.9958987002761076
