method,mol_id,casf_best_rmsd,greedy_clusters_0p5,post_pb_confs
rdkit_random_raw_fixed,1bcu_1bcu_conf0,0.0712157621564295,1.0,1000
rdkit_random_raw_chembl_count,1bcu_1bcu_conf0,0.0865935678932903,1.0,1
rdkit_random_minimized_fixed,1bcu_1bcu_conf0,0.0634948822603687,1.0,1000
rdkit_random_minimized_chembl_count,1bcu_1bcu_conf0,0.0671008938975808,1.0,1
torsion_raw_fixed,1bcu_1bcu_conf0,0.0664436352442721,1.0,1000
torsion_raw_chembl_count,1bcu_1bcu_conf0,0.0664436352442721,1.0,1
torsion_minimized_fixed,1bcu_1bcu_conf0,0.0634924977060413,1.0,1000
torsion_minimized_chembl_count,1bcu_1bcu_conf0,0.0651062735853778,1.0,1
rdkit_random_raw_fixed,1c5z_1c5z_conf0,0.1684517922902153,2.0,1000
rdkit_random_raw_chembl_count,1c5z_1c5z_conf0,0.1708354966461157,1.0,1
rdkit_random_minimized_fixed,1c5z_1c5z_conf0,0.3476708015116988,2.0,1000
rdkit_random_minimized_chembl_count,1c5z_1c5z_conf0,0.3477080997504604,1.0,1
torsion_raw_fixed,1c5z_1c5z_conf0,0.0261380618178228,2.0,1000
torsion_raw_chembl_count,1c5z_1c5z_conf0,0.5849723287023992,1.0,1
torsion_minimized_fixed,1c5z_1c5z_conf0,0.3476672273585811,2.0,1000
torsion_minimized_chembl_count,1c5z_1c5z_conf0,0.3476851264307825,1.0,1
rdkit_random_raw_fixed,1lpg_1lpg_conf0,0.9563817097902482,308.0,1000
rdkit_random_raw_chembl_count,1lpg_1lpg_conf0,1.4803773303507963,116.0,193
rdkit_random_minimized_fixed,1lpg_1lpg_conf0,1.5532986354834748,147.0,1000
rdkit_random_minimized_chembl_count,1lpg_1lpg_conf0,1.628633314764221,76.0,193
torsion_raw_fixed,1lpg_1lpg_conf0,0.9706682631938814,865.0,865
torsion_raw_chembl_count,1lpg_1lpg_conf0,0.9706682631938814,165.0,165
torsion_minimized_fixed,1lpg_1lpg_conf0,1.062582391340829,225.0,1000
torsion_minimized_chembl_count,1lpg_1lpg_conf0,1.496783745201535,96.0,193
rdkit_random_raw_fixed,1mq6_1mq6_conf0,1.0222095295189433,281.0,1000
rdkit_random_raw_chembl_count,1mq6_1mq6_conf0,1.2185386057017549,12.0,12
rdkit_random_minimized_fixed,1mq6_1mq6_conf0,0.8412425647601439,151.0,1000
rdkit_random_minimized_chembl_count,1mq6_1mq6_conf0,1.5091253685848076,12.0,12
torsion_raw_fixed,1mq6_1mq6_conf0,1.0780365010669115,855.0,855
torsion_raw_chembl_count,1mq6_1mq6_conf0,1.951105211763428,10.0,10
torsion_minimized_fixed,1mq6_1mq6_conf0,0.864152178875603,466.0,1000
torsion_minimized_chembl_count,1mq6_1mq6_conf0,1.4604013948830905,11.0,12
rdkit_random_raw_fixed,1nc3_1nc3_conf0,0.8438497530247542,17.0,1000
rdkit_random_raw_chembl_count,1nc3_1nc3_conf0,0.8612557286753005,15.0,196
rdkit_random_minimized_fixed,1nc3_1nc3_conf0,0.5330845386634275,16.0,1000
rdkit_random_minimized_chembl_count,1nc3_1nc3_conf0,0.5978371368289888,11.0,196
torsion_raw_fixed,1nc3_1nc3_conf0,0.4898155360717913,14.0,1000
torsion_raw_chembl_count,1nc3_1nc3_conf0,0.4898155360717913,10.0,196
torsion_minimized_fixed,1nc3_1nc3_conf0,0.5330569732683202,5.0,1000
torsion_minimized_chembl_count,1nc3_1nc3_conf0,0.5330690314516529,6.0,196
rdkit_random_raw_fixed,1o3f_1o3f_conf0,0.2204809495749321,5.0,1000
rdkit_random_raw_chembl_count,1o3f_1o3f_conf0,0.2322169824552314,4.0,31
rdkit_random_minimized_fixed,1o3f_1o3f_conf0,0.459854534973304,4.0,1000
rdkit_random_minimized_chembl_count,1o3f_1o3f_conf0,0.4601349188498289,3.0,31
torsion_raw_fixed,1o3f_1o3f_conf0,0.1817229227900666,18.0,979
torsion_raw_chembl_count,1o3f_1o3f_conf0,0.3583247521260614,13.0,31
torsion_minimized_fixed,1o3f_1o3f_conf0,0.4592391245922191,7.0,1000
torsion_minimized_chembl_count,1o3f_1o3f_conf0,0.4601689598530635,6.0,31
rdkit_random_raw_fixed,1o5b_1o5b_conf0,0.2016623670118301,1.0,1000
rdkit_random_raw_chembl_count,1o5b_1o5b_conf0,0.2113879953387311,1.0,1
rdkit_random_minimized_fixed,1o5b_1o5b_conf0,0.171936923256873,1.0,1000
rdkit_random_minimized_chembl_count,1o5b_1o5b_conf0,0.243537528792749,1.0,1
torsion_raw_fixed,1o5b_1o5b_conf0,0.0720044128837533,2.0,1000
torsion_raw_chembl_count,1o5b_1o5b_conf0,0.5749549602278331,1.0,1
torsion_minimized_fixed,1o5b_1o5b_conf0,0.1719388431148543,1.0,1000
torsion_minimized_chembl_count,1o5b_1o5b_conf0,0.1719467014533922,1.0,1
rdkit_random_raw_fixed,1owh_1owh_conf0,0.450478388155105,12.0,1000
rdkit_random_raw_chembl_count,1owh_1owh_conf0,0.5858170799563526,6.0,12
rdkit_random_minimized_fixed,1owh_1owh_conf0,0.2700515925613423,8.0,1000
rdkit_random_minimized_chembl_count,1owh_1owh_conf0,0.7440011103740356,6.0,12
torsion_raw_fixed,1owh_1owh_conf0,0.5501817030258629,222.0,981
torsion_raw_chembl_count,1owh_1owh_conf0,0.890844528338262,12.0,12
torsion_minimized_fixed,1owh_1owh_conf0,0.2700454889124792,14.0,1000
torsion_minimized_chembl_count,1owh_1owh_conf0,0.2702621051853779,6.0,12
rdkit_random_raw_fixed,1p1n_1p1n_conf0,0.2330087225931988,114.0,1000
rdkit_random_raw_chembl_count,1p1n_1p1n_conf0,0.3305761662418477,20.0,23
rdkit_random_minimized_fixed,1p1n_1p1n_conf0,0.9935372032947536,5.0,1000
rdkit_random_minimized_chembl_count,1p1n_1p1n_conf0,0.9935482045933406,5.0,23
torsion_raw_fixed,1p1n_1p1n_conf0,0.2794598003076076,51.0,707
torsion_raw_chembl_count,1p1n_1p1n_conf0,0.4280604550449477,11.0,17
torsion_minimized_fixed,1p1n_1p1n_conf0,0.993535677150604,2.0,1000
torsion_minimized_chembl_count,1p1n_1p1n_conf0,0.993549171501268,2.0,23
rdkit_random_raw_fixed,1pxn_1pxn_conf0,0.1529812697742953,70.0,1000
rdkit_random_raw_chembl_count,1pxn_1pxn_conf0,0.15976287239027,33.0,200
rdkit_random_minimized_fixed,1pxn_1pxn_conf0,0.7845257642434512,9.0,1000
rdkit_random_minimized_chembl_count,1pxn_1pxn_conf0,0.7847395777644876,8.0,200
torsion_raw_fixed,1pxn_1pxn_conf0,0.3996531937341228,107.0,1000
torsion_raw_chembl_count,1pxn_1pxn_conf0,0.4097856998480991,59.0,200
torsion_minimized_fixed,1pxn_1pxn_conf0,0.784285231963534,8.0,1000
torsion_minimized_chembl_count,1pxn_1pxn_conf0,0.7847450499964953,8.0,200
rdkit_random_raw_fixed,1sqa_1sqa_conf0,0.7602919969253246,39.0,1000
rdkit_random_raw_chembl_count,1sqa_1sqa_conf0,0.7602919969253246,24.0,200
rdkit_random_minimized_fixed,1sqa_1sqa_conf0,0.5517033300838461,13.0,1000
rdkit_random_minimized_chembl_count,1sqa_1sqa_conf0,0.5867549399909664,13.0,200
torsion_raw_fixed,1sqa_1sqa_conf0,0.7636399103880016,761.0,986
torsion_raw_chembl_count,1sqa_1sqa_conf0,0.7636399103880016,187.0,198
torsion_minimized_fixed,1sqa_1sqa_conf0,0.5517022305795901,51.0,1000
torsion_minimized_chembl_count,1sqa_1sqa_conf0,0.7397064461216152,38.0,200
rdkit_random_raw_fixed,1uto_1uto_conf0,0.1529298749843564,3.0,1000
rdkit_random_raw_chembl_count,1uto_1uto_conf0,0.2034127430319686,3.0,7
rdkit_random_minimized_fixed,1uto_1uto_conf0,0.1875726119535781,2.0,1000
rdkit_random_minimized_chembl_count,1uto_1uto_conf0,0.1876378836519705,2.0,7
torsion_raw_fixed,1uto_1uto_conf0,0.0609446885684811,6.0,991
torsion_raw_chembl_count,1uto_1uto_conf0,0.2256006549112407,2.0,7
torsion_minimized_fixed,1uto_1uto_conf0,0.1875982621470369,2.0,1000
torsion_minimized_chembl_count,1uto_1uto_conf0,0.1876279810914667,2.0,7
rdkit_random_raw_fixed,1yc1_1yc1_conf0,0.1872132312110739,40.0,1000
rdkit_random_raw_chembl_count,1yc1_1yc1_conf0,0.1979908708752402,26.0,168
rdkit_random_minimized_fixed,1yc1_1yc1_conf0,0.4186516987098924,16.0,1000
rdkit_random_minimized_chembl_count,1yc1_1yc1_conf0,0.4186545783318943,16.0,168
torsion_raw_fixed,1yc1_1yc1_conf0,0.402594086038592,68.0,808
torsion_raw_chembl_count,1yc1_1yc1_conf0,0.5021219853433959,48.0,141
torsion_minimized_fixed,1yc1_1yc1_conf0,0.4186552387433429,19.0,1000
torsion_minimized_chembl_count,1yc1_1yc1_conf0,0.418662888930806,19.0,168
rdkit_random_raw_fixed,1ydr_1ydr_conf0,0.4647276084715935,52.0,1000
rdkit_random_raw_chembl_count,1ydr_1ydr_conf0,0.6953714246301075,12.0,16
rdkit_random_minimized_fixed,1ydr_1ydr_conf0,0.4436469899519062,29.0,1000
rdkit_random_minimized_chembl_count,1ydr_1ydr_conf0,0.9396355184396212,12.0,16
torsion_raw_fixed,1ydr_1ydr_conf0,0.4224963494981155,26.0,774
torsion_raw_chembl_count,1ydr_1ydr_conf0,0.4633592175802288,9.0,14
torsion_minimized_fixed,1ydr_1ydr_conf0,0.4436443820093412,10.0,1000
torsion_minimized_chembl_count,1ydr_1ydr_conf0,0.4436658869693211,6.0,16
rdkit_random_raw_fixed,1ydt_1ydt_conf0,0.8528256956143284,602.0,998
rdkit_random_raw_chembl_count,1ydt_1ydt_conf0,1.0046384561556323,132.0,140
rdkit_random_minimized_fixed,1ydt_1ydt_conf0,0.7629276441903858,348.0,1000
rdkit_random_minimized_chembl_count,1ydt_1ydt_conf0,0.8731863765319583,110.0,140
torsion_raw_fixed,1ydt_1ydt_conf0,1.2125615704244168,764.0,788
torsion_raw_chembl_count,1ydt_1ydt_conf0,1.355316716420719,111.0,111
torsion_minimized_fixed,1ydt_1ydt_conf0,0.6772895831683583,411.0,1000
torsion_minimized_chembl_count,1ydt_1ydt_conf0,1.1450940199223971,109.0,140
rdkit_random_raw_fixed,1z6e_1z6e_conf0,0.5810799111462474,292.0,1000
rdkit_random_raw_chembl_count,1z6e_1z6e_conf0,0.6005818820276009,122.0,200
rdkit_random_minimized_fixed,1z6e_1z6e_conf0,1.1566465643826784,75.0,1000
rdkit_random_minimized_chembl_count,1z6e_1z6e_conf0,1.1566784184994974,57.0,200
torsion_raw_fixed,1z6e_1z6e_conf0,1.0068141707395175,810.0,829
torsion_raw_chembl_count,1z6e_1z6e_conf0,1.1118643334068636,164.0,164
torsion_minimized_fixed,1z6e_1z6e_conf0,1.156668152821925,119.0,1000
torsion_minimized_chembl_count,1z6e_1z6e_conf0,1.4506895254633714,69.0,200
rdkit_random_raw_fixed,1z95_1z95_conf0,0.7966315354430136,80.0,1000
rdkit_random_raw_chembl_count,1z95_1z95_conf0,0.9673514917644987,60.0,198
rdkit_random_minimized_fixed,1z95_1z95_conf0,1.2066854676161791,60.0,1000
rdkit_random_minimized_chembl_count,1z95_1z95_conf0,1.2066854676161791,50.0,198
torsion_raw_fixed,1z95_1z95_conf0,0.8502286252260343,840.0,894
torsion_raw_chembl_count,1z95_1z95_conf0,0.9328511603570732,182.0,182
torsion_minimized_fixed,1z95_1z95_conf0,0.654236192121516,100.0,1000
torsion_minimized_chembl_count,1z95_1z95_conf0,1.2066733128078395,62.0,198
rdkit_random_raw_fixed,1z9g_1z9g_conf0,0.4701382888557844,69.0,1000
rdkit_random_raw_chembl_count,1z9g_1z9g_conf0,0.5012835047838634,53.0,199
rdkit_random_minimized_fixed,1z9g_1z9g_conf0,0.9159199674831516,33.0,1000
rdkit_random_minimized_chembl_count,1z9g_1z9g_conf0,0.9159342745100704,28.0,199
torsion_raw_fixed,1z9g_1z9g_conf0,0.589757331096485,704.0,853
torsion_raw_chembl_count,1z9g_1z9g_conf0,0.6395461212561305,168.0,174
torsion_minimized_fixed,1z9g_1z9g_conf0,0.7505475624990713,86.0,1000
torsion_minimized_chembl_count,1z9g_1z9g_conf0,0.7505475624990713,62.0,199
rdkit_random_raw_fixed,2br1_2br1_conf0,0.5035323023544979,47.0,999
rdkit_random_raw_chembl_count,2br1_2br1_conf0,0.5035323023544979,31.0,200
rdkit_random_minimized_fixed,2br1_2br1_conf0,0.3002274105548072,34.0,1000
rdkit_random_minimized_chembl_count,2br1_2br1_conf0,0.3002284062374456,32.0,200
torsion_raw_fixed,2br1_2br1_conf0,0.5552543754641344,229.0,704
torsion_raw_chembl_count,2br1_2br1_conf0,0.5552543754641344,89.0,140
torsion_minimized_fixed,2br1_2br1_conf0,0.3002318189452692,44.0,1000
torsion_minimized_chembl_count,2br1_2br1_conf0,0.440222066053392,30.0,200
rdkit_random_raw_fixed,2brb_2brb_conf0,0.3238739048093821,18.0,1000
rdkit_random_raw_chembl_count,2brb_2brb_conf0,0.3238739048093821,11.0,200
rdkit_random_minimized_fixed,2brb_2brb_conf0,0.3121959168905623,17.0,1000
rdkit_random_minimized_chembl_count,2brb_2brb_conf0,0.3121959484500901,12.0,200
torsion_raw_fixed,2brb_2brb_conf0,0.3100352381277049,83.0,686
torsion_raw_chembl_count,2brb_2brb_conf0,0.3343806537705547,57.0,152
torsion_minimized_fixed,2brb_2brb_conf0,0.3121965321182757,16.0,1000
torsion_minimized_chembl_count,2brb_2brb_conf0,0.3122089974600392,16.0,200
rdkit_random_raw_fixed,2c3i_2c3i_conf0,0.5701115983053979,184.0,1000
rdkit_random_raw_chembl_count,2c3i_2c3i_conf0,0.5771749789595451,89.0,200
rdkit_random_minimized_fixed,2c3i_2c3i_conf0,0.4815263406455072,56.0,1000
rdkit_random_minimized_chembl_count,2c3i_2c3i_conf0,0.48153499347633,48.0,200
torsion_raw_fixed,2c3i_2c3i_conf0,0.5139992464589156,324.0,987
torsion_raw_chembl_count,2c3i_2c3i_conf0,0.5387242003270941,128.0,198
torsion_minimized_fixed,2c3i_2c3i_conf0,0.4815199140514209,47.0,1000
torsion_minimized_chembl_count,2c3i_2c3i_conf0,0.481529117167441,42.0,200
rdkit_random_raw_fixed,2fvd_2fvd_conf0,1.3166882044385098,215.0,1000
rdkit_random_raw_chembl_count,2fvd_2fvd_conf0,1.4532179413146822,105.0,200
rdkit_random_minimized_fixed,2fvd_2fvd_conf0,0.6400752051624249,185.0,1000
rdkit_random_minimized_chembl_count,2fvd_2fvd_conf0,0.6400752051624249,103.0,200
torsion_raw_fixed,2fvd_2fvd_conf0,0.9565083090530304,699.0,934
torsion_raw_chembl_count,2fvd_2fvd_conf0,1.1800975590751115,177.0,184
torsion_minimized_fixed,2fvd_2fvd_conf0,0.5609148759099188,127.0,1000
torsion_minimized_chembl_count,2fvd_2fvd_conf0,0.5609792486816269,78.0,200
rdkit_random_raw_fixed,2hb1_2hb1_conf0,0.1408389324830947,6.0,1000
rdkit_random_raw_chembl_count,2hb1_2hb1_conf0,0.1589918201284167,6.0,38
rdkit_random_minimized_fixed,2hb1_2hb1_conf0,0.7923538023511063,4.0,1000
rdkit_random_minimized_chembl_count,2hb1_2hb1_conf0,0.7932814520439762,3.0,38
torsion_raw_fixed,2hb1_2hb1_conf0,0.1942279121438819,60.0,945
torsion_raw_chembl_count,2hb1_2hb1_conf0,0.3871146026926221,22.0,35
torsion_minimized_fixed,2hb1_2hb1_conf0,0.6572616511674437,6.0,1000
torsion_minimized_chembl_count,2hb1_2hb1_conf0,0.7932744076499683,3.0,38
rdkit_random_raw_fixed,2p4y_2p4y_conf0,0.9972032980993948,243.0,1000
rdkit_random_raw_chembl_count,2p4y_2p4y_conf0,1.0463349865698148,100.0,174
rdkit_random_minimized_fixed,2p4y_2p4y_conf0,0.9929715380323504,163.0,1000
rdkit_random_minimized_chembl_count,2p4y_2p4y_conf0,1.244942746216014,71.0,174
torsion_raw_fixed,2p4y_2p4y_conf0,1.1348536998522791,669.0,678
torsion_raw_chembl_count,2p4y_2p4y_conf0,1.3582860395617344,126.0,126
torsion_minimized_fixed,2p4y_2p4y_conf0,1.128871760472666,155.0,1000
torsion_minimized_chembl_count,2p4y_2p4y_conf0,1.4637395938864275,64.0,174
rdkit_random_raw_fixed,2pog_2pog_conf0,0.3052717087060275,10.0,1000
rdkit_random_raw_chembl_count,2pog_2pog_conf0,0.4401380011079622,5.0,10
rdkit_random_minimized_fixed,2pog_2pog_conf0,0.2392934126366955,2.0,1000
rdkit_random_minimized_chembl_count,2pog_2pog_conf0,0.2416296416337113,2.0,10
torsion_raw_fixed,2pog_2pog_conf0,0.3330835986980298,2.0,1000
torsion_raw_chembl_count,2pog_2pog_conf0,0.3404686458373064,2.0,10
torsion_minimized_fixed,2pog_2pog_conf0,0.3593818724531392,1.0,1000
torsion_minimized_chembl_count,2pog_2pog_conf0,0.3594004619678073,1.0,10
rdkit_random_raw_fixed,2qbp_2qbp_conf0,1.1519778088103465,873.0,1000
rdkit_random_raw_chembl_count,2qbp_2qbp_conf0,1.1775771266877118,198.0,200
rdkit_random_minimized_fixed,2qbp_2qbp_conf0,1.116305774250312,445.0,1000
rdkit_random_minimized_chembl_count,2qbp_2qbp_conf0,1.1864268171069463,160.0,200
torsion_raw_fixed,2qbp_2qbp_conf0,0.6633413426666699,818.0,821
torsion_raw_chembl_count,2qbp_2qbp_conf0,1.0265213801260034,167.0,167
torsion_minimized_fixed,2qbp_2qbp_conf0,1.1219346281959293,239.0,1000
torsion_minimized_chembl_count,2qbp_2qbp_conf0,1.1222388249351247,95.0,200
rdkit_random_raw_fixed,2qbq_2qbq_conf0,0.6891662491594774,273.0,1000
rdkit_random_raw_chembl_count,2qbq_2qbq_conf0,0.8901826609383946,129.0,200
rdkit_random_minimized_fixed,2qbq_2qbq_conf0,0.8869884926447396,132.0,1000
rdkit_random_minimized_chembl_count,2qbq_2qbq_conf0,0.905451400647361,76.0,200
torsion_raw_fixed,2qbq_2qbq_conf0,0.6319998555415138,776.0,893
torsion_raw_chembl_count,2qbq_2qbq_conf0,1.0042472171396553,174.0,179
torsion_minimized_fixed,2qbq_2qbq_conf0,0.7712691705910087,60.0,1000
torsion_minimized_chembl_count,2qbq_2qbq_conf0,0.771430105405907,36.0,200
rdkit_random_raw_fixed,2qbr_2qbr_conf0,0.8946745215142713,74.0,1000
rdkit_random_raw_chembl_count,2qbr_2qbr_conf0,0.9238339662360928,60.0,200
rdkit_random_minimized_fixed,2qbr_2qbr_conf0,1.0346908940696438,30.0,1000
rdkit_random_minimized_chembl_count,2qbr_2qbr_conf0,1.0347868661461934,24.0,200
torsion_raw_fixed,2qbr_2qbr_conf0,0.8297704217099273,880.0,951
torsion_raw_chembl_count,2qbr_2qbr_conf0,0.8828577690770728,183.0,185
torsion_minimized_fixed,2qbr_2qbr_conf0,1.034816750460663,41.0,1000
torsion_minimized_chembl_count,2qbr_2qbr_conf0,1.034816750460663,32.0,200
rdkit_random_raw_fixed,2v00_2v00_conf0,0.104260899038528,12.0,1000
rdkit_random_raw_chembl_count,2v00_2v00_conf0,0.9586499037555832,9.0,30
rdkit_random_minimized_fixed,2v00_2v00_conf0,0.2757121150439258,9.0,1000
rdkit_random_minimized_chembl_count,2v00_2v00_conf0,0.2758817235095383,7.0,30
torsion_raw_fixed,2v00_2v00_conf0,0.1002056701677781,68.0,981
torsion_raw_chembl_count,2v00_2v00_conf0,0.3584528340770878,19.0,29
torsion_minimized_fixed,2v00_2v00_conf0,0.2750324946278917,10.0,1000
torsion_minimized_chembl_count,2v00_2v00_conf0,0.2760171300965682,8.0,30
rdkit_random_raw_fixed,2wn9_2wn9_conf0,0.5107203241223529,24.0,999
rdkit_random_raw_chembl_count,2wn9_2wn9_conf0,0.7867245727993528,16.0,71
rdkit_random_minimized_fixed,2wn9_2wn9_conf0,0.6803863056555408,11.0,997
rdkit_random_minimized_chembl_count,2wn9_2wn9_conf0,0.6804181456181779,8.0,71
torsion_raw_fixed,2wn9_2wn9_conf0,0.2177652400391704,32.0,545
torsion_raw_chembl_count,2wn9_2wn9_conf0,0.5683871646324411,15.0,33
torsion_minimized_fixed,2wn9_2wn9_conf0,0.6803694317565281,8.0,1000
torsion_minimized_chembl_count,2wn9_2wn9_conf0,0.680406741628771,7.0,71
rdkit_random_raw_fixed,2wtv_2wtv_conf0,0.296373626594135,47.0,1000
rdkit_random_raw_chembl_count,2wtv_2wtv_conf0,0.3262985633267861,25.0,110
rdkit_random_minimized_fixed,2wtv_2wtv_conf0,0.4588460253561616,4.0,1000
rdkit_random_minimized_chembl_count,2wtv_2wtv_conf0,0.4588699181126021,4.0,110
torsion_raw_fixed,2wtv_2wtv_conf0,2.271845554634928,59.0,847
torsion_raw_chembl_count,2wtv_2wtv_conf0,2.2846770514470123,31.0,94
torsion_minimized_fixed,2wtv_2wtv_conf0,2.4665806544544435,2.0,1000
torsion_minimized_chembl_count,2wtv_2wtv_conf0,2.4665806544544435,2.0,110
rdkit_random_raw_fixed,2xdl_2xdl_conf0,0.3096540045066942,30.0,1000
rdkit_random_raw_chembl_count,2xdl_2xdl_conf0,0.370939248129402,16.0,58
rdkit_random_minimized_fixed,2xdl_2xdl_conf0,0.5506375680582487,11.0,1000
rdkit_random_minimized_chembl_count,2xdl_2xdl_conf0,0.5506526313742812,9.0,58
torsion_raw_fixed,2xdl_2xdl_conf0,0.3956462682704062,129.0,689
torsion_raw_chembl_count,2xdl_2xdl_conf0,0.604391708067651,28.0,39
torsion_minimized_fixed,2xdl_2xdl_conf0,0.5371099217176507,16.0,1000
torsion_minimized_chembl_count,2xdl_2xdl_conf0,0.5506546151871585,12.0,58
rdkit_random_raw_fixed,2xnb_2xnb_conf0,0.13492886034394,93.0,1000
rdkit_random_raw_chembl_count,2xnb_2xnb_conf0,0.1751377341058096,32.0,79
rdkit_random_minimized_fixed,2xnb_2xnb_conf0,0.6794931188389487,27.0,1000
rdkit_random_minimized_chembl_count,2xnb_2xnb_conf0,0.6795937489382075,18.0,79
torsion_raw_fixed,2xnb_2xnb_conf0,0.4032394113188348,171.0,1000
torsion_raw_chembl_count,2xnb_2xnb_conf0,0.5005665257798663,54.0,79
torsion_minimized_fixed,2xnb_2xnb_conf0,0.7072322915252486,17.0,1000
torsion_minimized_chembl_count,2xnb_2xnb_conf0,0.7516492810085998,12.0,79
rdkit_random_raw_fixed,2yfe_2yfe_conf0,0.6024055899834407,109.0,999
rdkit_random_raw_chembl_count,2yfe_2yfe_conf0,0.8949070957370927,57.0,155
rdkit_random_minimized_fixed,2yfe_2yfe_conf0,0.7415206653219109,31.0,1000
rdkit_random_minimized_chembl_count,2yfe_2yfe_conf0,0.7416381129378262,23.0,155
torsion_raw_fixed,2yfe_2yfe_conf0,0.471382766670448,669.0,921
torsion_raw_chembl_count,2yfe_2yfe_conf0,0.471382766670448,138.0,144
torsion_minimized_fixed,2yfe_2yfe_conf0,0.5058536190828996,42.0,1000
torsion_minimized_chembl_count,2yfe_2yfe_conf0,0.7416443256502462,29.0,155
rdkit_random_raw_fixed,2ymd_2ymd_conf0,0.1920046629851774,9.0,1000
rdkit_random_raw_chembl_count,2ymd_2ymd_conf0,0.2904833352017715,7.0,30
rdkit_random_minimized_fixed,2ymd_2ymd_conf0,0.2523545554661551,4.0,1000
rdkit_random_minimized_chembl_count,2ymd_2ymd_conf0,0.2523663154646459,4.0,30
torsion_raw_fixed,2ymd_2ymd_conf0,0.098292028709117,7.0,902
torsion_raw_chembl_count,2ymd_2ymd_conf0,0.2439477573172211,6.0,29
torsion_minimized_fixed,2ymd_2ymd_conf0,0.2523525967483087,4.0,1000
torsion_minimized_chembl_count,2ymd_2ymd_conf0,0.2523747611932411,3.0,30
rdkit_random_raw_fixed,2zb1_2zb1_conf0,0.4228250388323001,38.0,1000
rdkit_random_raw_chembl_count,2zb1_2zb1_conf0,0.4228250388323001,34.0,200
rdkit_random_minimized_fixed,2zb1_2zb1_conf0,0.3052357728288278,18.0,1000
rdkit_random_minimized_chembl_count,2zb1_2zb1_conf0,0.5203275110394457,16.0,200
torsion_raw_fixed,2zb1_2zb1_conf0,0.6101365723974032,460.0,817
torsion_raw_chembl_count,2zb1_2zb1_conf0,0.6101365723974032,143.0,168
torsion_minimized_fixed,2zb1_2zb1_conf0,0.3052604791840753,46.0,1000
torsion_minimized_chembl_count,2zb1_2zb1_conf0,0.3052604791840753,33.0,200
rdkit_random_raw_fixed,2zcq_2zcq_conf0,0.2426540283646076,308.0,1000
rdkit_random_raw_chembl_count,2zcq_2zcq_conf0,0.2651341806510909,58.0,67
rdkit_random_minimized_fixed,2zcq_2zcq_conf0,0.6720938714229685,149.0,1000
rdkit_random_minimized_chembl_count,2zcq_2zcq_conf0,1.0979728288749555,44.0,67
torsion_raw_fixed,2zcq_2zcq_conf0,0.8103380573964984,656.0,676
torsion_raw_chembl_count,2zcq_2zcq_conf0,1.099440775222908,42.0,42
torsion_minimized_fixed,2zcq_2zcq_conf0,0.6721067958400799,171.0,999
torsion_minimized_chembl_count,2zcq_2zcq_conf0,1.1533233486713383,48.0,67
rdkit_random_raw_fixed,2zcr_2zcr_conf0,0.9780134132022136,403.0,1000
rdkit_random_raw_chembl_count,2zcr_2zcr_conf0,1.1745268906277684,51.0,60
rdkit_random_minimized_fixed,2zcr_2zcr_conf0,0.6214421693896194,244.0,1000
rdkit_random_minimized_chembl_count,2zcr_2zcr_conf0,0.6973731750536825,48.0,60
torsion_raw_fixed,2zcr_2zcr_conf0,0.6712062981741994,881.0,890
torsion_raw_chembl_count,2zcr_2zcr_conf0,0.7030537352224999,53.0,53
torsion_minimized_fixed,2zcr_2zcr_conf0,0.6212282495683368,261.0,1000
torsion_minimized_chembl_count,2zcr_2zcr_conf0,0.8822795404960087,52.0,60
rdkit_random_raw_fixed,2zy1_2zy1_conf0,0.87429463956017,652.0,1000
rdkit_random_raw_chembl_count,2zy1_2zy1_conf0,0.9966639328602294,91.0,94
rdkit_random_minimized_fixed,2zy1_2zy1_conf0,0.9462220128765476,210.0,1000
rdkit_random_minimized_chembl_count,2zy1_2zy1_conf0,1.1910553311858536,59.0,94
torsion_raw_fixed,2zy1_2zy1_conf0,0.9794426058673,735.0,741
torsion_raw_chembl_count,2zy1_2zy1_conf0,1.3405906953293556,71.0,72
torsion_minimized_fixed,2zy1_2zy1_conf0,0.946216518420826,280.0,1000
torsion_minimized_chembl_count,2zy1_2zy1_conf0,0.946216518420826,70.0,94
rdkit_random_raw_fixed,3aru_3aru_conf0,0.26201561457946,148.0,1000
rdkit_random_raw_chembl_count,3aru_3aru_conf0,0.6240356690609564,70.0,124
rdkit_random_minimized_fixed,3aru_3aru_conf0,0.43301310695807,103.0,1000
rdkit_random_minimized_chembl_count,3aru_3aru_conf0,0.4378540076490962,67.0,124
torsion_raw_fixed,3aru_3aru_conf0,0.5599567628907,327.0,980
torsion_raw_chembl_count,3aru_3aru_conf0,0.7221165488385493,90.0,120
torsion_minimized_fixed,3aru_3aru_conf0,0.4330316587706743,92.0,1000
torsion_minimized_chembl_count,3aru_3aru_conf0,0.4330634397587333,47.0,124
rdkit_random_raw_fixed,3ary_3ary_conf0,0.1782403600396325,10.0,1000
rdkit_random_raw_chembl_count,3ary_3ary_conf0,0.3619901384693651,2.0,3
rdkit_random_minimized_fixed,3ary_3ary_conf0,0.5300932622091463,4.0,1000
rdkit_random_minimized_chembl_count,3ary_3ary_conf0,0.959874182696502,2.0,3
torsion_raw_fixed,3ary_3ary_conf0,0.4336859612602839,9.0,1000
torsion_raw_chembl_count,3ary_3ary_conf0,0.7481680728612773,3.0,3
torsion_minimized_fixed,3ary_3ary_conf0,0.5301003809666698,4.0,1000
torsion_minimized_chembl_count,3ary_3ary_conf0,1.0237439699870172,2.0,3
rdkit_random_raw_fixed,3b27_3b27_conf0,0.6842338689599488,9.0,1000
rdkit_random_raw_chembl_count,3b27_3b27_conf0,0.9464768179999687,3.0,9
rdkit_random_minimized_fixed,3b27_3b27_conf0,0.2194381062333285,8.0,1000
rdkit_random_minimized_chembl_count,3b27_3b27_conf0,0.2197113919708617,6.0,9
torsion_raw_fixed,3b27_3b27_conf0,0.0951084970866549,15.0,1000
torsion_raw_chembl_count,3b27_3b27_conf0,0.1701900469481881,6.0,9
torsion_minimized_fixed,3b27_3b27_conf0,0.219014866825935,8.0,1000
torsion_minimized_chembl_count,3b27_3b27_conf0,0.2197153140117604,4.0,9
rdkit_random_raw_fixed,3b5r_3b5r_conf0,0.4205590610756788,173.0,1000
rdkit_random_raw_chembl_count,3b5r_3b5r_conf0,0.7140696123416347,95.0,200
rdkit_random_minimized_fixed,3b5r_3b5r_conf0,0.7039715598628918,70.0,1000
rdkit_random_minimized_chembl_count,3b5r_3b5r_conf0,0.7041395882860233,53.0,200
torsion_raw_fixed,3b5r_3b5r_conf0,0.8321334986151974,868.0,914
torsion_raw_chembl_count,3b5r_3b5r_conf0,1.1150458770781555,185.0,188
torsion_minimized_fixed,3b5r_3b5r_conf0,0.7041339225150198,106.0,1000
torsion_minimized_chembl_count,3b5r_3b5r_conf0,0.7041612017955824,58.0,200
rdkit_random_raw_fixed,3b65_3b65_conf0,0.3921997409830073,100.0,1000
rdkit_random_raw_chembl_count,3b65_3b65_conf0,0.5535709657680523,72.0,200
rdkit_random_minimized_fixed,3b65_3b65_conf0,0.6765196687251862,30.0,1000
rdkit_random_minimized_chembl_count,3b65_3b65_conf0,0.6767091963925367,27.0,200
torsion_raw_fixed,3b65_3b65_conf0,0.7321842322536546,775.0,898
torsion_raw_chembl_count,3b65_3b65_conf0,0.9357598080991252,176.0,178
torsion_minimized_fixed,3b65_3b65_conf0,0.6767215488471046,59.0,1000
torsion_minimized_chembl_count,3b65_3b65_conf0,0.818884946550518,38.0,200
rdkit_random_raw_fixed,3bgz_3bgz_conf0,0.2512586217422324,3.0,1000
rdkit_random_raw_chembl_count,3bgz_3bgz_conf0,0.2782352592157429,3.0,10
rdkit_random_minimized_fixed,3bgz_3bgz_conf0,0.183212119255803,2.0,1000
rdkit_random_minimized_chembl_count,3bgz_3bgz_conf0,0.183239856042759,2.0,10
torsion_raw_fixed,3bgz_3bgz_conf0,0.1927038502494418,9.0,788
torsion_raw_chembl_count,3bgz_3bgz_conf0,0.4428151551631586,4.0,8
torsion_minimized_fixed,3bgz_3bgz_conf0,0.1832363604786022,2.0,1000
torsion_minimized_chembl_count,3bgz_3bgz_conf0,0.1832600294365028,2.0,10
rdkit_random_raw_fixed,3cj4_3cj4_conf0,0.9232326822775736,168.0,1000
rdkit_random_raw_chembl_count,3cj4_3cj4_conf0,0.9232326822775736,91.0,199
rdkit_random_minimized_fixed,3cj4_3cj4_conf0,0.921481222239834,51.0,1000
rdkit_random_minimized_chembl_count,3cj4_3cj4_conf0,1.0262066952382212,36.0,199
torsion_raw_fixed,3cj4_3cj4_conf0,0.790056148800863,767.0,845
torsion_raw_chembl_count,3cj4_3cj4_conf0,0.790056148800863,166.0,167
torsion_minimized_fixed,3cj4_3cj4_conf0,0.8613170620867767,64.0,1000
torsion_minimized_chembl_count,3cj4_3cj4_conf0,0.8613204527798934,41.0,199
rdkit_random_raw_fixed,3dd0_3dd0_conf0,0.3385208616626852,12.0,1000
rdkit_random_raw_chembl_count,3dd0_3dd0_conf0,0.3385208616626852,9.0,51
rdkit_random_minimized_fixed,3dd0_3dd0_conf0,0.5279514540763756,9.0,1000
rdkit_random_minimized_chembl_count,3dd0_3dd0_conf0,0.5279751901166909,4.0,51
torsion_raw_fixed,3dd0_3dd0_conf0,0.3916496458569065,29.0,956
torsion_raw_chembl_count,3dd0_3dd0_conf0,0.532773859240657,14.0,50
torsion_minimized_fixed,3dd0_3dd0_conf0,0.5279659869809529,7.0,1000
torsion_minimized_chembl_count,3dd0_3dd0_conf0,0.5412832767759662,6.0,51
rdkit_random_raw_fixed,3e92_3e92_conf0,0.3520442249466634,8.0,1000
rdkit_random_raw_chembl_count,3e92_3e92_conf0,0.3937247587134371,8.0,134
rdkit_random_minimized_fixed,3e92_3e92_conf0,0.4467798707183251,9.0,1000
rdkit_random_minimized_chembl_count,3e92_3e92_conf0,0.4469663760600526,8.0,134
torsion_raw_fixed,3e92_3e92_conf0,1.0365097251281554,236.0,757
torsion_raw_chembl_count,3e92_3e92_conf0,1.0365097251281554,59.0,95
torsion_minimized_fixed,3e92_3e92_conf0,0.3365343027601835,40.0,1000
torsion_minimized_chembl_count,3e92_3e92_conf0,0.4470036103534517,30.0,134
rdkit_random_raw_fixed,3e93_3e93_conf0,0.7038087412358562,233.0,1000
rdkit_random_raw_chembl_count,3e93_3e93_conf0,0.7827877040598269,103.0,200
rdkit_random_minimized_fixed,3e93_3e93_conf0,0.7107752674395759,74.0,1000
rdkit_random_minimized_chembl_count,3e93_3e93_conf0,0.931211849681589,55.0,200
torsion_raw_fixed,3e93_3e93_conf0,0.6841941863403769,696.0,761
torsion_raw_chembl_count,3e93_3e93_conf0,0.9432448495019536,143.0,151
torsion_minimized_fixed,3e93_3e93_conf0,0.7250784953047776,69.0,1000
torsion_minimized_chembl_count,3e93_3e93_conf0,0.7389313754996689,43.0,200
rdkit_random_raw_fixed,3ehy_3ehy_conf0,0.3710062285277666,8.0,1000
rdkit_random_raw_chembl_count,3ehy_3ehy_conf0,0.3735564287928631,7.0,25
rdkit_random_minimized_fixed,3ehy_3ehy_conf0,0.550157337633,3.0,1000
rdkit_random_minimized_chembl_count,3ehy_3ehy_conf0,0.5501690342212117,3.0,25
torsion_raw_fixed,3ehy_3ehy_conf0,0.4903527180508524,176.0,831
torsion_raw_chembl_count,3ehy_3ehy_conf0,1.0570963508055882,20.0,23
torsion_minimized_fixed,3ehy_3ehy_conf0,0.5501593698075283,10.0,999
torsion_minimized_chembl_count,3ehy_3ehy_conf0,0.5501760534089474,7.0,25
rdkit_random_raw_fixed,3fcq_3fcq_conf0,0.345966630674021,2.0,1000
rdkit_random_raw_chembl_count,3fcq_3fcq_conf0,1.101660081564769,1.0,2
rdkit_random_minimized_fixed,3fcq_3fcq_conf0,0.4975814863928876,2.0,1000
rdkit_random_minimized_chembl_count,3fcq_3fcq_conf0,0.4977149081566215,2.0,2
torsion_raw_fixed,3fcq_3fcq_conf0,0.1207263400857972,21.0,789
torsion_raw_chembl_count,3fcq_3fcq_conf0,1.0646868216064982,1.0,1
torsion_minimized_fixed,3fcq_3fcq_conf0,0.4976687353546947,4.0,1000
torsion_minimized_chembl_count,3fcq_3fcq_conf0,0.4977154307180254,1.0,2
rdkit_random_raw_fixed,3fur_3fur_conf0,0.530443617881331,102.0,1000
rdkit_random_raw_chembl_count,3fur_3fur_conf0,0.5881743199252898,47.0,86
rdkit_random_minimized_fixed,3fur_3fur_conf0,1.0500660250452,49.0,1000
rdkit_random_minimized_chembl_count,3fur_3fur_conf0,1.0759881275280263,32.0,86
torsion_raw_fixed,3fur_3fur_conf0,0.3517626893843607,642.0,917
torsion_raw_chembl_count,3fur_3fur_conf0,0.9742438133329634,76.0,78
torsion_minimized_fixed,3fur_3fur_conf0,1.0759849205736238,67.0,1000
torsion_minimized_chembl_count,3fur_3fur_conf0,1.0759910309486331,36.0,86
rdkit_random_raw_fixed,3g2z_3g2z_conf0,0.2669879266353687,21.0,1000
rdkit_random_raw_chembl_count,3g2z_3g2z_conf0,0.8265256688416075,3.0,6
rdkit_random_minimized_fixed,3g2z_3g2z_conf0,0.2412741402779965,4.0,1000
rdkit_random_minimized_chembl_count,3g2z_3g2z_conf0,0.2412944371920495,3.0,6
torsion_raw_fixed,3g2z_3g2z_conf0,0.254589500881915,7.0,1000
torsion_raw_chembl_count,3g2z_3g2z_conf0,0.5503836329162433,2.0,6
torsion_minimized_fixed,3g2z_3g2z_conf0,0.2907900281290815,2.0,1000
torsion_minimized_chembl_count,3g2z_3g2z_conf0,0.2907999196152591,1.0,6
rdkit_random_raw_fixed,3g31_3g31_conf0,0.3035649354646825,10.0,1000
rdkit_random_raw_chembl_count,3g31_3g31_conf0,0.4253493488854954,1.0,2
rdkit_random_minimized_fixed,3g31_3g31_conf0,0.2195104557877605,2.0,1000
rdkit_random_minimized_chembl_count,3g31_3g31_conf0,0.2195349203335016,1.0,2
torsion_raw_fixed,3g31_3g31_conf0,0.0676192111017285,8.0,1000
torsion_raw_chembl_count,3g31_3g31_conf0,0.3157027331462591,2.0,2
torsion_minimized_fixed,3g31_3g31_conf0,0.2195136296813761,2.0,1000
torsion_minimized_chembl_count,3g31_3g31_conf0,0.2195499337945944,2.0,2
rdkit_random_raw_fixed,3gy4_3gy4_conf0,0.0986299497538523,2.0,1000
rdkit_random_raw_chembl_count,3gy4_3gy4_conf0,0.1034994077455585,1.0,1
rdkit_random_minimized_fixed,3gy4_3gy4_conf0,0.2687584310284616,2.0,1000
rdkit_random_minimized_chembl_count,3gy4_3gy4_conf0,0.5180573152960599,1.0,1
torsion_raw_fixed,3gy4_3gy4_conf0,0.0345415201957312,2.0,1000
torsion_raw_chembl_count,3gy4_3gy4_conf0,0.0376998558792912,1.0,1
torsion_minimized_fixed,3gy4_3gy4_conf0,0.2687610594238147,2.0,1000
torsion_minimized_chembl_count,3gy4_3gy4_conf0,0.5180469420866858,1.0,1
rdkit_random_raw_fixed,3jvs_3jvs_conf0,1.0360317469135778,26.0,1000
rdkit_random_raw_chembl_count,3jvs_3jvs_conf0,1.048578498943231,13.0,40
rdkit_random_minimized_fixed,3jvs_3jvs_conf0,1.5220447815722904,9.0,1000
rdkit_random_minimized_chembl_count,3jvs_3jvs_conf0,1.5222781496981963,8.0,40
torsion_raw_fixed,3jvs_3jvs_conf0,0.8310299721608663,875.0,897
torsion_raw_chembl_count,3jvs_3jvs_conf0,0.925743445404703,34.0,34
torsion_minimized_fixed,3jvs_3jvs_conf0,0.6612133419235041,110.0,1000
torsion_minimized_chembl_count,3jvs_3jvs_conf0,1.7476457608046227,19.0,40
rdkit_random_raw_fixed,3k5v_3k5v_conf0,0.4990378535639741,121.0,1000
rdkit_random_raw_chembl_count,3k5v_3k5v_conf0,0.5613690909082011,69.0,200
rdkit_random_minimized_fixed,3k5v_3k5v_conf0,0.6123336990021576,62.0,1000
rdkit_random_minimized_chembl_count,3k5v_3k5v_conf0,0.6123394965887637,47.0,200
torsion_raw_fixed,3k5v_3k5v_conf0,0.3774691314754164,563.0,1000
torsion_raw_chembl_count,3k5v_3k5v_conf0,0.3774691314754164,167.0,200
torsion_minimized_fixed,3k5v_3k5v_conf0,0.6123273435143741,60.0,1000
torsion_minimized_chembl_count,3k5v_3k5v_conf0,0.6123273435143741,46.0,200
rdkit_random_raw_fixed,3kgp_3kgp_conf0,0.2828791090115245,1.0,1000
rdkit_random_raw_chembl_count,3kgp_3kgp_conf0,0.3193664164529984,1.0,1
rdkit_random_minimized_fixed,3kgp_3kgp_conf0,0.3340192761636012,1.0,1000
rdkit_random_minimized_chembl_count,3kgp_3kgp_conf0,0.3340500610775644,1.0,1
torsion_raw_fixed,3kgp_3kgp_conf0,0.1032336046668171,3.0,1000
torsion_raw_chembl_count,3kgp_3kgp_conf0,0.1972588141602993,1.0,1
torsion_minimized_fixed,3kgp_3kgp_conf0,0.3340188759587906,1.0,1000
torsion_minimized_chembl_count,3kgp_3kgp_conf0,0.3340549497712207,1.0,1
rdkit_random_raw_fixed,3lka_3lka_conf0,0.1915476962807628,2.0,1000
rdkit_random_raw_chembl_count,3lka_3lka_conf0,0.218933184306385,2.0,4
rdkit_random_minimized_fixed,3lka_3lka_conf0,0.1874304430607938,2.0,1000
rdkit_random_minimized_chembl_count,3lka_3lka_conf0,0.187589208775275,2.0,4
torsion_raw_fixed,3lka_3lka_conf0,0.1085083467437948,6.0,1000
torsion_raw_chembl_count,3lka_3lka_conf0,0.5261725822791573,4.0,4
torsion_minimized_fixed,3lka_3lka_conf0,0.1875449716256703,2.0,1000
torsion_minimized_chembl_count,3lka_3lka_conf0,0.1875671625623699,2.0,4
rdkit_random_raw_fixed,3nx7_3nx7_conf0,0.5027624593039076,79.0,1000
rdkit_random_raw_chembl_count,3nx7_3nx7_conf0,0.6526571262168755,44.0,111
rdkit_random_minimized_fixed,3nx7_3nx7_conf0,0.4215366491467428,118.0,1000
rdkit_random_minimized_chembl_count,3nx7_3nx7_conf0,0.6054005484799609,54.0,111
torsion_raw_fixed,3nx7_3nx7_conf0,0.5642940577528988,481.0,542
torsion_raw_chembl_count,3nx7_3nx7_conf0,0.7168466878600221,62.0,62
torsion_minimized_fixed,3nx7_3nx7_conf0,0.3318952383301703,218.0,1000
torsion_minimized_chembl_count,3nx7_3nx7_conf0,0.5957206339705492,61.0,111
rdkit_random_raw_fixed,3pxf_3pxf_conf0,0.4591380139923289,5.0,1000
rdkit_random_raw_chembl_count,3pxf_3pxf_conf0,0.524632702491201,4.0,7
rdkit_random_minimized_fixed,3pxf_3pxf_conf0,0.3593728073762157,2.0,1000
rdkit_random_minimized_chembl_count,3pxf_3pxf_conf0,0.3595107717587861,2.0,7
torsion_raw_fixed,3pxf_3pxf_conf0,0.1281227899904701,9.0,766
torsion_raw_chembl_count,3pxf_3pxf_conf0,0.5184165834904346,4.0,6
torsion_minimized_fixed,3pxf_3pxf_conf0,0.3594669624045983,2.0,1000
torsion_minimized_chembl_count,3pxf_3pxf_conf0,0.35952237793723,2.0,7
rdkit_random_raw_fixed,3qqs_3qqs_conf0,0.3565006216324878,7.0,1000
rdkit_random_raw_chembl_count,3qqs_3qqs_conf0,1.0700429979277175,4.0,7
rdkit_random_minimized_fixed,3qqs_3qqs_conf0,0.7868880349065662,4.0,1000
rdkit_random_minimized_chembl_count,3qqs_3qqs_conf0,1.4943427590594336,3.0,7
torsion_raw_fixed,3qqs_3qqs_conf0,0.2042694347083224,46.0,991
torsion_raw_chembl_count,3qqs_3qqs_conf0,0.3965474675412007,5.0,7
torsion_minimized_fixed,3qqs_3qqs_conf0,0.7879815926938948,4.0,1000
torsion_minimized_chembl_count,3qqs_3qqs_conf0,1.4943134705062209,3.0,7
rdkit_random_raw_fixed,3rlr_3rlr_conf0,0.200814938310876,4.0,1000
rdkit_random_raw_chembl_count,3rlr_3rlr_conf0,0.4964224691097297,3.0,9
rdkit_random_minimized_fixed,3rlr_3rlr_conf0,0.1844710994466607,2.0,1000
rdkit_random_minimized_chembl_count,3rlr_3rlr_conf0,0.1850280880531715,2.0,9
torsion_raw_fixed,3rlr_3rlr_conf0,0.1728668851686286,7.0,996
torsion_raw_chembl_count,3rlr_3rlr_conf0,0.2132655351041814,4.0,9
torsion_minimized_fixed,3rlr_3rlr_conf0,0.1844406940613688,4.0,1000
torsion_minimized_chembl_count,3rlr_3rlr_conf0,0.1845901533439713,2.0,9
rdkit_random_raw_fixed,3rsx_3rsx_conf0,0.0844898301135599,3.0,1000
rdkit_random_raw_chembl_count,3rsx_3rsx_conf0,0.7689785037766502,1.0,4
rdkit_random_minimized_fixed,3rsx_3rsx_conf0,0.115760900904653,4.0,1000
rdkit_random_minimized_chembl_count,3rsx_3rsx_conf0,0.1157887507391675,4.0,4
torsion_raw_fixed,3rsx_3rsx_conf0,0.389225613741207,3.0,1000
torsion_raw_chembl_count,3rsx_3rsx_conf0,0.8204715961211038,2.0,4
torsion_minimized_fixed,3rsx_3rsx_conf0,0.1157742605860168,4.0,1000
torsion_minimized_chembl_count,3rsx_3rsx_conf0,0.6907387574938822,2.0,4
rdkit_random_raw_fixed,3ryj_3ryj_conf0,0.6128933388274072,6.0,1000
rdkit_random_raw_chembl_count,3ryj_3ryj_conf0,0.6166646691864084,6.0,81
rdkit_random_minimized_fixed,3ryj_3ryj_conf0,0.4901079269616474,8.0,1000
rdkit_random_minimized_chembl_count,3ryj_3ryj_conf0,0.4901151055765885,6.0,81
torsion_raw_fixed,3ryj_3ryj_conf0,0.2774409100005842,227.0,999
torsion_raw_chembl_count,3ryj_3ryj_conf0,0.471488347433082,53.0,81
torsion_minimized_fixed,3ryj_3ryj_conf0,0.4901008737344493,21.0,1000
torsion_minimized_chembl_count,3ryj_3ryj_conf0,0.5403750948390716,19.0,81
rdkit_random_raw_fixed,3syr_3syr_conf0,0.1801598715972583,137.0,1000
rdkit_random_raw_chembl_count,3syr_3syr_conf0,0.2909454926220404,57.0,122
rdkit_random_minimized_fixed,3syr_3syr_conf0,0.4363921026519531,39.0,1000
rdkit_random_minimized_chembl_count,3syr_3syr_conf0,0.4536551897722496,23.0,122
torsion_raw_fixed,3syr_3syr_conf0,0.2688171279954624,11.0,948
torsion_raw_chembl_count,3syr_3syr_conf0,0.3694629171515098,9.0,114
torsion_minimized_fixed,3syr_3syr_conf0,0.4363950059802026,7.0,1000
torsion_minimized_chembl_count,3syr_3syr_conf0,0.4364024252537771,5.0,122
rdkit_random_raw_fixed,3twp_3twp_conf0,0.0602847810143959,1.0,1000
rdkit_random_raw_chembl_count,3twp_3twp_conf0,0.0722600713112689,1.0,1
rdkit_random_minimized_fixed,3twp_3twp_conf0,0.0871066720480888,1.0,1000
rdkit_random_minimized_chembl_count,3twp_3twp_conf0,0.087142750497529,1.0,1
torsion_raw_fixed,3twp_3twp_conf0,0.0684826469586516,2.0,1000
torsion_raw_chembl_count,3twp_3twp_conf0,0.2245972524701561,1.0,1
torsion_minimized_fixed,3twp_3twp_conf0,0.0871062367030622,1.0,1000
torsion_minimized_chembl_count,3twp_3twp_conf0,0.0871365939456968,1.0,1
rdkit_random_raw_fixed,3u5j_3u5j_conf0,0.2509833346138144,2.0,1000
rdkit_random_raw_chembl_count,3u5j_3u5j_conf0,1.7176373456444152,1.0,2
rdkit_random_minimized_fixed,3u5j_3u5j_conf0,0.1928395111996006,2.0,1000
rdkit_random_minimized_chembl_count,3u5j_3u5j_conf0,0.1928783383668247,1.0,2
torsion_raw_fixed,3u5j_3u5j_conf0,1.6358082879965634,2.0,1000
torsion_raw_chembl_count,3u5j_3u5j_conf0,1.6399474696273024,1.0,2
torsion_minimized_fixed,3u5j_3u5j_conf0,1.8131490095188056,1.0,1000
torsion_minimized_chembl_count,3u5j_3u5j_conf0,1.8132165016651456,1.0,2
rdkit_random_raw_fixed,3u8n_3u8n_conf0,0.1883589648073869,48.0,1000
rdkit_random_raw_chembl_count,3u8n_3u8n_conf0,0.3941863674064511,30.0,197
rdkit_random_minimized_fixed,3u8n_3u8n_conf0,0.4317743932526335,39.0,1000
rdkit_random_minimized_chembl_count,3u8n_3u8n_conf0,0.431894839487688,34.0,197
torsion_raw_fixed,3u8n_3u8n_conf0,0.9652700053926808,29.0,957
torsion_raw_chembl_count,3u8n_3u8n_conf0,0.9668850363044824,26.0,190
torsion_minimized_fixed,3u8n_3u8n_conf0,1.0212403720225922,9.0,1000
torsion_minimized_chembl_count,3u8n_3u8n_conf0,1.021245388113827,9.0,197
rdkit_random_raw_fixed,3uo4_3uo4_conf0,0.6958923409451488,271.0,1000
rdkit_random_raw_chembl_count,3uo4_3uo4_conf0,0.7320417538121643,21.0,26
rdkit_random_minimized_fixed,3uo4_3uo4_conf0,0.5206700510121336,16.0,1000
rdkit_random_minimized_chembl_count,3uo4_3uo4_conf0,0.5206770145221579,10.0,26
torsion_raw_fixed,3uo4_3uo4_conf0,0.5671597708979275,584.0,869
torsion_raw_chembl_count,3uo4_3uo4_conf0,1.0084260677388852,21.0,21
torsion_minimized_fixed,3uo4_3uo4_conf0,0.5206699531926251,16.0,1000
torsion_minimized_chembl_count,3uo4_3uo4_conf0,0.5206735156047024,9.0,26
rdkit_random_raw_fixed,3up2_3up2_conf0,0.5145262746319014,391.0,1000
rdkit_random_raw_chembl_count,3up2_3up2_conf0,0.9423471170825064,36.0,43
rdkit_random_minimized_fixed,3up2_3up2_conf0,0.8489555778657274,34.0,1000
rdkit_random_minimized_chembl_count,3up2_3up2_conf0,0.8489746019539461,17.0,43
torsion_raw_fixed,3up2_3up2_conf0,0.4883121895407137,747.0,983
torsion_raw_chembl_count,3up2_3up2_conf0,0.9248574370279552,42.0,43
torsion_minimized_fixed,3up2_3up2_conf0,0.8489621789937092,33.0,1000
torsion_minimized_chembl_count,3up2_3up2_conf0,0.8489858806548993,17.0,43
rdkit_random_raw_fixed,3wtj_3wtj_conf0,0.8079663317290425,12.0,1000
rdkit_random_raw_chembl_count,3wtj_3wtj_conf0,0.8249949882775203,11.0,52
rdkit_random_minimized_fixed,3wtj_3wtj_conf0,0.2604435581525484,4.0,1000
rdkit_random_minimized_chembl_count,3wtj_3wtj_conf0,0.2604665587491422,4.0,52
torsion_raw_fixed,3wtj_3wtj_conf0,0.2817820196309326,22.0,829
torsion_raw_chembl_count,3wtj_3wtj_conf0,0.3926974078959743,13.0,46
torsion_minimized_fixed,3wtj_3wtj_conf0,0.2604448745615031,5.0,999
torsion_minimized_chembl_count,3wtj_3wtj_conf0,0.2604542415579113,4.0,52
rdkit_random_raw_fixed,3zdg_3zdg_conf0,0.2534668309429185,63.0,1000
rdkit_random_raw_chembl_count,3zdg_3zdg_conf0,0.3208758123552875,49.0,199
rdkit_random_minimized_fixed,3zdg_3zdg_conf0,0.4412301875193227,49.0,1000
rdkit_random_minimized_chembl_count,3zdg_3zdg_conf0,0.4412301875193227,41.0,199
torsion_raw_fixed,3zdg_3zdg_conf0,0.4684351887959751,497.0,770
torsion_raw_chembl_count,3zdg_3zdg_conf0,0.6001148501164654,139.0,156
torsion_minimized_fixed,3zdg_3zdg_conf0,0.441313294439111,50.0,1000
torsion_minimized_chembl_count,3zdg_3zdg_conf0,0.4413329749617035,44.0,199
rdkit_random_raw_fixed,4ddh_4ddh_conf0,0.2402337864126792,15.0,1000
rdkit_random_raw_chembl_count,4ddh_4ddh_conf0,0.5862889717665024,2.0,2
rdkit_random_minimized_fixed,4ddh_4ddh_conf0,0.4220029339467185,4.0,1000
rdkit_random_minimized_chembl_count,4ddh_4ddh_conf0,0.965108845791861,1.0,2
torsion_raw_fixed,4ddh_4ddh_conf0,0.2181993607579118,20.0,982
torsion_raw_chembl_count,4ddh_4ddh_conf0,0.6786736959421885,2.0,2
torsion_minimized_fixed,4ddh_4ddh_conf0,0.4219325056651849,4.0,1000
torsion_minimized_chembl_count,4ddh_4ddh_conf0,0.422074849475473,2.0,2
rdkit_random_raw_fixed,4ddk_4ddk_conf0,0.0536125905185872,1.0,1000
rdkit_random_raw_chembl_count,4ddk_4ddk_conf0,0.1160690826149756,1.0,1
rdkit_random_minimized_fixed,4ddk_4ddk_conf0,0.0699864623514473,1.0,1000
rdkit_random_minimized_chembl_count,4ddk_4ddk_conf0,0.0700016672536204,1.0,1
torsion_raw_fixed,4ddk_4ddk_conf0,0.07246805972709,2.0,1000
torsion_raw_chembl_count,4ddk_4ddk_conf0,0.4848692390395714,1.0,1
torsion_minimized_fixed,4ddk_4ddk_conf0,0.0699833211555186,1.0,1000
torsion_minimized_chembl_count,4ddk_4ddk_conf0,0.0700071822154772,1.0,1
rdkit_random_raw_fixed,4eor_4eor_conf0,0.5892751107444998,318.0,1000
rdkit_random_raw_chembl_count,4eor_4eor_conf0,0.8580847273236986,120.0,200
rdkit_random_minimized_fixed,4eor_4eor_conf0,0.7040401239138735,79.0,1000
rdkit_random_minimized_chembl_count,4eor_4eor_conf0,0.7574185708254365,49.0,200
torsion_raw_fixed,4eor_4eor_conf0,0.5381061086232313,821.0,991
torsion_raw_chembl_count,4eor_4eor_conf0,0.6292126247736668,184.0,197
torsion_minimized_fixed,4eor_4eor_conf0,0.7387622241480876,55.0,1000
torsion_minimized_chembl_count,4eor_4eor_conf0,0.7388272791632651,43.0,200
rdkit_random_raw_fixed,4f09_4f09_conf0,0.1174986388760615,12.0,1000
rdkit_random_raw_chembl_count,4f09_4f09_conf0,0.4845407931714343,2.0,2
rdkit_random_minimized_fixed,4f09_4f09_conf0,0.1545910310040393,7.0,1000
rdkit_random_minimized_chembl_count,4f09_4f09_conf0,0.3404853833953414,1.0,2
torsion_raw_fixed,4f09_4f09_conf0,0.3756971758389315,4.0,510
torsion_raw_chembl_count,4f09_4f09_conf0,0.6985061114753849,1.0,1
torsion_minimized_fixed,4f09_4f09_conf0,0.1546096466208905,2.0,1000
torsion_minimized_chembl_count,4f09_4f09_conf0,0.1546348370261831,1.0,2
rdkit_random_raw_fixed,4f2w_4f2w_conf0,0.2715825097439219,349.0,1000
rdkit_random_raw_chembl_count,4f2w_4f2w_conf0,0.7160538167986744,142.0,200
rdkit_random_minimized_fixed,4f2w_4f2w_conf0,0.3437682577910559,32.0,1000
rdkit_random_minimized_chembl_count,4f2w_4f2w_conf0,0.3439173969352556,28.0,200
torsion_raw_fixed,4f2w_4f2w_conf0,0.5944609553732416,201.0,935
torsion_raw_chembl_count,4f2w_4f2w_conf0,0.6327235781220277,99.0,192
torsion_minimized_fixed,4f2w_4f2w_conf0,0.3437905364352548,30.0,1000
torsion_minimized_chembl_count,4f2w_4f2w_conf0,0.3439467926375231,26.0,200
rdkit_random_raw_fixed,4f9w_4f9w_conf0,0.1525484656406097,10.0,1000
rdkit_random_raw_chembl_count,4f9w_4f9w_conf0,0.9848636954599336,4.0,4
rdkit_random_minimized_fixed,4f9w_4f9w_conf0,0.1748365664542712,4.0,1000
rdkit_random_minimized_chembl_count,4f9w_4f9w_conf0,0.986513981819814,3.0,4
torsion_raw_fixed,4f9w_4f9w_conf0,0.1644146048507088,21.0,852
torsion_raw_chembl_count,4f9w_4f9w_conf0,0.5090144032844136,2.0,3
torsion_minimized_fixed,4f9w_4f9w_conf0,0.1748961432804407,4.0,1000
torsion_minimized_chembl_count,4f9w_4f9w_conf0,0.180300758469194,3.0,4
rdkit_random_raw_fixed,4hge_4hge_conf0,0.3401366866596688,195.0,1000
rdkit_random_raw_chembl_count,4hge_4hge_conf0,0.3537796672069996,34.0,36
rdkit_random_minimized_fixed,4hge_4hge_conf0,0.4487843370128213,24.0,1000
rdkit_random_minimized_chembl_count,4hge_4hge_conf0,0.4488468673480779,15.0,36
torsion_raw_fixed,4hge_4hge_conf0,0.3017077731185891,430.0,981
torsion_raw_chembl_count,4hge_4hge_conf0,0.4171097746748576,32.0,36
torsion_minimized_fixed,4hge_4hge_conf0,0.4488203700067364,41.0,1000
torsion_minimized_chembl_count,4hge_4hge_conf0,0.4488295993398979,14.0,36
rdkit_random_raw_fixed,4j21_4j21_conf0,0.1379531070760999,4.0,1000
rdkit_random_raw_chembl_count,4j21_4j21_conf0,0.1405507633547665,2.0,3
rdkit_random_minimized_fixed,4j21_4j21_conf0,0.2739966004766293,2.0,1000
rdkit_random_minimized_chembl_count,4j21_4j21_conf0,1.4065434163746795,1.0,3
torsion_raw_fixed,4j21_4j21_conf0,0.2940104445511457,5.0,1000
torsion_raw_chembl_count,4j21_4j21_conf0,0.6761823372815273,3.0,3
torsion_minimized_fixed,4j21_4j21_conf0,0.2740020929467756,2.0,1000
torsion_minimized_chembl_count,4j21_4j21_conf0,0.2740232025943984,2.0,3
rdkit_random_raw_fixed,4j3l_4j3l_conf0,0.3897603711025874,70.0,1000
rdkit_random_raw_chembl_count,4j3l_4j3l_conf0,0.4367514596854026,52.0,114
rdkit_random_minimized_fixed,4j3l_4j3l_conf0,0.491361353935268,50.0,1000
rdkit_random_minimized_chembl_count,4j3l_4j3l_conf0,0.5114637284687727,33.0,114
torsion_raw_fixed,4j3l_4j3l_conf0,0.6621826718359515,407.0,971
torsion_raw_chembl_count,4j3l_4j3l_conf0,0.813537321774267,88.0,114
torsion_minimized_fixed,4j3l_4j3l_conf0,0.5114746354199985,107.0,1000
torsion_minimized_chembl_count,4j3l_4j3l_conf0,0.8846875506151921,49.0,114
rdkit_random_raw_fixed,4jsz_4jsz_conf0,0.5053559377481438,1.0,1000
rdkit_random_raw_chembl_count,4jsz_4jsz_conf0,0.55822150685921,1.0,2
rdkit_random_minimized_fixed,4jsz_4jsz_conf0,0.483051873695548,1.0,1000
rdkit_random_minimized_chembl_count,4jsz_4jsz_conf0,0.4833776386215661,1.0,2
torsion_raw_fixed,4jsz_4jsz_conf0,0.0929364531553462,2.0,1000
torsion_raw_chembl_count,4jsz_4jsz_conf0,0.3752758742881142,2.0,2
torsion_minimized_fixed,4jsz_4jsz_conf0,0.4833174601998128,1.0,1000
torsion_minimized_chembl_count,4jsz_4jsz_conf0,0.4833516715163051,1.0,2
rdkit_random_raw_fixed,4jxs_4jxs_conf0,0.7560355001338684,16.0,1000
rdkit_random_raw_chembl_count,4jxs_4jxs_conf0,0.8015676186194188,8.0,32
rdkit_random_minimized_fixed,4jxs_4jxs_conf0,0.745563389774338,11.0,1000
rdkit_random_minimized_chembl_count,4jxs_4jxs_conf0,0.7462507228270266,8.0,32
torsion_raw_fixed,4jxs_4jxs_conf0,0.3128579721471378,457.0,912
torsion_raw_chembl_count,4jxs_4jxs_conf0,0.6930055428267593,29.0,29
torsion_minimized_fixed,4jxs_4jxs_conf0,0.7460348808103061,16.0,1000
torsion_minimized_chembl_count,4jxs_4jxs_conf0,0.7462509430135612,10.0,32
rdkit_random_raw_fixed,4k18_4k18_conf0,0.4389901698128339,191.0,1000
rdkit_random_raw_chembl_count,4k18_4k18_conf0,0.7058913014733854,58.0,109
rdkit_random_minimized_fixed,4k18_4k18_conf0,0.212359955505252,10.0,1000
rdkit_random_minimized_chembl_count,4k18_4k18_conf0,0.2125492620722833,8.0,109
torsion_raw_fixed,4k18_4k18_conf0,0.6423016449411022,513.0,941
torsion_raw_chembl_count,4k18_4k18_conf0,0.6995548251464316,92.0,105
torsion_minimized_fixed,4k18_4k18_conf0,0.2122893911303075,18.0,1000
torsion_minimized_chembl_count,4k18_4k18_conf0,0.2124733270506667,16.0,109
rdkit_random_raw_fixed,4k77_4k77_conf0,0.3008209226095009,20.0,1000
rdkit_random_raw_chembl_count,4k77_4k77_conf0,0.5309389795441114,5.0,5
rdkit_random_minimized_fixed,4k77_4k77_conf0,0.1608453677102441,13.0,1000
rdkit_random_minimized_chembl_count,4k77_4k77_conf0,0.5110060045986957,4.0,5
torsion_raw_fixed,4k77_4k77_conf0,0.0731907781387693,20.0,980
torsion_raw_chembl_count,4k77_4k77_conf0,0.6381221339404057,3.0,5
torsion_minimized_fixed,4k77_4k77_conf0,0.1608311668179148,9.0,1000
torsion_minimized_chembl_count,4k77_4k77_conf0,0.1608490993524108,4.0,5
rdkit_random_raw_fixed,4kzq_4kzq_conf0,0.0784924981975731,1.0,1000
rdkit_random_raw_chembl_count,4kzq_4kzq_conf0,0.0826862052482354,1.0,6
rdkit_random_minimized_fixed,4kzq_4kzq_conf0,0.0774474529655251,2.0,1000
rdkit_random_minimized_chembl_count,4kzq_4kzq_conf0,0.3782383426461318,2.0,6
torsion_raw_fixed,4kzq_4kzq_conf0,0.0767840015502708,3.0,1000
torsion_raw_chembl_count,4kzq_4kzq_conf0,0.0983191651641099,2.0,6
torsion_minimized_fixed,4kzq_4kzq_conf0,0.3782130680288784,2.0,1000
torsion_minimized_chembl_count,4kzq_4kzq_conf0,0.3782385290169274,2.0,6
rdkit_random_raw_fixed,4kzu_4kzu_conf0,0.0999972500504771,1.0,1000
rdkit_random_raw_chembl_count,4kzu_4kzu_conf0,0.1026655113472767,1.0,3
rdkit_random_minimized_fixed,4kzu_4kzu_conf0,0.1239351709608409,1.0,1000
rdkit_random_minimized_chembl_count,4kzu_4kzu_conf0,0.1240451147073202,1.0,3
torsion_raw_fixed,4kzu_4kzu_conf0,0.0911705979307084,3.0,1000
torsion_raw_chembl_count,4kzu_4kzu_conf0,0.3443208588790846,2.0,3
torsion_minimized_fixed,4kzu_4kzu_conf0,0.3184436472875435,2.0,1000
torsion_minimized_chembl_count,4kzu_4kzu_conf0,0.3184765730272798,2.0,3
rdkit_random_raw_fixed,4llx_4llx_conf0,0.035363001249189,1.0,1000
rdkit_random_raw_chembl_count,4llx_4llx_conf0,0.0607104209628255,1.0,1
rdkit_random_minimized_fixed,4llx_4llx_conf0,0.0402710578409653,1.0,1000
rdkit_random_minimized_chembl_count,4llx_4llx_conf0,0.0402896254816662,1.0,1
torsion_raw_fixed,4llx_4llx_conf0,0.0492149037694406,1.0,1000
torsion_raw_chembl_count,4llx_4llx_conf0,0.0492149037694406,1.0,1
torsion_minimized_fixed,4llx_4llx_conf0,0.0402719030920891,1.0,1000
torsion_minimized_chembl_count,4llx_4llx_conf0,0.040293587181329,1.0,1
rdkit_random_raw_fixed,4lzs_4lzs_conf0,0.3336649480723452,20.0,1000
rdkit_random_raw_chembl_count,4lzs_4lzs_conf0,0.5019914955050205,8.0,12
rdkit_random_minimized_fixed,4lzs_4lzs_conf0,0.1683209996177457,17.0,1000
rdkit_random_minimized_chembl_count,4lzs_4lzs_conf0,0.1683504179729029,9.0,12
torsion_raw_fixed,4lzs_4lzs_conf0,0.5303530703037297,62.0,890
torsion_raw_chembl_count,4lzs_4lzs_conf0,0.5462645552917678,11.0,11
torsion_minimized_fixed,4lzs_4lzs_conf0,0.1683424758564299,30.0,1000
torsion_minimized_chembl_count,4lzs_4lzs_conf0,0.9333908752485996,8.0,12
rdkit_random_raw_fixed,4mgd_4mgd_conf0,0.3136641122812354,2.0,1000
rdkit_random_raw_chembl_count,4mgd_4mgd_conf0,0.3642360707061832,1.0,24
rdkit_random_minimized_fixed,4mgd_4mgd_conf0,0.2674308047039633,2.0,1000
rdkit_random_minimized_chembl_count,4mgd_4mgd_conf0,0.2674622526452931,2.0,24
torsion_raw_fixed,4mgd_4mgd_conf0,0.1150060394140249,16.0,732
torsion_raw_chembl_count,4mgd_4mgd_conf0,0.341068272115703,7.0,18
torsion_minimized_fixed,4mgd_4mgd_conf0,0.2674566189331577,2.0,1000
torsion_minimized_chembl_count,4mgd_4mgd_conf0,0.2674590234343634,2.0,24
rdkit_random_raw_fixed,4ogj_4ogj_conf0,1.1286550178448116,971.0,1000
rdkit_random_raw_chembl_count,4ogj_4ogj_conf0,1.1652610945615318,54.0,54
rdkit_random_minimized_fixed,4ogj_4ogj_conf0,0.5296442417851924,641.0,1000
rdkit_random_minimized_chembl_count,4ogj_4ogj_conf0,0.679928709505889,50.0,54
torsion_raw_fixed,4ogj_4ogj_conf0,0.9918188287653292,811.0,811
torsion_raw_chembl_count,4ogj_4ogj_conf0,1.1410199777059562,42.0,42
torsion_minimized_fixed,4ogj_4ogj_conf0,0.4029727885685484,638.0,1000
torsion_minimized_chembl_count,4ogj_4ogj_conf0,0.7170372481528066,52.0,54
rdkit_random_raw_fixed,5c28_5c28_conf0,0.0642459577217697,2.0,1000
rdkit_random_raw_chembl_count,5c28_5c28_conf0,0.0837764488834333,1.0,2
rdkit_random_minimized_fixed,5c28_5c28_conf0,0.0530430961615017,4.0,1000
rdkit_random_minimized_chembl_count,5c28_5c28_conf0,0.5940328811693543,1.0,2
torsion_raw_fixed,5c28_5c28_conf0,0.0439368292329334,3.0,1000
torsion_raw_chembl_count,5c28_5c28_conf0,0.3874778898577776,2.0,2
torsion_minimized_fixed,5c28_5c28_conf0,0.0533061278425414,4.0,1000
torsion_minimized_chembl_count,5c28_5c28_conf0,0.530309959501529,2.0,2
rdkit_random_raw_fixed,5c2h_5c2h_conf0,0.9819953640732068,731.0,1000
rdkit_random_raw_chembl_count,5c2h_5c2h_conf0,1.5116990328666904,83.0,85
rdkit_random_minimized_fixed,5c2h_5c2h_conf0,1.1561280335901318,471.0,1000
rdkit_random_minimized_chembl_count,5c2h_5c2h_conf0,1.7336405848136405,77.0,85
torsion_raw_fixed,5c2h_5c2h_conf0,1.0822946493926004,876.0,880
torsion_raw_chembl_count,5c2h_5c2h_conf0,1.0915581585964915,71.0,71
torsion_minimized_fixed,5c2h_5c2h_conf0,1.2593282547013915,465.0,1000
torsion_minimized_chembl_count,5c2h_5c2h_conf0,1.6443772016446396,70.0,85
chembl3d_gt_pb,1bcu_1bcu_conf0,0.0560874884793196,1.0,1
chembl3d_gt_pb,1c5z_1c5z_conf0,0.0762719142023807,1.0,1
chembl3d_gt_pb,1lpg_1lpg_conf0,1.552367976324618,88.0,193
chembl3d_gt_pb,1mq6_1mq6_conf0,2.033420024144573,9.0,12
chembl3d_gt_pb,1nc3_1nc3_conf0,0.7300768796300652,10.0,196
chembl3d_gt_pb,1o3f_1o3f_conf0,0.3830638990332117,9.0,31
chembl3d_gt_pb,1o5b_1o5b_conf0,0.0727676022836421,1.0,1
chembl3d_gt_pb,1owh_1owh_conf0,0.492936795811774,8.0,12
chembl3d_gt_pb,1p1n_1p1n_conf0,0.5416981558876723,5.0,23
chembl3d_gt_pb,1pxn_1pxn_conf0,0.3796883107617219,21.0,200
chembl3d_gt_pb,1sqa_1sqa_conf0,0.4314429391540759,43.0,200
chembl3d_gt_pb,1uto_1uto_conf0,0.1234413066223419,2.0,7
chembl3d_gt_pb,1yc1_1yc1_conf0,0.2977927580669561,33.0,168
chembl3d_gt_pb,1ydr_1ydr_conf0,0.4400121983931404,9.0,16
chembl3d_gt_pb,1ydt_1ydt_conf0,0.8356597455977347,54.0,140
chembl3d_gt_pb,1z6e_1z6e_conf0,0.7578948177622203,77.0,200
chembl3d_gt_pb,1z95_1z95_conf0,0.5520548892468133,62.0,198
chembl3d_gt_pb,1z9g_1z9g_conf0,0.4669009525750938,22.0,199
chembl3d_gt_pb,2br1_2br1_conf0,0.7063505913621065,27.0,200
chembl3d_gt_pb,2brb_2brb_conf0,0.3109392246275234,19.0,200
chembl3d_gt_pb,2c3i_2c3i_conf0,0.7567529701225132,46.0,200
chembl3d_gt_pb,2fvd_2fvd_conf0,0.3377994274791545,53.0,200
chembl3d_gt_pb,2hb1_2hb1_conf0,0.2620714782663008,6.0,38
chembl3d_gt_pb,2p4y_2p4y_conf0,1.6067924472346995,47.0,174
chembl3d_gt_pb,2pog_2pog_conf0,0.4034619507209207,3.0,10
chembl3d_gt_pb,2qbp_2qbp_conf0,0.768257348966016,62.0,200
chembl3d_gt_pb,2qbq_2qbq_conf0,0.3433008880112947,48.0,200
chembl3d_gt_pb,2qbr_2qbr_conf0,1.1169626011489795,31.0,200
chembl3d_gt_pb,2v00_2v00_conf0,0.5239267200062603,14.0,30
chembl3d_gt_pb,2wn9_2wn9_conf0,0.3746580071374948,17.0,71
chembl3d_gt_pb,2wtv_2wtv_conf0,0.6769646423896447,8.0,110
chembl3d_gt_pb,2xdl_2xdl_conf0,0.2987426870081766,13.0,58
chembl3d_gt_pb,2xnb_2xnb_conf0,0.3607992086372161,46.0,79
chembl3d_gt_pb,2yfe_2yfe_conf0,0.7404357250609132,51.0,155
chembl3d_gt_pb,2ymd_2ymd_conf0,0.1308366159713919,5.0,30
chembl3d_gt_pb,2zb1_2zb1_conf0,0.3518807762904908,38.0,200
chembl3d_gt_pb,2zcq_2zcq_conf0,2.227376149259632,22.0,67
chembl3d_gt_pb,2zcr_2zcr_conf0,0.9840629128251616,25.0,60
chembl3d_gt_pb,2zy1_2zy1_conf0,1.334513463187972,48.0,94
chembl3d_gt_pb,3aru_3aru_conf0,0.3208749502528139,59.0,124
chembl3d_gt_pb,3ary_3ary_conf0,0.925034183600134,2.0,3
chembl3d_gt_pb,3b27_3b27_conf0,0.7265373167602888,8.0,9
chembl3d_gt_pb,3b5r_3b5r_conf0,0.5419830272809034,46.0,200
chembl3d_gt_pb,3b65_3b65_conf0,0.4831698060384986,34.0,200
chembl3d_gt_pb,3bgz_3bgz_conf0,0.1750052148990774,2.0,10
chembl3d_gt_pb,3cj4_3cj4_conf0,0.6892425195932594,63.0,199
chembl3d_gt_pb,3dd0_3dd0_conf0,0.1129918920012213,10.0,51
chembl3d_gt_pb,3e92_3e92_conf0,0.3050505278467723,25.0,134
chembl3d_gt_pb,3e93_3e93_conf0,0.4977570266390245,96.0,200
chembl3d_gt_pb,3ehy_3ehy_conf0,0.4678381369976015,8.0,25
chembl3d_gt_pb,3fcq_3fcq_conf0,1.0362239509622118,1.0,2
chembl3d_gt_pb,3fur_3fur_conf0,0.8531668020110448,39.0,86
chembl3d_gt_pb,3g2z_3g2z_conf0,0.1674486088227958,2.0,6
chembl3d_gt_pb,3g31_3g31_conf0,0.0859175295997032,2.0,2
chembl3d_gt_pb,3gy4_3gy4_conf0,0.1332841237824809,1.0,1
chembl3d_gt_pb,3jvs_3jvs_conf0,1.237296058589515,22.0,40
chembl3d_gt_pb,3k5v_3k5v_conf0,0.4991397791385065,32.0,200
chembl3d_gt_pb,3kgp_3kgp_conf0,0.3070227700623602,1.0,1
chembl3d_gt_pb,3lka_3lka_conf0,0.2001199910128341,4.0,4
chembl3d_gt_pb,3nx7_3nx7_conf0,0.8735998548466309,19.0,111
chembl3d_gt_pb,3pxf_3pxf_conf0,0.4082936810924392,2.0,7
chembl3d_gt_pb,3qqs_3qqs_conf0,0.4536973549151157,5.0,7
chembl3d_gt_pb,3rlr_3rlr_conf0,0.1938525995329428,3.0,9
chembl3d_gt_pb,3rsx_3rsx_conf0,0.1592945770904845,2.0,4
chembl3d_gt_pb,3ryj_3ryj_conf0,0.3922644075514499,16.0,81
chembl3d_gt_pb,3syr_3syr_conf0,0.4453346512103984,2.0,122
chembl3d_gt_pb,3twp_3twp_conf0,0.0764438748742548,1.0,1
chembl3d_gt_pb,3u5j_3u5j_conf0,0.228582891224856,2.0,2
chembl3d_gt_pb,3u8n_3u8n_conf0,0.1922359473550382,29.0,197
chembl3d_gt_pb,3uo4_3uo4_conf0,0.4959585309916267,17.0,26
chembl3d_gt_pb,3up2_3up2_conf0,0.5885469848437642,34.0,43
chembl3d_gt_pb,3wtj_3wtj_conf0,0.4444503187268323,11.0,52
chembl3d_gt_pb,3zdg_3zdg_conf0,0.3771852516671138,25.0,199
chembl3d_gt_pb,4ddh_4ddh_conf0,0.6632791544098959,2.0,2
chembl3d_gt_pb,4ddk_4ddk_conf0,0.0639377159212755,1.0,1
chembl3d_gt_pb,4eor_4eor_conf0,0.2660056702077308,49.0,200
chembl3d_gt_pb,4f09_4f09_conf0,0.1435174889207757,1.0,2
chembl3d_gt_pb,4f2w_4f2w_conf0,0.8627598870450417,35.0,200
chembl3d_gt_pb,4f9w_4f9w_conf0,0.9418792288463744,2.0,4
chembl3d_gt_pb,4hge_4hge_conf0,0.3544549904906045,22.0,36
chembl3d_gt_pb,4j21_4j21_conf0,0.0954062451319392,3.0,3
chembl3d_gt_pb,4j3l_4j3l_conf0,0.4209450566462457,54.0,114
chembl3d_gt_pb,4jsz_4jsz_conf0,0.3495491035198001,2.0,2
chembl3d_gt_pb,4jxs_4jxs_conf0,0.3400067604615137,12.0,32
chembl3d_gt_pb,4k18_4k18_conf0,0.3583345934439012,34.0,109
chembl3d_gt_pb,4k77_4k77_conf0,0.5307776062379889,4.0,5
chembl3d_gt_pb,4kzq_4kzq_conf0,0.0927094342874151,1.0,6
chembl3d_gt_pb,4kzu_4kzu_conf0,0.1026510134562173,1.0,3
chembl3d_gt_pb,4llx_4llx_conf0,0.0412356446983446,1.0,1
chembl3d_gt_pb,4lzs_4lzs_conf0,0.7339041162684289,8.0,12
chembl3d_gt_pb,4mgd_4mgd_conf0,0.2306073340036878,2.0,24
chembl3d_gt_pb,4ogj_4ogj_conf0,0.887215316172344,38.0,54
chembl3d_gt_pb,5c28_5c28_conf0,0.0687311595880626,2.0,2
chembl3d_gt_pb,5c2h_5c2h_conf0,1.902666212188871,58.0,85
loqi_raw_fixed,1bcu_1bcu_conf0,0.0394321894803238,1.0,1000
loqi_raw_chembl_count,1bcu_1bcu_conf0,0.0468455942842327,1.0,1
loqi_raw_fixed,1c5z_1c5z_conf0,0.040221362439458,2.0,1000
loqi_raw_chembl_count,1c5z_1c5z_conf0,0.1708755895670032,1.0,1
loqi_raw_fixed,1lpg_1lpg_conf0,1.4673053124884,512.0,1000
loqi_raw_chembl_count,1lpg_1lpg_conf0,1.5366297432883242,144.0,193
loqi_raw_fixed,1mq6_1mq6_conf0,1.2852034993681565,656.0,1000
loqi_raw_chembl_count,1mq6_1mq6_conf0,2.1641373185676263,12.0,12
loqi_raw_fixed,1nc3_1nc3_conf0,0.4222848684941226,39.0,999
loqi_raw_chembl_count,1nc3_1nc3_conf0,0.4979918625684961,25.0,196
loqi_raw_fixed,1o3f_1o3f_conf0,0.1908614471327527,14.0,1000
loqi_raw_chembl_count,1o3f_1o3f_conf0,0.242094876592952,8.0,31
loqi_raw_fixed,1o5b_1o5b_conf0,0.0604153312592652,1.0,1000
loqi_raw_chembl_count,1o5b_1o5b_conf0,0.1287774258357048,1.0,1
loqi_raw_fixed,1owh_1owh_conf0,0.1904418658186114,11.0,1000
loqi_raw_chembl_count,1owh_1owh_conf0,0.5194733171295147,7.0,12
loqi_raw_fixed,1p1n_1p1n_conf0,0.1411985868762212,77.0,987
loqi_raw_chembl_count,1p1n_1p1n_conf0,0.2283958845893451,17.0,23
loqi_raw_fixed,1pxn_1pxn_conf0,0.298499083392264,20.0,1000
loqi_raw_chembl_count,1pxn_1pxn_conf0,0.3134373154594205,16.0,200
loqi_raw_fixed,1sqa_1sqa_conf0,0.4094413246564468,57.0,1000
loqi_raw_chembl_count,1sqa_1sqa_conf0,0.4474941662937707,38.0,200
loqi_raw_fixed,1uto_1uto_conf0,0.0944228512130025,3.0,1000
loqi_raw_chembl_count,1uto_1uto_conf0,0.2029072453171562,2.0,7
loqi_raw_fixed,1yc1_1yc1_conf0,0.215892125498248,23.0,1000
loqi_raw_chembl_count,1yc1_1yc1_conf0,0.215892125498248,12.0,168
loqi_raw_fixed,1ydr_1ydr_conf0,0.7253436176194098,28.0,998
loqi_raw_chembl_count,1ydr_1ydr_conf0,1.3670756551370222,7.0,16
loqi_raw_fixed,1ydt_1ydt_conf0,0.3615691957951479,308.0,1000
loqi_raw_chembl_count,1ydt_1ydt_conf0,0.7050046884272265,72.0,140
loqi_raw_fixed,1z6e_1z6e_conf0,0.8825259013625942,339.0,1000
loqi_raw_chembl_count,1z6e_1z6e_conf0,0.9370626348479628,132.0,200
loqi_raw_fixed,1z95_1z95_conf0,0.3825704880621074,144.0,1000
loqi_raw_chembl_count,1z95_1z95_conf0,0.4555744242633523,58.0,198
loqi_raw_fixed,1z9g_1z9g_conf0,0.2878676494067361,48.0,1000
loqi_raw_chembl_count,1z9g_1z9g_conf0,0.2978168617265283,22.0,199
loqi_raw_fixed,2br1_2br1_conf0,0.2547179893056031,38.0,1000
loqi_raw_chembl_count,2br1_2br1_conf0,0.2547179893056031,24.0,200
loqi_raw_fixed,2brb_2brb_conf0,0.1703329417229646,14.0,1000
loqi_raw_chembl_count,2brb_2brb_conf0,0.2542630600984519,13.0,200
loqi_raw_fixed,2c3i_2c3i_conf0,0.3186649636492248,46.0,1000
loqi_raw_chembl_count,2c3i_2c3i_conf0,0.4023956311561691,30.0,200
loqi_raw_fixed,2fvd_2fvd_conf0,0.2406627790203591,109.0,1000
loqi_raw_chembl_count,2fvd_2fvd_conf0,0.269041388871409,57.0,200
loqi_raw_fixed,2hb1_2hb1_conf0,0.1155747211692607,22.0,1000
loqi_raw_chembl_count,2hb1_2hb1_conf0,0.145297264567159,9.0,38
loqi_raw_fixed,2p4y_2p4y_conf0,0.8589816445312501,272.0,995
loqi_raw_chembl_count,2p4y_2p4y_conf0,1.5958684330340902,90.0,174
loqi_raw_fixed,2pog_2pog_conf0,0.1933931799550619,7.0,999
loqi_raw_chembl_count,2pog_2pog_conf0,0.2647608589608897,2.0,10
loqi_raw_fixed,2qbp_2qbp_conf0,0.5295100389965435,460.0,1000
loqi_raw_chembl_count,2qbp_2qbp_conf0,0.8360386456983758,143.0,200
loqi_raw_fixed,2qbq_2qbq_conf0,0.381390170897683,222.0,1000
loqi_raw_chembl_count,2qbq_2qbq_conf0,0.5166959837980318,91.0,200
loqi_raw_fixed,2qbr_2qbr_conf0,0.6481908781941357,229.0,1000
loqi_raw_chembl_count,2qbr_2qbr_conf0,1.1195912814980309,94.0,200
loqi_raw_fixed,2v00_2v00_conf0,0.1744014667158238,14.0,1000
loqi_raw_chembl_count,2v00_2v00_conf0,0.8151868548645682,4.0,30
loqi_raw_fixed,2wn9_2wn9_conf0,0.2763499874791135,28.0,999
loqi_raw_chembl_count,2wn9_2wn9_conf0,0.3002652429607093,15.0,71
loqi_raw_fixed,2wtv_2wtv_conf0,0.1517111563254686,49.0,1000
loqi_raw_chembl_count,2wtv_2wtv_conf0,0.1625378899547058,21.0,110
loqi_raw_fixed,2xdl_2xdl_conf0,0.2005454522949943,14.0,1000
loqi_raw_chembl_count,2xdl_2xdl_conf0,0.2918142053103864,9.0,58
loqi_raw_fixed,2xnb_2xnb_conf0,0.3247686850399497,36.0,1000
loqi_raw_chembl_count,2xnb_2xnb_conf0,0.3939762992669576,16.0,79
loqi_raw_fixed,2yfe_2yfe_conf0,0.796042940082735,85.0,1000
loqi_raw_chembl_count,2yfe_2yfe_conf0,0.9077968423370432,44.0,155
loqi_raw_fixed,2ymd_2ymd_conf0,0.0874630784642472,8.0,1000
loqi_raw_chembl_count,2ymd_2ymd_conf0,0.2569551366914034,3.0,30
loqi_raw_fixed,2zb1_2zb1_conf0,0.3207207297012198,43.0,1000
loqi_raw_chembl_count,2zb1_2zb1_conf0,0.4766122769766579,29.0,200
loqi_raw_fixed,2zcq_2zcq_conf0,1.261193654592026,308.0,997
loqi_raw_chembl_count,2zcq_2zcq_conf0,1.261193654592026,45.0,67
loqi_raw_fixed,2zcr_2zcr_conf0,0.8523287239695208,350.0,994
loqi_raw_chembl_count,2zcr_2zcr_conf0,1.2229017529405182,50.0,60
loqi_raw_fixed,2zy1_2zy1_conf0,1.4652583406417998,276.0,1000
loqi_raw_chembl_count,2zy1_2zy1_conf0,1.890408685743986,55.0,94
loqi_raw_fixed,3aru_3aru_conf0,0.4520465699928401,90.0,1000
loqi_raw_chembl_count,3aru_3aru_conf0,0.8361230485770568,45.0,124
loqi_raw_fixed,3ary_3ary_conf0,0.4945611380513126,2.0,1000
loqi_raw_chembl_count,3ary_3ary_conf0,1.1157711276544209,1.0,3
loqi_raw_fixed,3b27_3b27_conf0,0.1297759849423528,8.0,1000
loqi_raw_chembl_count,3b27_3b27_conf0,0.1486726330714176,5.0,9
loqi_raw_fixed,3b5r_3b5r_conf0,0.3646022652129675,170.0,1000
loqi_raw_chembl_count,3b5r_3b5r_conf0,0.4043492352579607,82.0,200
loqi_raw_fixed,3b65_3b65_conf0,0.158626626535539,83.0,1000
loqi_raw_chembl_count,3b65_3b65_conf0,0.2117387943185533,42.0,200
loqi_raw_fixed,3bgz_3bgz_conf0,0.1070715323079446,4.0,1000
loqi_raw_chembl_count,3bgz_3bgz_conf0,0.1155865228178308,2.0,10
loqi_raw_fixed,3cj4_3cj4_conf0,1.0053169858210127,119.0,1000
loqi_raw_chembl_count,3cj4_3cj4_conf0,1.0053169858210127,60.0,199
loqi_raw_fixed,3dd0_3dd0_conf0,0.4794579103531478,8.0,1000
loqi_raw_chembl_count,3dd0_3dd0_conf0,0.6356116135265615,5.0,51
loqi_raw_fixed,3e92_3e92_conf0,0.2128560702879218,26.0,1000
loqi_raw_chembl_count,3e92_3e92_conf0,0.2683585808010091,21.0,134
loqi_raw_fixed,3e93_3e93_conf0,0.39520085955657,223.0,1000
loqi_raw_chembl_count,3e93_3e93_conf0,0.39520085955657,93.0,200
loqi_raw_fixed,3ehy_3ehy_conf0,0.3726382605081075,13.0,1000
loqi_raw_chembl_count,3ehy_3ehy_conf0,0.3842296374157165,2.0,25
loqi_raw_fixed,3fcq_3fcq_conf0,0.0902259395764313,6.0,1000
loqi_raw_chembl_count,3fcq_3fcq_conf0,0.127975932744961,1.0,2
loqi_raw_fixed,3fur_3fur_conf0,0.8452301850797478,33.0,1000
loqi_raw_chembl_count,3fur_3fur_conf0,0.9818161553712058,13.0,86
loqi_raw_fixed,3g2z_3g2z_conf0,0.1045005509537209,8.0,1000
loqi_raw_chembl_count,3g2z_3g2z_conf0,0.125473462196345,2.0,6
loqi_raw_fixed,3g31_3g31_conf0,0.0441164660027714,8.0,975
loqi_raw_chembl_count,3g31_3g31_conf0,1.376361823106817,1.0,2
loqi_raw_fixed,3gy4_3gy4_conf0,0.0275699562037065,1.0,1000
loqi_raw_chembl_count,3gy4_3gy4_conf0,0.1128569916820682,1.0,1
loqi_raw_fixed,3jvs_3jvs_conf0,1.0344128737130371,97.0,1000
loqi_raw_chembl_count,3jvs_3jvs_conf0,1.4629244014401317,24.0,40
loqi_raw_fixed,3k5v_3k5v_conf0,0.365263437218021,99.0,1000
loqi_raw_chembl_count,3k5v_3k5v_conf0,0.365263437218021,60.0,200
loqi_raw_fixed,3kgp_3kgp_conf0,0.1089483521111155,1.0,1000
loqi_raw_chembl_count,3kgp_3kgp_conf0,0.3253430885756213,1.0,1
loqi_raw_fixed,3lka_3lka_conf0,0.1148380565641625,4.0,1000
loqi_raw_chembl_count,3lka_3lka_conf0,0.1560083199277868,2.0,4
loqi_raw_fixed,3nx7_3nx7_conf0,0.3661840825665265,150.0,1000
loqi_raw_chembl_count,3nx7_3nx7_conf0,0.5728847106566601,40.0,111
loqi_raw_fixed,3pxf_3pxf_conf0,0.089977441360011,9.0,1000
loqi_raw_chembl_count,3pxf_3pxf_conf0,0.205199154847615,3.0,7
loqi_raw_fixed,3qqs_3qqs_conf0,0.1192559792550433,14.0,1000
loqi_raw_chembl_count,3qqs_3qqs_conf0,0.2784677155279718,4.0,7
loqi_raw_fixed,3rlr_3rlr_conf0,0.0874316392848557,4.0,1000
loqi_raw_chembl_count,3rlr_3rlr_conf0,0.1217683866834935,3.0,9
loqi_raw_fixed,3rsx_3rsx_conf0,0.0982807852080268,3.0,1000
loqi_raw_chembl_count,3rsx_3rsx_conf0,0.8494958646892468,1.0,4
loqi_raw_fixed,3ryj_3ryj_conf0,0.2275731779513268,22.0,1000
loqi_raw_chembl_count,3ryj_3ryj_conf0,0.5451395523604938,10.0,81
loqi_raw_fixed,3syr_3syr_conf0,0.2364343483130745,17.0,1000
loqi_raw_chembl_count,3syr_3syr_conf0,0.4070908815797532,6.0,122
loqi_raw_fixed,3twp_3twp_conf0,0.0739095204475164,1.0,1000
loqi_raw_chembl_count,3twp_3twp_conf0,0.077297104970645,1.0,1
loqi_raw_fixed,3u5j_3u5j_conf0,0.1247794023610886,4.0,1000
loqi_raw_chembl_count,3u5j_3u5j_conf0,0.2321073887309771,2.0,2
loqi_raw_fixed,3u8n_3u8n_conf0,0.1316416625692809,29.0,1000
loqi_raw_chembl_count,3u8n_3u8n_conf0,0.147452239954431,18.0,197
loqi_raw_fixed,3uo4_3uo4_conf0,0.4030194845564033,60.0,1000
loqi_raw_chembl_count,3uo4_3uo4_conf0,1.8331948719940427,5.0,26
loqi_raw_fixed,3up2_3up2_conf0,0.3466616275129296,45.0,1000
loqi_raw_chembl_count,3up2_3up2_conf0,0.4350915564220687,13.0,43
loqi_raw_fixed,3wtj_3wtj_conf0,0.1767832434115598,19.0,1000
loqi_raw_chembl_count,3wtj_3wtj_conf0,0.1946121653591641,13.0,52
loqi_raw_fixed,3zdg_3zdg_conf0,0.1770386077886452,65.0,995
loqi_raw_chembl_count,3zdg_3zdg_conf0,0.1770386077886452,36.0,199
loqi_raw_fixed,4ddh_4ddh_conf0,0.1602060893632637,9.0,1000
loqi_raw_chembl_count,4ddh_4ddh_conf0,0.3058914144447724,2.0,2
loqi_raw_fixed,4ddk_4ddk_conf0,0.06452116493385,1.0,1000
loqi_raw_chembl_count,4ddk_4ddk_conf0,0.075524437705804,1.0,1
loqi_raw_fixed,4eor_4eor_conf0,0.2690911762326157,88.0,1000
loqi_raw_chembl_count,4eor_4eor_conf0,0.3437545600854042,46.0,200
loqi_raw_fixed,4f09_4f09_conf0,0.0973698554827982,1.0,1000
loqi_raw_chembl_count,4f09_4f09_conf0,0.1049350052993823,1.0,2
loqi_raw_fixed,4f2w_4f2w_conf0,0.4567870472437262,122.0,1000
loqi_raw_chembl_count,4f2w_4f2w_conf0,0.4567870472437262,59.0,200
loqi_raw_fixed,4f9w_4f9w_conf0,0.1208535824130173,4.0,1000
loqi_raw_chembl_count,4f9w_4f9w_conf0,0.2313139015356999,4.0,4
loqi_raw_fixed,4hge_4hge_conf0,0.1164977720171303,26.0,1000
loqi_raw_chembl_count,4hge_4hge_conf0,0.1304959209204114,7.0,36
loqi_raw_fixed,4j21_4j21_conf0,0.0643389347309839,4.0,1000
loqi_raw_chembl_count,4j21_4j21_conf0,0.1099084962673494,2.0,3
loqi_raw_fixed,4j3l_4j3l_conf0,0.3233044951463649,49.0,1000
loqi_raw_chembl_count,4j3l_4j3l_conf0,0.4561788765142741,29.0,114
loqi_raw_fixed,4jsz_4jsz_conf0,0.1273518096669406,3.0,1000
loqi_raw_chembl_count,4jsz_4jsz_conf0,0.517781559261889,1.0,2
loqi_raw_fixed,4jxs_4jxs_conf0,0.9343777269375184,22.0,1000
loqi_raw_chembl_count,4jxs_4jxs_conf0,2.2513263136769286,5.0,32
loqi_raw_fixed,4k18_4k18_conf0,0.0820962185257147,18.0,1000
loqi_raw_chembl_count,4k18_4k18_conf0,0.2140755191790204,12.0,109
loqi_raw_fixed,4k77_4k77_conf0,0.0635644992657851,5.0,1000
loqi_raw_chembl_count,4k77_4k77_conf0,0.1174775920264542,2.0,5
loqi_raw_fixed,4kzq_4kzq_conf0,0.0782167326515724,1.0,1000
loqi_raw_chembl_count,4kzq_4kzq_conf0,0.0976607414245932,1.0,6
loqi_raw_fixed,4kzu_4kzu_conf0,0.062443895468657,1.0,1000
loqi_raw_chembl_count,4kzu_4kzu_conf0,0.075134554771573,1.0,3
loqi_raw_fixed,4llx_4llx_conf0,0.0387418714805116,1.0,1000
loqi_raw_chembl_count,4llx_4llx_conf0,0.042388100390877,1.0,1
loqi_raw_fixed,4lzs_4lzs_conf0,0.132694608603244,8.0,1000
loqi_raw_chembl_count,4lzs_4lzs_conf0,0.8444103922408781,5.0,12
loqi_raw_fixed,4mgd_4mgd_conf0,0.1565052907571696,3.0,1000
loqi_raw_chembl_count,4mgd_4mgd_conf0,0.2123779056809426,2.0,24
loqi_raw_fixed,4ogj_4ogj_conf0,0.4873046613223499,694.0,1000
loqi_raw_chembl_count,4ogj_4ogj_conf0,0.7864753407885191,53.0,54
loqi_raw_fixed,5c28_5c28_conf0,0.0421382754598194,2.0,1000
loqi_raw_chembl_count,5c28_5c28_conf0,0.084608088519763,2.0,2
loqi_raw_fixed,5c2h_5c2h_conf0,1.329996691728866,519.0,1000
loqi_raw_chembl_count,5c2h_5c2h_conf0,2.199893694462885,76.0,85
nextmol_dmt_l_raw_fixed,1bcu_1bcu_conf0,0.0497640654704334,1.0,1000
nextmol_dmt_l_raw_chembl_count,1bcu_1bcu_conf0,0.0724475873857539,1.0,1
nextmol_dmt_l_raw_fixed,1c5z_1c5z_conf0,0.0638638312614753,2.0,1000
nextmol_dmt_l_raw_chembl_count,1c5z_1c5z_conf0,0.1604608780182917,1.0,1
nextmol_dmt_l_raw_fixed,1lpg_1lpg_conf0,0.968808032071198,678.0,999
nextmol_dmt_l_raw_chembl_count,1lpg_1lpg_conf0,1.5475370799659534,171.0,193
nextmol_dmt_l_raw_fixed,1mq6_1mq6_conf0,1.0701636018665477,480.0,973
nextmol_dmt_l_raw_chembl_count,1mq6_1mq6_conf0,1.5220518472628153,12.0,12
nextmol_dmt_l_raw_fixed,1nc3_1nc3_conf0,0.3589865697002969,90.0,381
nextmol_dmt_l_raw_chembl_count,1nc3_1nc3_conf0,0.3589865697002969,37.0,76
nextmol_dmt_l_raw_fixed,1o3f_1o3f_conf0,0.1655041526288053,13.0,1000
nextmol_dmt_l_raw_chembl_count,1o3f_1o3f_conf0,0.1795204328112305,7.0,31
nextmol_dmt_l_raw_fixed,1o5b_1o5b_conf0,0.0630152405573864,1.0,1000
nextmol_dmt_l_raw_chembl_count,1o5b_1o5b_conf0,0.0820477189006496,1.0,1
nextmol_dmt_l_raw_fixed,1owh_1owh_conf0,0.2294439983629999,22.0,999
nextmol_dmt_l_raw_chembl_count,1owh_1owh_conf0,0.5989723122890087,8.0,12
nextmol_dmt_l_raw_fixed,1p1n_1p1n_conf0,0.8189853465691995,32.0,436
nextmol_dmt_l_raw_chembl_count,1p1n_1p1n_conf0,1.0213819740717314,5.0,8
nextmol_dmt_l_raw_fixed,1pxn_1pxn_conf0,0.1464220149743794,13.0,1000
nextmol_dmt_l_raw_chembl_count,1pxn_1pxn_conf0,0.1584697777378899,7.0,200
nextmol_dmt_l_raw_fixed,1sqa_1sqa_conf0,0.7078497941178916,69.0,426
nextmol_dmt_l_raw_chembl_count,1sqa_1sqa_conf0,0.7107365021068012,37.0,81
nextmol_dmt_l_raw_fixed,1uto_1uto_conf0,0.1446982240766551,4.0,1000
nextmol_dmt_l_raw_chembl_count,1uto_1uto_conf0,0.1783642088773163,3.0,7
nextmol_dmt_l_raw_fixed,1yc1_1yc1_conf0,0.454174855593016,32.0,1000
nextmol_dmt_l_raw_chembl_count,1yc1_1yc1_conf0,0.5023750917691512,21.0,168
nextmol_dmt_l_raw_fixed,1ydr_1ydr_conf0,0.9012218895981882,28.0,506
nextmol_dmt_l_raw_chembl_count,1ydr_1ydr_conf0,0.9047597356581496,7.0,9
nextmol_dmt_l_raw_fixed,1ydt_1ydt_conf0,0.4464483635896269,431.0,992
nextmol_dmt_l_raw_chembl_count,1ydt_1ydt_conf0,1.050667516562138,101.0,139
nextmol_dmt_l_raw_fixed,1z6e_1z6e_conf0,1.035903817120612,215.0,866
nextmol_dmt_l_raw_chembl_count,1z6e_1z6e_conf0,1.257049560190301,85.0,180
nextmol_dmt_l_raw_fixed,1z95_1z95_conf0,0.5607937790765775,135.0,497
nextmol_dmt_l_raw_chembl_count,1z95_1z95_conf0,0.5920435829037362,55.0,96
nextmol_dmt_l_raw_fixed,1z9g_1z9g_conf0,0.3969879944461859,140.0,523
nextmol_dmt_l_raw_chembl_count,1z9g_1z9g_conf0,0.5771912875157045,61.0,103
nextmol_dmt_l_raw_fixed,2br1_2br1_conf0,0.2426974377969003,30.0,1000
nextmol_dmt_l_raw_chembl_count,2br1_2br1_conf0,0.2477927464443872,23.0,200
nextmol_dmt_l_raw_fixed,2brb_2brb_conf0,0.1293133272333644,18.0,1000
nextmol_dmt_l_raw_chembl_count,2brb_2brb_conf0,0.1763450111983114,11.0,200
nextmol_dmt_l_raw_fixed,2c3i_2c3i_conf0,0.2388428760520219,87.0,1000
nextmol_dmt_l_raw_chembl_count,2c3i_2c3i_conf0,0.3723878539621563,56.0,200
nextmol_dmt_l_raw_fixed,2fvd_2fvd_conf0,0.2770054642734927,293.0,999
nextmol_dmt_l_raw_chembl_count,2fvd_2fvd_conf0,0.2770054642734927,106.0,200
nextmol_dmt_l_raw_fixed,2hb1_2hb1_conf0,0.3747992779634728,25.0,1000
nextmol_dmt_l_raw_chembl_count,2hb1_2hb1_conf0,0.4912233474216471,9.0,38
nextmol_dmt_l_raw_fixed,2p4y_2p4y_conf0,0.7846045857472485,290.0,513
nextmol_dmt_l_raw_chembl_count,2p4y_2p4y_conf0,1.0539342455960747,75.0,81
nextmol_dmt_l_raw_fixed,2pog_2pog_conf0,0.1994629433323879,22.0,442
nextmol_dmt_l_raw_chembl_count,2pog_2pog_conf0,1.0227488596846628,4.0,6
nextmol_dmt_l_raw_fixed,2qbp_2qbp_conf0,0.9045872024936402,836.0,999
nextmol_dmt_l_raw_chembl_count,2qbp_2qbp_conf0,1.0905493979685623,189.0,199
nextmol_dmt_l_raw_fixed,2qbq_2qbq_conf0,0.3808681268588361,526.0,1000
nextmol_dmt_l_raw_chembl_count,2qbq_2qbq_conf0,0.568030614599757,160.0,200
nextmol_dmt_l_raw_fixed,2qbr_2qbr_conf0,0.5346653533982678,450.0,1000
nextmol_dmt_l_raw_chembl_count,2qbr_2qbr_conf0,0.5346653533982678,148.0,200
nextmol_dmt_l_raw_fixed,2v00_2v00_conf0,0.2812388769959162,42.0,1000
nextmol_dmt_l_raw_chembl_count,2v00_2v00_conf0,0.5283408460011458,10.0,30
nextmol_dmt_l_raw_fixed,2wn9_2wn9_conf0,0.2827577384382048,51.0,1000
nextmol_dmt_l_raw_chembl_count,2wn9_2wn9_conf0,0.3574069218007099,27.0,71
nextmol_dmt_l_raw_fixed,2wtv_2wtv_conf0,0.2755889753135469,22.0,999
nextmol_dmt_l_raw_chembl_count,2wtv_2wtv_conf0,0.3788703796791949,6.0,110
nextmol_dmt_l_raw_fixed,2xdl_2xdl_conf0,0.3328074855306457,15.0,1000
nextmol_dmt_l_raw_chembl_count,2xdl_2xdl_conf0,0.3328074855306457,13.0,58
nextmol_dmt_l_raw_fixed,2xnb_2xnb_conf0,0.5161315526732463,50.0,1000
nextmol_dmt_l_raw_chembl_count,2xnb_2xnb_conf0,0.5541480975080957,20.0,79
nextmol_dmt_l_raw_fixed,2yfe_2yfe_conf0,0.4638731833347879,165.0,999
nextmol_dmt_l_raw_chembl_count,2yfe_2yfe_conf0,0.5157052918334746,71.0,154
nextmol_dmt_l_raw_fixed,2ymd_2ymd_conf0,0.1894770780808151,7.0,1000
nextmol_dmt_l_raw_chembl_count,2ymd_2ymd_conf0,0.2430339529853425,6.0,30
nextmol_dmt_l_raw_fixed,2zb1_2zb1_conf0,0.3070337919642936,71.0,1000
nextmol_dmt_l_raw_chembl_count,2zb1_2zb1_conf0,0.3408453102546993,51.0,200
nextmol_dmt_l_raw_fixed,2zcq_2zcq_conf0,0.7276147896893833,357.0,512
nextmol_dmt_l_raw_chembl_count,2zcq_2zcq_conf0,0.7276147896893833,32.0,33
nextmol_dmt_l_raw_fixed,2zcr_2zcr_conf0,0.6443565592451796,346.0,479
nextmol_dmt_l_raw_chembl_count,2zcr_2zcr_conf0,1.1723882610084595,25.0,26
nextmol_dmt_l_raw_fixed,2zy1_2zy1_conf0,1.1436684646717017,323.0,1000
nextmol_dmt_l_raw_chembl_count,2zy1_2zy1_conf0,1.315835979116585,71.0,94
nextmol_dmt_l_raw_fixed,3aru_3aru_conf0,0.3612083756076095,161.0,1000
nextmol_dmt_l_raw_chembl_count,3aru_3aru_conf0,0.3612083756076095,70.0,124
nextmol_dmt_l_raw_fixed,3ary_3ary_conf0,0.5194574366512962,5.0,1000
nextmol_dmt_l_raw_chembl_count,3ary_3ary_conf0,0.8484818760562894,2.0,3
nextmol_dmt_l_raw_fixed,3b27_3b27_conf0,0.218381572515375,12.0,1000
nextmol_dmt_l_raw_chembl_count,3b27_3b27_conf0,0.4354177014054116,6.0,9
nextmol_dmt_l_raw_fixed,3b5r_3b5r_conf0,0.4001376022997898,192.0,496
nextmol_dmt_l_raw_chembl_count,3b5r_3b5r_conf0,0.4001376022997898,69.0,96
nextmol_dmt_l_raw_fixed,3b65_3b65_conf0,0.1907620131090772,130.0,497
nextmol_dmt_l_raw_chembl_count,3b65_3b65_conf0,0.1907620131090772,54.0,94
nextmol_dmt_l_raw_fixed,3bgz_3bgz_conf0,0.1441673977336873,5.0,1000
nextmol_dmt_l_raw_chembl_count,3bgz_3bgz_conf0,0.1600635069587987,4.0,10
nextmol_dmt_l_raw_fixed,3cj4_3cj4_conf0,0.949805390663103,117.0,827
nextmol_dmt_l_raw_chembl_count,3cj4_3cj4_conf0,0.9597786281760162,57.0,171
nextmol_dmt_l_raw_fixed,3dd0_3dd0_conf0,0.1370057348425431,29.0,1000
nextmol_dmt_l_raw_chembl_count,3dd0_3dd0_conf0,0.1498577398729556,15.0,51
nextmol_dmt_l_raw_fixed,3e92_3e92_conf0,0.1784089312691761,40.0,1000
nextmol_dmt_l_raw_chembl_count,3e92_3e92_conf0,0.3661908390298403,24.0,134
nextmol_dmt_l_raw_fixed,3e93_3e93_conf0,1.3734599317080982,142.0,280
nextmol_dmt_l_raw_chembl_count,3e93_3e93_conf0,1.4383335790096123,47.0,56
nextmol_dmt_l_raw_fixed,3ehy_3ehy_conf0,0.4614860022058478,49.0,507
nextmol_dmt_l_raw_chembl_count,3ehy_3ehy_conf0,0.7045050343336899,7.0,14
nextmol_dmt_l_raw_fixed,3fcq_3fcq_conf0,0.2677507436956868,9.0,529
nextmol_dmt_l_raw_chembl_count,3fcq_3fcq_conf0,,,0
nextmol_dmt_l_raw_fixed,3fur_3fur_conf0,0.3882039807746475,235.0,1000
nextmol_dmt_l_raw_chembl_count,3fur_3fur_conf0,0.486029787895034,58.0,86
nextmol_dmt_l_raw_fixed,3g2z_3g2z_conf0,0.1781776070472351,2.0,1000
nextmol_dmt_l_raw_chembl_count,3g2z_3g2z_conf0,0.2325601219156362,2.0,6
nextmol_dmt_l_raw_fixed,3g31_3g31_conf0,,,0
nextmol_dmt_l_raw_chembl_count,3g31_3g31_conf0,,,0
nextmol_dmt_l_raw_fixed,3gy4_3gy4_conf0,0.0272579650540277,1.0,1000
nextmol_dmt_l_raw_chembl_count,3gy4_3gy4_conf0,0.2970088047671594,1.0,1
nextmol_dmt_l_raw_fixed,3jvs_3jvs_conf0,0.9148397721970436,203.0,444
nextmol_dmt_l_raw_chembl_count,3jvs_3jvs_conf0,1.0442947123473807,18.0,19
nextmol_dmt_l_raw_fixed,3k5v_3k5v_conf0,0.2409495134492973,102.0,998
nextmol_dmt_l_raw_chembl_count,3k5v_3k5v_conf0,0.2410081332042832,72.0,198
nextmol_dmt_l_raw_fixed,3kgp_3kgp_conf0,0.1943172463883572,4.0,1000
nextmol_dmt_l_raw_chembl_count,3kgp_3kgp_conf0,0.2895348214896709,1.0,1
nextmol_dmt_l_raw_fixed,3lka_3lka_conf0,0.1174289710037845,4.0,1000
nextmol_dmt_l_raw_chembl_count,3lka_3lka_conf0,0.2362523699867787,3.0,4
nextmol_dmt_l_raw_fixed,3nx7_3nx7_conf0,0.5093084401203478,261.0,1000
nextmol_dmt_l_raw_chembl_count,3nx7_3nx7_conf0,0.6254517311854976,75.0,111
nextmol_dmt_l_raw_fixed,3pxf_3pxf_conf0,0.2154214491773018,11.0,1000
nextmol_dmt_l_raw_chembl_count,3pxf_3pxf_conf0,0.2394246384069787,1.0,7
nextmol_dmt_l_raw_fixed,3qqs_3qqs_conf0,0.431689584972981,8.0,1000
nextmol_dmt_l_raw_chembl_count,3qqs_3qqs_conf0,0.5390084592016643,3.0,7
nextmol_dmt_l_raw_fixed,3rlr_3rlr_conf0,0.1604407717191046,6.0,1000
nextmol_dmt_l_raw_chembl_count,3rlr_3rlr_conf0,0.1773161738729053,4.0,9
nextmol_dmt_l_raw_fixed,3rsx_3rsx_conf0,0.0940164907337171,3.0,1000
nextmol_dmt_l_raw_chembl_count,3rsx_3rsx_conf0,0.1040185929506792,2.0,4
nextmol_dmt_l_raw_fixed,3ryj_3ryj_conf0,0.3834243192233063,26.0,1000
nextmol_dmt_l_raw_chembl_count,3ryj_3ryj_conf0,0.3834243192233063,13.0,81
nextmol_dmt_l_raw_fixed,3syr_3syr_conf0,0.3744522983353788,106.0,295
nextmol_dmt_l_raw_chembl_count,3syr_3syr_conf0,0.531230820942269,29.0,36
nextmol_dmt_l_raw_fixed,3twp_3twp_conf0,0.0672863630777575,1.0,1000
nextmol_dmt_l_raw_chembl_count,3twp_3twp_conf0,0.0728826939227503,1.0,1
nextmol_dmt_l_raw_fixed,3u5j_3u5j_conf0,0.1068049441453442,4.0,1000
nextmol_dmt_l_raw_chembl_count,3u5j_3u5j_conf0,0.1278184587117639,2.0,2
nextmol_dmt_l_raw_fixed,3u8n_3u8n_conf0,0.2133710665426967,113.0,1000
nextmol_dmt_l_raw_chembl_count,3u8n_3u8n_conf0,0.3246632411108756,83.0,197
nextmol_dmt_l_raw_fixed,3uo4_3uo4_conf0,0.4121136556336188,62.0,1000
nextmol_dmt_l_raw_chembl_count,3uo4_3uo4_conf0,0.4490991499380444,18.0,26
nextmol_dmt_l_raw_fixed,3up2_3up2_conf0,0.3568118130649513,61.0,1000
nextmol_dmt_l_raw_chembl_count,3up2_3up2_conf0,0.3867131733546579,25.0,43
nextmol_dmt_l_raw_fixed,3wtj_3wtj_conf0,0.2377995732589736,21.0,842
nextmol_dmt_l_raw_chembl_count,3wtj_3wtj_conf0,0.2377995732589736,12.0,45
nextmol_dmt_l_raw_fixed,3zdg_3zdg_conf0,0.4901926127674756,16.0,508
nextmol_dmt_l_raw_chembl_count,3zdg_3zdg_conf0,1.0933787772102022,9.0,104
nextmol_dmt_l_raw_fixed,4ddh_4ddh_conf0,0.3173240667247852,17.0,1000
nextmol_dmt_l_raw_chembl_count,4ddh_4ddh_conf0,0.8423005146625215,2.0,2
nextmol_dmt_l_raw_fixed,4ddk_4ddk_conf0,0.0634599968935546,2.0,1000
nextmol_dmt_l_raw_chembl_count,4ddk_4ddk_conf0,0.0699319209166779,1.0,1
nextmol_dmt_l_raw_fixed,4eor_4eor_conf0,0.7183379714778685,158.0,999
nextmol_dmt_l_raw_chembl_count,4eor_4eor_conf0,0.7183379714778685,81.0,199
nextmol_dmt_l_raw_fixed,4f09_4f09_conf0,0.1774796474453245,10.0,1000
nextmol_dmt_l_raw_chembl_count,4f09_4f09_conf0,0.2033802732349999,2.0,2
nextmol_dmt_l_raw_fixed,4f2w_4f2w_conf0,0.7136837613330151,121.0,449
nextmol_dmt_l_raw_chembl_count,4f2w_4f2w_conf0,0.7456173538875157,41.0,74
nextmol_dmt_l_raw_fixed,4f9w_4f9w_conf0,0.1859047907553993,10.0,1000
nextmol_dmt_l_raw_chembl_count,4f9w_4f9w_conf0,0.2035349377637127,3.0,4
nextmol_dmt_l_raw_fixed,4hge_4hge_conf0,0.1947312892984131,69.0,780
nextmol_dmt_l_raw_chembl_count,4hge_4hge_conf0,0.2248641827788699,21.0,27
nextmol_dmt_l_raw_fixed,4j21_4j21_conf0,0.0794563761445749,3.0,1000
nextmol_dmt_l_raw_chembl_count,4j21_4j21_conf0,0.832234981263704,2.0,3
nextmol_dmt_l_raw_fixed,4j3l_4j3l_conf0,0.3589340783733044,124.0,1000
nextmol_dmt_l_raw_chembl_count,4j3l_4j3l_conf0,0.4470181866246972,63.0,114
nextmol_dmt_l_raw_fixed,4jsz_4jsz_conf0,0.1010470622092304,2.0,1000
nextmol_dmt_l_raw_chembl_count,4jsz_4jsz_conf0,0.5342000858950468,1.0,2
nextmol_dmt_l_raw_fixed,4jxs_4jxs_conf0,0.3448697336834435,71.0,999
nextmol_dmt_l_raw_chembl_count,4jxs_4jxs_conf0,0.740710873816919,18.0,32
nextmol_dmt_l_raw_fixed,4k18_4k18_conf0,0.1364693701106712,56.0,974
nextmol_dmt_l_raw_chembl_count,4k18_4k18_conf0,0.1784187274972349,25.0,108
nextmol_dmt_l_raw_fixed,4k77_4k77_conf0,0.0977363407683432,15.0,1000
nextmol_dmt_l_raw_chembl_count,4k77_4k77_conf0,0.6809093778217752,3.0,5
nextmol_dmt_l_raw_fixed,4kzq_4kzq_conf0,0.0882861025567447,2.0,1000
nextmol_dmt_l_raw_chembl_count,4kzq_4kzq_conf0,0.1450024310994588,1.0,6
nextmol_dmt_l_raw_fixed,4kzu_4kzu_conf0,0.0678730121924165,2.0,1000
nextmol_dmt_l_raw_chembl_count,4kzu_4kzu_conf0,0.093358410767821,1.0,3
nextmol_dmt_l_raw_fixed,4llx_4llx_conf0,0.0440981086075882,1.0,1000
nextmol_dmt_l_raw_chembl_count,4llx_4llx_conf0,0.0490791508870725,1.0,1
nextmol_dmt_l_raw_fixed,4lzs_4lzs_conf0,0.1453178356619828,19.0,1000
nextmol_dmt_l_raw_chembl_count,4lzs_4lzs_conf0,0.8010175740954509,5.0,12
nextmol_dmt_l_raw_fixed,4mgd_4mgd_conf0,0.2089328223814728,5.0,1000
nextmol_dmt_l_raw_chembl_count,4mgd_4mgd_conf0,0.2304645219735895,4.0,24
nextmol_dmt_l_raw_fixed,4ogj_4ogj_conf0,0.4265701654673014,341.0,999
nextmol_dmt_l_raw_chembl_count,4ogj_4ogj_conf0,0.6555830565855478,42.0,54
nextmol_dmt_l_raw_fixed,5c28_5c28_conf0,0.0636351321167985,4.0,1000
nextmol_dmt_l_raw_chembl_count,5c28_5c28_conf0,0.6302887254847354,1.0,2
nextmol_dmt_l_raw_fixed,5c2h_5c2h_conf0,2.201124408094078,319.0,1000
nextmol_dmt_l_raw_chembl_count,5c2h_5c2h_conf0,3.028128357673008,69.0,85
torsional_diffusion_raw_fixed,1bcu_1bcu_conf0,0.0700026891980126,1.0,1000
torsional_diffusion_raw_chembl_count,1bcu_1bcu_conf0,0.0957507718913101,1.0,1
torsional_diffusion_raw_fixed,1c5z_1c5z_conf0,0.0445083117360444,2.0,1000
torsional_diffusion_raw_chembl_count,1c5z_1c5z_conf0,0.3651336291429994,1.0,1
torsional_diffusion_raw_fixed,1lpg_1lpg_conf0,1.5575089887842193,788.0,790
torsional_diffusion_raw_chembl_count,1lpg_1lpg_conf0,1.6790507237116723,147.0,147
torsional_diffusion_raw_fixed,1mq6_1mq6_conf0,1.1491514325477727,385.0,402
torsional_diffusion_raw_chembl_count,1mq6_1mq6_conf0,2.3528404446272515,7.0,7
torsional_diffusion_raw_fixed,1nc3_1nc3_conf0,0.364875701398378,65.0,995
torsional_diffusion_raw_chembl_count,1nc3_1nc3_conf0,0.5442591290493849,41.0,196
torsional_diffusion_raw_fixed,1o3f_1o3f_conf0,0.1467320646798439,21.0,994
torsional_diffusion_raw_chembl_count,1o3f_1o3f_conf0,0.2259756680821598,10.0,30
torsional_diffusion_raw_fixed,1o5b_1o5b_conf0,0.0753765293114792,2.0,1000
torsional_diffusion_raw_chembl_count,1o5b_1o5b_conf0,0.086888580496144,1.0,1
torsional_diffusion_raw_fixed,1owh_1owh_conf0,0.2173014995440551,58.0,645
torsional_diffusion_raw_chembl_count,1owh_1owh_conf0,0.7057016918546053,6.0,6
torsional_diffusion_raw_fixed,1p1n_1p1n_conf0,0.3577181052851985,190.0,587
torsional_diffusion_raw_chembl_count,1p1n_1p1n_conf0,0.9071872191734835,15.0,16
torsional_diffusion_raw_fixed,1pxn_1pxn_conf0,0.1121906919194336,37.0,989
torsional_diffusion_raw_chembl_count,1pxn_1pxn_conf0,0.1698857072336207,17.0,197
torsional_diffusion_raw_fixed,1sqa_1sqa_conf0,0.490280149449895,212.0,525
torsional_diffusion_raw_chembl_count,1sqa_1sqa_conf0,0.490280149449895,73.0,111
torsional_diffusion_raw_fixed,1uto_1uto_conf0,0.0742396000364341,5.0,991
torsional_diffusion_raw_chembl_count,1uto_1uto_conf0,0.2926049146778445,2.0,7
torsional_diffusion_raw_fixed,1yc1_1yc1_conf0,0.3404766496546452,62.0,988
torsional_diffusion_raw_chembl_count,1yc1_1yc1_conf0,0.4054185596613645,31.0,166
torsional_diffusion_raw_fixed,1ydr_1ydr_conf0,0.3251126624762785,191.0,936
torsional_diffusion_raw_chembl_count,1ydr_1ydr_conf0,0.7542979430101188,12.0,15
torsional_diffusion_raw_fixed,1ydt_1ydt_conf0,0.6242877259434314,531.0,566
torsional_diffusion_raw_chembl_count,1ydt_1ydt_conf0,0.8463664657804901,85.0,87
torsional_diffusion_raw_fixed,1z6e_1z6e_conf0,1.0560686849198693,555.0,685
torsional_diffusion_raw_chembl_count,1z6e_1z6e_conf0,1.3373691107413392,130.0,137
torsional_diffusion_raw_fixed,1z95_1z95_conf0,0.2986447420847199,331.0,898
torsional_diffusion_raw_chembl_count,1z95_1z95_conf0,0.2986447420847199,112.0,179
torsional_diffusion_raw_fixed,1z9g_1z9g_conf0,0.4652590885978829,260.0,930
torsional_diffusion_raw_chembl_count,1z9g_1z9g_conf0,0.4824510007951441,96.0,192
torsional_diffusion_raw_fixed,2br1_2br1_conf0,0.2573242605976942,68.0,987
torsional_diffusion_raw_chembl_count,2br1_2br1_conf0,0.3541802964806584,38.0,198
torsional_diffusion_raw_fixed,2brb_2brb_conf0,0.2422148028166085,29.0,983
torsional_diffusion_raw_chembl_count,2brb_2brb_conf0,0.2637838622586337,20.0,195
torsional_diffusion_raw_fixed,2c3i_2c3i_conf0,0.3182158406329927,148.0,998
torsional_diffusion_raw_chembl_count,2c3i_2c3i_conf0,0.3814478166972561,79.0,200
torsional_diffusion_raw_fixed,2fvd_2fvd_conf0,0.6505197441025167,797.0,930
torsional_diffusion_raw_chembl_count,2fvd_2fvd_conf0,0.8925751878181949,181.0,186
torsional_diffusion_raw_fixed,2hb1_2hb1_conf0,0.3043274516621173,76.0,820
torsional_diffusion_raw_chembl_count,2hb1_2hb1_conf0,0.5019132909963128,15.0,30
torsional_diffusion_raw_fixed,2p4y_2p4y_conf0,1.188215949872941,689.0,868
torsional_diffusion_raw_chembl_count,2p4y_2p4y_conf0,1.2286700796067545,139.0,146
torsional_diffusion_raw_fixed,2pog_2pog_conf0,0.1516457267767372,15.0,951
torsional_diffusion_raw_chembl_count,2pog_2pog_conf0,0.2837707073123905,4.0,10
torsional_diffusion_raw_fixed,2qbp_2qbp_conf0,1.096442552785442,558.0,558
torsional_diffusion_raw_chembl_count,2qbp_2qbp_conf0,1.4142111414633851,109.0,109
torsional_diffusion_raw_fixed,2qbq_2qbq_conf0,0.6104411043186412,619.0,698
torsional_diffusion_raw_chembl_count,2qbq_2qbq_conf0,0.7566368301520829,132.0,135
torsional_diffusion_raw_fixed,2qbr_2qbr_conf0,0.7280762382960273,488.0,761
torsional_diffusion_raw_chembl_count,2qbr_2qbr_conf0,1.0326847662665373,135.0,158
torsional_diffusion_raw_fixed,2v00_2v00_conf0,0.0862491486479573,63.0,998
torsional_diffusion_raw_chembl_count,2v00_2v00_conf0,0.6222952974301926,14.0,30
torsional_diffusion_raw_fixed,2wn9_2wn9_conf0,0.3365378504779819,119.0,781
torsional_diffusion_raw_chembl_count,2wn9_2wn9_conf0,0.4566045079723556,30.0,56
torsional_diffusion_raw_fixed,2wtv_2wtv_conf0,0.4626785795760393,157.0,887
torsional_diffusion_raw_chembl_count,2wtv_2wtv_conf0,0.5998634066196169,51.0,97
torsional_diffusion_raw_fixed,2xdl_2xdl_conf0,0.2839765836710847,47.0,991
torsional_diffusion_raw_chembl_count,2xdl_2xdl_conf0,0.3842781190276486,15.0,57
torsional_diffusion_raw_fixed,2xnb_2xnb_conf0,0.2732529062988708,158.0,987
torsional_diffusion_raw_chembl_count,2xnb_2xnb_conf0,0.4288697858471336,34.0,75
torsional_diffusion_raw_fixed,2yfe_2yfe_conf0,0.5056326808600448,196.0,830
torsional_diffusion_raw_chembl_count,2yfe_2yfe_conf0,0.5056326808600448,73.0,132
torsional_diffusion_raw_fixed,2ymd_2ymd_conf0,0.1167219411712956,9.0,986
torsional_diffusion_raw_chembl_count,2ymd_2ymd_conf0,0.4059881857016649,6.0,29
torsional_diffusion_raw_fixed,2zb1_2zb1_conf0,0.2431594912770471,135.0,996
torsional_diffusion_raw_chembl_count,2zb1_2zb1_conf0,0.2431594912770471,79.0,199
torsional_diffusion_raw_fixed,2zcq_2zcq_conf0,0.9605034768933808,533.0,562
torsional_diffusion_raw_chembl_count,2zcq_2zcq_conf0,1.2213592938857376,37.0,37
torsional_diffusion_raw_fixed,2zcr_2zcr_conf0,0.904300989571704,502.0,517
torsional_diffusion_raw_chembl_count,2zcr_2zcr_conf0,1.5394194775996444,28.0,28
torsional_diffusion_raw_fixed,2zy1_2zy1_conf0,1.2081901987636188,589.0,656
torsional_diffusion_raw_chembl_count,2zy1_2zy1_conf0,1.3057743605709793,62.0,63
torsional_diffusion_raw_fixed,3aru_3aru_conf0,0.3691875716842065,228.0,942
torsional_diffusion_raw_chembl_count,3aru_3aru_conf0,0.3691875716842065,64.0,113
torsional_diffusion_raw_fixed,3ary_3ary_conf0,0.1866776977634175,14.0,1000
torsional_diffusion_raw_chembl_count,3ary_3ary_conf0,0.9550180407753768,3.0,3
torsional_diffusion_raw_fixed,3b27_3b27_conf0,0.2977725010052605,15.0,1000
torsional_diffusion_raw_chembl_count,3b27_3b27_conf0,0.4616008563408419,5.0,9
torsional_diffusion_raw_fixed,3b5r_3b5r_conf0,0.4259962670182683,451.0,948
torsional_diffusion_raw_chembl_count,3b5r_3b5r_conf0,0.5394218801842665,145.0,190
torsional_diffusion_raw_fixed,3b65_3b65_conf0,0.3035569123144768,310.0,952
torsional_diffusion_raw_chembl_count,3b65_3b65_conf0,0.3035569123144768,109.0,191
torsional_diffusion_raw_fixed,3bgz_3bgz_conf0,0.1125703618505472,6.0,998
torsional_diffusion_raw_chembl_count,3bgz_3bgz_conf0,0.1511591726108504,3.0,10
torsional_diffusion_raw_fixed,3cj4_3cj4_conf0,0.7249992260750514,600.0,695
torsional_diffusion_raw_chembl_count,3cj4_3cj4_conf0,0.939657367070987,127.0,135
torsional_diffusion_raw_fixed,3dd0_3dd0_conf0,0.1892903112054091,32.0,1000
torsional_diffusion_raw_chembl_count,3dd0_3dd0_conf0,0.2872422686137362,19.0,51
torsional_diffusion_raw_fixed,3e92_3e92_conf0,0.2786040479148037,98.0,958
torsional_diffusion_raw_chembl_count,3e92_3e92_conf0,0.3008301813886713,54.0,129
torsional_diffusion_raw_fixed,3e93_3e93_conf0,0.7207244828213711,437.0,474
torsional_diffusion_raw_chembl_count,3e93_3e93_conf0,0.8051413293140858,95.0,97
torsional_diffusion_raw_fixed,3ehy_3ehy_conf0,0.3893445166604543,132.0,914
torsional_diffusion_raw_chembl_count,3ehy_3ehy_conf0,0.5297374280345514,18.0,24
torsional_diffusion_raw_fixed,3fcq_3fcq_conf0,0.1323958169264267,17.0,946
torsional_diffusion_raw_chembl_count,3fcq_3fcq_conf0,0.5981512430433973,1.0,1
torsional_diffusion_raw_fixed,3fur_3fur_conf0,0.5326862237788091,357.0,987
torsional_diffusion_raw_chembl_count,3fur_3fur_conf0,0.5781110369764058,64.0,84
torsional_diffusion_raw_fixed,3g2z_3g2z_conf0,0.2235225058721796,11.0,980
torsional_diffusion_raw_chembl_count,3g2z_3g2z_conf0,0.3058069028151277,2.0,6
torsional_diffusion_raw_fixed,3g31_3g31_conf0,0.1018881569148874,21.0,994
torsional_diffusion_raw_chembl_count,3g31_3g31_conf0,1.3051640623804155,1.0,2
torsional_diffusion_raw_fixed,3gy4_3gy4_conf0,0.0495811173165829,2.0,1000
torsional_diffusion_raw_chembl_count,3gy4_3gy4_conf0,0.1285171145641377,1.0,1
torsional_diffusion_raw_fixed,3jvs_3jvs_conf0,0.758540678244328,390.0,504
torsional_diffusion_raw_chembl_count,3jvs_3jvs_conf0,1.4345527382234846,18.0,18
torsional_diffusion_raw_fixed,3k5v_3k5v_conf0,0.266119244751006,178.0,999
torsional_diffusion_raw_chembl_count,3k5v_3k5v_conf0,0.4486327320261218,87.0,199
torsional_diffusion_raw_fixed,3kgp_3kgp_conf0,0.1117027508937569,3.0,996
torsional_diffusion_raw_chembl_count,3kgp_3kgp_conf0,0.2280132862600862,1.0,1
torsional_diffusion_raw_fixed,3lka_3lka_conf0,0.1363698095430502,5.0,1000
torsional_diffusion_raw_chembl_count,3lka_3lka_conf0,0.2369899523936639,2.0,4
torsional_diffusion_raw_fixed,3nx7_3nx7_conf0,0.4440173338326581,516.0,747
torsional_diffusion_raw_chembl_count,3nx7_3nx7_conf0,0.557130981607051,78.0,78
torsional_diffusion_raw_fixed,3pxf_3pxf_conf0,0.2386945035036253,16.0,495
torsional_diffusion_raw_chembl_count,3pxf_3pxf_conf0,0.2765694642427072,3.0,3
torsional_diffusion_raw_fixed,3qqs_3qqs_conf0,0.2925477086749672,32.0,853
torsional_diffusion_raw_chembl_count,3qqs_3qqs_conf0,0.7035190788765384,4.0,5
torsional_diffusion_raw_fixed,3rlr_3rlr_conf0,0.2130805018768838,13.0,967
torsional_diffusion_raw_chembl_count,3rlr_3rlr_conf0,0.2983535227991538,5.0,9
torsional_diffusion_raw_fixed,3rsx_3rsx_conf0,0.057249265816749,4.0,1000
torsional_diffusion_raw_chembl_count,3rsx_3rsx_conf0,0.3271711965906171,2.0,4
torsional_diffusion_raw_fixed,3ryj_3ryj_conf0,0.2427659144518459,58.0,998
torsional_diffusion_raw_chembl_count,3ryj_3ryj_conf0,0.2427659144518459,17.0,81
torsional_diffusion_raw_fixed,3syr_3syr_conf0,0.262463195927767,106.0,966
torsional_diffusion_raw_chembl_count,3syr_3syr_conf0,0.3465104780248108,43.0,119
torsional_diffusion_raw_fixed,3twp_3twp_conf0,0.0495111277416019,2.0,1000
torsional_diffusion_raw_chembl_count,3twp_3twp_conf0,0.0636748561318532,1.0,1
torsional_diffusion_raw_fixed,3u5j_3u5j_conf0,0.2507259826270726,4.0,915
torsional_diffusion_raw_chembl_count,3u5j_3u5j_conf0,0.2860151742524405,2.0,2
torsional_diffusion_raw_fixed,3u8n_3u8n_conf0,0.4083061382174877,253.0,960
torsional_diffusion_raw_chembl_count,3u8n_3u8n_conf0,0.487560023617637,103.0,191
torsional_diffusion_raw_fixed,3uo4_3uo4_conf0,0.3852035829372241,148.0,971
torsional_diffusion_raw_chembl_count,3uo4_3uo4_conf0,0.7571591811143477,18.0,26
torsional_diffusion_raw_fixed,3up2_3up2_conf0,0.4001964817298326,222.0,974
torsional_diffusion_raw_chembl_count,3up2_3up2_conf0,0.685090338141358,29.0,41
torsional_diffusion_raw_fixed,3wtj_3wtj_conf0,0.2720493801104651,77.0,822
torsional_diffusion_raw_chembl_count,3wtj_3wtj_conf0,0.2856887612576285,21.0,40
torsional_diffusion_raw_fixed,3zdg_3zdg_conf0,0.2938950041972711,162.0,887
torsional_diffusion_raw_chembl_count,3zdg_3zdg_conf0,0.3365447558730414,59.0,176
torsional_diffusion_raw_fixed,4ddh_4ddh_conf0,0.2227403884783829,22.0,999
torsional_diffusion_raw_chembl_count,4ddh_4ddh_conf0,0.8225401356448383,2.0,2
torsional_diffusion_raw_fixed,4ddk_4ddk_conf0,0.054283443966178,2.0,1000
torsional_diffusion_raw_chembl_count,4ddk_4ddk_conf0,0.1523481145081766,1.0,1
torsional_diffusion_raw_fixed,4eor_4eor_conf0,0.4994385041569467,522.0,989
torsional_diffusion_raw_chembl_count,4eor_4eor_conf0,0.7477068149469558,157.0,194
torsional_diffusion_raw_fixed,4f09_4f09_conf0,0.1279939279413038,11.0,857
torsional_diffusion_raw_chembl_count,4f09_4f09_conf0,0.4512303919757661,2.0,2
torsional_diffusion_raw_fixed,4f2w_4f2w_conf0,0.6238348934711645,391.0,963
torsional_diffusion_raw_chembl_count,4f2w_4f2w_conf0,0.85377044600082,146.0,199
torsional_diffusion_raw_fixed,4f9w_4f9w_conf0,0.1376495253922067,16.0,993
torsional_diffusion_raw_chembl_count,4f9w_4f9w_conf0,0.2569477480247543,3.0,3
torsional_diffusion_raw_fixed,4hge_4hge_conf0,0.2913980670841594,138.0,782
torsional_diffusion_raw_chembl_count,4hge_4hge_conf0,0.2913980670841594,19.0,29
torsional_diffusion_raw_fixed,4j21_4j21_conf0,0.0928029151677101,6.0,1000
torsional_diffusion_raw_chembl_count,4j21_4j21_conf0,0.1559824367365113,3.0,3
torsional_diffusion_raw_fixed,4j3l_4j3l_conf0,0.3487234934323363,185.0,989
torsional_diffusion_raw_chembl_count,4j3l_4j3l_conf0,0.4666426935552024,69.0,114
torsional_diffusion_raw_fixed,4jsz_4jsz_conf0,0.0873615754758558,2.0,1000
torsional_diffusion_raw_chembl_count,4jsz_4jsz_conf0,0.534205572700375,1.0,2
torsional_diffusion_raw_fixed,4jxs_4jxs_conf0,0.3936904202035113,280.0,867
torsional_diffusion_raw_chembl_count,4jxs_4jxs_conf0,0.8137745657709392,19.0,28
torsional_diffusion_raw_fixed,4k18_4k18_conf0,0.1852804116071986,142.0,804
torsional_diffusion_raw_chembl_count,4k18_4k18_conf0,0.4392435786229994,46.0,88
torsional_diffusion_raw_fixed,4k77_4k77_conf0,0.1370568135592737,53.0,925
torsional_diffusion_raw_chembl_count,4k77_4k77_conf0,0.3306348265571677,3.0,4
torsional_diffusion_raw_fixed,4kzq_4kzq_conf0,0.0814106481770671,2.0,1000
torsional_diffusion_raw_chembl_count,4kzq_4kzq_conf0,0.166703859286779,1.0,6
torsional_diffusion_raw_fixed,4kzu_4kzu_conf0,0.0715713053654013,2.0,1000
torsional_diffusion_raw_chembl_count,4kzu_4kzu_conf0,0.1278892447515894,1.0,3
torsional_diffusion_raw_fixed,4llx_4llx_conf0,0.0340098623047461,1.0,1000
torsional_diffusion_raw_chembl_count,4llx_4llx_conf0,0.0548132553274033,1.0,1
torsional_diffusion_raw_fixed,4lzs_4lzs_conf0,0.1267037052388801,36.0,923
torsional_diffusion_raw_chembl_count,4lzs_4lzs_conf0,0.6559612992758629,7.0,9
torsional_diffusion_raw_fixed,4mgd_4mgd_conf0,0.1494796802687844,9.0,997
torsional_diffusion_raw_chembl_count,4mgd_4mgd_conf0,0.2257762882682634,3.0,24
torsional_diffusion_raw_fixed,4ogj_4ogj_conf0,0.614350052120657,539.0,541
torsional_diffusion_raw_chembl_count,4ogj_4ogj_conf0,0.9058019783824623,33.0,33
torsional_diffusion_raw_fixed,5c28_5c28_conf0,0.0594526753573235,4.0,1000
torsional_diffusion_raw_chembl_count,5c28_5c28_conf0,0.100940556223105,1.0,2
torsional_diffusion_raw_fixed,5c2h_5c2h_conf0,1.6828721064120646,670.0,717
torsional_diffusion_raw_chembl_count,5c2h_5c2h_conf0,2.7368273035818675,59.0,59
mcf_drugs_l_raw_fixed,1bcu_1bcu_conf0,0.0440920649349164,2.0,999
mcf_drugs_l_raw_chembl_count,1bcu_1bcu_conf0,0.0670901780763707,1.0,1
mcf_drugs_l_raw_fixed,1c5z_1c5z_conf0,0.0261957949443279,2.0,999
mcf_drugs_l_raw_chembl_count,1c5z_1c5z_conf0,0.3038964134441183,1.0,1
mcf_drugs_l_raw_fixed,1lpg_1lpg_conf0,0.8838095654394502,701.0,995
mcf_drugs_l_raw_chembl_count,1lpg_1lpg_conf0,0.8838095654394502,174.0,192
mcf_drugs_l_raw_fixed,1mq6_1mq6_conf0,1.1487867270392842,510.0,735
mcf_drugs_l_raw_chembl_count,1mq6_1mq6_conf0,1.8927753348952656,9.0,9
mcf_drugs_l_raw_fixed,1nc3_1nc3_conf0,0.2883977488780266,89.0,475
mcf_drugs_l_raw_chembl_count,1nc3_1nc3_conf0,0.4803469690676947,37.0,94
mcf_drugs_l_raw_fixed,1o3f_1o3f_conf0,0.1604054586205878,15.0,1000
mcf_drugs_l_raw_chembl_count,1o3f_1o3f_conf0,0.2016894600813784,6.0,31
mcf_drugs_l_raw_fixed,1o5b_1o5b_conf0,0.062738192111327,1.0,1000
mcf_drugs_l_raw_chembl_count,1o5b_1o5b_conf0,0.0789866531208269,1.0,1
mcf_drugs_l_raw_fixed,1owh_1owh_conf0,0.1725144021708933,24.0,990
mcf_drugs_l_raw_chembl_count,1owh_1owh_conf0,0.2979491983160378,8.0,12
mcf_drugs_l_raw_fixed,1p1n_1p1n_conf0,0.2671239106733602,76.0,284
mcf_drugs_l_raw_chembl_count,1p1n_1p1n_conf0,0.730455008371044,5.0,6
mcf_drugs_l_raw_fixed,1pxn_1pxn_conf0,0.1364904922785939,11.0,1000
mcf_drugs_l_raw_chembl_count,1pxn_1pxn_conf0,0.1381898242408538,8.0,200
mcf_drugs_l_raw_fixed,1sqa_1sqa_conf0,0.8870993409533446,56.0,276
mcf_drugs_l_raw_chembl_count,1sqa_1sqa_conf0,0.9980007089380768,26.0,64
mcf_drugs_l_raw_fixed,1uto_1uto_conf0,0.1435685046845173,4.0,999
mcf_drugs_l_raw_chembl_count,1uto_1uto_conf0,0.695922145116818,2.0,7
mcf_drugs_l_raw_fixed,1yc1_1yc1_conf0,0.4842842912638835,23.0,1000
mcf_drugs_l_raw_chembl_count,1yc1_1yc1_conf0,0.5040881917499818,16.0,168
mcf_drugs_l_raw_fixed,1ydr_1ydr_conf0,0.8625319529723091,24.0,547
mcf_drugs_l_raw_chembl_count,1ydr_1ydr_conf0,1.3257735624614797,7.0,10
mcf_drugs_l_raw_fixed,1ydt_1ydt_conf0,0.6072602752380633,404.0,993
mcf_drugs_l_raw_chembl_count,1ydt_1ydt_conf0,0.6072602752380633,101.0,140
mcf_drugs_l_raw_fixed,1z6e_1z6e_conf0,0.9445014521163266,332.0,983
mcf_drugs_l_raw_chembl_count,1z6e_1z6e_conf0,0.9445014521163266,121.0,197
mcf_drugs_l_raw_fixed,1z95_1z95_conf0,0.4347110897950687,114.0,451
mcf_drugs_l_raw_chembl_count,1z95_1z95_conf0,0.6403993556301838,46.0,91
mcf_drugs_l_raw_fixed,1z9g_1z9g_conf0,0.3758294563140198,166.0,528
mcf_drugs_l_raw_chembl_count,1z9g_1z9g_conf0,0.8371053081448057,63.0,100
mcf_drugs_l_raw_fixed,2br1_2br1_conf0,0.2531169030730932,29.0,1000
mcf_drugs_l_raw_chembl_count,2br1_2br1_conf0,0.2635631663190632,26.0,200
mcf_drugs_l_raw_fixed,2brb_2brb_conf0,0.1388106622809229,17.0,1000
mcf_drugs_l_raw_chembl_count,2brb_2brb_conf0,0.2659208634342141,13.0,200
mcf_drugs_l_raw_fixed,2c3i_2c3i_conf0,0.2574517847623926,77.0,1000
mcf_drugs_l_raw_chembl_count,2c3i_2c3i_conf0,0.2819618290992092,51.0,200
mcf_drugs_l_raw_fixed,2fvd_2fvd_conf0,0.4933958633430736,331.0,1000
mcf_drugs_l_raw_chembl_count,2fvd_2fvd_conf0,0.8788888671933364,120.0,200
mcf_drugs_l_raw_fixed,2hb1_2hb1_conf0,0.3314702700355965,33.0,986
mcf_drugs_l_raw_chembl_count,2hb1_2hb1_conf0,0.4998354279575009,13.0,38
mcf_drugs_l_raw_fixed,2p4y_2p4y_conf0,0.573092903733719,362.0,485
mcf_drugs_l_raw_chembl_count,2p4y_2p4y_conf0,0.573092903733719,85.0,95
mcf_drugs_l_raw_fixed,2pog_2pog_conf0,0.2138280437811742,21.0,599
mcf_drugs_l_raw_chembl_count,2pog_2pog_conf0,0.2529204607095458,2.0,5
mcf_drugs_l_raw_fixed,2qbp_2qbp_conf0,0.9555222266714872,775.0,994
mcf_drugs_l_raw_chembl_count,2qbp_2qbp_conf0,1.247344435730559,188.0,198
mcf_drugs_l_raw_fixed,2qbq_2qbq_conf0,0.5394230656572255,452.0,994
mcf_drugs_l_raw_chembl_count,2qbq_2qbq_conf0,0.6453574569458432,143.0,198
mcf_drugs_l_raw_fixed,2qbr_2qbr_conf0,0.4581681248616229,369.0,997
mcf_drugs_l_raw_chembl_count,2qbr_2qbr_conf0,0.6290407989393144,151.0,200
mcf_drugs_l_raw_fixed,2v00_2v00_conf0,0.279843494227144,46.0,1000
mcf_drugs_l_raw_chembl_count,2v00_2v00_conf0,0.3279730555838654,12.0,30
mcf_drugs_l_raw_fixed,2wn9_2wn9_conf0,0.2719675843703172,45.0,1000
mcf_drugs_l_raw_chembl_count,2wn9_2wn9_conf0,0.3541617892258112,25.0,71
mcf_drugs_l_raw_fixed,2wtv_2wtv_conf0,0.2899364695080759,24.0,998
mcf_drugs_l_raw_chembl_count,2wtv_2wtv_conf0,0.4216959134486795,8.0,110
mcf_drugs_l_raw_fixed,2xdl_2xdl_conf0,0.2180124523686029,22.0,1000
mcf_drugs_l_raw_chembl_count,2xdl_2xdl_conf0,0.4127991734691121,12.0,58
mcf_drugs_l_raw_fixed,2xnb_2xnb_conf0,0.775101081732069,32.0,995
mcf_drugs_l_raw_chembl_count,2xnb_2xnb_conf0,0.7923521470826922,7.0,79
mcf_drugs_l_raw_fixed,2yfe_2yfe_conf0,0.493769708009512,137.0,1000
mcf_drugs_l_raw_chembl_count,2yfe_2yfe_conf0,0.493769708009512,58.0,155
mcf_drugs_l_raw_fixed,2ymd_2ymd_conf0,0.1640680282047194,8.0,983
mcf_drugs_l_raw_chembl_count,2ymd_2ymd_conf0,0.3458865475551073,5.0,29
mcf_drugs_l_raw_fixed,2zb1_2zb1_conf0,0.3335296889712486,104.0,1000
mcf_drugs_l_raw_chembl_count,2zb1_2zb1_conf0,0.3880402517168679,61.0,200
mcf_drugs_l_raw_fixed,2zcq_2zcq_conf0,0.5068266969646811,373.0,484
mcf_drugs_l_raw_chembl_count,2zcq_2zcq_conf0,1.2251590553530332,32.0,32
mcf_drugs_l_raw_fixed,2zcr_2zcr_conf0,0.7421713190780659,423.0,523
mcf_drugs_l_raw_chembl_count,2zcr_2zcr_conf0,0.969056339702623,33.0,33
mcf_drugs_l_raw_fixed,2zy1_2zy1_conf0,0.8871153892507141,352.0,999
mcf_drugs_l_raw_chembl_count,2zy1_2zy1_conf0,1.319308021101409,75.0,93
mcf_drugs_l_raw_fixed,3aru_3aru_conf0,0.3742082726974861,162.0,999
mcf_drugs_l_raw_chembl_count,3aru_3aru_conf0,0.5793244385040285,66.0,124
mcf_drugs_l_raw_fixed,3ary_3ary_conf0,0.4518367639904154,8.0,1000
mcf_drugs_l_raw_chembl_count,3ary_3ary_conf0,0.515461252596391,3.0,3
mcf_drugs_l_raw_fixed,3b27_3b27_conf0,0.3314947623037589,12.0,1000
mcf_drugs_l_raw_chembl_count,3b27_3b27_conf0,0.374275821214546,4.0,9
mcf_drugs_l_raw_fixed,3b5r_3b5r_conf0,0.4288016527843771,174.0,477
mcf_drugs_l_raw_chembl_count,3b5r_3b5r_conf0,0.4485336237812844,66.0,103
mcf_drugs_l_raw_fixed,3b65_3b65_conf0,0.2911465850512333,97.0,432
mcf_drugs_l_raw_chembl_count,3b65_3b65_conf0,0.2911465850512333,48.0,94
mcf_drugs_l_raw_fixed,3bgz_3bgz_conf0,0.1358707054259035,8.0,985
mcf_drugs_l_raw_chembl_count,3bgz_3bgz_conf0,0.1580361488842204,3.0,10
mcf_drugs_l_raw_fixed,3cj4_3cj4_conf0,0.8549663011266633,167.0,850
mcf_drugs_l_raw_chembl_count,3cj4_3cj4_conf0,0.9460683472755088,63.0,168
mcf_drugs_l_raw_fixed,3dd0_3dd0_conf0,0.1241407749236225,28.0,1000
mcf_drugs_l_raw_chembl_count,3dd0_3dd0_conf0,0.4850662846764383,18.0,51
mcf_drugs_l_raw_fixed,3e92_3e92_conf0,0.2318915863809316,53.0,1000
mcf_drugs_l_raw_chembl_count,3e92_3e92_conf0,0.2889827666614918,34.0,134
mcf_drugs_l_raw_fixed,3e93_3e93_conf0,1.095284783443713,154.0,267
mcf_drugs_l_raw_chembl_count,3e93_3e93_conf0,1.7459483547091157,39.0,50
mcf_drugs_l_raw_fixed,3ehy_3ehy_conf0,0.3984476271180306,74.0,490
mcf_drugs_l_raw_chembl_count,3ehy_3ehy_conf0,0.3984476271180306,11.0,17
mcf_drugs_l_raw_fixed,3fcq_3fcq_conf0,0.2099111267761715,9.0,930
mcf_drugs_l_raw_chembl_count,3fcq_3fcq_conf0,1.0264518623917998,2.0,2
mcf_drugs_l_raw_fixed,3fur_3fur_conf0,0.412819397893626,247.0,1000
mcf_drugs_l_raw_chembl_count,3fur_3fur_conf0,0.4463908084460345,63.0,86
mcf_drugs_l_raw_fixed,3g2z_3g2z_conf0,0.1767361268922653,3.0,1000
mcf_drugs_l_raw_chembl_count,3g2z_3g2z_conf0,0.2322085380965725,2.0,6
mcf_drugs_l_raw_fixed,3g31_3g31_conf0,,,0
mcf_drugs_l_raw_chembl_count,3g31_3g31_conf0,,,0
mcf_drugs_l_raw_fixed,3gy4_3gy4_conf0,0.020263505427932,2.0,1000
mcf_drugs_l_raw_chembl_count,3gy4_3gy4_conf0,0.2894953946423668,1.0,1
mcf_drugs_l_raw_fixed,3jvs_3jvs_conf0,0.9207774436092042,260.0,620
mcf_drugs_l_raw_chembl_count,3jvs_3jvs_conf0,1.3799858662157265,28.0,29
mcf_drugs_l_raw_fixed,3k5v_3k5v_conf0,0.2420874777371597,102.0,1000
mcf_drugs_l_raw_chembl_count,3k5v_3k5v_conf0,0.5028779131770164,82.0,200
mcf_drugs_l_raw_fixed,3kgp_3kgp_conf0,0.1029047799027932,6.0,940
mcf_drugs_l_raw_chembl_count,3kgp_3kgp_conf0,0.2053477881201268,1.0,1
mcf_drugs_l_raw_fixed,3lka_3lka_conf0,0.1412259952490382,4.0,1000
mcf_drugs_l_raw_chembl_count,3lka_3lka_conf0,0.5771861811012746,1.0,4
mcf_drugs_l_raw_fixed,3nx7_3nx7_conf0,0.5467927360918428,283.0,1000
mcf_drugs_l_raw_chembl_count,3nx7_3nx7_conf0,0.6984711864328088,76.0,111
mcf_drugs_l_raw_fixed,3pxf_3pxf_conf0,0.1695680394645405,10.0,996
mcf_drugs_l_raw_chembl_count,3pxf_3pxf_conf0,0.3391654272331673,3.0,7
mcf_drugs_l_raw_fixed,3qqs_3qqs_conf0,0.2040439158211169,18.0,988
mcf_drugs_l_raw_chembl_count,3qqs_3qqs_conf0,0.3823564684931494,3.0,7
mcf_drugs_l_raw_fixed,3rlr_3rlr_conf0,0.1522961466633627,7.0,1000
mcf_drugs_l_raw_chembl_count,3rlr_3rlr_conf0,0.206102938769301,3.0,9
mcf_drugs_l_raw_fixed,3rsx_3rsx_conf0,0.0837568771422792,4.0,1000
mcf_drugs_l_raw_chembl_count,3rsx_3rsx_conf0,0.0899332025956592,2.0,4
mcf_drugs_l_raw_fixed,3ryj_3ryj_conf0,0.3210743210882241,32.0,1000
mcf_drugs_l_raw_chembl_count,3ryj_3ryj_conf0,0.5876879436518725,18.0,81
mcf_drugs_l_raw_fixed,3syr_3syr_conf0,0.5985088419407396,64.0,111
mcf_drugs_l_raw_chembl_count,3syr_3syr_conf0,0.702134305650699,10.0,10
mcf_drugs_l_raw_fixed,3twp_3twp_conf0,0.0642447332426865,2.0,997
mcf_drugs_l_raw_chembl_count,3twp_3twp_conf0,0.104565306933936,1.0,1
mcf_drugs_l_raw_fixed,3u5j_3u5j_conf0,0.1013491310641428,9.0,999
mcf_drugs_l_raw_chembl_count,3u5j_3u5j_conf0,0.1479527892886119,2.0,2
mcf_drugs_l_raw_fixed,3u8n_3u8n_conf0,0.192815248682568,107.0,999
mcf_drugs_l_raw_chembl_count,3u8n_3u8n_conf0,0.3016618174380839,72.0,196
mcf_drugs_l_raw_fixed,3uo4_3uo4_conf0,0.4518717470352966,74.0,998
mcf_drugs_l_raw_chembl_count,3uo4_3uo4_conf0,0.5183870004706682,12.0,26
mcf_drugs_l_raw_fixed,3up2_3up2_conf0,0.3512898049713265,64.0,999
mcf_drugs_l_raw_chembl_count,3up2_3up2_conf0,0.3608770503590754,25.0,43
mcf_drugs_l_raw_fixed,3wtj_3wtj_conf0,0.2046532952573942,31.0,827
mcf_drugs_l_raw_chembl_count,3wtj_3wtj_conf0,0.4012387101747837,10.0,44
mcf_drugs_l_raw_fixed,3zdg_3zdg_conf0,0.4543578247608855,17.0,514
mcf_drugs_l_raw_chembl_count,3zdg_3zdg_conf0,1.096533867669549,9.0,105
mcf_drugs_l_raw_fixed,4ddh_4ddh_conf0,0.2178481462242772,17.0,1000
mcf_drugs_l_raw_chembl_count,4ddh_4ddh_conf0,0.7844927120181696,1.0,2
mcf_drugs_l_raw_fixed,4ddk_4ddk_conf0,0.0568680500962507,2.0,1000
mcf_drugs_l_raw_chembl_count,4ddk_4ddk_conf0,0.0681415403646081,1.0,1
mcf_drugs_l_raw_fixed,4eor_4eor_conf0,0.5169425921502527,146.0,999
mcf_drugs_l_raw_chembl_count,4eor_4eor_conf0,0.8068027952391,82.0,200
mcf_drugs_l_raw_fixed,4f09_4f09_conf0,0.1519726124813618,13.0,1000
mcf_drugs_l_raw_chembl_count,4f09_4f09_conf0,0.1966782496664344,1.0,2
mcf_drugs_l_raw_fixed,4f2w_4f2w_conf0,0.7211999210168027,82.0,249
mcf_drugs_l_raw_chembl_count,4f2w_4f2w_conf0,0.8355979413360756,33.0,50
mcf_drugs_l_raw_fixed,4f9w_4f9w_conf0,0.1829706148788099,11.0,1000
mcf_drugs_l_raw_chembl_count,4f9w_4f9w_conf0,0.1925084963039625,2.0,4
mcf_drugs_l_raw_fixed,4hge_4hge_conf0,0.2039141886689025,60.0,562
mcf_drugs_l_raw_chembl_count,4hge_4hge_conf0,0.9291343935943692,11.0,18
mcf_drugs_l_raw_fixed,4j21_4j21_conf0,0.0702224368398352,5.0,1000
mcf_drugs_l_raw_chembl_count,4j21_4j21_conf0,0.8279192486021706,2.0,3
mcf_drugs_l_raw_fixed,4j3l_4j3l_conf0,0.3757644560520532,125.0,1000
mcf_drugs_l_raw_chembl_count,4j3l_4j3l_conf0,0.3757644560520532,64.0,114
mcf_drugs_l_raw_fixed,4jsz_4jsz_conf0,0.0964482220677973,2.0,1000
mcf_drugs_l_raw_chembl_count,4jsz_4jsz_conf0,0.4700519702155202,2.0,2
mcf_drugs_l_raw_fixed,4jxs_4jxs_conf0,0.3979255356583847,102.0,999
mcf_drugs_l_raw_chembl_count,4jxs_4jxs_conf0,0.8457480229777862,16.0,32
mcf_drugs_l_raw_fixed,4k18_4k18_conf0,0.1275208502365987,62.0,997
mcf_drugs_l_raw_chembl_count,4k18_4k18_conf0,0.1424382121990687,32.0,108
mcf_drugs_l_raw_fixed,4k77_4k77_conf0,0.1034187636672806,24.0,1000
mcf_drugs_l_raw_chembl_count,4k77_4k77_conf0,0.781630077239373,3.0,5
mcf_drugs_l_raw_fixed,4kzq_4kzq_conf0,0.0819651905459243,2.0,1000
mcf_drugs_l_raw_chembl_count,4kzq_4kzq_conf0,0.1229988337602489,2.0,6
mcf_drugs_l_raw_fixed,4kzu_4kzu_conf0,0.0656813249740124,2.0,1000
mcf_drugs_l_raw_chembl_count,4kzu_4kzu_conf0,0.1548939306729956,1.0,3
mcf_drugs_l_raw_fixed,4llx_4llx_conf0,0.0424712315912037,1.0,1000
mcf_drugs_l_raw_chembl_count,4llx_4llx_conf0,0.0552898843353022,1.0,1
mcf_drugs_l_raw_fixed,4lzs_4lzs_conf0,0.1273953376760243,18.0,992
mcf_drugs_l_raw_chembl_count,4lzs_4lzs_conf0,0.2543080912576366,7.0,12
mcf_drugs_l_raw_fixed,4mgd_4mgd_conf0,0.208503594047382,4.0,1000
mcf_drugs_l_raw_chembl_count,4mgd_4mgd_conf0,0.2335790549792044,2.0,24
mcf_drugs_l_raw_fixed,4ogj_4ogj_conf0,0.6260088083720893,335.0,999
mcf_drugs_l_raw_chembl_count,4ogj_4ogj_conf0,0.8005888182934929,42.0,54
mcf_drugs_l_raw_fixed,5c28_5c28_conf0,0.0539808328249906,4.0,997
mcf_drugs_l_raw_chembl_count,5c28_5c28_conf0,0.0720106263244742,2.0,2
mcf_drugs_l_raw_fixed,5c2h_5c2h_conf0,1.6530551315091564,364.0,980
mcf_drugs_l_raw_chembl_count,5c2h_5c2h_conf0,2.0204129476390404,65.0,84
flowr_raw_fixed,1bcu_1bcu_conf0,0.0458395789205642,3.0,952
flowr_raw_chembl_count,1bcu_1bcu_conf0,0.0590152700866226,1.0,1
flowr_raw_fixed,1c5z_1c5z_conf0,0.3476624647837684,2.0,979
flowr_raw_chembl_count,1c5z_1c5z_conf0,0.4810783752486395,1.0,1
flowr_raw_fixed,1lpg_1lpg_conf0,1.4517959606933517,525.0,525
flowr_raw_chembl_count,1lpg_1lpg_conf0,1.644213926087925,109.0,109
flowr_raw_fixed,1mq6_1mq6_conf0,1.340371186334418,677.0,678
flowr_raw_chembl_count,1mq6_1mq6_conf0,1.7416217412460595,11.0,11
flowr_raw_fixed,1nc3_1nc3_conf0,0.3477686285106841,53.0,908
flowr_raw_chembl_count,1nc3_1nc3_conf0,0.5366299194132441,26.0,189
flowr_raw_fixed,1o3f_1o3f_conf0,0.3091166628796495,162.0,900
flowr_raw_chembl_count,1o3f_1o3f_conf0,0.4790658351847487,16.0,28
flowr_raw_fixed,1o5b_1o5b_conf0,0.0892510926303377,2.0,966
flowr_raw_chembl_count,1o5b_1o5b_conf0,0.1714635868273298,1.0,1
flowr_raw_fixed,1owh_1owh_conf0,0.2344716213320012,315.0,896
flowr_raw_chembl_count,1owh_1owh_conf0,0.7364739774319948,9.0,9
flowr_raw_fixed,1p1n_1p1n_conf0,0.7429820101768004,26.0,988
flowr_raw_chembl_count,1p1n_1p1n_conf0,0.9775570545796498,5.0,22
flowr_raw_fixed,1pxn_1pxn_conf0,0.3648919066309848,164.0,944
flowr_raw_chembl_count,1pxn_1pxn_conf0,0.4231933260786948,62.0,191
flowr_raw_fixed,1sqa_1sqa_conf0,0.5220852122908647,719.0,792
flowr_raw_chembl_count,1sqa_1sqa_conf0,0.7020903833981669,157.0,160
flowr_raw_fixed,1uto_1uto_conf0,0.1082715589745303,2.0,990
flowr_raw_chembl_count,1uto_1uto_conf0,0.1876084639925156,2.0,7
flowr_raw_fixed,1yc1_1yc1_conf0,0.2404124344028221,221.0,920
flowr_raw_chembl_count,1yc1_1yc1_conf0,0.4078682632644037,72.0,158
flowr_raw_fixed,1ydr_1ydr_conf0,0.2624034037387156,96.0,947
flowr_raw_chembl_count,1ydr_1ydr_conf0,1.0426087690002757,10.0,15
flowr_raw_fixed,1ydt_1ydt_conf0,0.7509051445233053,880.0,921
flowr_raw_chembl_count,1ydt_1ydt_conf0,0.7509051445233053,132.0,133
flowr_raw_fixed,1z6e_1z6e_conf0,1.2913810968974864,799.0,801
flowr_raw_chembl_count,1z6e_1z6e_conf0,1.4248539445080848,161.0,161
flowr_raw_fixed,1z95_1z95_conf0,0.5063218802078897,745.0,948
flowr_raw_chembl_count,1z95_1z95_conf0,1.020109308483118,174.0,184
flowr_raw_fixed,1z9g_1z9g_conf0,0.6654043271096759,222.0,985
flowr_raw_chembl_count,1z9g_1z9g_conf0,0.8257938800394607,106.0,195
flowr_raw_fixed,2br1_2br1_conf0,0.3878100502620457,527.0,868
flowr_raw_chembl_count,2br1_2br1_conf0,0.3878100502620457,141.0,164
flowr_raw_fixed,2brb_2brb_conf0,0.301775521086325,193.0,909
flowr_raw_chembl_count,2brb_2brb_conf0,0.3943625687100293,74.0,181
flowr_raw_fixed,2c3i_2c3i_conf0,0.5339114099252041,355.0,950
flowr_raw_chembl_count,2c3i_2c3i_conf0,0.5743102871802311,131.0,193
flowr_raw_fixed,2fvd_2fvd_conf0,0.926949387897743,905.0,920
flowr_raw_chembl_count,2fvd_2fvd_conf0,0.9308164293066256,180.0,181
flowr_raw_fixed,2hb1_2hb1_conf0,0.6123016484466755,8.0,995
flowr_raw_chembl_count,2hb1_2hb1_conf0,0.7415390264111678,6.0,38
flowr_raw_fixed,2p4y_2p4y_conf0,1.1655608138181448,694.0,694
flowr_raw_chembl_count,2p4y_2p4y_conf0,1.4023295296142408,120.0,120
flowr_raw_fixed,2pog_2pog_conf0,0.1491345392976933,43.0,909
flowr_raw_chembl_count,2pog_2pog_conf0,0.2750222453158162,4.0,10
flowr_raw_fixed,2qbp_2qbp_conf0,1.4987112649114116,722.0,723
flowr_raw_chembl_count,2qbp_2qbp_conf0,1.7933813032154369,143.0,143
flowr_raw_fixed,2qbq_2qbq_conf0,0.7317202748567007,767.0,781
flowr_raw_chembl_count,2qbq_2qbq_conf0,1.210792893010227,160.0,161
flowr_raw_fixed,2qbr_2qbr_conf0,0.6980886511735538,709.0,883
flowr_raw_chembl_count,2qbr_2qbr_conf0,0.9837280035870488,165.0,173
flowr_raw_fixed,2v00_2v00_conf0,0.1943990218971036,37.0,971
flowr_raw_chembl_count,2v00_2v00_conf0,0.2731638453386265,11.0,29
flowr_raw_fixed,2wn9_2wn9_conf0,0.3686836032788044,134.0,922
flowr_raw_chembl_count,2wn9_2wn9_conf0,0.702410327224355,30.0,65
flowr_raw_fixed,2wtv_2wtv_conf0,0.2344748378479318,457.0,815
flowr_raw_chembl_count,2wtv_2wtv_conf0,0.6442144728647583,76.0,91
flowr_raw_fixed,2xdl_2xdl_conf0,0.2144182928316303,56.0,977
flowr_raw_chembl_count,2xdl_2xdl_conf0,0.2401561068331258,22.0,57
flowr_raw_fixed,2xnb_2xnb_conf0,0.4837488592317429,620.0,912
flowr_raw_chembl_count,2xnb_2xnb_conf0,0.6559194950287518,70.0,73
flowr_raw_fixed,2yfe_2yfe_conf0,0.5583402126415247,596.0,917
flowr_raw_chembl_count,2yfe_2yfe_conf0,0.6297622424475041,128.0,142
flowr_raw_fixed,2ymd_2ymd_conf0,0.0816139090757995,8.0,990
flowr_raw_chembl_count,2ymd_2ymd_conf0,0.2506858957884431,4.0,30
flowr_raw_fixed,2zb1_2zb1_conf0,0.4634652761915587,532.0,908
flowr_raw_chembl_count,2zb1_2zb1_conf0,0.4949342922754853,145.0,185
flowr_raw_fixed,2zcq_2zcq_conf0,0.5114213565702846,647.0,963
flowr_raw_chembl_count,2zcq_2zcq_conf0,0.8516957254064316,56.0,60
flowr_raw_fixed,2zcr_2zcr_conf0,0.6988860832826116,872.0,919
flowr_raw_chembl_count,2zcr_2zcr_conf0,1.2919662362150168,55.0,56
flowr_raw_fixed,2zy1_2zy1_conf0,0.8519449127262635,839.0,947
flowr_raw_chembl_count,2zy1_2zy1_conf0,1.0823431261756722,91.0,91
flowr_raw_fixed,3aru_3aru_conf0,0.1503938575405781,284.0,972
flowr_raw_chembl_count,3aru_3aru_conf0,0.4927687154223872,92.0,121
flowr_raw_fixed,3ary_3ary_conf0,0.3251176168188683,15.0,982
flowr_raw_chembl_count,3ary_3ary_conf0,0.4944925653868762,2.0,3
flowr_raw_fixed,3b27_3b27_conf0,0.1148360571639168,11.0,969
flowr_raw_chembl_count,3b27_3b27_conf0,1.0026095553417944,2.0,9
flowr_raw_fixed,3b5r_3b5r_conf0,0.3950172006474816,780.0,951
flowr_raw_chembl_count,3b5r_3b5r_conf0,0.4670500101963448,180.0,189
flowr_raw_fixed,3b65_3b65_conf0,0.410847432263963,620.0,959
flowr_raw_chembl_count,3b65_3b65_conf0,0.4946660429243986,169.0,193
flowr_raw_fixed,3bgz_3bgz_conf0,0.1527141034907768,54.0,908
flowr_raw_chembl_count,3bgz_3bgz_conf0,0.1810174170177022,3.0,9
flowr_raw_fixed,3cj4_3cj4_conf0,0.8476943826149074,793.0,941
flowr_raw_chembl_count,3cj4_3cj4_conf0,0.9819481624129256,178.0,187
flowr_raw_fixed,3dd0_3dd0_conf0,0.2571611288205374,30.0,989
flowr_raw_chembl_count,3dd0_3dd0_conf0,0.2571611288205374,13.0,50
flowr_raw_fixed,3e92_3e92_conf0,0.4299117123594977,449.0,913
flowr_raw_chembl_count,3e92_3e92_conf0,0.5867719231250922,92.0,119
flowr_raw_fixed,3e93_3e93_conf0,1.17511121675034,718.0,718
flowr_raw_chembl_count,3e93_3e93_conf0,1.4413481271417636,142.0,142
flowr_raw_fixed,3ehy_3ehy_conf0,0.3666247690508162,66.0,990
flowr_raw_chembl_count,3ehy_3ehy_conf0,0.6041257274566724,10.0,25
flowr_raw_fixed,3fcq_3fcq_conf0,0.2458952894317589,8.0,998
flowr_raw_chembl_count,3fcq_3fcq_conf0,1.0934776583676782,2.0,2
flowr_raw_fixed,3fur_3fur_conf0,0.4836301468262238,629.0,894
flowr_raw_chembl_count,3fur_3fur_conf0,0.5618846793918998,75.0,76
flowr_raw_fixed,3g2z_3g2z_conf0,0.2271192075302187,6.0,961
flowr_raw_chembl_count,3g2z_3g2z_conf0,0.2284283182245359,3.0,5
flowr_raw_fixed,3g31_3g31_conf0,0.085373153116366,21.0,979
flowr_raw_chembl_count,3g31_3g31_conf0,0.2813069054855818,2.0,2
flowr_raw_fixed,3gy4_3gy4_conf0,0.2360446136815353,3.0,981
flowr_raw_chembl_count,3gy4_3gy4_conf0,0.2701530774040506,1.0,1
flowr_raw_fixed,3jvs_3jvs_conf0,0.8202005295043915,665.0,690
flowr_raw_chembl_count,3jvs_3jvs_conf0,1.549186461583204,25.0,25
flowr_raw_fixed,3k5v_3k5v_conf0,0.6068131184721127,525.0,943
flowr_raw_chembl_count,3k5v_3k5v_conf0,0.704842977593726,157.0,191
flowr_raw_fixed,3kgp_3kgp_conf0,0.3326752967799457,2.0,979
flowr_raw_chembl_count,3kgp_3kgp_conf0,0.3340536528392178,1.0,1
flowr_raw_fixed,3lka_3lka_conf0,0.1137360936589157,5.0,994
flowr_raw_chembl_count,3lka_3lka_conf0,0.1875606122667019,2.0,4
flowr_raw_fixed,3nx7_3nx7_conf0,0.4613306066325002,604.0,973
flowr_raw_chembl_count,3nx7_3nx7_conf0,0.6723192109162959,100.0,109
flowr_raw_fixed,3pxf_3pxf_conf0,0.19454723226889,39.0,929
flowr_raw_chembl_count,3pxf_3pxf_conf0,0.1953221019327131,2.0,6
flowr_raw_fixed,3qqs_3qqs_conf0,0.492887611657669,19.0,962
flowr_raw_chembl_count,3qqs_3qqs_conf0,1.38726752423392,3.0,7
flowr_raw_fixed,3rlr_3rlr_conf0,0.0821653148294145,46.0,929
flowr_raw_chembl_count,3rlr_3rlr_conf0,0.1959191372319354,4.0,9
flowr_raw_fixed,3rsx_3rsx_conf0,0.1061964767046529,9.0,964
flowr_raw_chembl_count,3rsx_3rsx_conf0,0.1163486665014603,3.0,4
flowr_raw_fixed,3ryj_3ryj_conf0,0.1149902580104867,50.0,978
flowr_raw_chembl_count,3ryj_3ryj_conf0,0.5827545355273183,24.0,77
flowr_raw_fixed,3syr_3syr_conf0,0.2970101641843367,94.0,690
flowr_raw_chembl_count,3syr_3syr_conf0,0.3549781355097078,47.0,118
flowr_raw_fixed,3twp_3twp_conf0,0.0860598966900381,1.0,990
flowr_raw_chembl_count,3twp_3twp_conf0,0.0871260040100228,1.0,1
flowr_raw_fixed,3u5j_3u5j_conf0,0.1250512683299455,31.0,868
flowr_raw_chembl_count,3u5j_3u5j_conf0,0.16842666617098,2.0,2
flowr_raw_fixed,3u8n_3u8n_conf0,0.3479420380155368,130.0,958
flowr_raw_chembl_count,3u8n_3u8n_conf0,0.443354484372815,67.0,186
flowr_raw_fixed,3uo4_3uo4_conf0,0.3997607049819063,607.0,893
flowr_raw_chembl_count,3uo4_3uo4_conf0,1.162626380782757,23.0,23
flowr_raw_fixed,3up2_3up2_conf0,0.3844418676092537,607.0,936
flowr_raw_chembl_count,3up2_3up2_conf0,0.7291719855038128,41.0,42
flowr_raw_fixed,3wtj_3wtj_conf0,0.146087639588293,17.0,979
flowr_raw_chembl_count,3wtj_3wtj_conf0,0.1648851492281169,10.0,51
flowr_raw_fixed,3zdg_3zdg_conf0,0.3475226469530141,104.0,1000
flowr_raw_chembl_count,3zdg_3zdg_conf0,0.515611426660886,64.0,199
flowr_raw_fixed,4ddh_4ddh_conf0,0.3526247534160426,14.0,991
flowr_raw_chembl_count,4ddh_4ddh_conf0,0.8758643200953087,2.0,2
flowr_raw_fixed,4ddk_4ddk_conf0,0.0699847196804982,2.0,993
flowr_raw_chembl_count,4ddk_4ddk_conf0,0.0700034340062946,1.0,1
flowr_raw_fixed,4eor_4eor_conf0,0.530627987147056,866.0,932
flowr_raw_chembl_count,4eor_4eor_conf0,0.7551682644316584,184.0,188
flowr_raw_fixed,4f09_4f09_conf0,0.1301447065053164,34.0,964
flowr_raw_chembl_count,4f09_4f09_conf0,0.4032591899748098,2.0,2
flowr_raw_fixed,4f2w_4f2w_conf0,0.2973488436425203,309.0,964
flowr_raw_chembl_count,4f2w_4f2w_conf0,0.4268970795666887,114.0,192
flowr_raw_fixed,4f9w_4f9w_conf0,0.17626299716903,119.0,878
flowr_raw_chembl_count,4f9w_4f9w_conf0,1.06385019712108,4.0,4
flowr_raw_fixed,4hge_4hge_conf0,0.2897438072401703,286.0,934
flowr_raw_chembl_count,4hge_4hge_conf0,0.450629654466182,26.0,34
flowr_raw_fixed,4j21_4j21_conf0,0.059709551973672,24.0,934
flowr_raw_chembl_count,4j21_4j21_conf0,0.2286973803126956,2.0,3
flowr_raw_fixed,4j3l_4j3l_conf0,0.4200722146786224,583.0,875
flowr_raw_chembl_count,4j3l_4j3l_conf0,0.7356078050618869,91.0,96
flowr_raw_fixed,4jsz_4jsz_conf0,0.3359645188702491,1.0,993
flowr_raw_chembl_count,4jsz_4jsz_conf0,0.4833735235470244,1.0,2
flowr_raw_fixed,4jxs_4jxs_conf0,0.3580359362272154,131.0,969
flowr_raw_chembl_count,4jxs_4jxs_conf0,0.4635319521881062,22.0,32
flowr_raw_fixed,4k18_4k18_conf0,0.2437584962044957,476.0,920
flowr_raw_chembl_count,4k18_4k18_conf0,0.4346649669218532,88.0,100
flowr_raw_fixed,4k77_4k77_conf0,0.1419864261729231,53.0,940
flowr_raw_chembl_count,4k77_4k77_conf0,0.7088253865382784,4.0,5
flowr_raw_fixed,4kzq_4kzq_conf0,0.0784062063540635,7.0,954
flowr_raw_chembl_count,4kzq_4kzq_conf0,0.2633660845289998,2.0,6
flowr_raw_fixed,4kzu_4kzu_conf0,0.0981368764920475,4.0,928
flowr_raw_chembl_count,4kzu_4kzu_conf0,0.2079895306293049,1.0,2
flowr_raw_fixed,4llx_4llx_conf0,0.0393892664074424,1.0,1000
flowr_raw_chembl_count,4llx_4llx_conf0,0.0397479876859492,1.0,1
flowr_raw_fixed,4lzs_4lzs_conf0,0.1356311793657696,54.0,991
flowr_raw_chembl_count,4lzs_4lzs_conf0,0.5484699267744277,9.0,12
flowr_raw_fixed,4mgd_4mgd_conf0,0.2321511581099345,7.0,976
flowr_raw_chembl_count,4mgd_4mgd_conf0,0.2674721926123874,2.0,24
flowr_raw_fixed,4ogj_4ogj_conf0,1.0498659269733863,794.0,794
flowr_raw_chembl_count,4ogj_4ogj_conf0,1.1816814785242975,42.0,42
flowr_raw_fixed,5c28_5c28_conf0,0.0431095544399239,4.0,999
flowr_raw_chembl_count,5c28_5c28_conf0,0.5290459686764015,2.0,2
flowr_raw_fixed,5c2h_5c2h_conf0,1.2002672060008996,876.0,880
flowr_raw_chembl_count,5c2h_5c2h_conf0,1.3366997181036484,75.0,75
qwen_1p7b_fsq_bigdata_step47023_fixed,1bcu_1bcu_conf0,0.0378126465095547,2.0,1000
qwen_1p7b_fsq_bigdata_step47023_chembl_count,1bcu_1bcu_conf0,0.0631341001260051,1.0,1
qwen_1p7b_fsq_bigdata_step47023_fixed,1c5z_1c5z_conf0,0.0447571429310664,2.0,1000
qwen_1p7b_fsq_bigdata_step47023_chembl_count,1c5z_1c5z_conf0,0.2551135942033833,1.0,1
qwen_1p7b_fsq_bigdata_step47023_fixed,1lpg_1lpg_conf0,0.6954406844518337,924.0,924
qwen_1p7b_fsq_bigdata_step47023_chembl_count,1lpg_1lpg_conf0,0.6954406844518337,173.0,173
qwen_1p7b_fsq_bigdata_step47023_fixed,1mq6_1mq6_conf0,1.094868926312366,781.0,802
qwen_1p7b_fsq_bigdata_step47023_chembl_count,1mq6_1mq6_conf0,1.549633123642758,11.0,11
qwen_1p7b_fsq_bigdata_step47023_fixed,1nc3_1nc3_conf0,0.408299313358074,60.0,937
qwen_1p7b_fsq_bigdata_step47023_chembl_count,1nc3_1nc3_conf0,0.408299313358074,34.0,180
qwen_1p7b_fsq_bigdata_step47023_fixed,1o3f_1o3f_conf0,0.2198914979091688,48.0,1000
qwen_1p7b_fsq_bigdata_step47023_chembl_count,1o3f_1o3f_conf0,0.3766597275393891,15.0,31
qwen_1p7b_fsq_bigdata_step47023_fixed,1o5b_1o5b_conf0,0.0753183859890712,2.0,1000
qwen_1p7b_fsq_bigdata_step47023_chembl_count,1o5b_1o5b_conf0,0.3145138517919068,1.0,1
qwen_1p7b_fsq_bigdata_step47023_fixed,1owh_1owh_conf0,0.1604628101675247,156.0,999
qwen_1p7b_fsq_bigdata_step47023_chembl_count,1owh_1owh_conf0,0.7336615101445494,10.0,12
qwen_1p7b_fsq_bigdata_step47023_fixed,1p1n_1p1n_conf0,0.2514333772571184,209.0,762
qwen_1p7b_fsq_bigdata_step47023_chembl_count,1p1n_1p1n_conf0,0.4534735046061736,16.0,17
qwen_1p7b_fsq_bigdata_step47023_fixed,1pxn_1pxn_conf0,0.1382759403595858,190.0,1000
qwen_1p7b_fsq_bigdata_step47023_chembl_count,1pxn_1pxn_conf0,0.1950838821920755,95.0,200
qwen_1p7b_fsq_bigdata_step47023_fixed,1sqa_1sqa_conf0,0.5049178573147635,458.0,994
qwen_1p7b_fsq_bigdata_step47023_chembl_count,1sqa_1sqa_conf0,0.5704933640642814,139.0,197
qwen_1p7b_fsq_bigdata_step47023_fixed,1uto_1uto_conf0,0.0407548638371052,5.0,1000
qwen_1p7b_fsq_bigdata_step47023_chembl_count,1uto_1uto_conf0,0.0816800850032105,3.0,7
qwen_1p7b_fsq_bigdata_step47023_fixed,1yc1_1yc1_conf0,0.2350561636016938,139.0,962
qwen_1p7b_fsq_bigdata_step47023_chembl_count,1yc1_1yc1_conf0,0.2543805688706461,67.0,165
qwen_1p7b_fsq_bigdata_step47023_fixed,1ydr_1ydr_conf0,0.5055136638487058,86.0,995
qwen_1p7b_fsq_bigdata_step47023_chembl_count,1ydr_1ydr_conf0,0.5514602556888398,12.0,16
qwen_1p7b_fsq_bigdata_step47023_fixed,1ydt_1ydt_conf0,0.9659451928431936,932.0,965
qwen_1p7b_fsq_bigdata_step47023_chembl_count,1ydt_1ydt_conf0,1.200111341011432,135.0,135
qwen_1p7b_fsq_bigdata_step47023_fixed,1z6e_1z6e_conf0,0.6726361337091236,940.0,990
qwen_1p7b_fsq_bigdata_step47023_chembl_count,1z6e_1z6e_conf0,0.7169208326678674,198.0,199
qwen_1p7b_fsq_bigdata_step47023_fixed,1z95_1z95_conf0,0.4145392513443094,564.0,871
qwen_1p7b_fsq_bigdata_step47023_chembl_count,1z95_1z95_conf0,0.7521914218007837,155.0,177
qwen_1p7b_fsq_bigdata_step47023_fixed,1z9g_1z9g_conf0,0.7002098557053068,547.0,890
qwen_1p7b_fsq_bigdata_step47023_chembl_count,1z9g_1z9g_conf0,0.7451038179119801,152.0,182
qwen_1p7b_fsq_bigdata_step47023_fixed,2br1_2br1_conf0,0.3485421823132867,168.0,989
qwen_1p7b_fsq_bigdata_step47023_chembl_count,2br1_2br1_conf0,0.4591512824916266,84.0,197
qwen_1p7b_fsq_bigdata_step47023_fixed,2brb_2brb_conf0,0.2159111166018348,58.0,998
qwen_1p7b_fsq_bigdata_step47023_chembl_count,2brb_2brb_conf0,0.2159111166018348,30.0,198
qwen_1p7b_fsq_bigdata_step47023_fixed,2c3i_2c3i_conf0,0.407008977533458,408.0,988
qwen_1p7b_fsq_bigdata_step47023_chembl_count,2c3i_2c3i_conf0,0.6641361680791891,141.0,198
qwen_1p7b_fsq_bigdata_step47023_fixed,2fvd_2fvd_conf0,0.3795937177323204,882.0,963
qwen_1p7b_fsq_bigdata_step47023_chembl_count,2fvd_2fvd_conf0,0.3795937177323204,190.0,193
qwen_1p7b_fsq_bigdata_step47023_fixed,2hb1_2hb1_conf0,0.1302581799877396,77.0,910
qwen_1p7b_fsq_bigdata_step47023_chembl_count,2hb1_2hb1_conf0,0.2994375840029091,19.0,34
qwen_1p7b_fsq_bigdata_step47023_fixed,2p4y_2p4y_conf0,0.7846605610726817,842.0,868
qwen_1p7b_fsq_bigdata_step47023_chembl_count,2p4y_2p4y_conf0,1.1563621218130422,147.0,148
qwen_1p7b_fsq_bigdata_step47023_fixed,2pog_2pog_conf0,0.1170063969991284,22.0,969
qwen_1p7b_fsq_bigdata_step47023_chembl_count,2pog_2pog_conf0,0.3432000875223033,3.0,10
qwen_1p7b_fsq_bigdata_step47023_fixed,2qbp_2qbp_conf0,0.6112097052699034,967.0,983
qwen_1p7b_fsq_bigdata_step47023_chembl_count,2qbp_2qbp_conf0,1.322403433663417,193.0,195
qwen_1p7b_fsq_bigdata_step47023_fixed,2qbq_2qbq_conf0,0.4295577083657269,875.0,965
qwen_1p7b_fsq_bigdata_step47023_chembl_count,2qbq_2qbq_conf0,0.5061369724832161,182.0,192
qwen_1p7b_fsq_bigdata_step47023_fixed,2qbr_2qbr_conf0,0.6724879757177813,822.0,985
qwen_1p7b_fsq_bigdata_step47023_chembl_count,2qbr_2qbr_conf0,0.8277465129887351,185.0,198
qwen_1p7b_fsq_bigdata_step47023_fixed,2v00_2v00_conf0,0.2283873697751779,75.0,999
qwen_1p7b_fsq_bigdata_step47023_chembl_count,2v00_2v00_conf0,0.551971398257766,17.0,30
qwen_1p7b_fsq_bigdata_step47023_fixed,2wn9_2wn9_conf0,0.1787375637546778,101.0,994
qwen_1p7b_fsq_bigdata_step47023_chembl_count,2wn9_2wn9_conf0,0.3479936143454185,34.0,71
qwen_1p7b_fsq_bigdata_step47023_fixed,2wtv_2wtv_conf0,0.2053467287717335,204.0,1000
qwen_1p7b_fsq_bigdata_step47023_chembl_count,2wtv_2wtv_conf0,0.2743475554751141,49.0,110
qwen_1p7b_fsq_bigdata_step47023_fixed,2xdl_2xdl_conf0,0.2420415882618125,94.0,1000
qwen_1p7b_fsq_bigdata_step47023_chembl_count,2xdl_2xdl_conf0,0.2928539449825727,29.0,58
qwen_1p7b_fsq_bigdata_step47023_fixed,2xnb_2xnb_conf0,0.2821340092470405,374.0,1000
qwen_1p7b_fsq_bigdata_step47023_chembl_count,2xnb_2xnb_conf0,0.3257564411700111,63.0,79
qwen_1p7b_fsq_bigdata_step47023_fixed,2yfe_2yfe_conf0,0.3420683232084581,589.0,989
qwen_1p7b_fsq_bigdata_step47023_chembl_count,2yfe_2yfe_conf0,0.755681264825854,136.0,155
qwen_1p7b_fsq_bigdata_step47023_fixed,2ymd_2ymd_conf0,0.0920789990120365,9.0,1000
qwen_1p7b_fsq_bigdata_step47023_chembl_count,2ymd_2ymd_conf0,0.232127886056734,7.0,30
qwen_1p7b_fsq_bigdata_step47023_fixed,2zb1_2zb1_conf0,0.3115555314419813,255.0,998
qwen_1p7b_fsq_bigdata_step47023_chembl_count,2zb1_2zb1_conf0,0.3833708670825451,114.0,200
qwen_1p7b_fsq_bigdata_step47023_fixed,2zcq_2zcq_conf0,0.5833107436845542,835.0,953
qwen_1p7b_fsq_bigdata_step47023_chembl_count,2zcq_2zcq_conf0,1.0464277965034434,64.0,64
qwen_1p7b_fsq_bigdata_step47023_fixed,2zcr_2zcr_conf0,0.3885881256275099,726.0,961
qwen_1p7b_fsq_bigdata_step47023_chembl_count,2zcr_2zcr_conf0,1.0629871089678855,59.0,59
qwen_1p7b_fsq_bigdata_step47023_fixed,2zy1_2zy1_conf0,1.070488195727663,960.0,989
qwen_1p7b_fsq_bigdata_step47023_chembl_count,2zy1_2zy1_conf0,1.263185106817866,94.0,94
qwen_1p7b_fsq_bigdata_step47023_fixed,3aru_3aru_conf0,0.2709976016968142,265.0,971
qwen_1p7b_fsq_bigdata_step47023_chembl_count,3aru_3aru_conf0,0.5658442442422071,81.0,122
qwen_1p7b_fsq_bigdata_step47023_fixed,3ary_3ary_conf0,0.2034715358311145,17.0,1000
qwen_1p7b_fsq_bigdata_step47023_chembl_count,3ary_3ary_conf0,0.9416748116924598,3.0,3
qwen_1p7b_fsq_bigdata_step47023_fixed,3b27_3b27_conf0,0.0756655199405508,20.0,1000
qwen_1p7b_fsq_bigdata_step47023_chembl_count,3b27_3b27_conf0,0.0839808146678549,6.0,9
qwen_1p7b_fsq_bigdata_step47023_fixed,3b5r_3b5r_conf0,0.5118717066495142,672.0,965
qwen_1p7b_fsq_bigdata_step47023_chembl_count,3b5r_3b5r_conf0,0.7011908577788442,173.0,191
qwen_1p7b_fsq_bigdata_step47023_fixed,3b65_3b65_conf0,0.2522362620096763,506.0,968
qwen_1p7b_fsq_bigdata_step47023_chembl_count,3b65_3b65_conf0,0.8484208281088736,164.0,194
qwen_1p7b_fsq_bigdata_step47023_fixed,3bgz_3bgz_conf0,0.1013581057090469,16.0,1000
qwen_1p7b_fsq_bigdata_step47023_chembl_count,3bgz_3bgz_conf0,0.1916352762765629,3.0,10
qwen_1p7b_fsq_bigdata_step47023_fixed,3cj4_3cj4_conf0,0.6282858007912279,689.0,791
qwen_1p7b_fsq_bigdata_step47023_chembl_count,3cj4_3cj4_conf0,0.6282858007912279,149.0,158
qwen_1p7b_fsq_bigdata_step47023_fixed,3dd0_3dd0_conf0,0.1457913058657031,36.0,1000
qwen_1p7b_fsq_bigdata_step47023_chembl_count,3dd0_3dd0_conf0,0.1457913058657031,20.0,51
qwen_1p7b_fsq_bigdata_step47023_fixed,3e92_3e92_conf0,0.2661596003144669,166.0,997
qwen_1p7b_fsq_bigdata_step47023_chembl_count,3e92_3e92_conf0,0.4292903747853062,61.0,133
qwen_1p7b_fsq_bigdata_step47023_fixed,3e93_3e93_conf0,0.5943857282268378,904.0,1000
qwen_1p7b_fsq_bigdata_step47023_chembl_count,3e93_3e93_conf0,0.7854288338640855,197.0,200
qwen_1p7b_fsq_bigdata_step47023_fixed,3ehy_3ehy_conf0,0.3644436335279526,80.0,976
qwen_1p7b_fsq_bigdata_step47023_chembl_count,3ehy_3ehy_conf0,0.4937148894821205,15.0,23
qwen_1p7b_fsq_bigdata_step47023_fixed,3fcq_3fcq_conf0,0.1773205232276413,29.0,916
qwen_1p7b_fsq_bigdata_step47023_chembl_count,3fcq_3fcq_conf0,1.0632478596714114,2.0,2
qwen_1p7b_fsq_bigdata_step47023_fixed,3fur_3fur_conf0,0.5440187194731171,757.0,977
qwen_1p7b_fsq_bigdata_step47023_chembl_count,3fur_3fur_conf0,0.5440187194731171,84.0,84
qwen_1p7b_fsq_bigdata_step47023_fixed,3g2z_3g2z_conf0,0.1425423666012851,12.0,1000
qwen_1p7b_fsq_bigdata_step47023_chembl_count,3g2z_3g2z_conf0,0.4174223994563731,4.0,6
qwen_1p7b_fsq_bigdata_step47023_fixed,3g31_3g31_conf0,0.0707555814587851,24.0,960
qwen_1p7b_fsq_bigdata_step47023_chembl_count,3g31_3g31_conf0,0.6222396847885742,2.0,2
qwen_1p7b_fsq_bigdata_step47023_fixed,3gy4_3gy4_conf0,0.0260506803576131,2.0,1000
qwen_1p7b_fsq_bigdata_step47023_chembl_count,3gy4_3gy4_conf0,0.1466085411341974,1.0,1
qwen_1p7b_fsq_bigdata_step47023_fixed,3jvs_3jvs_conf0,0.7901480577192136,164.0,947
qwen_1p7b_fsq_bigdata_step47023_chembl_count,3jvs_3jvs_conf0,1.0562558753793938,12.0,38
qwen_1p7b_fsq_bigdata_step47023_fixed,3k5v_3k5v_conf0,0.3690939828580993,584.0,999
qwen_1p7b_fsq_bigdata_step47023_chembl_count,3k5v_3k5v_conf0,0.5678167245369891,174.0,200
qwen_1p7b_fsq_bigdata_step47023_fixed,3kgp_3kgp_conf0,0.0951341360910261,3.0,1000
qwen_1p7b_fsq_bigdata_step47023_chembl_count,3kgp_3kgp_conf0,0.243494546973658,1.0,1
qwen_1p7b_fsq_bigdata_step47023_fixed,3lka_3lka_conf0,0.0937849386735824,5.0,1000
qwen_1p7b_fsq_bigdata_step47023_chembl_count,3lka_3lka_conf0,0.2997588672090308,3.0,4
qwen_1p7b_fsq_bigdata_step47023_fixed,3nx7_3nx7_conf0,0.3036948898488883,749.0,949
qwen_1p7b_fsq_bigdata_step47023_chembl_count,3nx7_3nx7_conf0,0.6093547320029338,100.0,103
qwen_1p7b_fsq_bigdata_step47023_fixed,3pxf_3pxf_conf0,0.1089106945456137,44.0,976
qwen_1p7b_fsq_bigdata_step47023_chembl_count,3pxf_3pxf_conf0,0.2878919256564971,4.0,6
qwen_1p7b_fsq_bigdata_step47023_fixed,3qqs_3qqs_conf0,0.1250157412019837,68.0,985
qwen_1p7b_fsq_bigdata_step47023_chembl_count,3qqs_3qqs_conf0,0.69770861083522,5.0,7
qwen_1p7b_fsq_bigdata_step47023_fixed,3rlr_3rlr_conf0,0.1166506545186052,15.0,979
qwen_1p7b_fsq_bigdata_step47023_chembl_count,3rlr_3rlr_conf0,0.438661564635683,5.0,7
qwen_1p7b_fsq_bigdata_step47023_fixed,3rsx_3rsx_conf0,0.1007293009363163,4.0,1000
qwen_1p7b_fsq_bigdata_step47023_chembl_count,3rsx_3rsx_conf0,0.33924617765649,2.0,4
qwen_1p7b_fsq_bigdata_step47023_fixed,3ryj_3ryj_conf0,0.2604858960155517,53.0,998
qwen_1p7b_fsq_bigdata_step47023_chembl_count,3ryj_3ryj_conf0,0.3891794388514991,20.0,80
qwen_1p7b_fsq_bigdata_step47023_fixed,3syr_3syr_conf0,0.2881683593128801,151.0,871
qwen_1p7b_fsq_bigdata_step47023_chembl_count,3syr_3syr_conf0,0.3148800688041825,57.0,106
qwen_1p7b_fsq_bigdata_step47023_fixed,3twp_3twp_conf0,0.0864673344098836,2.0,1000
qwen_1p7b_fsq_bigdata_step47023_chembl_count,3twp_3twp_conf0,0.1316668193866149,1.0,1
qwen_1p7b_fsq_bigdata_step47023_fixed,3u5j_3u5j_conf0,0.0856645837310894,16.0,999
qwen_1p7b_fsq_bigdata_step47023_chembl_count,3u5j_3u5j_conf0,0.3652607670944118,1.0,2
qwen_1p7b_fsq_bigdata_step47023_fixed,3u8n_3u8n_conf0,0.1504738391734096,63.0,999
qwen_1p7b_fsq_bigdata_step47023_chembl_count,3u8n_3u8n_conf0,0.1504738391734096,28.0,197
qwen_1p7b_fsq_bigdata_step47023_fixed,3uo4_3uo4_conf0,0.4032574217847692,472.0,995
qwen_1p7b_fsq_bigdata_step47023_chembl_count,3uo4_3uo4_conf0,0.7406977604246273,25.0,26
qwen_1p7b_fsq_bigdata_step47023_fixed,3up2_3up2_conf0,0.2418089289176841,459.0,961
qwen_1p7b_fsq_bigdata_step47023_chembl_count,3up2_3up2_conf0,0.3350624633634206,38.0,41
qwen_1p7b_fsq_bigdata_step47023_fixed,3wtj_3wtj_conf0,0.1510479517979622,48.0,997
qwen_1p7b_fsq_bigdata_step47023_chembl_count,3wtj_3wtj_conf0,0.2110142905966301,21.0,52
qwen_1p7b_fsq_bigdata_step47023_fixed,3zdg_3zdg_conf0,0.3464808435255465,308.0,961
qwen_1p7b_fsq_bigdata_step47023_chembl_count,3zdg_3zdg_conf0,0.5350966628659659,114.0,190
qwen_1p7b_fsq_bigdata_step47023_fixed,4ddh_4ddh_conf0,0.1243631236050342,20.0,1000
qwen_1p7b_fsq_bigdata_step47023_chembl_count,4ddh_4ddh_conf0,0.6033430538926646,1.0,2
qwen_1p7b_fsq_bigdata_step47023_fixed,4ddk_4ddk_conf0,0.0369876366568672,2.0,1000
qwen_1p7b_fsq_bigdata_step47023_chembl_count,4ddk_4ddk_conf0,0.1096583523733282,1.0,1
qwen_1p7b_fsq_bigdata_step47023_fixed,4eor_4eor_conf0,0.4119296914511399,783.0,998
qwen_1p7b_fsq_bigdata_step47023_chembl_count,4eor_4eor_conf0,0.6135874235906158,186.0,200
qwen_1p7b_fsq_bigdata_step47023_fixed,4f09_4f09_conf0,0.0734409164509401,14.0,1000
qwen_1p7b_fsq_bigdata_step47023_chembl_count,4f09_4f09_conf0,0.149952623510677,1.0,2
qwen_1p7b_fsq_bigdata_step47023_fixed,4f2w_4f2w_conf0,0.766021036249455,49.0,997
qwen_1p7b_fsq_bigdata_step47023_chembl_count,4f2w_4f2w_conf0,0.766021036249455,21.0,200
qwen_1p7b_fsq_bigdata_step47023_fixed,4f9w_4f9w_conf0,0.1346653382901439,28.0,1000
qwen_1p7b_fsq_bigdata_step47023_chembl_count,4f9w_4f9w_conf0,0.3166922079467218,4.0,4
qwen_1p7b_fsq_bigdata_step47023_fixed,4hge_4hge_conf0,0.1449878981386875,214.0,960
qwen_1p7b_fsq_bigdata_step47023_chembl_count,4hge_4hge_conf0,0.379088618839636,23.0,36
qwen_1p7b_fsq_bigdata_step47023_fixed,4j21_4j21_conf0,0.0639796493692862,6.0,1000
qwen_1p7b_fsq_bigdata_step47023_chembl_count,4j21_4j21_conf0,0.1162762471941373,2.0,3
qwen_1p7b_fsq_bigdata_step47023_fixed,4j3l_4j3l_conf0,0.3878063419805179,214.0,1000
qwen_1p7b_fsq_bigdata_step47023_chembl_count,4j3l_4j3l_conf0,0.4530024028110124,66.0,114
qwen_1p7b_fsq_bigdata_step47023_fixed,4jsz_4jsz_conf0,0.0821493132643628,3.0,1000
qwen_1p7b_fsq_bigdata_step47023_chembl_count,4jsz_4jsz_conf0,0.3858692478567789,2.0,2
qwen_1p7b_fsq_bigdata_step47023_fixed,4jxs_4jxs_conf0,0.3663482428773252,375.0,935
qwen_1p7b_fsq_bigdata_step47023_chembl_count,4jxs_4jxs_conf0,0.6138223990863515,24.0,28
qwen_1p7b_fsq_bigdata_step47023_fixed,4k18_4k18_conf0,0.2417887798692563,318.0,996
qwen_1p7b_fsq_bigdata_step47023_chembl_count,4k18_4k18_conf0,0.2417887798692563,74.0,109
qwen_1p7b_fsq_bigdata_step47023_fixed,4k77_4k77_conf0,0.0647817704104301,62.0,1000
qwen_1p7b_fsq_bigdata_step47023_chembl_count,4k77_4k77_conf0,0.1312631775237481,3.0,5
qwen_1p7b_fsq_bigdata_step47023_fixed,4kzq_4kzq_conf0,0.0558639978112572,3.0,1000
qwen_1p7b_fsq_bigdata_step47023_chembl_count,4kzq_4kzq_conf0,0.1464999301682009,2.0,6
qwen_1p7b_fsq_bigdata_step47023_fixed,4kzu_4kzu_conf0,0.0727143378358644,3.0,1000
qwen_1p7b_fsq_bigdata_step47023_chembl_count,4kzu_4kzu_conf0,0.1202855608984674,2.0,3
qwen_1p7b_fsq_bigdata_step47023_fixed,4llx_4llx_conf0,0.0264434872926197,1.0,1000
qwen_1p7b_fsq_bigdata_step47023_chembl_count,4llx_4llx_conf0,0.0508122912817813,1.0,1
qwen_1p7b_fsq_bigdata_step47023_fixed,4lzs_4lzs_conf0,0.1958152749476205,41.0,1000
qwen_1p7b_fsq_bigdata_step47023_chembl_count,4lzs_4lzs_conf0,0.6479969765801719,10.0,12
qwen_1p7b_fsq_bigdata_step47023_fixed,4mgd_4mgd_conf0,0.1030035127176258,17.0,999
qwen_1p7b_fsq_bigdata_step47023_chembl_count,4mgd_4mgd_conf0,0.2076353948266334,8.0,24
qwen_1p7b_fsq_bigdata_step47023_fixed,4ogj_4ogj_conf0,0.7862543256355228,848.0,850
qwen_1p7b_fsq_bigdata_step47023_chembl_count,4ogj_4ogj_conf0,1.002461637206797,49.0,49
qwen_1p7b_fsq_bigdata_step47023_fixed,5c28_5c28_conf0,0.0420280261491185,3.0,1000
qwen_1p7b_fsq_bigdata_step47023_chembl_count,5c28_5c28_conf0,0.0529311050724234,1.0,2
qwen_1p7b_fsq_bigdata_step47023_fixed,5c2h_5c2h_conf0,0.9900071405905588,945.0,957
qwen_1p7b_fsq_bigdata_step47023_chembl_count,5c2h_5c2h_conf0,1.4700604822119478,81.0,81
