method,mol_id,n_retained,n_energy,n_failed,mean_energy,std_energy,min_energy,max_energy,median_energy,clusters_0p5,archived_std
rdkit_random_minimized_chembl_count,1bcu_1bcu_conf0,1,1,0,33.53595776109836,0.0,33.53595776109836,33.53595776109836,33.53595776109836,1.0,0.0
rdkit_random_minimized_chembl_count,1c5z_1c5z_conf0,1,1,0,-3.543178963531929,0.0,-3.543178963531929,-3.543178963531929,-3.543178963531929,1.0,0.0
rdkit_random_minimized_chembl_count,1lpg_1lpg_conf0,193,193,0,83.28724839002301,8.916521442308884,67.76166861274956,118.8570975759904,81.70016414408755,76.0,4.297726556781587
rdkit_random_minimized_chembl_count,1mq6_1mq6_conf0,12,12,0,-40.07609762279282,3.8614221587350683,-46.02246290074561,-33.3447711539264,-40.697709581139364,12.0,4.685664098040253
rdkit_random_minimized_chembl_count,1nc3_1nc3_conf0,196,196,0,58.97698046968088,5.129772447890497,46.62242878905609,81.73886705394798,58.53227113504509,11.0,2.792025462644585
rdkit_random_minimized_chembl_count,1o3f_1o3f_conf0,31,31,0,106.0269436101109,43.826630245401375,44.88015934967546,138.56286602260403,138.50685040084713,3.0,2.677749753786182
rdkit_random_minimized_chembl_count,1o5b_1o5b_conf0,1,1,0,-7.609172949255441,0.0,-7.609172949255441,-7.609172949255441,-7.609172949255441,1.0,0.0
rdkit_random_minimized_chembl_count,1owh_1owh_conf0,12,12,0,42.80161908067148,0.8855382490932499,41.288270666823706,44.318389216722224,42.50260264546012,6.0,0.6950675118039998
rdkit_random_minimized_chembl_count,1p1n_1p1n_conf0,23,23,0,20.0334316076135,14.827962917707026,5.9596899252948745,42.648473945989316,11.513135512165924,5.0,14.439352452878037
rdkit_random_minimized_chembl_count,1pxn_1pxn_conf0,200,200,0,-84.7777622308194,2.18806184354496,-89.8143945093444,-80.95183134899452,-84.73637155197716,8.0,1.5032572604264456
rdkit_random_minimized_chembl_count,1sqa_1sqa_conf0,200,200,0,-12.878785278970586,2.210679762531212,-16.60499037349055,-8.872766726808777,-12.537273243181073,13.0,1.83556623252543
rdkit_random_minimized_chembl_count,1uto_1uto_conf0,7,7,0,30.287587477890018,1.451114462793279,28.177204163862832,32.37212859278276,30.801256197305776,2.0,1.5863127738582543
rdkit_random_minimized_chembl_count,1yc1_1yc1_conf0,168,168,0,24.827614461940367,3.227504974202705,19.206476707652186,35.938359310994585,24.434937434612564,16.0,6.513363392364242
rdkit_random_minimized_chembl_count,1ydr_1ydr_conf0,16,16,0,73.84872357575146,6.599391861631967,63.43796520598882,82.68049429529847,76.23935510354876,12.0,6.518775408860362
rdkit_random_minimized_chembl_count,1ydt_1ydt_conf0,140,140,0,9.182297491677982,13.8946175742167,-11.347790227976162,43.59725588342809,5.605191742078706,110.0,7.315730366218294
rdkit_random_minimized_chembl_count,1z6e_1z6e_conf0,200,200,0,106.55728815538973,4.235106609957597,96.81139567267626,119.35373985113227,105.94699838419251,57.0,3.793412325487303
rdkit_random_minimized_chembl_count,1z95_1z95_conf0,198,198,0,75.11505985564419,9.243376539016513,57.79147664422505,110.60656613694455,73.78223067338486,50.0,3.935047442649767
rdkit_random_minimized_chembl_count,1z9g_1z9g_conf0,199,199,0,9.970624415278266,3.018669097742733,4.285386644715961,20.320413221520162,9.40496286563209,28.0,1.651676190523724
rdkit_random_minimized_chembl_count,2br1_2br1_conf0,200,200,0,425.3660571390155,3204.031046516748,29.28134644881879,30534.148586468218,40.63958666176431,32.0,15.43822942414713
rdkit_random_minimized_chembl_count,2brb_2brb_conf0,200,200,0,249.66834715041907,2384.626646590521,18.34516587402891,30637.24170550427,23.672252042691582,12.0,12.080828136574253
rdkit_random_minimized_chembl_count,2c3i_2c3i_conf0,200,200,0,67.40161455498145,2.471925583121057,61.817948910695165,73.72986266116664,67.29614635217484,48.0,1.1186714577157837
rdkit_random_minimized_chembl_count,2fvd_2fvd_conf0,200,200,0,-101.05283022521273,2.5491420366808426,-108.58969906675244,-92.09233768585543,-100.8517650042828,103.0,1.98879810453282
rdkit_random_minimized_chembl_count,2hb1_2hb1_conf0,38,38,0,128.64420115180377,2.2669016782237406,128.16543215076578,142.41933045007528,128.371494406872,3.0,1.813028923019008
rdkit_random_minimized_chembl_count,2p4y_2p4y_conf0,174,174,0,152.0967613281175,4.893339367405894,140.29722218393442,164.03295783780922,152.40554346252924,71.0,3.7608841664390393
rdkit_random_minimized_chembl_count,2pog_2pog_conf0,10,10,0,46.933308479697686,3.239314157851205,44.856850242390436,56.287656857714516,46.28965461718553,2.0,1.9038752180587053
rdkit_random_minimized_chembl_count,2qbp_2qbp_conf0,200,200,0,145.02020932768994,4.907614383325473,125.92888983488463,158.2539995336547,145.06297540090637,160.0,4.721792748945141
rdkit_random_minimized_chembl_count,2qbq_2qbq_conf0,200,200,0,207.05541178280183,6.885981740694002,191.9635529641808,223.63503652323004,206.63934090752832,76.0,2.091432746157277
rdkit_random_minimized_chembl_count,2qbr_2qbr_conf0,200,200,0,169.95784719478135,2.0778658718823024,165.79099745176916,181.73521563237267,170.56698786996392,24.0,1.5463368981314547
rdkit_random_minimized_chembl_count,2v00_2v00_conf0,30,30,0,-99.2782103990825,1.9268399478732663,-101.09117508837534,-95.7997620443434,-100.69979693455534,7.0,1.5856038462652642
rdkit_random_minimized_chembl_count,2wn9_2wn9_conf0,71,71,0,79.20879310056722,3.0171775559237703,74.72556488001389,86.02711450624818,78.21998299278754,8.0,0.5246292006624892
rdkit_random_minimized_chembl_count,2wtv_2wtv_conf0,110,110,0,35.710863157807545,0.7483714199924806,35.2159964011017,37.074408453887386,35.36197325280246,4.0,0.7405584288599439
rdkit_random_minimized_chembl_count,2xdl_2xdl_conf0,58,58,0,31.33513322535689,2.8672850201852156,25.463287359126166,38.54296937721428,31.245952790556366,9.0,3.265117387797814
rdkit_random_minimized_chembl_count,2xnb_2xnb_conf0,79,79,0,50.804172435111845,3.047186639081981,44.81601457336305,57.57848607202263,50.319299276538864,18.0,1.1495919337529985
rdkit_random_minimized_chembl_count,2yfe_2yfe_conf0,155,155,0,117.32508405745578,4.188218976076438,108.90569930403974,125.73803889814087,117.80893820179739,23.0,2.093649377575851
rdkit_random_minimized_chembl_count,2ymd_2ymd_conf0,30,30,0,19.370107867898337,2.3561934274251324,15.984032020793505,24.412404939671283,19.007659681560295,4.0,3.5672391948950803
rdkit_random_minimized_chembl_count,2zb1_2zb1_conf0,200,200,0,98.59210487612555,1.6956935934586,96.13235932757028,102.76558883916475,98.01835787831392,16.0,0.8395363841026182
rdkit_random_minimized_chembl_count,2zcq_2zcq_conf0,67,67,0,215.6657846626514,2.0496912953856237,213.21372402590228,222.60604524292995,215.04130456033155,44.0,1.446554494937801
rdkit_random_minimized_chembl_count,2zcr_2zcr_conf0,60,60,0,221.3162440788979,2.7735750233906225,214.70725968939277,226.34607291478403,221.16135912593074,48.0,1.93760994911993
rdkit_random_minimized_chembl_count,2zy1_2zy1_conf0,94,94,0,19.591366707632808,2.503526979747891,15.290516814466033,27.401294639462293,19.457035503613206,59.0,1.7059429151450218
rdkit_random_minimized_chembl_count,3aru_3aru_conf0,124,124,0,-114.73805030726979,1.6963032698726053,-118.22983270033275,-110.67334795464188,-115.04148197454029,67.0,0.988728378448488
rdkit_random_minimized_chembl_count,3ary_3ary_conf0,3,3,0,20.589884419149957,2.604277898763696,18.748339581354216,24.272889543446574,18.748424132649085,2.0,2.6221847444497155
rdkit_random_minimized_chembl_count,3b27_3b27_conf0,9,9,0,-156.52872690076512,1.1084803746278105,-158.00193233876612,-154.70751175168743,-156.10015986702936,6.0,0.2878408396448198
rdkit_random_minimized_chembl_count,3b5r_3b5r_conf0,200,200,0,90.86127600055312,5.963379520065284,78.67275834541189,112.13773843578034,90.41150391107597,53.0,2.6832967807972814
rdkit_random_minimized_chembl_count,3b65_3b65_conf0,200,200,0,101.21600080949256,7.184683849276557,89.00863469830563,125.07560039595324,100.28438057534706,27.0,2.8122840138733647
rdkit_random_minimized_chembl_count,3bgz_3bgz_conf0,10,10,0,69.74606337134784,0.0002910345580931352,69.74556826560071,69.7465811574737,69.74618327913117,2.0,1.9472771976793138e-07
rdkit_random_minimized_chembl_count,3cj4_3cj4_conf0,199,199,0,3.484336619651596,6.795233705950648,-10.606728016907741,19.21432859242951,2.33231182837968,36.0,6.368780692812565
rdkit_random_minimized_chembl_count,3dd0_3dd0_conf0,51,51,0,4.412601540278982,2.032455081811733,-0.5024734804932205,8.814269637600052,4.547437175388518,4.0,1.1313962561506437
rdkit_random_minimized_chembl_count,3e92_3e92_conf0,134,134,0,110.10080403036751,0.7842530094804121,108.44139918250548,111.902080783777,109.94396461146746,8.0,0.1873323197592679
rdkit_random_minimized_chembl_count,3e93_3e93_conf0,200,200,0,129.4930409485219,7.022382540625373,120.13122293297702,145.7938188450904,126.49352371181675,55.0,7.066767168466156
rdkit_random_minimized_chembl_count,3ehy_3ehy_conf0,25,25,0,50.65590582760671,5.045657366171119,41.036951896603306,59.48454893664234,51.231534521197716,3.0,3.147838344726804
rdkit_random_minimized_chembl_count,3fcq_3fcq_conf0,2,2,0,45.58210175113673,0.4635573806354536,45.118544370501276,46.04565913177218,45.58210175113673,2.0,1.734228760597034e-09
rdkit_random_minimized_chembl_count,3fur_3fur_conf0,86,86,0,28.479879023315203,2.136095073931055,26.044883470551806,35.96694716031459,27.631005793049276,32.0,1.9452879064274544
rdkit_random_minimized_chembl_count,3g2z_3g2z_conf0,6,6,0,10.545340330019283,0.14511694504037656,10.269352430999158,10.765321799012586,10.55921308742614,3.0,0.1880281830270102
rdkit_random_minimized_chembl_count,3g31_3g31_conf0,2,2,0,33.94571994943815,0.8633262152544177,33.08239373418373,34.80904616469257,33.94571994943815,1.0,1.7020227005559718e-08
rdkit_random_minimized_chembl_count,3gy4_3gy4_conf0,1,1,0,-12.277382516897546,0.0,-12.277382516897546,-12.277382516897546,-12.277382516897546,1.0,0.0
rdkit_random_minimized_chembl_count,3jvs_3jvs_conf0,40,40,0,122.48182809900837,7.682700435384817,107.32721482336024,140.08381888640082,122.13071285356739,8.0,3.4541901141703644
rdkit_random_minimized_chembl_count,3k5v_3k5v_conf0,200,200,0,-19.154574712511327,2.2688413792351088,-21.644465890054178,-14.650150932960983,-19.96904637816737,47.0,2.3837173347101803
rdkit_random_minimized_chembl_count,3kgp_3kgp_conf0,1,1,0,-13.167783141073706,0.0,-13.167783141073706,-13.167783141073706,-13.167783141073706,1.0,0.0
rdkit_random_minimized_chembl_count,3lka_3lka_conf0,4,4,0,-42.967200345500174,2.531963412792033,-45.77524753643771,-38.864519404262595,-43.6145172206502,2.0,1.504326765445227
rdkit_random_minimized_chembl_count,3nx7_3nx7_conf0,111,111,0,62.6927760336443,20.232790342283835,44.113591685568665,261.1233658345163,59.9211483317803,54.0,3.0887080770851227
rdkit_random_minimized_chembl_count,3pxf_3pxf_conf0,7,7,0,74.15485221895413,0.00015713796239528611,74.15464124485143,74.15517220266274,74.15480511513312,2.0,4.44586401093991e-08
rdkit_random_minimized_chembl_count,3qqs_3qqs_conf0,7,7,0,131.6428092477492,0.9841996612777453,131.01927762067288,133.19909535133928,131.02095779576516,3.0,1.537104578141174
rdkit_random_minimized_chembl_count,3rlr_3rlr_conf0,9,9,0,51.45275713075115,2.7847340918378998,48.54422617660964,57.912999788410346,50.073015398832524,2.0,0.1704339138781622
rdkit_random_minimized_chembl_count,3rsx_3rsx_conf0,4,4,0,-5.4207900691639805,0.02276703808996281,-5.440329549108174,-5.38404028284079,-5.429395222353479,4.0,5.108942645523191
rdkit_random_minimized_chembl_count,3ryj_3ryj_conf0,81,81,0,-12.306520732467565,2.117469584577041,-17.36260755666393,-9.278304542415814,-11.911328939046427,6.0,1.794357646070796
rdkit_random_minimized_chembl_count,3syr_3syr_conf0,122,122,0,54.71453568587878,9.225854896429958,37.63341287742857,84.52034358543463,54.469172822229055,23.0,7.172590229596482
rdkit_random_minimized_chembl_count,3twp_3twp_conf0,1,1,0,18.751050037269255,0.0,18.751050037269255,18.751050037269255,18.751050037269255,1.0,0.0
rdkit_random_minimized_chembl_count,3u5j_3u5j_conf0,2,2,0,95.18926314389796,0.49363250343677123,94.69563064046119,95.68289564733473,95.18926314389796,1.0,1.2516117919860533e-08
rdkit_random_minimized_chembl_count,3u8n_3u8n_conf0,197,197,0,110.45396284340906,4.184937484481117,104.29993913891039,121.93239245171674,109.54941090416517,34.0,3.3544062333952755
rdkit_random_minimized_chembl_count,3uo4_3uo4_conf0,26,26,0,0.4385831893717598,4.123948618999595,-6.594061014908718,4.621312146191308,0.9941322533426273,10.0,3.458683990143744
rdkit_random_minimized_chembl_count,3up2_3up2_conf0,43,43,0,-21.589195666735314,3.5203746776830394,-26.135190410584173,-16.351563267620442,-23.348385177710142,17.0,3.3007094415659703
rdkit_random_minimized_chembl_count,3wtj_3wtj_conf0,52,52,0,-34.424250923328195,0.4100522964130063,-34.89982220950129,-33.754244227018916,-34.535336583718646,4.0,0.3791265369226597
rdkit_random_minimized_chembl_count,3zdg_3zdg_conf0,199,199,0,-25.433781007901853,12.213307134730528,-40.94982564973001,124.53228148254559,-26.324546760118604,41.0,9.140071537036858
rdkit_random_minimized_chembl_count,4ddh_4ddh_conf0,2,2,0,55.37167189435763,3.1913227697895827,52.180349124568046,58.56299466414721,55.37167189435763,1.0,2.6842528200177185e-08
rdkit_random_minimized_chembl_count,4ddk_4ddk_conf0,1,1,0,34.534204449786,0.0,34.534204449786,34.534204449786,34.534204449786,1.0,0.0
rdkit_random_minimized_chembl_count,4eor_4eor_conf0,200,200,0,-71.33456078723854,3.514351316843326,-81.64954995423189,-64.87509363495109,-70.44794980153826,49.0,2.9101732785816945
rdkit_random_minimized_chembl_count,4f09_4f09_conf0,2,2,0,66.90265573724918,4.57558115873789,62.32707457851129,71.47823689598707,66.90265573724918,1.0,3.120894797877021
rdkit_random_minimized_chembl_count,4f2w_4f2w_conf0,200,200,0,-34.58118365506932,5.314198663066186,-45.28244557927724,-20.733938350490554,-35.23176406958244,28.0,2.479819703218395
rdkit_random_minimized_chembl_count,4f9w_4f9w_conf0,4,4,0,82.43674319703085,2.6784114010218856,79.41685655456274,85.4809444450793,82.42458589424069,3.0,0.0035244482045922
rdkit_random_minimized_chembl_count,4hge_4hge_conf0,36,36,0,96.79819133747317,7.544831705724613,89.31215975843173,112.6658220298416,97.60537115767272,15.0,7.011542244461784
rdkit_random_minimized_chembl_count,4j21_4j21_conf0,3,3,0,24.952481712605692,2.1707964786330303,22.352743737394185,27.66640793832125,24.83829346210165,1.0,2.29116478851862e-10
rdkit_random_minimized_chembl_count,4j3l_4j3l_conf0,114,114,0,39.94845002823994,3.576494331455344,33.77054564354376,48.90396866919282,39.624544260654176,33.0,2.1023787117816672
rdkit_random_minimized_chembl_count,4jsz_4jsz_conf0,2,2,0,-54.724460064578125,2.5727372988986765,-57.297197363476805,-52.15172276567945,-54.724460064578125,1.0,1.7291483800363492e-09
rdkit_random_minimized_chembl_count,4jxs_4jxs_conf0,32,32,0,-3.535377713748449,9.561925718659868,-15.662019388443767,9.757990653469243,-2.239213638501994,8.0,6.770862596974045
rdkit_random_minimized_chembl_count,4k18_4k18_conf0,109,109,0,101.03844149958678,4.883857434422762,98.56817131854439,111.79977579712497,98.82952494751987,8.0,6.06649517865442
rdkit_random_minimized_chembl_count,4k77_4k77_conf0,5,5,0,21.356285828288026,6.484437935108493,13.29412195195084,28.24892002867353,22.94615558106241,4.0,3.667364783741704
rdkit_random_minimized_chembl_count,4kzq_4kzq_conf0,6,6,0,43.474196963151144,0.19640842413760082,43.259990725548036,43.69283313264839,43.47308543972518,2.0,0.0187294755552991
rdkit_random_minimized_chembl_count,4kzu_4kzu_conf0,3,3,0,53.361276809430045,0.00010252812778161731,53.36113564473409,53.36137606967792,53.36131871387811,1.0,1.027171857806271e-07
rdkit_random_minimized_chembl_count,4llx_4llx_conf0,1,1,0,-87.91848157112702,0.0,-87.91848157112702,-87.91848157112702,-87.91848157112702,1.0,0.0
rdkit_random_minimized_chembl_count,4lzs_4lzs_conf0,12,12,0,7.59389326022542,5.933319470913157,2.630959328195936,23.18971166287851,5.401093706290531,9.0,1.886106119986
rdkit_random_minimized_chembl_count,4mgd_4mgd_conf0,24,24,0,75.17161925172648,0.27977564092348944,74.72310574262363,75.75602584725506,75.09272512612932,2.0,0.1279637202658507
rdkit_random_minimized_chembl_count,4ogj_4ogj_conf0,54,54,0,-55.06874621943559,10.916846756857796,-82.3000825678616,-36.5560127791517,-56.17770492411629,50.0,8.07191423680403
rdkit_random_minimized_chembl_count,5c28_5c28_conf0,2,2,0,-19.6354435367064,0.10275411627624109,-19.73819765298264,-19.53268942043016,-19.6354435367064,1.0,0.0025607187438012
rdkit_random_minimized_chembl_count,5c2h_5c2h_conf0,85,85,0,-51.076465300013275,3.1918679757694037,-59.43962188117996,-45.10244173458386,-50.669300883003146,77.0,2.2817825292671445
torsion_minimized_chembl_count,1bcu_1bcu_conf0,1,1,0,33.536809220423244,0.0,33.536809220423244,33.536809220423244,33.536809220423244,1.0,0.0
torsion_minimized_chembl_count,1c5z_1c5z_conf0,1,1,0,-3.543382239629178,0.0,-3.543382239629178,-3.543382239629178,-3.543382239629178,1.0,0.0
torsion_minimized_chembl_count,1lpg_1lpg_conf0,193,193,0,85.76284665975231,9.28423343632881,69.92712472792007,113.24797101063973,85.36651038568387,96.0,4.404477362975701
torsion_minimized_chembl_count,1mq6_1mq6_conf0,12,12,0,-36.41912348696937,6.332805472224567,-46.2278394965539,-22.229541465611263,-37.23437646200718,11.0,5.296063809764999
torsion_minimized_chembl_count,1nc3_1nc3_conf0,196,196,0,61.241263307999354,5.52969063618316,52.171524126717195,83.67406385804944,60.0944723125347,6.0,3.0342636261025318
torsion_minimized_chembl_count,1o3f_1o3f_conf0,31,31,0,75.86187627313905,43.25291796723019,44.88063558209592,138.57162070738315,47.12323161828672,6.0,3.482055129405045
torsion_minimized_chembl_count,1o5b_1o5b_conf0,1,1,0,-7.614108444805053,0.0,-7.614108444805053,-7.614108444805053,-7.614108444805053,1.0,0.0
torsion_minimized_chembl_count,1owh_1owh_conf0,12,12,0,45.13428964482597,5.893749714974142,41.072294639781944,59.33060270516145,42.77831847104704,6.0,5.417406136878972
torsion_minimized_chembl_count,1p1n_1p1n_conf0,23,23,0,8.216134827680145,2.562579290671083,5.865720719461418,14.4885386287763,7.143179119827863,2.0,0.7747528516906704
torsion_minimized_chembl_count,1pxn_1pxn_conf0,200,200,0,-85.95788018897872,1.790276152236553,-90.05772890973152,-81.43037762950968,-86.06919189034605,8.0,1.3560098955643016
torsion_minimized_chembl_count,1sqa_1sqa_conf0,200,200,0,-9.617791805114273,6.751975992319736,-16.462800406703664,6.1249661625322815,-12.870506796169888,38.0,6.270015001299243
torsion_minimized_chembl_count,1uto_1uto_conf0,7,7,0,32.36156195284678,1.5728028712757027,30.84882135385806,35.03755827282922,31.169210585857865,2.0,2.2433850410333607
torsion_minimized_chembl_count,1yc1_1yc1_conf0,168,168,0,24.12791117402945,2.990928391154806,19.29376379813357,35.42766195183976,23.659447366467646,19.0,4.85368303185126
torsion_minimized_chembl_count,1ydr_1ydr_conf0,16,16,0,74.04459934363983,2.3602483045204927,69.93363095014891,77.6921313716214,73.88343460271705,6.0,2.127608215415385
torsion_minimized_chembl_count,1ydt_1ydt_conf0,140,140,0,-0.41059012751010204,7.450267123099799,-11.234081764086898,35.90985528767206,-1.403958061115575,109.0,5.053862188770588
torsion_minimized_chembl_count,1z6e_1z6e_conf0,200,200,0,107.73266153543976,4.902569739973815,98.12064728342804,123.46322095270293,107.12716379913495,69.0,4.282135093578453
torsion_minimized_chembl_count,1z95_1z95_conf0,198,198,0,78.02493564364339,12.19880474179614,58.11916338422915,131.14145238447944,76.92221688307404,62.0,6.790700978821931
torsion_minimized_chembl_count,1z9g_1z9g_conf0,199,199,0,12.21640219210884,5.3384579992214825,3.8459634438377908,28.113713251185057,11.066250264412853,62.0,4.998271768109576
torsion_minimized_chembl_count,2br1_2br1_conf0,200,200,0,42.266495534404584,7.111363339143103,26.411483452908215,60.485524931811355,41.27219749189078,30.0,3.177001649975804
torsion_minimized_chembl_count,2brb_2brb_conf0,200,200,0,25.45533101536638,5.698694075488093,19.123763245344982,41.66932923167894,23.02150218819751,16.0,3.273219945346801
torsion_minimized_chembl_count,2c3i_2c3i_conf0,200,200,0,66.30910843598082,2.464312326346294,61.5206311161985,72.78722383390475,66.35809147969059,42.0,1.2082137805156494
torsion_minimized_chembl_count,2fvd_2fvd_conf0,200,200,0,-104.48679758651538,3.4151559484872664,-110.00169416532219,-94.45628841644174,-105.20294261484835,78.0,1.6645357764248272
torsion_minimized_chembl_count,2hb1_2hb1_conf0,38,38,0,128.99925122511542,2.8562076565377907,128.16522737246487,141.1128377917658,128.37206821684015,3.0,2.5291220093508517
torsion_minimized_chembl_count,2p4y_2p4y_conf0,174,174,0,151.55105949380714,5.537851033662265,139.78554361051897,165.0016211442443,151.55767405995505,64.0,3.4871438952933382
torsion_minimized_chembl_count,2pog_2pog_conf0,10,10,0,46.51618068929189,0.5352900460163877,45.06924988861155,47.28492427053875,46.55446890846508,1.0,0.3571215337029212
torsion_minimized_chembl_count,2qbp_2qbp_conf0,200,200,0,138.207713280951,7.520339160892923,125.03795999681881,155.60486476668873,139.7346622766276,95.0,7.438938788844261
torsion_minimized_chembl_count,2qbq_2qbq_conf0,200,200,0,202.34235176141271,7.254245821379564,188.71066238506327,223.8507807500153,201.3416019760582,36.0,3.040880640017424
torsion_minimized_chembl_count,2qbr_2qbr_conf0,200,200,0,168.4620992838112,2.961829082579117,165.79008532615424,181.28818620104738,167.6800579249838,32.0,2.452452972021117
torsion_minimized_chembl_count,2v00_2v00_conf0,30,30,0,-99.68095490561542,2.075753439691174,-101.09091705323377,-94.79942565998208,-100.93273730714323,8.0,1.2220170645657966
torsion_minimized_chembl_count,2wn9_2wn9_conf0,71,71,0,78.63289002621626,3.1915873830378683,74.72328131316294,85.85719654843504,77.22763499261572,7.0,0.505525514829357
torsion_minimized_chembl_count,2wtv_2wtv_conf0,110,110,0,35.49925668770237,0.6356107460805034,35.21627922887868,36.93717247285525,35.21826029962378,2.0,0.6366028308039832
torsion_minimized_chembl_count,2xdl_2xdl_conf0,58,58,0,59.32456555176631,51.224931145598234,26.160386349451844,229.30125244584536,34.35983362650614,12.0,3.566896969364362
torsion_minimized_chembl_count,2xnb_2xnb_conf0,79,79,0,47.018850377494616,2.383060594594262,43.79465286076041,54.18747068191503,46.476969243281005,12.0,0.4826740001104682
torsion_minimized_chembl_count,2yfe_2yfe_conf0,155,155,0,116.09660006166857,4.228806936334412,108.85836729045343,128.72433984721454,115.32586760039092,29.0,2.1980005821297928
torsion_minimized_chembl_count,2ymd_2ymd_conf0,30,30,0,19.735150129996633,2.3241782974676246,16.82977122570967,24.490642214203604,19.090468696195096,3.0,3.1711399231964013
torsion_minimized_chembl_count,2zb1_2zb1_conf0,200,200,0,99.03250822970345,2.701512757194956,96.13845243464013,108.2812025269163,97.79360099761588,33.0,2.1808458867738234
torsion_minimized_chembl_count,2zcq_2zcq_conf0,67,67,0,215.51492648964756,1.5973028291292348,213.21499079290012,220.54572404480834,215.12776235506834,48.0,1.4297419485413672
torsion_minimized_chembl_count,2zcr_2zcr_conf0,60,60,0,220.2616134559991,2.797604612042243,215.35509551430457,228.03126155271195,219.78753143853783,52.0,1.5935295578950437
torsion_minimized_chembl_count,2zy1_2zy1_conf0,94,94,0,22.662670564254448,8.11735171002935,15.258858746843726,43.71151045599944,19.53798458275068,70.0,7.585570664833541
torsion_minimized_chembl_count,3aru_3aru_conf0,124,124,0,-116.03434182225058,1.2668627317034824,-118.84370002434135,-112.11860157601785,-116.18474024301841,47.0,0.6893614692271878
torsion_minimized_chembl_count,3ary_3ary_conf0,3,3,0,18.74044174449854,0.005945935843579975,18.73621386827878,18.748850523876214,18.73626084134062,2.0,2.4367136625163565e-10
torsion_minimized_chembl_count,3b27_3b27_conf0,9,9,0,-156.5571749654113,0.8674172787684123,-157.93437501443233,-155.3588577419205,-156.21410912242874,4.0,0.3315528134975316
torsion_minimized_chembl_count,3b5r_3b5r_conf0,200,200,0,92.03928257674299,9.177689170381953,79.3296502193989,131.68123502348567,89.55502939717138,58.0,5.763411076107299
torsion_minimized_chembl_count,3b65_3b65_conf0,200,200,0,102.4110770248524,9.874948954443722,88.6960091697298,146.756795256133,100.14169025695443,38.0,6.200731372879035
torsion_minimized_chembl_count,3bgz_3bgz_conf0,10,10,0,69.74606548022406,0.0003066826864406446,69.74550857347293,69.7464189689324,69.7460740470335,2.0,7.814488722906496e-08
torsion_minimized_chembl_count,3cj4_3cj4_conf0,199,199,0,0.9611023562921727,8.420765164722656,-11.466320699103516,26.95706676743441,-1.0558782763873147,41.0,7.801518533942402
torsion_minimized_chembl_count,3dd0_3dd0_conf0,51,51,0,3.818819009814827,2.800695009050922,-0.013549118762929524,13.386753594695477,3.478320610573993,6.0,1.3592979533719076
torsion_minimized_chembl_count,3e92_3e92_conf0,134,134,0,111.1057207673189,2.0044211716149847,108.68852283031066,118.06500678019083,110.6376081775869,30.0,1.2975534138617606
torsion_minimized_chembl_count,3e93_3e93_conf0,200,200,0,128.83281934743832,2.8219302409983897,124.47454360913952,136.90216231023234,127.89895244534998,43.0,2.61838386256343
torsion_minimized_chembl_count,3ehy_3ehy_conf0,25,25,0,46.919961208782595,8.328038610386013,31.111927515690905,60.5440770505008,49.3360049902449,7.0,3.316578511149901
torsion_minimized_chembl_count,3fcq_3fcq_conf0,2,2,0,45.428803567973624,0.624922033870881,44.80388153410274,46.053725601844505,45.428803567973624,1.0,8.370193427253979e-11
torsion_minimized_chembl_count,3fur_3fur_conf0,86,86,0,30.716522495909178,4.124141009380014,26.044444650852945,40.98271994443034,29.835523404828287,36.0,2.175144758280363
torsion_minimized_chembl_count,3g2z_3g2z_conf0,6,6,0,11.61424785779254,0.651089035018828,10.578442054835078,12.073051765342178,12.071592461858724,1.0,0.6177274707290829
torsion_minimized_chembl_count,3g31_3g31_conf0,2,2,0,33.72838380964908,0.2812488178893062,33.447134991759775,34.00963262753839,33.72838380964908,2.0,0.3280795668495724
torsion_minimized_chembl_count,3gy4_3gy4_conf0,1,1,0,-12.276566568596657,0.0,-12.276566568596657,-12.276566568596657,-12.276566568596657,1.0,0.0
torsion_minimized_chembl_count,3jvs_3jvs_conf0,40,40,0,119.84035733012563,8.628319069803077,107.44400822300457,141.7800792308267,119.73805976063855,19.0,4.5732826129592
torsion_minimized_chembl_count,3k5v_3k5v_conf0,200,200,0,-17.130950609440468,2.025675295191317,-21.644324312844432,-14.564443691036871,-16.65290890257175,46.0,2.138079969195044
torsion_minimized_chembl_count,3kgp_3kgp_conf0,1,1,0,-11.161245819176713,0.0,-11.161245819176713,-11.161245819176713,-11.161245819176713,1.0,0.0
torsion_minimized_chembl_count,3lka_3lka_conf0,4,4,0,-45.083494699052,2.35973774178638,-47.94496882841088,-42.60750013645582,-44.89075491567064,2.0,1.7307866455244376
torsion_minimized_chembl_count,3nx7_3nx7_conf0,111,111,0,62.795856374624776,19.473538099284102,44.53929408343706,239.42771280087808,59.581439619699694,61.0,3.6995616572773264
torsion_minimized_chembl_count,3pxf_3pxf_conf0,7,7,0,74.69466942672167,1.3222468428938507,74.1546950788578,77.93349948053154,74.15484696741062,2.0,1.0685358922414705
torsion_minimized_chembl_count,3qqs_3qqs_conf0,7,7,0,131.33193225103727,0.7621572282356538,131.01927411917342,133.1988277263601,131.02100508725277,3.0,1.1906291102169844
torsion_minimized_chembl_count,3rlr_3rlr_conf0,9,9,0,51.23412165902635,2.9771934287645907,49.057833995624506,58.756620667771536,49.90983151037027,2.0,0.191250414696828
torsion_minimized_chembl_count,3rsx_3rsx_conf0,4,4,0,-5.419658542228722,0.0003493637391987517,-5.420022015286431,-5.419231046057359,-5.419690553785548,2.0,0.0056025998517199
torsion_minimized_chembl_count,3ryj_3ryj_conf0,81,81,0,-10.372816544523355,3.5497510893206696,-17.893525758643474,-2.0397627387459423,-10.739859777973384,19.0,4.003653087412164
torsion_minimized_chembl_count,3syr_3syr_conf0,122,122,0,44.12066748627027,4.443689106656366,35.74593709864036,57.76788705715883,44.53982014422571,5.0,3.883592659215724
torsion_minimized_chembl_count,3twp_3twp_conf0,1,1,0,18.75308569074382,0.0,18.75308569074382,18.75308569074382,18.75308569074382,1.0,0.0
torsion_minimized_chembl_count,3u5j_3u5j_conf0,2,2,0,96.1839219023311,0.6771131227256149,95.50680877960548,96.86103502505671,96.1839219023311,1.0,5.835786964780709e-09
torsion_minimized_chembl_count,3u8n_3u8n_conf0,197,197,0,106.95868090368052,1.7074618493752998,104.43385333480346,111.35479915724905,107.12892812617277,9.0,1.8675298886390392
torsion_minimized_chembl_count,3uo4_3uo4_conf0,26,26,0,-3.209091451077288,2.776819783576811,-6.594928873141114,4.621082890908355,-2.855242220777164,9.0,2.489538553706326
torsion_minimized_chembl_count,3up2_3up2_conf0,43,43,0,-22.37770548824838,3.3245244308215063,-26.13519526825595,-16.352026047971414,-23.349098549304614,17.0,3.072367476927082
torsion_minimized_chembl_count,3wtj_3wtj_conf0,52,52,0,-34.435795275199595,0.3494785943252585,-34.89918087061524,-34.11708982986093,-34.16324074299598,4.0,0.3676902222782534
torsion_minimized_chembl_count,3zdg_3zdg_conf0,199,199,0,-28.425267704728423,6.136702602824788,-44.64509626021161,-8.418247924605147,-27.220125420155682,44.0,5.085387274467966
torsion_minimized_chembl_count,4ddh_4ddh_conf0,2,2,0,52.222824985255215,3.323990500472778,48.898834484782434,55.54681548572799,52.222824985255215,2.0,0.0782270368491389
torsion_minimized_chembl_count,4ddk_4ddk_conf0,1,1,0,34.53477405470401,0.0,34.53477405470401,34.53477405470401,34.53477405470401,1.0,0.0
torsion_minimized_chembl_count,4eor_4eor_conf0,200,200,0,-77.99028208642565,2.609404628165393,-83.67894938072764,-71.30424853611882,-77.53115251031443,43.0,1.7356044522471226
torsion_minimized_chembl_count,4f09_4f09_conf0,2,2,0,66.37624871776492,2.717752075196678,63.65849664256825,69.09400079296161,66.37624871776492,1.0,0.2546902863469888
torsion_minimized_chembl_count,4f2w_4f2w_conf0,200,200,0,-36.78416360633271,4.145834172355567,-45.03102936530358,-25.337968346302063,-37.31762761576931,26.0,3.229209248319629
torsion_minimized_chembl_count,4f9w_4f9w_conf0,4,4,0,85.65261998231048,2.9164970555117447,80.8600386708695,88.04777050647002,86.85133537595121,3.0,0.0227805692209998
torsion_minimized_chembl_count,4hge_4hge_conf0,36,36,0,95.71444388298042,8.338963877621033,89.27628474352935,112.01159902907611,90.54558564370973,14.0,7.870649858120009
torsion_minimized_chembl_count,4j21_4j21_conf0,3,3,0,24.659307663059234,2.002526116742009,22.515564391579456,27.333814585394183,24.128544012204063,2.0,2.9571675301974704e-10
torsion_minimized_chembl_count,4j3l_4j3l_conf0,114,114,0,42.165994104431896,4.981568548595525,34.650718717250285,52.82001157608392,41.21435724353118,49.0,3.884795688245792
torsion_minimized_chembl_count,4jsz_4jsz_conf0,2,2,0,-52.20490135594463,0.507324143883384,-52.712225499828016,-51.69757721206125,-52.20490135594463,1.0,3.687283367526105e-09
torsion_minimized_chembl_count,4jxs_4jxs_conf0,32,32,0,-7.2735018438037295,9.043025665995282,-15.661658244396826,9.757728928997949,-12.413130359530648,10.0,6.974826083109525
torsion_minimized_chembl_count,4k18_4k18_conf0,109,109,0,109.90806037849586,6.969470050238741,98.56864773898582,117.9086527836048,111.80033952270587,16.0,8.13857961514008
torsion_minimized_chembl_count,4k77_4k77_conf0,5,5,0,10.11799397442314,3.136855750670551,7.070393371675184,15.659278147937574,10.37661758828609,4.0,1.5417986179984653
torsion_minimized_chembl_count,4kzq_4kzq_conf0,6,6,0,43.40817755334249,0.19043582602228076,43.25994851790429,43.693919758119485,43.287541763506226,2.0,0.0198656027770467
torsion_minimized_chembl_count,4kzu_4kzu_conf0,3,3,0,51.39763355112589,0.00019863583560458917,51.3974375493425,51.39790582699703,51.39755727703815,2.0,2.0154104943374547e-08
torsion_minimized_chembl_count,4llx_4llx_conf0,1,1,0,-88.27041972405841,0.0,-88.27041972405841,-88.27041972405841,-88.27041972405841,1.0,0.0
torsion_minimized_chembl_count,4lzs_4lzs_conf0,12,12,0,10.736465480567098,2.322505571397271,7.851274895280408,15.821143108494073,10.381589039899723,8.0,2.3329317231839224
torsion_minimized_chembl_count,4mgd_4mgd_conf0,24,24,0,75.02643182869183,0.3029756770237643,74.72369225044876,75.76060828178062,74.87134902126196,2.0,0.1070095491243479
torsion_minimized_chembl_count,4ogj_4ogj_conf0,54,54,0,-56.552574284198364,9.030297549701608,-75.78214619526221,-35.64997283854805,-55.6016201269903,52.0,6.543728148707165
torsion_minimized_chembl_count,5c28_5c28_conf0,2,2,0,-19.9933190970825,0.28708640005047315,-20.280405497132975,-19.70623269703203,-19.9933190970825,2.0,0.0025607334422304
torsion_minimized_chembl_count,5c2h_5c2h_conf0,85,85,0,-51.65425068584451,6.134931845595324,-59.932341547293106,-30.468616518336148,-52.54366514236332,70.0,2.486912623343233
loqi_raw_chembl_count,1bcu_1bcu_conf0,1,1,0,38.06225680613168,0.0,38.06225680613168,38.06225680613168,38.06225680613168,1.0,0.0
loqi_raw_chembl_count,1c5z_1c5z_conf0,1,1,0,-1.292571792551847,0.0,-1.292571792551847,-1.292571792551847,-1.292571792551847,1.0,0.0
loqi_raw_chembl_count,1lpg_1lpg_conf0,193,193,0,126.56689696339555,12.958628125534586,90.67003654615837,161.08324961962234,126.6081868083403,144.0,11.14065281508427
loqi_raw_chembl_count,1mq6_1mq6_conf0,12,12,0,-14.18477855171043,9.126666140487021,-36.618058946439575,-4.557287938420757,-10.838414377418882,12.0,6.818309720258168
loqi_raw_chembl_count,1nc3_1nc3_conf0,196,196,0,67.72766319251562,5.0850780244427245,52.278827613131796,79.33821129900579,68.18161381211453,25.0,2.4530653101355364
loqi_raw_chembl_count,1o3f_1o3f_conf0,31,31,0,74.34180568686874,29.094724813803833,49.18523029082057,160.44484083497758,64.50076009845311,8.0,4.363878146213112
loqi_raw_chembl_count,1o5b_1o5b_conf0,1,1,0,-4.557070765543731,0.0,-4.557070765543731,-4.557070765543731,-4.557070765543731,1.0,0.0
loqi_raw_chembl_count,1owh_1owh_conf0,12,12,0,49.070336998426036,1.7171352235119572,45.799690221354695,53.15277825866434,48.91688094147611,7.0,1.1186515288863994
loqi_raw_chembl_count,1p1n_1p1n_conf0,23,23,0,44.75140758409708,16.52043500504412,12.326205148198166,69.82125990735437,46.1141343700526,17.0,16.143916116307082
loqi_raw_chembl_count,1pxn_1pxn_conf0,200,200,0,-75.40123763916375,5.27168972235401,-83.28684334557201,-58.5452279642339,-76.68407161917571,16.0,2.101931988493609
loqi_raw_chembl_count,1sqa_1sqa_conf0,200,200,0,-2.8484037152288106,2.1577350491157588,-7.273972787910331,3.1174657173537668,-3.0680735711581626,38.0,1.849078639446718
loqi_raw_chembl_count,1uto_1uto_conf0,7,7,0,31.244158992265323,1.9546804234267299,28.77016010586875,34.9394665757208,31.84810676117801,2.0,1.311013948374685
loqi_raw_chembl_count,1yc1_1yc1_conf0,168,168,0,50.73647482422387,3.3760887485418403,42.88367754243477,60.81806081586158,50.28290902591268,12.0,2.854677212525912
loqi_raw_chembl_count,1ydr_1ydr_conf0,16,16,0,80.37057745447507,4.890010111789542,73.39315435502054,94.74334618221701,79.31991754909473,7.0,2.843294037692967
loqi_raw_chembl_count,1ydt_1ydt_conf0,140,140,0,18.353936880991952,9.249950379425968,-0.40974678430391975,34.92520946287701,20.258227804899782,72.0,4.533239304727527
loqi_raw_chembl_count,1z6e_1z6e_conf0,200,200,0,132.1753158685564,6.997751303260973,115.53083157733434,155.74244857071326,131.1646246305195,132.0,6.264224824979811
loqi_raw_chembl_count,1z95_1z95_conf0,198,198,0,81.6127296029744,8.943252203554724,64.77905355177748,113.2286707491234,79.9901981590042,58.0,3.9768863534984704
loqi_raw_chembl_count,1z9g_1z9g_conf0,199,199,0,18.534382445264438,4.205194480100914,12.174083510200841,32.64771355886032,17.460487192805985,22.0,4.095506947241285
loqi_raw_chembl_count,2br1_2br1_conf0,200,200,0,46.38837500419924,5.658047447523202,34.570052903552714,61.00347780422445,45.98567445775596,24.0,1.6977052569992657
loqi_raw_chembl_count,2brb_2brb_conf0,200,200,0,28.73691102623273,3.7434126840604294,22.458699133827484,38.14090828308467,27.55291248003378,13.0,1.8256339908980472
loqi_raw_chembl_count,2c3i_2c3i_conf0,200,200,0,72.50421191078046,3.07924990166649,66.2646423858703,80.54634554632723,72.37126209871505,30.0,1.4165691781974614
loqi_raw_chembl_count,2fvd_2fvd_conf0,200,200,0,-95.50544707907503,4.422793066637584,-103.82321896391974,-79.30059826047022,-95.98690052556216,57.0,1.7319491646026488
loqi_raw_chembl_count,2hb1_2hb1_conf0,38,38,0,147.6749959824119,10.27743348765082,135.6844160784224,166.34618346280598,143.39906432717424,9.0,9.246539337769116
loqi_raw_chembl_count,2p4y_2p4y_conf0,174,174,0,173.88999484364788,6.151803440147773,160.85444256556673,188.93322333268424,173.31871037456713,90.0,4.229782542602306
loqi_raw_chembl_count,2pog_2pog_conf0,10,10,0,50.46470715020837,1.2988931731174367,48.985019850503356,53.8236710120861,50.11401797331577,2.0,0.968794905647039
loqi_raw_chembl_count,2qbp_2qbp_conf0,200,200,0,164.21001641674397,7.273488395054384,147.1862493861134,191.19535643605457,163.06731186206517,143.0,7.039084853506371
loqi_raw_chembl_count,2qbq_2qbq_conf0,200,200,0,223.397232844148,8.85800266033138,204.2018798164956,250.34903153631208,222.38679433526272,91.0,7.440720475401058
loqi_raw_chembl_count,2qbr_2qbr_conf0,200,200,0,187.1232547945001,6.018219684819941,174.99922737843838,209.16433472082792,185.96953438106874,94.0,5.714131108041499
loqi_raw_chembl_count,2v00_2v00_conf0,30,30,0,-95.64255631624309,1.9150367727016928,-97.39627453297393,-91.59927823798762,-96.60741935422146,4.0,2.257804064194612
loqi_raw_chembl_count,2wn9_2wn9_conf0,71,71,0,88.39917203473445,4.860553054029743,80.80900014711659,97.52674506546492,88.73443437214328,15.0,1.4377736902658431
loqi_raw_chembl_count,2wtv_2wtv_conf0,110,110,0,46.85528217648161,6.723950649977417,43.04248952271438,80.4317410131719,44.57094878430085,21.0,6.056831883270651
loqi_raw_chembl_count,2xdl_2xdl_conf0,58,58,0,34.291490781533746,3.025303903145318,27.59176950664537,42.717601336364766,33.9028161815671,9.0,0.5281217987748809
loqi_raw_chembl_count,2xnb_2xnb_conf0,79,79,0,60.09756655260939,3.7369066921022815,54.689273428221924,72.13038437586394,59.032974283757184,16.0,1.6935986917077868
loqi_raw_chembl_count,2yfe_2yfe_conf0,155,155,0,122.22286479556924,5.638152801167251,111.48514315885787,138.0662777713377,121.94037898359531,44.0,3.735679053840218
loqi_raw_chembl_count,2ymd_2ymd_conf0,30,30,0,19.49990698326587,1.335696034390842,17.563953680133583,24.44738430539708,19.354452976766616,3.0,1.7819250175239876
loqi_raw_chembl_count,2zb1_2zb1_conf0,200,200,0,103.85442923314098,1.680700584617373,99.8816178305469,108.26664355385388,103.59599964989495,29.0,0.697660886052926
loqi_raw_chembl_count,2zcq_2zcq_conf0,67,67,0,233.23875508693686,7.641917702780398,220.57716930794084,253.26018591914925,231.73179919810974,45.0,6.792786429261514
loqi_raw_chembl_count,2zcr_2zcr_conf0,60,60,0,239.34947657972668,7.596643486150332,225.45833715405323,257.87563806390017,239.43807946670694,50.0,6.685870091878399
loqi_raw_chembl_count,2zy1_2zy1_conf0,94,94,0,38.38270617040917,8.17387945080664,23.31074578595741,80.90026847189722,37.74289134320725,55.0,6.463221097699713
loqi_raw_chembl_count,3aru_3aru_conf0,124,124,0,-112.46555391046283,1.458048159449439,-114.75041948791011,-106.11512915273066,-112.79567461595364,45.0,1.0207643852117276
loqi_raw_chembl_count,3ary_3ary_conf0,3,3,0,75.48579550123324,12.549586589731305,64.21510129184848,92.99408555991354,69.24819965193771,1.0,12.593664922155687
loqi_raw_chembl_count,3b27_3b27_conf0,9,9,0,-153.24819594963205,1.649726570612224,-154.89304760725486,-150.2128117193213,-153.86186604037272,5.0,0.3089772592046109
loqi_raw_chembl_count,3b5r_3b5r_conf0,200,200,0,98.90673427255425,7.589481908282416,84.51778182743298,130.74415907243943,97.58021069712774,82.0,3.0943474324864355
loqi_raw_chembl_count,3b65_3b65_conf0,200,200,0,108.4261653702155,7.348192890355793,94.94744381555748,135.2558087696698,108.10127821520251,42.0,3.007001490107934
loqi_raw_chembl_count,3bgz_3bgz_conf0,10,10,0,73.12830883183479,0.6426928773834061,72.39742115761462,74.4925949355555,73.03117321991667,2.0,0.6306949254827636
loqi_raw_chembl_count,3cj4_3cj4_conf0,199,199,0,11.483151562805249,6.296204113847647,-0.8212255429060775,43.95466291882489,10.554825872455856,60.0,5.334041627409812
loqi_raw_chembl_count,3dd0_3dd0_conf0,51,51,0,10.145458162093039,3.061921845648081,5.092513403835275,18.189589208997862,9.66833282754679,5.0,2.845613664084964
loqi_raw_chembl_count,3e92_3e92_conf0,134,134,0,115.57795264392574,1.5874250337875102,111.23131990177095,120.46216036659041,115.53194136117813,21.0,0.4856158975059216
loqi_raw_chembl_count,3e93_3e93_conf0,200,200,0,140.67261526669265,2.5713307074764313,134.7451869033182,149.02484352082107,140.65999547961644,93.0,2.0160396148061115
loqi_raw_chembl_count,3ehy_3ehy_conf0,25,25,0,32.79867266061696,3.7758114903187177,25.47134064078061,38.36402888544786,33.38651560109295,2.0,0.5010002665995771
loqi_raw_chembl_count,3fcq_3fcq_conf0,2,2,0,53.82183960157725,0.3622376784945338,53.459601923082715,54.18407728007178,53.82183960157725,1.0,0.416947015921874
loqi_raw_chembl_count,3fur_3fur_conf0,86,86,0,36.57688082597337,1.6703617847551362,33.26760052819977,40.582707219973315,36.432356223631515,13.0,1.2376627150864286
loqi_raw_chembl_count,3g2z_3g2z_conf0,6,6,0,16.946841509389486,0.7469420123267938,16.35834043521205,18.53781252095451,16.577858579963845,2.0,0.4411419289264081
loqi_raw_chembl_count,3g31_3g31_conf0,2,2,0,43.605299197118846,0.8288929012035524,42.776406295915294,44.4341920983224,43.605299197118846,1.0,0.1154345547315927
loqi_raw_chembl_count,3gy4_3gy4_conf0,1,1,0,-9.040006879837946,0.0,-9.040006879837946,-9.040006879837946,-9.040006879837946,1.0,0.0
loqi_raw_chembl_count,3jvs_3jvs_conf0,40,40,0,147.60706102840103,11.367048773634865,129.73207881624364,172.93095061966173,146.33236343033076,24.0,4.534271982461201
loqi_raw_chembl_count,3k5v_3k5v_conf0,200,200,0,-6.427212971431218,2.642798279901061,-12.251410836406194,-2.119230645427777,-5.673174591727552,60.0,2.442993694854104
loqi_raw_chembl_count,3kgp_3kgp_conf0,1,1,0,-12.021346312084852,0.0,-12.021346312084852,-12.021346312084852,-12.021346312084852,1.0,0.0
loqi_raw_chembl_count,3lka_3lka_conf0,4,4,0,-41.89347470884438,4.371694741954872,-48.399484974782496,-36.41855053782571,-41.37793166138465,2.0,0.2779163971197091
loqi_raw_chembl_count,3nx7_3nx7_conf0,111,111,0,68.32810642175139,6.951116310874173,56.01006926122289,87.27567762178634,68.39622085244808,40.0,3.5000972040741183
loqi_raw_chembl_count,3pxf_3pxf_conf0,7,7,0,94.01699920468691,8.540550263050251,82.37068374031358,102.2216024581906,99.74515455754245,3.0,11.249915915350336
loqi_raw_chembl_count,3qqs_3qqs_conf0,7,7,0,150.26379165630266,11.319210825734917,143.85821829877455,177.83591378000932,145.51363524474203,4.0,11.140856333817142
loqi_raw_chembl_count,3rlr_3rlr_conf0,9,9,0,58.90572513786294,3.9455918091699993,52.04522284574396,63.991529556873765,60.744761895078454,3.0,0.7503941054354242
loqi_raw_chembl_count,3rsx_3rsx_conf0,4,4,0,-1.1503517393677187,0.2543195230654049,-1.4398097476034089,-0.7676863202376687,-1.1969554448148987,1.0,0.3888136906093556
loqi_raw_chembl_count,3ryj_3ryj_conf0,81,81,0,-8.057620339936197,2.39123162812741,-14.361153950301167,-3.643903718859397,-7.391800465595168,10.0,1.22676821601664
loqi_raw_chembl_count,3syr_3syr_conf0,122,122,0,51.78528966627688,4.106749675791131,41.40093196581561,63.792560986448734,51.91118324459897,6.0,1.417801610279003
loqi_raw_chembl_count,3twp_3twp_conf0,1,1,0,20.822867934632605,0.0,20.822867934632605,20.822867934632605,20.822867934632605,1.0,0.0
loqi_raw_chembl_count,3u5j_3u5j_conf0,2,2,0,102.70875201084894,1.6104447185092639,101.09830729233968,104.31919672935821,102.70875201084894,2.0,1.0818028891763731
loqi_raw_chembl_count,3u8n_3u8n_conf0,197,197,0,119.79909195513171,3.0910869564328456,112.57862386391616,130.46221464986456,119.67921424033015,18.0,2.3244472311292044
loqi_raw_chembl_count,3uo4_3uo4_conf0,26,26,0,16.52501366010462,3.7987474139309905,2.647421352987422,20.7556885196079,17.219353182216846,5.0,3.8745697924603
loqi_raw_chembl_count,3up2_3up2_conf0,43,43,0,-7.01824181243805,4.138590556578888,-11.545326299068734,2.9224283565907996,-9.100356843167788,13.0,3.795050820148257
loqi_raw_chembl_count,3wtj_3wtj_conf0,52,52,0,-28.362560298589088,1.1504310602747978,-30.651985742376745,-25.72992216443302,-28.244030429730994,13.0,1.1040891960385453
loqi_raw_chembl_count,3zdg_3zdg_conf0,199,199,0,-27.88974848338798,6.450262339563888,-39.128177147174526,-5.647272850255078,-29.226568431210207,36.0,5.00818785865693
loqi_raw_chembl_count,4ddh_4ddh_conf0,2,2,0,62.887905087287564,5.586381245301094,57.30152384198647,68.47428633258866,62.887905087287564,2.0,0.2393087658168227
loqi_raw_chembl_count,4ddk_4ddk_conf0,1,1,0,37.41349709027538,0.0,37.41349709027538,37.41349709027538,37.41349709027538,1.0,0.0
loqi_raw_chembl_count,4eor_4eor_conf0,200,200,0,-66.65319736757888,3.7056784155742157,-76.50259636931806,-56.013928678995306,-66.83395453947489,46.0,2.758497480904698
loqi_raw_chembl_count,4f09_4f09_conf0,2,2,0,72.18779250664196,2.0495609439887588,70.1382315626532,74.23735345063072,72.18779250664196,1.0,0.2109891503242238
loqi_raw_chembl_count,4f2w_4f2w_conf0,200,200,0,-28.870614409098952,4.27322687638074,-39.430969080689565,-18.641716971593077,-29.23058057306853,59.0,2.974142345939986
loqi_raw_chembl_count,4f9w_4f9w_conf0,4,4,0,91.86293976665402,4.370109177175339,88.4472428093517,99.35948017223642,89.822518042514,4.0,0.2579313572986267
loqi_raw_chembl_count,4hge_4hge_conf0,36,36,0,105.20406711572747,2.8199166236809132,100.77052397868528,112.19903629871045,104.19592815123339,7.0,2.329233218829221
loqi_raw_chembl_count,4j21_4j21_conf0,3,3,0,29.383612304251823,1.8574641689937554,27.94773914515896,32.00653206269801,28.196565704898504,2.0,0.0267358687613624
loqi_raw_chembl_count,4j3l_4j3l_conf0,114,114,0,44.79705759657801,3.0043644793123963,39.49643097231316,53.42176770888376,44.79346484172639,29.0,1.4545680646921249
loqi_raw_chembl_count,4jsz_4jsz_conf0,2,2,0,-51.16632591978154,0.4234936248573611,-51.58981954463891,-50.742832294924185,-51.16632591978154,1.0,0.0489413633322222
loqi_raw_chembl_count,4jxs_4jxs_conf0,32,32,0,20.750190280092777,12.875232377577337,3.612624558454776,39.11080188725373,25.228816368364136,5.0,3.875237202796454
loqi_raw_chembl_count,4k18_4k18_conf0,109,109,0,111.38765358699075,2.2356693774328886,107.06021311694637,121.48852469817913,111.52968417181776,12.0,5.219917631712465
loqi_raw_chembl_count,4k77_4k77_conf0,5,5,0,10.985896760567279,0.16164318237384548,10.767322671265768,11.232273494666364,10.94100919012753,2.0,0.23026206074958
loqi_raw_chembl_count,4kzq_4kzq_conf0,6,6,0,48.07903271498537,0.1676126805312745,47.92275406040483,48.43372884144305,48.010914644246625,1.0,0.1252667680574257
loqi_raw_chembl_count,4kzu_4kzu_conf0,3,3,0,55.99810442641148,0.17582440106584807,55.752239954264084,56.153197601790616,56.08887572317974,1.0,0.1667894498089602
loqi_raw_chembl_count,4llx_4llx_conf0,1,1,0,-86.68414659895176,0.0,-86.68414659895176,-86.68414659895176,-86.68414659895176,1.0,0.0
loqi_raw_chembl_count,4lzs_4lzs_conf0,12,12,0,20.384176580201267,7.955341983942328,7.870252391963141,32.51458842293109,19.67156168935758,5.0,1.8257358871842368
loqi_raw_chembl_count,4mgd_4mgd_conf0,24,24,0,82.32923494262388,0.893846762165993,80.91123876318814,85.4510978548904,82.232891789185,2.0,0.9164655791824268
loqi_raw_chembl_count,4ogj_4ogj_conf0,54,54,0,-47.380044067151395,9.254250514054627,-67.71762507366614,-25.2501619069201,-47.23480862194453,53.0,6.874447183804391
loqi_raw_chembl_count,5c28_5c28_conf0,2,2,0,-12.302674754022924,0.8397870594050332,-13.142461813427957,-11.46288769461789,-12.302674754022924,2.0,0.2458977015513923
loqi_raw_chembl_count,5c2h_5c2h_conf0,85,85,0,-43.225261024069596,2.9262955449727124,-48.88011212248129,-35.71775026186262,-43.130940852320826,76.0,2.432598063984652
mcf_drugs_l_raw_chembl_count,1bcu_1bcu_conf0,1,1,0,37.17900363163506,0.0,37.17900363163506,37.17900363163506,37.17900363163506,1.0,0.0
mcf_drugs_l_raw_chembl_count,1c5z_1c5z_conf0,1,1,0,1.5395682899525553,0.0,1.5395682899525553,1.5395682899525553,1.5395682899525553,1.0,0.0
mcf_drugs_l_raw_chembl_count,1lpg_1lpg_conf0,192,192,0,133.2810211051321,16.695127785738315,97.25401401227094,183.1724092930667,130.69297555758448,174.0,14.505738411126616
mcf_drugs_l_raw_chembl_count,1mq6_1mq6_conf0,9,9,0,-7.226186086170025,9.910060040369233,-21.20757983870962,11.082965411043162,-6.462477713029557,9.0,7.951171505920028
mcf_drugs_l_raw_chembl_count,1nc3_1nc3_conf0,94,94,0,72.9271173582729,5.367609403351118,60.28631654900629,90.10189722432135,72.73721860138961,37.0,3.357882136710125
mcf_drugs_l_raw_chembl_count,1o3f_1o3f_conf0,31,31,0,94.90725569231432,37.680671394663854,56.33359993966438,157.25717685349497,71.70812457384781,6.0,3.365815422838644
mcf_drugs_l_raw_chembl_count,1o5b_1o5b_conf0,1,1,0,-0.10813306711089332,0.0,-0.10813306711089332,-0.10813306711089332,-0.10813306711089332,1.0,0.0
mcf_drugs_l_raw_chembl_count,1owh_1owh_conf0,12,12,0,56.028756957113465,7.248745727692142,50.76209194736465,72.1793626161321,52.656257874192164,8.0,6.687146144137599
mcf_drugs_l_raw_chembl_count,1p1n_1p1n_conf0,6,6,0,43.79845677759348,10.919429805885978,26.98037976988715,58.39814082022674,44.04742074254826,5.0,12.702768494758748
mcf_drugs_l_raw_chembl_count,1pxn_1pxn_conf0,200,200,0,-71.42128539785693,3.4736434039106228,-78.66755845063784,-64.25434540625216,-71.32074792768668,8.0,2.118302103341867
mcf_drugs_l_raw_chembl_count,1sqa_1sqa_conf0,64,64,0,26.982278111513324,24.192690054123666,0.23784813734375376,82.78596721728928,32.24170728564748,26.0,29.156136199985166
mcf_drugs_l_raw_chembl_count,1uto_1uto_conf0,7,7,0,34.8868293448572,2.662069258731452,31.47132555803973,40.1204702662811,34.149346513134766,2.0,1.6913984500346817
mcf_drugs_l_raw_chembl_count,1yc1_1yc1_conf0,168,168,0,58.39550056413492,4.970196879243358,43.566411086800755,67.33942715883049,58.962584282488145,16.0,5.372495929674256
mcf_drugs_l_raw_chembl_count,1ydr_1ydr_conf0,10,10,0,80.2582007101457,4.462198087565608,75.69507921307428,87.80574954164754,78.80508551454886,7.0,2.640683216467815
mcf_drugs_l_raw_chembl_count,1ydt_1ydt_conf0,140,140,0,11.617366830084821,7.036778986706138,1.3692302679439692,36.6986322654184,9.516733421623117,101.0,4032.558368250255
mcf_drugs_l_raw_chembl_count,1z6e_1z6e_conf0,197,197,0,144.94250445656277,14.070097331559904,123.66983367355161,233.246706881752,142.7456750680448,121.0,10.575200543240936
mcf_drugs_l_raw_chembl_count,1z95_1z95_conf0,91,91,0,80.20863777780346,6.190212530387604,69.2188951076526,106.42660983765737,79.95069759048552,46.0,3.614650975421044
mcf_drugs_l_raw_chembl_count,1z9g_1z9g_conf0,100,100,0,24.964081157424435,5.516024927146064,15.648841948016141,43.649370829241484,24.48459614899886,63.0,5.0477964274452924
mcf_drugs_l_raw_chembl_count,2br1_2br1_conf0,200,200,0,54.308368405434706,5.876835589392528,42.12611862509705,69.59027278587835,54.23504770221335,26.0,3.604116652736332
mcf_drugs_l_raw_chembl_count,2brb_2brb_conf0,200,200,0,33.77645595537707,3.124384231007394,28.176350274809792,53.058048480388635,33.0733702607601,13.0,2.691398893081714
mcf_drugs_l_raw_chembl_count,2c3i_2c3i_conf0,200,200,0,78.13119156913876,2.747500517293557,71.18580748434908,87.3317679185747,78.03788008138054,51.0,1.6890130345999153
mcf_drugs_l_raw_chembl_count,2fvd_2fvd_conf0,200,200,0,-78.91132134081272,9.233883723741405,-95.98708121839749,-52.17340758676073,-79.7411700693292,120.0,7.825482997135379
mcf_drugs_l_raw_chembl_count,2hb1_2hb1_conf0,38,38,0,170.0049403066397,12.573403347318818,143.3168037126222,209.4212873070922,168.44863388926905,13.0,12.508940067742422
mcf_drugs_l_raw_chembl_count,2p4y_2p4y_conf0,95,95,0,192.25582778862085,9.968260702094199,176.57950092327667,244.15785610619065,191.08335845255783,85.0,8.645974010028453
mcf_drugs_l_raw_chembl_count,2pog_2pog_conf0,5,5,0,53.82126621095083,7.570975687000885,48.73090537903168,68.7581264291741,49.850845493933285,2.0,3.993917425036042
mcf_drugs_l_raw_chembl_count,2qbp_2qbp_conf0,198,198,0,211.47268269317686,22.689391231451914,163.3963741812196,282.8983227207524,210.08248303325263,188.0,22.58695065743984
mcf_drugs_l_raw_chembl_count,2qbq_2qbq_conf0,198,198,0,275.90478114826414,27.831017274112742,222.34202024611818,502.0591166472117,270.784523196877,143.0,419.39102776101737
mcf_drugs_l_raw_chembl_count,2qbr_2qbr_conf0,200,200,0,223.8535385252484,28.67835173538191,192.23161717166857,553.0643648701263,222.9926590546204,151.0,108.65989060621568
mcf_drugs_l_raw_chembl_count,2v00_2v00_conf0,30,30,0,-91.99430537692521,2.6140352286703985,-95.91020241957915,-86.53427218476055,-93.07126795889178,12.0,2.4752023877957683
mcf_drugs_l_raw_chembl_count,2wn9_2wn9_conf0,71,71,0,90.85306884897363,6.5957160889833295,80.82028592848665,108.76104878946414,88.2345556920956,25.0,3.351851509243052
mcf_drugs_l_raw_chembl_count,2wtv_2wtv_conf0,110,110,0,52.50922438314578,2.895302636813284,46.952337620161245,61.7843011922663,51.92209747980617,8.0,2.9138796597456302
mcf_drugs_l_raw_chembl_count,2xdl_2xdl_conf0,58,58,0,47.10969331456232,35.52757820599734,31.83150772444652,205.90465624260378,35.910707589893484,12.0,3.450675434261949
mcf_drugs_l_raw_chembl_count,2xnb_2xnb_conf0,79,79,0,86.96568586251392,8.56892060517774,66.51998202972194,108.69896833317647,85.35314861500454,7.0,8.004415514378174
mcf_drugs_l_raw_chembl_count,2yfe_2yfe_conf0,155,155,0,138.5950574731949,8.593918394265714,122.58593445386109,162.86479405425746,137.86697120149833,58.0,6.7367984480609024
mcf_drugs_l_raw_chembl_count,2ymd_2ymd_conf0,29,29,0,28.91841113671339,4.363571940801811,21.295953291903835,36.95836474491634,28.125052973752354,5.0,3.982246497290335
mcf_drugs_l_raw_chembl_count,2zb1_2zb1_conf0,200,200,0,108.04494494610377,2.617174680587175,101.89067542582728,115.75725193276617,108.01004696124915,61.0,1.7227520718012204
mcf_drugs_l_raw_chembl_count,2zcq_2zcq_conf0,32,32,0,329.1227416906923,392.07553606797165,243.45641830583082,2510.914629313986,254.78464016716623,32.0,916.5783700517222
mcf_drugs_l_raw_chembl_count,2zcr_2zcr_conf0,33,33,0,288.4630008270955,24.054817790501552,264.2982383336524,370.5200991156744,281.23185328768307,33.0,22.69559717326293
mcf_drugs_l_raw_chembl_count,2zy1_2zy1_conf0,93,93,0,50.71565716245717,8.64982707539497,33.582083848107374,73.29357815517535,50.50766794876593,75.0,8.14601862297087
mcf_drugs_l_raw_chembl_count,3aru_3aru_conf0,124,124,0,-106.1785694402098,4.201757714868561,-111.68966982159597,-92.13948981627385,-107.44117404875229,66.0,3.1360633256547583
mcf_drugs_l_raw_chembl_count,3ary_3ary_conf0,3,3,0,71.58708848101297,6.111865715031546,63.8140508279896,78.74733118277403,72.19988343227524,3.0,6.269453438582799
mcf_drugs_l_raw_chembl_count,3b27_3b27_conf0,9,9,0,-151.7602002524766,1.409491627608894,-153.44080472023575,-149.54113954239295,-151.9561137003562,4.0,2.177210388391285
mcf_drugs_l_raw_chembl_count,3b5r_3b5r_conf0,103,103,0,104.14571780290693,10.880703304638912,88.70800073930636,142.66324959302338,102.22727525541791,66.0,6.719289266612969
mcf_drugs_l_raw_chembl_count,3b65_3b65_conf0,94,94,0,115.69932051973564,9.431803420340685,102.3053614377274,154.37676386320874,114.34215236772286,48.0,20.706205304092443
mcf_drugs_l_raw_chembl_count,3bgz_3bgz_conf0,10,10,0,85.15917030527997,2.0918745669836816,81.46119253643977,89.27771887711734,84.9565886663735,3.0,2.1680203383465804
mcf_drugs_l_raw_chembl_count,3cj4_3cj4_conf0,168,168,0,17.696945298971258,9.709388574915701,-0.972687019428836,54.240765760727065,16.468885468433264,63.0,9.133717102651536
mcf_drugs_l_raw_chembl_count,3dd0_3dd0_conf0,51,51,0,15.499997303710295,4.280808405141166,9.014473663088232,24.88767119266877,14.802034468902011,18.0,3.4266902013713136
mcf_drugs_l_raw_chembl_count,3e92_3e92_conf0,134,134,0,123.2592777646473,3.2481945154257335,115.33202950084475,128.95717693705544,123.89528674063635,34.0,2.122846278141414
mcf_drugs_l_raw_chembl_count,3e93_3e93_conf0,50,50,0,158.63450693162247,7.601563811275639,142.94326999059433,174.56174478220365,158.75946077210853,39.0,6.345767957864219
mcf_drugs_l_raw_chembl_count,3ehy_3ehy_conf0,17,17,0,51.58793131097656,13.491942041369757,28.46374376818691,70.87964821403385,50.50359942734192,11.0,7.01685725078945
mcf_drugs_l_raw_chembl_count,3fcq_3fcq_conf0,2,2,0,57.72403982270424,4.703925993547831,53.02011382915641,62.42796581625207,57.72403982270424,2.0,5.223731219638594
mcf_drugs_l_raw_chembl_count,3fur_3fur_conf0,86,86,0,48.11577467433575,4.0164175103956845,40.778318699269214,64.13341088704796,48.07115580925291,63.0,2.879432133863776
mcf_drugs_l_raw_chembl_count,3g2z_3g2z_conf0,6,6,0,17.679712973229538,0.9514460668432293,16.097167756765472,19.112095681775532,17.74181618202467,2.0,0.954526287303167
mcf_drugs_l_raw_chembl_count,3g31_3g31_conf0,0,0,0,,,,,,,
mcf_drugs_l_raw_chembl_count,3gy4_3gy4_conf0,1,1,0,-6.280981982097725,0.0,-6.280981982097725,-6.280981982097725,-6.280981982097725,1.0,0.0
mcf_drugs_l_raw_chembl_count,3jvs_3jvs_conf0,29,29,0,145.93887414027793,11.318627082073826,122.77619042783896,173.46522992374176,146.41936774236103,28.0,6.0343628834473
mcf_drugs_l_raw_chembl_count,3k5v_3k5v_conf0,200,200,0,-2.576242497983128,3.3425275819153475,-10.062876137950994,7.140932196513461,-3.10257316502868,82.0,3.6659339989187374
mcf_drugs_l_raw_chembl_count,3kgp_3kgp_conf0,1,1,0,2.658404147670417,0.0,2.658404147670417,2.658404147670417,2.658404147670417,1.0,0.0
mcf_drugs_l_raw_chembl_count,3lka_3lka_conf0,4,4,0,-43.28035016189018,1.207943840376957,-44.49736705740729,-41.93135984160065,-43.34633687427639,1.0,2.832717122060732
mcf_drugs_l_raw_chembl_count,3nx7_3nx7_conf0,111,111,0,72.12982762926545,12.192736932368627,57.83363537163724,139.2112486137275,69.45210151842373,76.0,4.561179822255678
mcf_drugs_l_raw_chembl_count,3pxf_3pxf_conf0,7,7,0,96.01804542923799,6.113998404021485,90.96115737409204,110.26433033215821,93.44826731296641,3.0,4.088372033791963
mcf_drugs_l_raw_chembl_count,3qqs_3qqs_conf0,7,7,0,157.2932702346636,2.4750895900653713,153.63824215532333,161.14094046370758,157.13394119214342,3.0,2.523027272134759
mcf_drugs_l_raw_chembl_count,3rlr_3rlr_conf0,9,9,0,67.56368254886118,6.904486575040501,59.58556892899866,76.58180875524832,65.24940702805259,3.0,1.1039048435295171
mcf_drugs_l_raw_chembl_count,3rsx_3rsx_conf0,4,4,0,0.5848733796073091,1.0811336280879513,-0.48195673348698165,2.2906993801844067,0.26537543586590573,2.0,0.762522150042198
mcf_drugs_l_raw_chembl_count,3ryj_3ryj_conf0,81,81,0,-8.230414722288026,2.5393990157452624,-13.029439380886748,-0.15503126892638264,-8.028693992774922,18.0,3.144593848527302
mcf_drugs_l_raw_chembl_count,3syr_3syr_conf0,10,10,0,66.92509722094422,8.302907298176697,54.65436563452693,79.1849209220061,65.95831112509416,10.0,5.776356474740198
mcf_drugs_l_raw_chembl_count,3twp_3twp_conf0,1,1,0,25.67279004035686,0.0,25.67279004035686,25.67279004035686,25.67279004035686,1.0,0.0
mcf_drugs_l_raw_chembl_count,3u5j_3u5j_conf0,2,2,0,105.07622742067502,0.05894223048469627,105.01728519019032,105.13516965115971,105.07622742067502,2.0,0.9677455841248204
mcf_drugs_l_raw_chembl_count,3u8n_3u8n_conf0,196,196,0,123.81487122751169,48.25870147888961,111.22242699314305,794.9526119359844,120.01392402839451,72.0,51.894534845444895
mcf_drugs_l_raw_chembl_count,3uo4_3uo4_conf0,26,26,0,13.376781869524232,5.189301704628569,4.6614045540121865,23.44729404911502,12.555058041427815,12.0,5.111559560558364
mcf_drugs_l_raw_chembl_count,3up2_3up2_conf0,43,43,0,-4.434535091911998,5.200090125842469,-11.169092371744469,13.044969637453462,-5.644934112965807,25.0,4.978523706265738
mcf_drugs_l_raw_chembl_count,3wtj_3wtj_conf0,44,44,0,-21.81879623104299,7.8674958489787725,-26.15998426673446,28.629479663637753,-23.162676154447244,10.0,7.714428892116461
mcf_drugs_l_raw_chembl_count,3zdg_3zdg_conf0,105,105,0,-30.66517390985324,4.826905392291142,-36.06782407604004,-6.887051671979325,-32.49928127688183,9.0,2.87878507311223
mcf_drugs_l_raw_chembl_count,4ddh_4ddh_conf0,2,2,0,58.71068341471212,2.2231588254739627,56.48752458923816,60.93384224018609,58.71068341471212,1.0,1.0666234051575287
mcf_drugs_l_raw_chembl_count,4ddk_4ddk_conf0,1,1,0,43.642284192341286,0.0,43.642284192341286,43.642284192341286,43.642284192341286,1.0,0.0
mcf_drugs_l_raw_chembl_count,4eor_4eor_conf0,200,200,0,-64.44982437832172,4.001236573142701,-73.96868962731317,-50.53790272261229,-64.92844280685206,82.0,3.427894200781006
mcf_drugs_l_raw_chembl_count,4f09_4f09_conf0,2,2,0,77.74757901313501,2.6615528121505108,75.08602620098449,80.40913182528551,77.74757901313501,1.0,2.399867448979606
mcf_drugs_l_raw_chembl_count,4f2w_4f2w_conf0,50,50,0,-21.035724427569832,4.760654365559072,-32.04784281651944,-11.65649571777864,-20.2512450692831,33.0,2.9175848815124663
mcf_drugs_l_raw_chembl_count,4f9w_4f9w_conf0,4,4,0,96.39828364382035,0.3392229157053137,95.8763439057914,96.79802167687546,96.45938449630725,2.0,0.5699117048741158
mcf_drugs_l_raw_chembl_count,4hge_4hge_conf0,18,18,0,118.7410450160174,11.484963375994337,99.68698515047416,137.7487698487596,117.57145314200321,11.0,11.33025250189232
mcf_drugs_l_raw_chembl_count,4j21_4j21_conf0,3,3,0,31.716726158382812,2.285603022185058,28.49181277702194,33.51871391398903,33.13965178413746,2.0,1.1624544834794257
mcf_drugs_l_raw_chembl_count,4j3l_4j3l_conf0,114,114,0,51.88358468771597,3.6604886031098753,42.13061206495388,61.26406407505588,52.03507829663509,64.0,2.470199493070486
mcf_drugs_l_raw_chembl_count,4jsz_4jsz_conf0,2,2,0,-51.03581256474385,1.0238377007485617,-52.05965026549241,-50.011974863995285,-51.03581256474385,2.0,4.875865598204641
mcf_drugs_l_raw_chembl_count,4jxs_4jxs_conf0,32,32,0,35.5128070477712,12.467082836472057,17.165368318543724,59.719830692600944,32.082126134732135,16.0,8.671662335746808
mcf_drugs_l_raw_chembl_count,4k18_4k18_conf0,108,108,0,120.21602988798867,8.797265694184276,109.24836601404806,139.1059733447189,115.98064424725982,32.0,8.687593929262777
mcf_drugs_l_raw_chembl_count,4k77_4k77_conf0,5,5,0,20.72272471350424,4.276537727402956,14.763531217501534,27.941808365970466,19.682391734777003,3.0,3.257079565780188
mcf_drugs_l_raw_chembl_count,4kzq_4kzq_conf0,6,6,0,48.57653088735011,0.48844322234666604,47.840094671240045,49.28291166383113,48.7055117998881,2.0,0.3872885632027896
mcf_drugs_l_raw_chembl_count,4kzu_4kzu_conf0,3,3,0,56.34583922278654,0.22029477122056976,56.123765910976346,56.646103948694275,56.26764780868899,1.0,0.193305932408176
mcf_drugs_l_raw_chembl_count,4llx_4llx_conf0,1,1,0,-86.1321804952999,0.0,-86.1321804952999,-86.1321804952999,-86.1321804952999,1.0,0.0
mcf_drugs_l_raw_chembl_count,4lzs_4lzs_conf0,12,12,0,11.063351872917037,2.781584875445642,8.310972701099132,17.568251712129587,9.5532712279409,7.0,2.3400378514835327
mcf_drugs_l_raw_chembl_count,4mgd_4mgd_conf0,24,24,0,85.56369178138188,1.7770719293120507,83.2006844034526,89.96344953442244,85.13726283685656,2.0,1.815858312008564
mcf_drugs_l_raw_chembl_count,4ogj_4ogj_conf0,54,54,0,-39.36192395726756,10.903007527992525,-59.18517128584314,-15.65495796020977,-41.273002015412146,42.0,6.292899383712249
mcf_drugs_l_raw_chembl_count,5c28_5c28_conf0,2,2,0,-14.232271129099246,0.9171615246333431,-15.149432653732589,-13.315109604465903,-14.232271129099246,2.0,0.2167578468501076
mcf_drugs_l_raw_chembl_count,5c2h_5c2h_conf0,84,84,0,-26.726492584644717,5.604786671962481,-38.81551002627926,-13.222883637639349,-26.394543618837652,65.0,5.0814659764560455
nextmol_dmt_l_raw_chembl_count,1bcu_1bcu_conf0,1,1,0,37.3662586919962,0.0,37.3662586919962,37.3662586919962,37.3662586919962,1.0,0.0
nextmol_dmt_l_raw_chembl_count,1c5z_1c5z_conf0,1,1,0,-0.7561661268134445,0.0,-0.7561661268134445,-0.7561661268134445,-0.7561661268134445,1.0,0.0
nextmol_dmt_l_raw_chembl_count,1lpg_1lpg_conf0,193,193,0,112.28835090705425,13.348207818815208,89.44871526778606,155.2617505963229,111.42293312390576,171.0,8.720917653147863
nextmol_dmt_l_raw_chembl_count,1mq6_1mq6_conf0,12,12,0,-18.41791121212886,3.8460196375724647,-26.636830361827272,-12.544262144007462,-18.01346196713542,12.0,2.583185530785608
nextmol_dmt_l_raw_chembl_count,1nc3_1nc3_conf0,76,76,0,68.76373481670821,5.318904752730344,54.60324630628544,79.78668503975229,69.46806980463754,37.0,3.0704547467964183
nextmol_dmt_l_raw_chembl_count,1o3f_1o3f_conf0,31,31,0,98.53113508788162,31.22675730052459,52.292934836411305,143.9917136014542,107.59906448658688,7.0,3.0797886864502275
nextmol_dmt_l_raw_chembl_count,1o5b_1o5b_conf0,1,1,0,-3.1131765141717764,0.0,-3.1131765141717764,-3.1131765141717764,-3.1131765141717764,1.0,0.0
nextmol_dmt_l_raw_chembl_count,1owh_1owh_conf0,12,12,0,58.557483214804854,9.106712470960586,49.88050191342904,72.23380136292599,52.87852430221682,8.0,9.001394706270283
nextmol_dmt_l_raw_chembl_count,1p1n_1p1n_conf0,8,8,0,22.36700714318847,9.35369149029236,15.186555936267393,46.317153465713034,19.234435165831428,5.0,7.791475713682889
nextmol_dmt_l_raw_chembl_count,1pxn_1pxn_conf0,200,200,0,-73.0093624645532,4.928735772870272,-79.9949507345242,-59.48168664566743,-74.06371450832404,7.0,41.34723624921826
nextmol_dmt_l_raw_chembl_count,1sqa_1sqa_conf0,81,81,0,21.31530383349859,18.114837080213952,-2.5823125550028934,60.62317313184852,26.362557537875226,37.0,18.34011802100572
nextmol_dmt_l_raw_chembl_count,1uto_1uto_conf0,7,7,0,34.543135692386464,2.589924019185172,32.13696907208498,39.10995075911389,33.045803841605725,3.0,2.621989253178507
nextmol_dmt_l_raw_chembl_count,1yc1_1yc1_conf0,168,168,0,53.501528672336256,3.9973648886027813,42.134120125940065,65.54205087860085,53.04398852012882,21.0,6.747811980558448
nextmol_dmt_l_raw_chembl_count,1ydr_1ydr_conf0,9,9,0,80.3141845771168,4.001727239770748,72.68703163611832,85.40787558454917,80.92742289394772,7.0,2.6563594191697093
nextmol_dmt_l_raw_chembl_count,1ydt_1ydt_conf0,139,139,0,9.942200924747121,5.9373315028208955,-0.2950275137439604,27.98980869216024,9.374143109830793,101.0,4.240569243816516
nextmol_dmt_l_raw_chembl_count,1z6e_1z6e_conf0,180,180,0,137.18641096823893,7.9400585322128885,117.03057691099514,156.94458142106467,137.41759782355143,85.0,6.323198317863361
nextmol_dmt_l_raw_chembl_count,1z95_1z95_conf0,96,96,0,84.35339301490195,8.83572406037567,69.91696700487421,113.8949685388557,81.58728756961904,55.0,3.486747305808348
nextmol_dmt_l_raw_chembl_count,1z9g_1z9g_conf0,103,103,0,23.53042712098549,5.965040615900565,12.144400797367252,44.36405063753517,22.429413862104937,61.0,4.016487345110147
nextmol_dmt_l_raw_chembl_count,2br1_2br1_conf0,200,200,0,51.95708392769659,5.166019309932193,40.944153765144264,66.29607154878502,51.97518632692088,23.0,2.810741982897108
nextmol_dmt_l_raw_chembl_count,2brb_2brb_conf0,200,200,0,33.99622259983958,2.5815250457680565,28.67081920909616,41.03552089837979,33.97768569681196,11.0,5.18713264776017
nextmol_dmt_l_raw_chembl_count,2c3i_2c3i_conf0,200,200,0,76.37168838871165,3.3135568477221176,68.0408927860104,84.95226176213201,76.43605021567188,56.0,1.331350154968413
nextmol_dmt_l_raw_chembl_count,2fvd_2fvd_conf0,200,200,0,-83.97444899330854,7.7595392937395005,-98.45916543211064,-50.97409035596438,-84.60888752183267,106.0,5.771985244386737
nextmol_dmt_l_raw_chembl_count,2hb1_2hb1_conf0,38,38,0,150.96388339258965,6.573325494137914,140.22128707941025,169.92322947532648,151.11086168019975,9.0,6.011092577685341
nextmol_dmt_l_raw_chembl_count,2p4y_2p4y_conf0,81,81,0,187.30070046479284,7.110425752016645,171.58505126058273,208.4344729671708,186.6446885139028,75.0,5.470081023774995
nextmol_dmt_l_raw_chembl_count,2pog_2pog_conf0,6,6,0,60.28358305420273,6.4109876498420135,46.53863903763464,66.72017573322174,62.09644135964248,4.0,3.328521567826592
nextmol_dmt_l_raw_chembl_count,2qbp_2qbp_conf0,199,199,0,187.39265223867815,10.83569122908889,154.92424691332832,213.82514059613789,187.9936444758211,189.0,10.359014045025974
nextmol_dmt_l_raw_chembl_count,2qbq_2qbq_conf0,200,200,0,242.90349862442156,13.09851083601863,219.57849277765013,337.48340104242163,240.93147878820753,160.0,11.34399959908156
nextmol_dmt_l_raw_chembl_count,2qbr_2qbr_conf0,200,200,0,205.78324910928552,8.634075751438525,186.7548249932069,228.88468767386215,204.67522775926233,148.0,8.123800724257359
nextmol_dmt_l_raw_chembl_count,2v00_2v00_conf0,30,30,0,-92.56177440260835,2.939527392162535,-96.99407931430241,-87.33817180301972,-94.33598056634574,10.0,2.590422940377743
nextmol_dmt_l_raw_chembl_count,2wn9_2wn9_conf0,71,71,0,88.61587897294874,4.6409927015617845,82.36816799857485,103.21999291418247,87.68652966039032,27.0,2.1599151981804074
nextmol_dmt_l_raw_chembl_count,2wtv_2wtv_conf0,110,110,0,48.18022009837602,2.6092897590412982,44.820656137890396,70.7622627215185,47.77929597572252,6.0,2.5283337183980805
nextmol_dmt_l_raw_chembl_count,2xdl_2xdl_conf0,58,58,0,50.1185055287198,36.83091293092648,28.001181360669015,233.26304158251028,36.21057411198399,13.0,3.4021576983701034
nextmol_dmt_l_raw_chembl_count,2xnb_2xnb_conf0,79,79,0,77.84456196265509,7.837108773899831,61.5338345859099,94.5252015616071,78.77164001884196,20.0,7.610234807460319
nextmol_dmt_l_raw_chembl_count,2yfe_2yfe_conf0,154,154,0,134.6277587336296,8.537672340796856,119.61934891355105,156.1857189386743,133.74023619320636,71.0,5.613122844453689
nextmol_dmt_l_raw_chembl_count,2ymd_2ymd_conf0,30,30,0,30.07775176237985,4.385548826127198,19.58931301420202,39.26947804939185,31.275782918863015,6.0,2.59191951352179
nextmol_dmt_l_raw_chembl_count,2zb1_2zb1_conf0,200,200,0,106.89161476957037,2.0953616726242084,103.13810569536457,111.63226682301115,106.89740233445711,51.0,1.0471657072002023
nextmol_dmt_l_raw_chembl_count,2zcq_2zcq_conf0,33,33,0,241.94855529194794,17.444197164772714,225.08836601454138,327.8039865828647,237.08670158826828,32.0,16.97260176514119
nextmol_dmt_l_raw_chembl_count,2zcr_2zcr_conf0,26,26,0,240.29052082328403,7.001812419352048,230.75364094776907,262.66668689466985,238.45705639149145,25.0,6.519992820563333
nextmol_dmt_l_raw_chembl_count,2zy1_2zy1_conf0,94,94,0,42.870267338158236,6.783500579858314,31.65965191994518,69.10703639427683,41.57681624006413,71.0,6.184330314433323
nextmol_dmt_l_raw_chembl_count,3aru_3aru_conf0,124,124,0,-108.63642484510545,3.629071759188342,-114.83633511689568,-97.44864320536455,-109.30902489812578,70.0,2.4470670722073877
nextmol_dmt_l_raw_chembl_count,3ary_3ary_conf0,3,3,0,69.75996734649729,5.143983287104366,63.35706919343769,75.95190426252302,69.97092858353115,2.0,5.16174207486118
nextmol_dmt_l_raw_chembl_count,3b27_3b27_conf0,9,9,0,-151.79674329662123,2.0621114873774795,-154.55935562862078,-148.19877616964496,-151.68396153619548,6.0,2.3946148046637483
nextmol_dmt_l_raw_chembl_count,3b5r_3b5r_conf0,96,96,0,102.46613417451105,13.636477660286976,85.17933451860549,149.22904849866205,99.43172229662659,69.0,5.511225083134116
nextmol_dmt_l_raw_chembl_count,3b65_3b65_conf0,94,94,0,112.1554517789842,13.446054726922515,95.51678232092875,157.21793203332402,108.21216451063442,54.0,6.193798637569018
nextmol_dmt_l_raw_chembl_count,3bgz_3bgz_conf0,10,10,0,82.61400589042373,3.683527738969138,79.79454261627711,93.1840069234558,81.61115843007691,4.0,3.3523960246482747
nextmol_dmt_l_raw_chembl_count,3cj4_3cj4_conf0,171,171,0,14.505626067536575,10.586317621386433,0.13456341310262587,82.05492971212101,13.647146944058749,57.0,9.234700547119434
nextmol_dmt_l_raw_chembl_count,3dd0_3dd0_conf0,51,51,0,15.897061754991402,4.294858797544048,7.1326668279357275,24.96290546494718,16.179426575143694,15.0,3.318084961734124
nextmol_dmt_l_raw_chembl_count,3e92_3e92_conf0,134,134,0,123.75512437810464,3.1992512023597186,114.87375812607803,129.71704624493128,124.22181016157177,24.0,2.135534250331648
nextmol_dmt_l_raw_chembl_count,3e93_3e93_conf0,56,56,0,153.56174987398524,6.230974492239147,140.740695565691,173.65567888154658,152.97102291614704,47.0,5.972297582309794
nextmol_dmt_l_raw_chembl_count,3ehy_3ehy_conf0,14,14,0,52.489015025156284,20.595483994229298,30.157969226735336,106.98203293652313,45.05955046087627,7.0,17.51489276480189
nextmol_dmt_l_raw_chembl_count,3fcq_3fcq_conf0,0,0,0,,,,,,,
nextmol_dmt_l_raw_chembl_count,3fur_3fur_conf0,86,86,0,47.07773611598853,3.9475736685823444,39.31517732584473,57.00146967410828,47.34809878071477,58.0,2.9437217588714493
nextmol_dmt_l_raw_chembl_count,3g2z_3g2z_conf0,6,6,0,19.077674118606463,0.8194173102366711,17.580435523350765,20.134129555588366,19.30345468871868,2.0,0.768466455254856
nextmol_dmt_l_raw_chembl_count,3g31_3g31_conf0,0,0,0,,,,,,,
nextmol_dmt_l_raw_chembl_count,3gy4_3gy4_conf0,1,1,0,-7.041307190595052,0.0,-7.041307190595052,-7.041307190595052,-7.041307190595052,1.0,0.0
nextmol_dmt_l_raw_chembl_count,3jvs_3jvs_conf0,19,19,0,147.193275481948,10.469587223994562,123.04669912721687,163.062199849634,148.01091044895276,18.0,6.93699730742398
nextmol_dmt_l_raw_chembl_count,3k5v_3k5v_conf0,198,198,0,-3.51529061041279,3.412836028372063,-10.491290716313557,3.6390001421116764,-3.095511172974458,72.0,3.7088226847251633
nextmol_dmt_l_raw_chembl_count,3kgp_3kgp_conf0,1,1,0,4.246434117727798,0.0,4.246434117727798,4.246434117727798,4.246434117727798,1.0,0.0
nextmol_dmt_l_raw_chembl_count,3lka_3lka_conf0,4,4,0,-38.07334140293337,5.17975436131436,-45.349347654214846,-30.70540011945743,-38.11930891903061,3.0,0.7694355462252962
nextmol_dmt_l_raw_chembl_count,3nx7_3nx7_conf0,111,111,0,70.190234599137,10.03691429157319,57.17242978851371,142.07048540590495,68.43907879475195,75.0,3.790544872723062
nextmol_dmt_l_raw_chembl_count,3pxf_3pxf_conf0,7,7,0,90.63041009092656,1.920149510713838,87.62474241922892,92.43578369337543,91.11982153092478,1.0,1.8187181993787565
nextmol_dmt_l_raw_chembl_count,3qqs_3qqs_conf0,7,7,0,144.4756222316716,2.1854501186282653,140.9775693677114,148.18787649423444,144.08077957769302,3.0,1.785888795369465
nextmol_dmt_l_raw_chembl_count,3rlr_3rlr_conf0,9,9,0,67.00554560908391,5.266823855897927,59.20379125689275,75.67781462530657,68.1920736827878,4.0,1.9255088020546056
nextmol_dmt_l_raw_chembl_count,3rsx_3rsx_conf0,4,4,0,-0.5726135948423119,0.2328234800422193,-0.9489835549110097,-0.32312096877746654,-0.5091749278403856,2.0,0.2417840833616625
nextmol_dmt_l_raw_chembl_count,3ryj_3ryj_conf0,81,81,0,-7.9948452121841935,2.8014591387119574,-14.032151903722403,3.6798039183342186,-8.087794002667643,13.0,2.2482205287356645
nextmol_dmt_l_raw_chembl_count,3syr_3syr_conf0,36,36,0,59.757387353259254,8.684665573291921,44.42577756975578,77.00173384347679,59.74626488223973,29.0,5.505464133708676
nextmol_dmt_l_raw_chembl_count,3twp_3twp_conf0,1,1,0,20.267259807127697,0.0,20.267259807127697,20.267259807127697,20.267259807127697,1.0,0.0
nextmol_dmt_l_raw_chembl_count,3u5j_3u5j_conf0,2,2,0,103.0069054004706,1.357881584338422,101.64902381613219,104.36478698480903,103.0069054004706,2.0,0.534754164305923
nextmol_dmt_l_raw_chembl_count,3u8n_3u8n_conf0,197,197,0,123.76780822291471,5.125409560578392,112.9493677788044,140.35081170528883,123.17554363948014,83.0,4.01257705822369
nextmol_dmt_l_raw_chembl_count,3uo4_3uo4_conf0,26,26,0,14.705892868645407,5.691695840333938,5.701041750876797,28.761585699584437,13.545706485212934,18.0,4.919746128015333
nextmol_dmt_l_raw_chembl_count,3up2_3up2_conf0,43,43,0,-1.993793377389245,5.742199438298606,-10.559743727418748,14.44960214144325,-2.9145535084582406,25.0,5.353433105605628
nextmol_dmt_l_raw_chembl_count,3wtj_3wtj_conf0,45,45,0,-25.070895547721705,2.6375311293271144,-28.30620009791398,-17.25477025074649,-26.022612631208503,12.0,2.37293441009334
nextmol_dmt_l_raw_chembl_count,3zdg_3zdg_conf0,104,104,0,-28.55596573889498,6.393674424750002,-40.999924244656704,-5.555089841401305,-29.84428559638995,9.0,3.0755549289504263
nextmol_dmt_l_raw_chembl_count,4ddh_4ddh_conf0,2,2,0,66.55630351900362,1.629864142312968,64.92643937669065,68.18616766131659,66.55630351900362,2.0,0.4015391025814985
nextmol_dmt_l_raw_chembl_count,4ddk_4ddk_conf0,1,1,0,42.20752532962223,0.0,42.20752532962223,42.20752532962223,42.20752532962223,1.0,0.0
nextmol_dmt_l_raw_chembl_count,4eor_4eor_conf0,199,199,0,-66.6955246981216,3.8205151465169775,-75.66057774678647,-54.22179898927608,-67.29877586121427,81.0,4.69585842974407
nextmol_dmt_l_raw_chembl_count,4f09_4f09_conf0,2,2,0,75.29553000030246,1.0726841150275703,74.2228458852749,76.36821411533003,75.29553000030246,2.0,0.791527171842219
nextmol_dmt_l_raw_chembl_count,4f2w_4f2w_conf0,74,74,0,-26.722147857739326,5.780445039385831,-35.013233231460404,6.9690641656010115,-27.67881739887747,41.0,3.09971453286999
nextmol_dmt_l_raw_chembl_count,4f9w_4f9w_conf0,4,4,0,98.08092704481948,2.5892686263474487,94.84448223063268,101.30656426031148,98.0863308441669,3.0,0.5421240083331058
nextmol_dmt_l_raw_chembl_count,4hge_4hge_conf0,27,27,0,116.8974015203192,11.821003837776036,99.90628223221454,138.20599991282728,113.96156065272743,21.0,11.593336367632649
nextmol_dmt_l_raw_chembl_count,4j21_4j21_conf0,3,3,0,29.746744495609814,0.5744029015833825,29.041548079106708,30.448529689063417,29.75015571865932,2.0,0.1246860480056456
nextmol_dmt_l_raw_chembl_count,4j3l_4j3l_conf0,114,114,0,51.26187005683978,3.439697564026683,44.17238692247227,61.78187640119737,50.81680681690697,63.0,2.287249880405717
nextmol_dmt_l_raw_chembl_count,4jsz_4jsz_conf0,2,2,0,-52.221073875016806,0.7226869902315158,-52.94376086524832,-51.49838688478529,-52.221073875016806,1.0,0.1115448479422731
nextmol_dmt_l_raw_chembl_count,4jxs_4jxs_conf0,32,32,0,23.646670165968537,14.788809921841672,2.034743997985796,47.7423456810659,26.671662813117866,18.0,7.254126210402037
nextmol_dmt_l_raw_chembl_count,4k18_4k18_conf0,108,108,0,116.05455282289455,7.286741311866061,108.8158659353204,134.86765458183396,112.66691189398915,25.0,7.246470528744568
nextmol_dmt_l_raw_chembl_count,4k77_4k77_conf0,5,5,0,16.52491678594954,3.0150816975417616,13.3956758046487,20.256547239894527,15.537978201896673,3.0,2.7404072418162757
nextmol_dmt_l_raw_chembl_count,4kzq_4kzq_conf0,6,6,0,48.0332871752812,0.5275281131521985,47.2465692219653,48.992801427355516,47.9586603906684,1.0,0.4239609824903203
nextmol_dmt_l_raw_chembl_count,4kzu_4kzu_conf0,3,3,0,56.29788543615988,0.7786911321397401,55.631048745754065,57.39027442648424,55.872333136241345,1.0,0.6314651753236422
nextmol_dmt_l_raw_chembl_count,4llx_4llx_conf0,1,1,0,-87.01424340265082,0.0,-87.01424340265082,-87.01424340265082,-87.01424340265082,1.0,0.0
nextmol_dmt_l_raw_chembl_count,4lzs_4lzs_conf0,12,12,0,16.321469689788596,7.24575500915312,8.191659189484845,30.429180764677458,15.697835224678805,5.0,3.0535279497167758
nextmol_dmt_l_raw_chembl_count,4mgd_4mgd_conf0,24,24,0,83.56825011651318,1.3750523619635369,82.03759912756931,87.94082075744606,83.26942971548523,4.0,1.4469138944415076
nextmol_dmt_l_raw_chembl_count,4ogj_4ogj_conf0,54,54,0,-46.14676027632628,9.642274884356267,-66.00702320502327,-27.379220096914295,-47.26334403965609,42.0,6.081270110430824
nextmol_dmt_l_raw_chembl_count,5c28_5c28_conf0,2,2,0,-12.66754753686942,0.5965881743509556,-13.264135711220376,-12.070959362518465,-12.66754753686942,1.0,0.2645561466952877
nextmol_dmt_l_raw_chembl_count,5c2h_5c2h_conf0,85,85,0,-27.06018686486582,3.7107734430638875,-34.947201598374676,-19.19430091051698,-27.300522063959896,69.0,3.2665573129854923
rdkit_random_raw_chembl_count,1bcu_1bcu_conf0,1,1,0,41.79073842567035,0.0,41.79073842567035,41.79073842567035,41.79073842567035,1.0,0.0
rdkit_random_raw_chembl_count,1c5z_1c5z_conf0,1,1,0,6.347063971456329,0.0,6.347063971456329,6.347063971456329,6.347063971456329,1.0,0.0
rdkit_random_raw_chembl_count,1lpg_1lpg_conf0,193,193,0,167.36098906003483,20.423068221353102,125.23501488178348,243.4489549128149,167.10716619852826,116.0,18.30921813742087
rdkit_random_raw_chembl_count,1mq6_1mq6_conf0,12,12,0,54.897608876589366,9.02580414356182,37.716327340035534,70.38668805578033,54.53023662041955,12.0,8.210302350418639
rdkit_random_raw_chembl_count,1nc3_1nc3_conf0,196,196,0,84.67606646018757,6.152200391143486,66.10687813583944,97.5379892318324,85.03432515876213,15.0,7.164262216235965
rdkit_random_raw_chembl_count,1o3f_1o3f_conf0,31,31,0,105.71313999413668,30.002843000412433,90.59825789094178,222.75844593582823,93.06994368366617,4.0,7.488174236911354
rdkit_random_raw_chembl_count,1o5b_1o5b_conf0,1,1,0,11.748140214966245,0.0,11.748140214966245,11.748140214966245,11.748140214966245,1.0,0.0
rdkit_random_raw_chembl_count,1owh_1owh_conf0,12,12,0,71.23920361785471,7.861533483107009,59.483380826154715,81.39478919637898,74.39707864829404,6.0,8.267694040738391
rdkit_random_raw_chembl_count,1p1n_1p1n_conf0,23,23,0,98.71131714889472,22.405079851443293,58.815791458560184,149.2631908914367,94.97063058531852,20.0,21.450437495998003
rdkit_random_raw_chembl_count,1pxn_1pxn_conf0,200,200,0,-4.758527605746342,16.066293206801046,-49.70614275906619,34.3636601840237,-5.503814127446425,33.0,15.64368531380564
rdkit_random_raw_chembl_count,1sqa_1sqa_conf0,200,200,0,38.8230161155644,10.523051196123594,14.141915712107423,61.06647266004093,37.05263924731418,24.0,13.772600679081656
rdkit_random_raw_chembl_count,1uto_1uto_conf0,7,7,0,33.99508365233176,1.9273006798388297,31.79688819670036,37.558310589919465,32.78093357312106,3.0,3.06592501141336
rdkit_random_raw_chembl_count,1yc1_1yc1_conf0,168,168,0,76.21017286244692,45.55007397048256,57.02652041476219,651.7543894046664,71.731164637994,26.0,5.883864639801004
rdkit_random_raw_chembl_count,1ydr_1ydr_conf0,16,16,0,141.56385396232992,15.54167004275225,115.39592383544077,173.43432066880297,135.48062316687776,12.0,12.814280943286471
rdkit_random_raw_chembl_count,1ydt_1ydt_conf0,140,140,0,64.95190430833557,13.469624327504308,35.555253757236926,112.70382619461795,64.94233782500334,132.0,10.869034222738891
rdkit_random_raw_chembl_count,1z6e_1z6e_conf0,200,200,0,190.73062030168956,11.695181521277782,160.91022634962434,218.27971123453716,190.2907589715701,122.0,11.696881621115846
rdkit_random_raw_chembl_count,1z95_1z95_conf0,198,198,0,128.62864587475795,15.46566729064087,91.24328076659347,168.1299041888651,129.82861746375767,60.0,12.289112986037356
rdkit_random_raw_chembl_count,1z9g_1z9g_conf0,199,199,0,47.66615588548916,10.143963480601725,27.496467188578205,88.91138855611624,47.69728111330187,53.0,9.277396282294896
rdkit_random_raw_chembl_count,2br1_2br1_conf0,200,200,0,800.4583990937889,6085.7936173402295,54.467273792846946,62036.4592586082,70.6108416960167,31.0,28.51018769112513
rdkit_random_raw_chembl_count,2brb_2brb_conf0,200,200,0,760.3404590862165,5854.7056490110235,36.80246960499384,70032.22634416504,50.007870890819824,11.0,22.119558019558863
rdkit_random_raw_chembl_count,2c3i_2c3i_conf0,200,200,0,99.39681791689138,8.198465705502882,80.31182390036386,122.54805919728909,98.83247781197258,89.0,7.380083635825509
rdkit_random_raw_chembl_count,2fvd_2fvd_conf0,200,200,0,-36.808734830456075,9.106706663576462,-61.391007817387475,-4.245372857791054,-37.054054895686015,105.0,8.90364440439968
rdkit_random_raw_chembl_count,2hb1_2hb1_conf0,38,38,0,196.674243335746,15.570826544826236,172.48554763301797,221.6367416183777,198.40184221788283,6.0,15.183098444037672
rdkit_random_raw_chembl_count,2p4y_2p4y_conf0,174,174,0,218.2210155580399,11.694615315681903,188.86165206165305,278.4535187238215,217.02549124654684,100.0,8.776396003546859
rdkit_random_raw_chembl_count,2pog_2pog_conf0,10,10,0,84.02123559246446,23.492601562048687,59.32296264561407,128.50523231382198,74.49706771901248,5.0,7.38727154123924
rdkit_random_raw_chembl_count,2qbp_2qbp_conf0,200,200,0,262.9226884112189,19.120614518908287,228.77965982661692,320.8143207082237,260.22874757938087,198.0,18.669365300261667
rdkit_random_raw_chembl_count,2qbq_2qbq_conf0,200,200,0,304.0003676521213,19.12261598758437,262.55242408625065,362.4537534164083,303.27114660474035,129.0,16.73142665614741
rdkit_random_raw_chembl_count,2qbr_2qbr_conf0,200,200,0,253.19566381717144,15.163924099689867,226.21916050087117,280.0728600488236,252.42456026522285,60.0,14.61961372235717
rdkit_random_raw_chembl_count,2v00_2v00_conf0,30,30,0,-76.55407883443449,6.323974807801692,-86.2039998377729,-66.32804038285565,-78.02129678611243,9.0,8.34410515676535
rdkit_random_raw_chembl_count,2wn9_2wn9_conf0,71,71,0,102.42208815233695,8.37890753822539,91.54815539528975,145.05953032905902,100.56960058846275,16.0,9.43281723719812
rdkit_random_raw_chembl_count,2wtv_2wtv_conf0,110,110,0,97.72350605408963,9.955334175806643,78.59390588929021,125.18916946770636,100.12659578520477,25.0,9.34288055163556
rdkit_random_raw_chembl_count,2xdl_2xdl_conf0,58,58,0,44.465964404087586,10.98296301453019,29.73565032291286,90.84858666746648,41.70549610952353,16.0,12.373819448994364
rdkit_random_raw_chembl_count,2xnb_2xnb_conf0,79,79,0,99.34128575870406,11.161535368211233,80.0070061129693,143.4497073954988,100.26659225186987,32.0,9.522494849690514
rdkit_random_raw_chembl_count,2yfe_2yfe_conf0,155,155,0,154.3736365388789,15.393764411101044,128.11105053666057,221.5141901581627,152.9755426430782,57.0,11.748385642005491
rdkit_random_raw_chembl_count,2ymd_2ymd_conf0,30,30,0,27.66371474086477,4.61498838254228,20.95726796764269,42.04973931004446,27.141363868994688,7.0,4.019145300349665
rdkit_random_raw_chembl_count,2zb1_2zb1_conf0,200,200,0,134.21688387770703,7.338863953288731,121.36479867889244,171.24483960256757,133.51666640301505,34.0,5.662208285529756
rdkit_random_raw_chembl_count,2zcq_2zcq_conf0,67,67,0,315.4472494380765,25.707841362316586,281.39675224520073,390.3921175651965,307.01723141810214,58.0,21.15593417030545
rdkit_random_raw_chembl_count,2zcr_2zcr_conf0,60,60,0,316.38112814879685,20.278669501626847,287.9760669797374,369.38929889056624,310.8981652075413,51.0,16.630282506543427
rdkit_random_raw_chembl_count,2zy1_2zy1_conf0,94,94,0,96.83121554697149,22.259298593782464,63.01957292564791,172.12950940916613,94.59732844372158,91.0,21.622380668602904
rdkit_random_raw_chembl_count,3aru_3aru_conf0,124,124,0,-82.93425320577344,13.87559650374862,-102.4899489144397,-39.02387872547483,-85.38158766622544,70.0,9.999046955315151
rdkit_random_raw_chembl_count,3ary_3ary_conf0,3,3,0,60.03239601504776,5.573999577776907,53.64328955095424,67.22553598273556,59.22836251145346,2.0,5.092809219844933
rdkit_random_raw_chembl_count,3b27_3b27_conf0,9,9,0,-124.82041341436894,3.425856970435179,-128.34790997883897,-119.05461558752944,-126.92842745282302,3.0,6.176429774793047
rdkit_random_raw_chembl_count,3b5r_3b5r_conf0,200,200,0,142.32697904867354,18.282243371091113,99.87105651581828,190.89088227506227,140.56624580796944,95.0,16.77910107584217
rdkit_random_raw_chembl_count,3b65_3b65_conf0,200,200,0,148.96534358181947,17.92899315345368,105.91789157817944,197.18706896340296,151.11030598068987,72.0,16.119945400460004
rdkit_random_raw_chembl_count,3bgz_3bgz_conf0,10,10,0,89.48180468449706,2.3778876609618385,86.86789346492391,95.19604317831786,88.85883934985898,3.0,2.5074281037029085
rdkit_random_raw_chembl_count,3cj4_3cj4_conf0,199,199,0,100.38190820064628,15.531758555646327,61.117555338096466,139.05895343303433,102.79703890185289,91.0,15.1761881943826
rdkit_random_raw_chembl_count,3dd0_3dd0_conf0,51,51,0,81.16501367254827,8.369297871207905,56.325333460969425,98.22238062991998,80.74649476940169,9.0,8.414008054681606
rdkit_random_raw_chembl_count,3e92_3e92_conf0,134,134,0,136.91216410811444,4.815878127643685,125.95635629844807,148.88473233735226,137.00088316710708,8.0,3.662365230596073
rdkit_random_raw_chembl_count,3e93_3e93_conf0,200,200,0,205.24870677086875,13.57205825219884,168.6105185183842,238.0612245243355,206.02905128369557,103.0,12.93505633565129
rdkit_random_raw_chembl_count,3ehy_3ehy_conf0,25,25,0,82.18746000074174,6.544966515617271,72.29087049163249,96.5383446451001,82.75508457056209,7.0,8.429243714488399
rdkit_random_raw_chembl_count,3fcq_3fcq_conf0,2,2,0,65.86521005051404,1.688329935679306,64.17688011483473,67.55353998619334,65.86521005051404,1.0,1.861425188826658
rdkit_random_raw_chembl_count,3fur_3fur_conf0,86,86,0,61.64504367265696,8.55103788997594,48.89863217883345,88.58449325530023,60.07003618505877,47.0,8.809188246183984
rdkit_random_raw_chembl_count,3g2z_3g2z_conf0,6,6,0,50.680767664664465,5.190937138789378,40.67482726658879,57.8023643762857,51.72091325850384,3.0,7.065676338935962
rdkit_random_raw_chembl_count,3g31_3g31_conf0,2,2,0,78.74880097558685,2.9511553888522144,75.79764558673463,81.69995636443906,78.74880097558685,1.0,3.706888544857861
rdkit_random_raw_chembl_count,3gy4_3gy4_conf0,1,1,0,-2.379140783374112,0.0,-2.379140783374112,-2.379140783374112,-2.379140783374112,1.0,0.0
rdkit_random_raw_chembl_count,3jvs_3jvs_conf0,40,40,0,208.01386588336055,20.262329070888775,174.95007799286213,251.36451957867402,204.1550746884439,13.0,6.145013916015851
rdkit_random_raw_chembl_count,3k5v_3k5v_conf0,200,200,0,13.828479552726174,12.109948858397551,-2.5960557528685513,85.50677634842796,11.918188507764615,69.0,12.812622667993486
rdkit_random_raw_chembl_count,3kgp_3kgp_conf0,1,1,0,-0.5277351457113646,0.0,-0.5277351457113646,-0.5277351457113646,-0.5277351457113646,1.0,0.0
rdkit_random_raw_chembl_count,3lka_3lka_conf0,4,4,0,-25.428830497188827,5.175436468595195,-31.98309821927529,-19.53066619999388,-25.10077878474307,2.0,2.569386624679211
rdkit_random_raw_chembl_count,3nx7_3nx7_conf0,111,111,0,99.52272976029256,9.123805636662828,79.31997563943662,125.92429386515718,98.94822317259884,44.0,9.205678050995086
rdkit_random_raw_chembl_count,3pxf_3pxf_conf0,7,7,0,169.5706037927035,6.49360017027312,163.55136625347305,184.35419553713643,168.0509185343546,4.0,9.888495252762784
rdkit_random_raw_chembl_count,3qqs_3qqs_conf0,7,7,0,177.07743727781454,13.333982696152685,166.98489130174153,198.406983422008,169.92801829891624,4.0,15.00432358162704
rdkit_random_raw_chembl_count,3rlr_3rlr_conf0,9,9,0,77.66662316224061,4.460789235389557,72.34160224833379,87.9092753853842,76.31923497699692,3.0,3.3207503664559197
rdkit_random_raw_chembl_count,3rsx_3rsx_conf0,4,4,0,21.423325134139038,2.7228211339575443,18.021544218331048,25.483844668060996,21.093955825082052,1.0,5.30705996134525
rdkit_random_raw_chembl_count,3ryj_3ryj_conf0,81,81,0,13.654682734712434,4.303913775224003,4.892112420506582,23.443030394390398,14.037453685412626,6.0,3.974042925503864
rdkit_random_raw_chembl_count,3syr_3syr_conf0,122,122,0,99.63335464419188,19.258188099784988,68.73733398939468,197.43913659865552,95.27233364216124,57.0,11.186496209618186
rdkit_random_raw_chembl_count,3twp_3twp_conf0,1,1,0,29.81400357786421,0.0,29.81400357786421,29.81400357786421,29.81400357786421,1.0,0.0
rdkit_random_raw_chembl_count,3u5j_3u5j_conf0,2,2,0,160.96394404081553,6.815121624284174,154.14882241653135,167.7790656650997,160.96394404081553,1.0,0.2939166630087868
rdkit_random_raw_chembl_count,3u8n_3u8n_conf0,197,197,0,140.7755270447289,8.765507927392434,124.5636172756833,186.2543904456332,140.00103583832845,30.0,7.980211631113119
rdkit_random_raw_chembl_count,3uo4_3uo4_conf0,26,26,0,46.29062977026906,11.964701607520395,30.68807206954674,80.2056819517996,42.61542215533476,21.0,11.959605616560632
rdkit_random_raw_chembl_count,3up2_3up2_conf0,43,43,0,30.39783175530258,24.016608795432965,-2.105226355392901,102.73831663232245,25.51675060488101,36.0,24.13547857340922
rdkit_random_raw_chembl_count,3wtj_3wtj_conf0,52,52,0,-13.365609580471203,2.6308984059662737,-18.376168294257955,-8.444167906736105,-13.380025453256431,11.0,2.986228630350931
rdkit_random_raw_chembl_count,3zdg_3zdg_conf0,199,199,0,18.08419454985743,28.410211467641243,-17.098065766293473,232.95937925344134,11.83674386383642,49.0,9.19276709584619
rdkit_random_raw_chembl_count,4ddh_4ddh_conf0,2,2,0,77.66032200116393,3.71902958364808,73.94129241751585,81.37935158481201,77.66032200116393,2.0,1.3928855096597983
rdkit_random_raw_chembl_count,4ddk_4ddk_conf0,1,1,0,54.324193002284176,0.0,54.324193002284176,54.324193002284176,54.324193002284176,1.0,0.0
rdkit_random_raw_chembl_count,4eor_4eor_conf0,200,200,0,-5.0443463393274826,20.594799131508385,-40.79220471397241,142.05929693371675,-8.01590428310545,120.0,20.463018782581184
rdkit_random_raw_chembl_count,4f09_4f09_conf0,2,2,0,114.1440075056789,28.653704664511565,85.49030284116733,142.79771217019047,114.1440075056789,2.0,13.91576981822925
rdkit_random_raw_chembl_count,4f2w_4f2w_conf0,200,200,0,5.780310920844015,10.286062646117067,-17.6893345233604,39.663204332490736,5.573594994261548,142.0,9.699098406557331
rdkit_random_raw_chembl_count,4f9w_4f9w_conf0,4,4,0,98.23754783246163,2.9761923023412913,94.68350914425,102.28761767914264,97.98953225322694,4.0,3.3809467988685977
rdkit_random_raw_chembl_count,4hge_4hge_conf0,36,36,0,150.65921652081647,11.86451707712292,121.78570851173144,170.53550022576496,150.35592111000494,34.0,11.929387532455213
rdkit_random_raw_chembl_count,4j21_4j21_conf0,3,3,0,51.43195745478656,4.979114046077222,45.74199898619709,57.869379381047374,50.684493997115254,2.0,1.7580294820074984
rdkit_random_raw_chembl_count,4j3l_4j3l_conf0,114,114,0,77.5404833352701,8.589766623999962,64.75821745874276,103.87442926931183,75.92618940507148,52.0,6.180966606005812
rdkit_random_raw_chembl_count,4jsz_4jsz_conf0,2,2,0,-40.264413031442544,0.052734434929153196,-40.317147466371694,-40.21167859651339,-40.264413031442544,1.0,2.0034339356094577
rdkit_random_raw_chembl_count,4jxs_4jxs_conf0,32,32,0,61.15782564393137,13.864503827997787,40.40637882337447,83.73458606832034,66.4565070325024,8.0,11.55296928608976
rdkit_random_raw_chembl_count,4k18_4k18_conf0,109,109,0,150.21872436116482,11.613624587666719,125.13664074205727,172.98200168054117,149.31799524368822,58.0,12.022513538715902
rdkit_random_raw_chembl_count,4k77_4k77_conf0,5,5,0,51.41763042487421,7.960519203589277,41.1701058497781,60.03479526013103,53.96675642293249,5.0,8.633082750149228
rdkit_random_raw_chembl_count,4kzq_4kzq_conf0,6,6,0,62.87864079826388,0.7081936021198054,61.99333464571579,63.9439265507611,62.859150487320825,1.0,1.8571414644005548
rdkit_random_raw_chembl_count,4kzu_4kzu_conf0,3,3,0,69.76949418227849,2.027054761406081,67.73780718376405,72.53679777633066,69.03387758674076,1.0,2.2609850691325977
rdkit_random_raw_chembl_count,4llx_4llx_conf0,1,1,0,-81.94579145490158,0.0,-81.94579145490158,-81.94579145490158,-81.94579145490158,1.0,0.0
rdkit_random_raw_chembl_count,4lzs_4lzs_conf0,12,12,0,23.05765774258391,8.722757240750227,13.91244013977197,44.09791338853428,19.81990718531155,8.0,4.945773926322279
rdkit_random_raw_chembl_count,4mgd_4mgd_conf0,24,24,0,93.17914035975673,2.586287237934934,89.58432689369613,98.70726155271825,92.53371086800209,1.0,3.2031882830153395
rdkit_random_raw_chembl_count,4ogj_4ogj_conf0,54,54,0,32.503396198604115,17.593173780457718,-20.954062066589273,67.70994041349792,34.577091965237365,54.0,15.996308885404812
rdkit_random_raw_chembl_count,5c28_5c28_conf0,2,2,0,-7.781117837396209,0.661459956674264,-8.442577794070473,-7.119657880721945,-7.781117837396209,1.0,2.749475962680645
rdkit_random_raw_chembl_count,5c2h_5c2h_conf0,85,85,0,2915.7428196413944,21641.77259678781,-10.083402709845608,199657.97453072714,32.0332062265357,83.0,31.670506200939236
torsional_diffusion_raw_chembl_count,1bcu_1bcu_conf0,1,1,0,40.38383185217146,0.0,40.38383185217146,40.38383185217146,40.38383185217146,1.0,0.0
torsional_diffusion_raw_chembl_count,1c5z_1c5z_conf0,1,1,0,4.139893197959557,0.0,4.139893197959557,4.139893197959557,4.139893197959557,1.0,0.0
torsional_diffusion_raw_chembl_count,1lpg_1lpg_conf0,147,147,0,223.41426185133452,53.27325306383271,148.03828846927627,522.061935240049,212.74530678960133,147.0,51.34346589086044
torsional_diffusion_raw_chembl_count,1mq6_1mq6_conf0,7,7,0,829.9184835248944,1338.4648298012683,38.613492761254236,3923.5904395541934,120.74799049250223,7.0,1521.6189141402854
torsional_diffusion_raw_chembl_count,1nc3_1nc3_conf0,196,196,0,94.17079645173798,11.668025336843595,76.62846500315361,162.66321037421034,92.69913883059515,41.0,5.055911434375867
torsional_diffusion_raw_chembl_count,1o3f_1o3f_conf0,30,30,0,101.52577338188588,87.00793277768064,65.5375663250919,556.7540453795782,78.27311764849047,10.0,5.944592974287792
torsional_diffusion_raw_chembl_count,1o5b_1o5b_conf0,1,1,0,11.278935007187277,0.0,11.278935007187277,11.278935007187277,11.278935007187277,1.0,0.0
torsional_diffusion_raw_chembl_count,1owh_1owh_conf0,6,6,0,82.17497574241263,10.22071647977255,67.67615905273027,99.97918698708739,79.42570136838432,6.0,10.094456384768089
torsional_diffusion_raw_chembl_count,1p1n_1p1n_conf0,16,16,0,2808.5665752530367,10331.128249453855,84.52570966667182,42820.63347784249,143.80581550565378,15.0,10342.19365052119
torsional_diffusion_raw_chembl_count,1pxn_1pxn_conf0,197,197,0,-0.8325181937035218,35.366895638412956,-52.14894134261017,185.63522597439356,-8.639407124573893,17.0,27.44299056351124
torsional_diffusion_raw_chembl_count,1sqa_1sqa_conf0,111,111,0,68.83035628861481,156.42984192534817,19.17611701602017,1689.8003485565625,50.33018689094189,73.0,151.66114832185076
torsional_diffusion_raw_chembl_count,1uto_1uto_conf0,7,7,0,38.23589435239406,2.7204969499334526,32.68012583723611,41.49336043231658,38.77749022281394,2.0,2.61547508686282
torsional_diffusion_raw_chembl_count,1yc1_1yc1_conf0,166,166,0,524.5523671733325,5427.263849730782,75.70276492282797,70237.97000225837,97.2441516011796,31.0,22.36458150965512
torsional_diffusion_raw_chembl_count,1ydr_1ydr_conf0,15,15,0,156.1705494385016,31.581712994396444,125.92218221802412,217.20298750329414,139.99771966431837,12.0,28.41486375837736
torsional_diffusion_raw_chembl_count,1ydt_1ydt_conf0,87,87,0,4182.518851942163,33600.27918852302,34.92040523483973,313775.04441233893,76.88553537262268,85.0,136427.21973864545
torsional_diffusion_raw_chembl_count,1z6e_1z6e_conf0,137,137,0,235.62019329579346,497.608089905912,144.85035861095713,6016.759937814458,182.01736648793178,130.0,496.8897648494778
torsional_diffusion_raw_chembl_count,1z95_1z95_conf0,179,179,0,138.2504847320038,39.23508076647127,89.83757863637719,436.1046475301982,132.0787781784302,112.0,36.06139186681966
torsional_diffusion_raw_chembl_count,1z9g_1z9g_conf0,192,192,0,52.99461401944034,24.359022911580272,28.510600796329342,217.16160200218306,47.40210602031385,96.0,19.109904950908305
torsional_diffusion_raw_chembl_count,2br1_2br1_conf0,198,198,0,89.27325451301587,19.95233524991311,61.788152536941695,261.28331459260187,84.56775886073251,38.0,22.323031056967466
torsional_diffusion_raw_chembl_count,2brb_2brb_conf0,195,195,0,81.48530599289559,183.2399033978643,46.40778408539603,2613.863818979466,64.53680556822673,20.0,149.30572314203906
torsional_diffusion_raw_chembl_count,2c3i_2c3i_conf0,200,200,0,98.70618407383252,7.229406817803534,82.14530249207607,126.3947163010197,97.58153949327864,79.0,6.621791233648387
torsional_diffusion_raw_chembl_count,2fvd_2fvd_conf0,186,186,0,37.763024209489146,749.8658773089934,-59.32223342726493,10223.011844611214,-25.224355276205614,181.0,732.6232404238622
torsional_diffusion_raw_chembl_count,2hb1_2hb1_conf0,30,30,0,224.67774113533906,28.583207965449393,184.75345957513198,289.8510601462024,219.090908819695,15.0,26.120943691158608
torsional_diffusion_raw_chembl_count,2p4y_2p4y_conf0,146,146,0,645.957547246915,4062.4333709614234,201.24925952792495,49271.09327273325,244.99276850347115,139.0,3690.780250817766
torsional_diffusion_raw_chembl_count,2pog_2pog_conf0,10,10,0,78.39195911664214,15.899938196485245,58.84159306448058,118.1970770187848,73.00335161042423,4.0,17.836562895531763
torsional_diffusion_raw_chembl_count,2qbp_2qbp_conf0,109,109,0,1602.5299034897628,6949.089378153423,247.29021587062022,53575.69503665496,332.59593667910417,109.0,13657.28430441398
torsional_diffusion_raw_chembl_count,2qbq_2qbq_conf0,135,135,0,399.7115157112803,192.62673227712918,271.92329614074214,1640.2464781601589,337.3834651500663,132.0,185.05371196244084
torsional_diffusion_raw_chembl_count,2qbr_2qbr_conf0,158,158,0,287.6803781106365,44.26667523353447,226.14772124912355,490.43420957248327,277.1861003877011,135.0,40.29886068139759
torsional_diffusion_raw_chembl_count,2v00_2v00_conf0,30,30,0,-75.78430595054269,9.656426231873208,-87.40732899560494,-45.014355683279604,-78.12830684513594,14.0,9.659188825024543
torsional_diffusion_raw_chembl_count,2wn9_2wn9_conf0,56,56,0,125.67898970875659,34.177372646872236,93.76466519184166,248.38560708945442,113.39386751955185,30.0,27.36427984962913
torsional_diffusion_raw_chembl_count,2wtv_2wtv_conf0,97,97,0,153.3232323457732,253.15842594570447,82.35683236754515,2541.931821095631,112.08922988827796,51.0,235.90407530457892
torsional_diffusion_raw_chembl_count,2xdl_2xdl_conf0,57,57,0,129.5720024880429,390.7004226456167,32.3558951721413,2736.74822579578,45.37797286252153,15.0,50.80567781990736
torsional_diffusion_raw_chembl_count,2xnb_2xnb_conf0,75,75,0,102.281035540719,24.373974152650078,80.66155196321228,231.11784176461907,94.76431004450947,34.0,17.377257279436932
torsional_diffusion_raw_chembl_count,2yfe_2yfe_conf0,132,132,0,181.67889982956012,35.090556829586475,144.22165479800069,374.06026564279546,174.83100749333676,73.0,32.733468252662654
torsional_diffusion_raw_chembl_count,2ymd_2ymd_conf0,29,29,0,39.15238839904182,18.75702829478688,24.55419323121785,104.53583133368565,30.44231464352019,6.0,16.27592733450404
torsional_diffusion_raw_chembl_count,2zb1_2zb1_conf0,199,199,0,131.70060752303442,29.829315317294068,115.75668824903914,536.9614311077278,128.36978254576036,79.0,8.597681514817989
torsional_diffusion_raw_chembl_count,2zcq_2zcq_conf0,37,37,0,357.9221299802381,40.07624701755396,305.51889814966967,477.2399319592022,344.6562697008721,37.0,41.000346326779855
torsional_diffusion_raw_chembl_count,2zcr_2zcr_conf0,28,28,0,581.2447970557315,767.7358307564352,306.7631483287633,4459.34293025946,377.0279174182285,28.0,835.3866648744793
torsional_diffusion_raw_chembl_count,2zy1_2zy1_conf0,63,63,0,221.4951594789916,548.5792345855059,65.62302096652826,4427.792380568133,116.65214675079054,62.0,584.2343051493569
torsional_diffusion_raw_chembl_count,3aru_3aru_conf0,113,113,0,-75.434787219506,19.455305027214315,-102.88605737506136,18.79395613903081,-80.88420580964562,64.0,22.51547480866806
torsional_diffusion_raw_chembl_count,3ary_3ary_conf0,3,3,0,62.59835064709006,5.379223306557959,56.29145463162386,69.43573161570843,62.067865693937904,3.0,4.382909340634225
torsional_diffusion_raw_chembl_count,3b27_3b27_conf0,9,9,0,-133.0534305144444,4.757283763531043,-142.2391799026637,-124.93865718814767,-132.9840170736112,5.0,3.9165926171252607
torsional_diffusion_raw_chembl_count,3b5r_3b5r_conf0,190,190,0,166.82449208325485,104.8277609052081,108.69066414446097,1408.3801820796675,153.45999143105024,145.0,105.46966223463548
torsional_diffusion_raw_chembl_count,3b65_3b65_conf0,191,191,0,153.71347311502134,20.86808743384269,111.46102740185395,234.895147115857,153.1639721327699,109.0,20.39526643918308
torsional_diffusion_raw_chembl_count,3bgz_3bgz_conf0,10,10,0,96.22264881258121,2.9504604261374725,90.73541956555778,100.55561339949429,96.1967358924921,3.0,2.8176618543537773
torsional_diffusion_raw_chembl_count,3cj4_3cj4_conf0,135,135,0,250.01836784209956,754.161413635105,33.041769032447135,5583.629318629647,91.20708442018788,127.0,728.2724580753118
torsional_diffusion_raw_chembl_count,3dd0_3dd0_conf0,51,51,0,68.02792951967095,14.178832824460908,39.2686583408697,94.6225773133824,70.10725088256693,19.0,13.66473524183368
torsional_diffusion_raw_chembl_count,3e92_3e92_conf0,129,129,0,143.0575795976931,9.656462713938941,130.3596941365523,199.47546903563773,140.46508131469366,54.0,9.875571877064296
torsional_diffusion_raw_chembl_count,3e93_3e93_conf0,97,97,0,397.7895528598575,1599.1141883441635,168.93825557643316,16045.922983314105,206.98676053051577,95.0,4387.23623022278
torsional_diffusion_raw_chembl_count,3ehy_3ehy_conf0,24,24,0,87.94745178802532,36.13539207646054,57.36314984798057,228.93809469199573,73.79075497885069,18.0,23.253020448159628
torsional_diffusion_raw_chembl_count,3fcq_3fcq_conf0,1,1,0,69.61957525024138,0.0,69.61957525024138,69.61957525024138,69.61957525024138,1.0,0.0
torsional_diffusion_raw_chembl_count,3fur_3fur_conf0,84,84,0,78.27397492213466,15.227681130523697,51.369669804579274,138.10310678863922,75.06292561391842,64.0,14.861685270087714
torsional_diffusion_raw_chembl_count,3g2z_3g2z_conf0,6,6,0,33.412098767328565,11.068672764902002,22.07510636454608,55.17697252931525,31.532806093246723,2.0,9.234359747043944
torsional_diffusion_raw_chembl_count,3g31_3g31_conf0,2,2,0,77.4236585681304,0.9963208341217964,76.42733773400862,78.41997940225221,77.4236585681304,1.0,1.2861215626332942
torsional_diffusion_raw_chembl_count,3gy4_3gy4_conf0,1,1,0,-2.4021810884590415,0.0,-2.4021810884590415,-2.4021810884590415,-2.4021810884590415,1.0,0.0
torsional_diffusion_raw_chembl_count,3jvs_3jvs_conf0,18,18,0,229.26072774518383,42.62144296256629,182.11723311365026,334.22270084129354,215.35991981232627,18.0,38.476510647362346
torsional_diffusion_raw_chembl_count,3k5v_3k5v_conf0,199,199,0,12.586218276060144,13.68306064648134,-2.9704679043809037,107.12431020718809,9.114209401731017,87.0,13.327954847858258
torsional_diffusion_raw_chembl_count,3kgp_3kgp_conf0,1,1,0,1.7205963507251578,0.0,1.7205963507251578,1.7205963507251578,1.7205963507251578,1.0,0.0
torsional_diffusion_raw_chembl_count,3lka_3lka_conf0,4,4,0,-27.228203336501135,5.746274353016227,-33.813292378122966,-20.084837064008376,-27.507341951936603,2.0,7.38795464214376
torsional_diffusion_raw_chembl_count,3nx7_3nx7_conf0,78,78,0,128.4014446539531,87.28299576125156,87.81294327290982,857.0273878052022,109.87251388911714,78.0,26.6061818067785
torsional_diffusion_raw_chembl_count,3pxf_3pxf_conf0,3,3,0,237.86478741372537,89.05778079880167,171.73328065323824,363.7578015604154,178.1032800275225,3.0,77.02251041020344
torsional_diffusion_raw_chembl_count,3qqs_3qqs_conf0,5,5,0,198.6424612243915,20.59742991280091,174.56639304530756,231.70108459655424,192.5945982391193,4.0,19.906480288238363
torsional_diffusion_raw_chembl_count,3rlr_3rlr_conf0,9,9,0,114.32766166646944,43.106628960186704,77.72348473695106,223.81321870138214,97.24367669534158,5.0,50.50550937156246
torsional_diffusion_raw_chembl_count,3rsx_3rsx_conf0,4,4,0,17.34303995394542,5.192423497277394,13.949405499043383,26.326589407464223,14.548082454637038,2.0,4.172337095004364
torsional_diffusion_raw_chembl_count,3ryj_3ryj_conf0,81,81,0,13.731026111168768,4.327785398315395,3.2460131659254667,24.99875529457059,13.912891420476923,17.0,4.984654682358679
torsional_diffusion_raw_chembl_count,3syr_3syr_conf0,119,119,0,97.79518535631318,23.443755522809642,71.83649834903851,292.2021535272745,93.99016154047027,43.0,10.39628813615796
torsional_diffusion_raw_chembl_count,3twp_3twp_conf0,1,1,0,28.419628972669464,0.0,28.419628972669464,28.419628972669464,28.419628972669464,1.0,0.0
torsional_diffusion_raw_chembl_count,3u5j_3u5j_conf0,2,2,0,150.23168645573534,3.65082196701195,146.5808644887234,153.8825084227473,150.23168645573534,2.0,5.42977537320894
torsional_diffusion_raw_chembl_count,3u8n_3u8n_conf0,191,191,0,1177.6428490126946,13877.654025407573,121.0538301449389,192466.47350573476,148.43167643612276,103.0,61.179487518805296
torsional_diffusion_raw_chembl_count,3uo4_3uo4_conf0,26,26,0,57.069861450807565,24.415131067203642,28.16087852241967,130.21801644673604,51.99897762214014,18.0,23.62896556385208
torsional_diffusion_raw_chembl_count,3up2_3up2_conf0,41,41,0,38.45152500640985,50.01055384893908,11.332869692981724,337.4535223677694,27.930464939361293,29.0,47.62879276781387
torsional_diffusion_raw_chembl_count,3wtj_3wtj_conf0,40,40,0,678.3525313667778,4274.3397776744005,-16.058625081605435,27371.56551052862,-7.355917654902711,21.0,2108.6656380945824
torsional_diffusion_raw_chembl_count,3zdg_3zdg_conf0,176,176,0,28.205732637506983,68.17489708102794,-23.72268472370943,691.8740215456493,11.6148452205951,59.0,27.457520934628207
torsional_diffusion_raw_chembl_count,4ddh_4ddh_conf0,2,2,0,78.49993389293682,4.9088253277615905,73.59110856517523,83.40875922069841,78.49993389293682,2.0,3.497309066348649
torsional_diffusion_raw_chembl_count,4ddk_4ddk_conf0,1,1,0,64.34344274429233,0.0,64.34344274429233,64.34344274429233,64.34344274429233,1.0,0.0
torsional_diffusion_raw_chembl_count,4eor_4eor_conf0,194,194,0,290.55342162097804,3895.3439980780954,-41.09758393791735,54402.51485868389,-3.6890033214889186,157.0,48.36273499849303
torsional_diffusion_raw_chembl_count,4f09_4f09_conf0,2,2,0,147.08731559461503,38.98282199226989,108.10449360234514,186.07013758688493,147.08731559461503,2.0,39.99827049223664
torsional_diffusion_raw_chembl_count,4f2w_4f2w_conf0,199,199,0,44.285050231576314,119.82570163019241,-13.340851498303309,878.9300144257429,12.649638287723526,146.0,10.860712400662168
torsional_diffusion_raw_chembl_count,4f9w_4f9w_conf0,3,3,0,104.50463649900583,5.969064505637257,99.75063151399057,112.92267980088772,100.84059818213916,3.0,6.277103229394631
torsional_diffusion_raw_chembl_count,4hge_4hge_conf0,29,29,0,146.91364442642214,11.648191995624124,121.75427561401399,172.27367743743724,146.01714997375453,19.0,11.2488066009674
torsional_diffusion_raw_chembl_count,4j21_4j21_conf0,3,3,0,46.9164536042141,3.6800005666670526,41.84122169446195,50.451627603857446,48.456511514322905,3.0,1.1327707611457447
torsional_diffusion_raw_chembl_count,4j3l_4j3l_conf0,114,114,0,85.42475726971622,23.455787045755546,63.04961835485765,183.45473484871627,80.05789757538304,69.0,23.71911507348885
torsional_diffusion_raw_chembl_count,4jsz_4jsz_conf0,2,2,0,-41.325735125198,3.9658442979378705,-45.29157942313587,-37.35989082726013,-41.325735125198,1.0,2.3307744322291803
torsional_diffusion_raw_chembl_count,4jxs_4jxs_conf0,28,28,0,106.20914943143391,68.99897382046238,49.4568158751501,405.68063126384266,82.99719409668207,19.0,79.81380421288857
torsional_diffusion_raw_chembl_count,4k18_4k18_conf0,88,88,0,153.56970406775505,33.94211554892569,120.92683107665819,384.1735811172433,148.37712149671842,46.0,34.00305783010807
torsional_diffusion_raw_chembl_count,4k77_4k77_conf0,4,4,0,81.81004899262109,38.22151641977086,40.23567456797632,133.7362659767338,76.63412771288714,3.0,36.344448236955294
torsional_diffusion_raw_chembl_count,4kzq_4kzq_conf0,6,6,0,63.15739717979256,2.0138750584534044,60.39718052362259,65.26266099145458,63.40768949580283,1.0,1.841386152155448
torsional_diffusion_raw_chembl_count,4kzu_4kzu_conf0,3,3,0,69.39349856466781,1.1072854903863365,68.38014890913693,70.93408034789721,68.86626643696928,1.0,1.048603221415188
torsional_diffusion_raw_chembl_count,4llx_4llx_conf0,1,1,0,-80.81476458577987,0.0,-80.81476458577987,-80.81476458577987,-80.81476458577987,1.0,0.0
torsional_diffusion_raw_chembl_count,4lzs_4lzs_conf0,9,9,0,56.03740298179448,36.3813376043865,18.898503743589778,132.4482198722107,36.386399071880916,7.0,52.76947461390732
torsional_diffusion_raw_chembl_count,4mgd_4mgd_conf0,24,24,0,97.51252941768216,8.08166365801986,88.15728143859519,121.54317892177981,96.02263662127137,3.0,8.17059498286095
torsional_diffusion_raw_chembl_count,4ogj_4ogj_conf0,33,33,0,1253.5406128676298,3919.3547380034843,2.5538511833373576,19732.50814102642,69.97361289333945,33.0,3900.334820424072
torsional_diffusion_raw_chembl_count,5c28_5c28_conf0,2,2,0,-9.746141590866387,2.152490012528574,-11.89863160339496,-7.593651578337813,-9.746141590866387,1.0,1.5933770501120994
torsional_diffusion_raw_chembl_count,5c2h_5c2h_conf0,59,59,0,12260.768127799533,57570.00547871425,19.234220542373727,425138.2602070689,83.60220175736599,59.0,8067.896801021205
flowr_raw_chembl_count,1bcu_1bcu_conf0,1,1,0,35.76005796769069,0.0,35.76005796769069,35.76005796769069,35.76005796769069,1.0,0.0
flowr_raw_chembl_count,1c5z_1c5z_conf0,1,1,0,-3.543283184910205,0.0,-3.543283184910205,-3.543283184910205,-3.543283184910205,1.0,0.0
flowr_raw_chembl_count,1lpg_1lpg_conf0,109,109,0,159.06834226147055,63.40842172445775,87.28828158571801,478.82296896206776,141.36007463563368,109.0,63.08074246931568
flowr_raw_chembl_count,1mq6_1mq6_conf0,11,11,0,2.3254206577533463,44.20322327998968,-37.66465309560286,121.70772107910854,-9.720507780593806,11.0,46.61497120240259
flowr_raw_chembl_count,1nc3_1nc3_conf0,189,189,0,68.10012919942052,104.49542880848685,46.1544423484775,1498.4206674523812,60.10628477986739,26.0,100.34065697710878
flowr_raw_chembl_count,1o3f_1o3f_conf0,28,28,0,51.575933397740705,13.800416687864972,37.50416317183694,95.37411116860643,46.39865892324687,16.0,11.218354006961263
flowr_raw_chembl_count,1o5b_1o5b_conf0,1,1,0,-7.603475758243096,0.0,-7.603475758243096,-7.603475758243096,-7.603475758243096,1.0,0.0
flowr_raw_chembl_count,1owh_1owh_conf0,9,9,0,75.87471645262627,17.83858170713089,45.3083550286436,108.27399148097518,73.27632211129776,9.0,14.182370001544738
flowr_raw_chembl_count,1p1n_1p1n_conf0,22,22,0,16.14099394013762,12.445726964620686,5.446572794459897,41.39531048658162,9.502327646380298,5.0,12.103453874792796
flowr_raw_chembl_count,1pxn_1pxn_conf0,191,191,0,-78.09257432847409,9.489005155000564,-88.80311878249442,5.381239352637735,-80.33732942501268,62.0,8.586882659332462
flowr_raw_chembl_count,1sqa_1sqa_conf0,160,160,0,41.23564245132864,48.05944939842935,-10.470172664099486,225.86648985081007,24.697902046590237,157.0,49.83156142149913
flowr_raw_chembl_count,1uto_1uto_conf0,7,7,0,30.02896164222011,2.1109787339612227,27.859684559677422,33.782804901442795,29.567740400582252,2.0,2.0479214589470645
flowr_raw_chembl_count,1yc1_1yc1_conf0,158,158,0,45.68944435639598,16.904210020009792,31.658524968497883,141.6241848310375,40.520280712563306,72.0,18.21320711084315
flowr_raw_chembl_count,1ydr_1ydr_conf0,15,15,0,74.14033543196689,8.670937895413989,63.629835762642834,91.13243603514604,72.50461744517963,10.0,7.537959871037577
flowr_raw_chembl_count,1ydt_1ydt_conf0,133,133,0,13.461073562611071,13.893252190240412,-9.680016404559325,76.83059428033127,12.934741518308545,132.0,11.980738425354414
flowr_raw_chembl_count,1z6e_1z6e_conf0,161,161,0,163.7995734423962,48.63398108398433,109.29451625470321,365.0810905380588,149.40335929850903,161.0,52.336167693848
flowr_raw_chembl_count,1z95_1z95_conf0,184,184,0,90.53861252482939,15.6198971110767,62.52012046167495,130.0380019015328,87.74819442854005,174.0,13.189349232360597
flowr_raw_chembl_count,1z9g_1z9g_conf0,195,195,0,19.298452182300103,7.410240511786662,4.470725733400014,44.10529053649335,18.657925834933756,106.0,7.083867117858038
flowr_raw_chembl_count,2br1_2br1_conf0,164,164,0,65.62136899857946,28.547469788418372,35.833899655296136,241.15806395988852,57.003765417861636,141.0,33.40360197721879
flowr_raw_chembl_count,2brb_2brb_conf0,181,181,0,42.95196371771335,20.353186411009638,21.29163222877099,172.7701029798919,39.23417596084412,74.0,21.50736358325981
flowr_raw_chembl_count,2c3i_2c3i_conf0,193,193,0,76.3443101641388,18.42959786985077,64.39729119930335,218.9187773939455,72.18644989417457,131.0,20.853386305592945
flowr_raw_chembl_count,2fvd_2fvd_conf0,181,181,0,-76.59383666766192,21.870772233693266,-100.95455286841906,38.569687783021635,-81.51727993613679,180.0,25.311921889780013
flowr_raw_chembl_count,2hb1_2hb1_conf0,38,38,0,129.48909290664244,3.682746144005156,128.1653757534175,142.41941404207307,128.3718005138482,6.0,3.0387117075083614
flowr_raw_chembl_count,2p4y_2p4y_conf0,120,120,0,199.96783608699198,53.181920466640875,146.73288595988578,479.16679548749136,185.52913709246548,120.0,58.86261603091298
flowr_raw_chembl_count,2pog_2pog_conf0,10,10,0,69.23702907078133,42.754292008660556,45.7851879557998,192.6666991781321,52.15042275045875,4.0,40.11790629918936
flowr_raw_chembl_count,2qbp_2qbp_conf0,143,143,0,183.51898886002465,35.07040057736987,139.88543548635215,448.41409770713597,174.82380554521376,143.0,37.72281776699455
flowr_raw_chembl_count,2qbq_2qbq_conf0,161,161,0,234.65993881503834,27.981657269619053,200.9855746739193,489.74064201741453,228.4949272352062,160.0,33.725371923034395
flowr_raw_chembl_count,2qbr_2qbr_conf0,173,173,0,184.24241242739384,12.481744852183791,169.3291302389557,276.33836021316847,181.75317699373142,165.0,12.42538906053624
flowr_raw_chembl_count,2v00_2v00_conf0,29,29,0,-98.70059974123423,2.156445283096824,-100.86526136817639,-95.36099933976394,-99.81798496006869,11.0,1.582282581189043
flowr_raw_chembl_count,2wn9_2wn9_conf0,65,65,0,84.1888134342716,15.058923085969106,75.05796278107245,159.95198073261218,79.26092450799844,30.0,14.500696455572776
flowr_raw_chembl_count,2wtv_2wtv_conf0,91,91,0,70.04273217106565,30.30577387901794,36.044523530608224,204.23584762177316,62.56204808974624,76.0,30.99755249912882
flowr_raw_chembl_count,2xdl_2xdl_conf0,57,57,0,39.969689354856605,16.217485261743132,25.82542226815508,106.93028235658801,33.67785642693777,22.0,5.027479281451352
flowr_raw_chembl_count,2xnb_2xnb_conf0,73,73,0,78.51663387083931,33.36822350024766,47.78229869750739,234.63500955681351,69.12985399536007,70.0,38.44988674453352
flowr_raw_chembl_count,2yfe_2yfe_conf0,142,142,0,121.63652198546343,13.631853929133849,102.84705005191162,204.1367749521439,119.14619581963419,128.0,18.331550782188856
flowr_raw_chembl_count,2ymd_2ymd_conf0,30,30,0,18.845412329915906,2.38358451452971,15.850514608387773,25.140890306378708,18.79564396467717,4.0,2.535199600629375
flowr_raw_chembl_count,2zb1_2zb1_conf0,185,185,0,116.47255686390987,23.185695181991655,96.57352753992915,217.7309920449079,108.82792158137671,145.0,22.88236702409904
flowr_raw_chembl_count,2zcq_2zcq_conf0,60,60,0,219.10566844215927,3.272594703493305,213.22930024822972,227.1224174836189,218.51651407364164,56.0,2.7460585647687514
flowr_raw_chembl_count,2zcr_2zcr_conf0,56,56,0,241.93958454905734,25.17855341448049,219.16750029976112,354.09806287888887,232.38484100053057,55.0,24.15554664437414
flowr_raw_chembl_count,2zy1_2zy1_conf0,91,91,0,38.52627406080788,12.415307381613472,20.833592885766933,83.71362890070795,40.70693629000199,91.0,11.723034025759857
flowr_raw_chembl_count,3aru_3aru_conf0,121,121,0,-108.99857000715883,21.20951452740666,-117.80391941627298,56.00308792883803,-113.06952588830299,92.0,22.89164201456135
flowr_raw_chembl_count,3ary_3ary_conf0,3,3,0,22.68638183602825,2.325125124999856,20.928839976283836,25.97193385872818,21.158371673072732,2.0,2.6960682378797527
flowr_raw_chembl_count,3b27_3b27_conf0,9,9,0,-156.76902361908571,0.8985914232570973,-157.66974426855896,-154.70967358248498,-157.19888726959553,2.0,0.2860074220856285
flowr_raw_chembl_count,3b5r_3b5r_conf0,189,189,0,107.51659190818648,22.100444799314623,83.11223918305537,323.5939088995691,104.04669728194341,180.0,22.01357341784489
flowr_raw_chembl_count,3b65_3b65_conf0,193,193,0,115.89881518678003,16.968836185804204,90.50809435062409,223.78389822715837,112.67119140314848,169.0,15.32588580762587
flowr_raw_chembl_count,3bgz_3bgz_conf0,9,9,0,73.21829366930231,7.753211474501107,69.74547519376671,94.89679089653652,69.7476019606565,3.0,7.144531704188443
flowr_raw_chembl_count,3cj4_3cj4_conf0,187,187,0,30.282044772626854,25.654625878430444,-0.8256191349927455,198.85425177478788,26.945474945264326,178.0,26.00021913802845
flowr_raw_chembl_count,3dd0_3dd0_conf0,50,50,0,5.562779298141424,3.7405681474972465,-0.1752800062296611,14.225052664761858,4.866055197774846,13.0,2.17666870064644
flowr_raw_chembl_count,3e92_3e92_conf0,119,119,0,127.89308650898695,22.70258810940553,108.72697312538878,208.97085916875454,118.05423320709298,92.0,20.124246302216456
flowr_raw_chembl_count,3e93_3e93_conf0,142,142,0,206.23000859829637,48.79525221080694,131.52182942456392,385.8859287423987,194.4771686028818,142.0,54.4778284235515
flowr_raw_chembl_count,3ehy_3ehy_conf0,25,25,0,40.46236674946054,13.065354465588726,20.740462971484913,63.5305207520003,45.89131602546258,10.0,3.582572101056292
flowr_raw_chembl_count,3fcq_3fcq_conf0,2,2,0,47.7456349982248,2.546529556091002,45.1991054421338,50.292164554315804,47.7456349982248,2.0,1.140452464489524
flowr_raw_chembl_count,3fur_3fur_conf0,76,76,0,41.07063233432905,19.81876922335045,26.257368937048156,158.9004989554896,35.5549185141379,75.0,20.84906119472671
flowr_raw_chembl_count,3g2z_3g2z_conf0,5,5,0,10.648290615442487,0.10563564656391514,10.571211741370323,10.853752113527332,10.604974183399762,3.0,0.1095691247251111
flowr_raw_chembl_count,3g31_3g31_conf0,2,2,0,35.612890616887455,2.8746477551052547,32.7382428617822,38.487538371992706,35.612890616887455,2.0,0.7409836416838012
flowr_raw_chembl_count,3gy4_3gy4_conf0,1,1,0,-11.06570397520347,0.0,-11.06570397520347,-11.06570397520347,-11.06570397520347,1.0,0.0
flowr_raw_chembl_count,3jvs_3jvs_conf0,25,25,0,147.5714691589246,18.504744136050753,121.80481264027036,210.5710134192782,139.3597808381115,25.0,20.66615200800937
flowr_raw_chembl_count,3k5v_3k5v_conf0,191,191,0,-8.184677055224663,11.650839651490616,-19.83250599043417,75.78226116849316,-10.662042027205516,157.0,11.6883048537252
flowr_raw_chembl_count,3kgp_3kgp_conf0,1,1,0,-12.698127594331872,0.0,-12.698127594331872,-12.698127594331872,-12.698127594331872,1.0,0.0
flowr_raw_chembl_count,3lka_3lka_conf0,4,4,0,-42.2407953456736,1.5100415100881366,-44.70350366383624,-40.71956727528557,-41.77005522178628,2.0,1.4828277069771545
flowr_raw_chembl_count,3nx7_3nx7_conf0,109,109,0,64.38106268559255,8.701258892355915,51.39916415170556,93.45351909443855,62.59670463208726,100.0,6.808116634338376
flowr_raw_chembl_count,3pxf_3pxf_conf0,6,6,0,76.90576839732039,3.631288659609033,74.22399817513991,82.66751769761137,74.47169600275274,2.0,2.002830512102749
flowr_raw_chembl_count,3qqs_3qqs_conf0,7,7,0,142.5656640224001,2.5514907471225605,136.46645638443385,144.1307102732763,143.74709466093321,3.0,0.3858720952325828
flowr_raw_chembl_count,3rlr_3rlr_conf0,9,9,0,50.79410321219058,1.5911516923847222,48.90140398747282,53.16530973857779,50.07652406143434,4.0,0.7408710895471108
flowr_raw_chembl_count,3rsx_3rsx_conf0,4,4,0,-1.8300324661537815,6.0135818372790055,-5.303182249717384,8.585796724724005,-5.301372169810874,3.0,5.018421710579566
flowr_raw_chembl_count,3ryj_3ryj_conf0,77,77,0,-6.692960506977552,6.089645522420335,-17.668278191646948,12.145915893615133,-7.597717846774582,24.0,4.728637653326306
flowr_raw_chembl_count,3syr_3syr_conf0,118,118,0,59.85664653254195,11.530895697869612,38.34663719218871,121.01431845642196,60.09843563584347,47.0,12.154577121596043
flowr_raw_chembl_count,3twp_3twp_conf0,1,1,0,46.47017346451536,0.0,46.47017346451536,46.47017346451536,46.47017346451536,1.0,0.0
flowr_raw_chembl_count,3u5j_3u5j_conf0,2,2,0,118.40993388807675,22.96719178299599,95.44274210508077,141.37712567107275,118.40993388807675,2.0,14.68654255802644
flowr_raw_chembl_count,3u8n_3u8n_conf0,186,186,0,113.71927053373948,8.286593590226815,104.62549750063195,200.0162834198858,112.27566525419151,67.0,9.689306272987007
flowr_raw_chembl_count,3uo4_3uo4_conf0,23,23,0,22.492282127287357,14.30723954494727,-0.5412929101109611,43.41397150604363,19.65725573497484,23.0,12.88603026096779
flowr_raw_chembl_count,3up2_3up2_conf0,42,42,0,-5.881439202619742,12.04775915051964,-22.525137032386866,31.157256270901613,-6.320334174033,41.0,9.022467592623526
flowr_raw_chembl_count,3wtj_3wtj_conf0,51,51,0,-33.65377172815091,0.822070775339765,-34.67655965689626,-31.17300387195997,-33.69903822273261,10.0,0.8661098230991421
flowr_raw_chembl_count,3zdg_3zdg_conf0,199,199,0,-24.721177523901105,6.970892741525553,-40.57027556813156,-5.882630500298319,-25.076250295143048,64.0,5.490395014286041
flowr_raw_chembl_count,4ddh_4ddh_conf0,2,2,0,52.97233816262634,3.8636032910644182,49.10873487156192,56.83594145369076,52.97233816262634,2.0,0.0426650692962802
flowr_raw_chembl_count,4ddk_4ddk_conf0,1,1,0,34.53502744226641,0.0,34.53502744226641,34.53502744226641,34.53502744226641,1.0,0.0
flowr_raw_chembl_count,4eor_4eor_conf0,188,188,0,-50.56180473780127,24.679474380114293,-81.21749599074967,168.17771280904503,-56.20450543139328,184.0,29.18771970254563
flowr_raw_chembl_count,4f09_4f09_conf0,2,2,0,71.58478635853666,10.612472300490598,60.97231405804606,82.19725865902726,71.58478635853666,2.0,2.909193400202956
flowr_raw_chembl_count,4f2w_4f2w_conf0,192,192,0,-29.928767870683192,11.018946228904618,-45.35995282100012,81.41798009430315,-31.047912470494975,114.0,9.140640224149749
flowr_raw_chembl_count,4f9w_4f9w_conf0,4,4,0,108.07499149807563,14.421655984835857,87.11953428785986,125.3067949624805,109.93681837098107,4.0,12.3309579793436
flowr_raw_chembl_count,4hge_4hge_conf0,34,34,0,108.37015513986657,11.183847357693088,89.5016100550307,133.47574248055804,109.59226696800337,26.0,10.702851615543285
flowr_raw_chembl_count,4j21_4j21_conf0,3,3,0,24.20826950451418,0.6492394357020852,23.290605543869177,24.693319966984536,24.640883002688827,2.0,0.0110394977082751
flowr_raw_chembl_count,4j3l_4j3l_conf0,96,96,0,61.81859221091337,29.447138785742503,38.792980821288666,235.87098546909755,51.91112592522964,91.0,31.19078146473204
flowr_raw_chembl_count,4jsz_4jsz_conf0,2,2,0,-54.14631498350434,3.647618542907221,-57.79393352641156,-50.498696440597115,-54.14631498350434,1.0,6.494453973715508e-06
flowr_raw_chembl_count,4jxs_4jxs_conf0,32,32,0,-0.34468912815854513,11.403082448238365,-15.378019433072545,28.206446487965994,-1.4340040556403437,22.0,12.791319144822968
flowr_raw_chembl_count,4k18_4k18_conf0,100,100,0,123.64256772317172,19.33821894890049,98.95943265064705,210.9190681850407,119.88831806722892,88.0,19.06258725797145
flowr_raw_chembl_count,4k77_4k77_conf0,5,5,0,20.55318393110261,5.923342849947324,15.391199583748662,30.405960600464073,17.231926105568853,4.0,3.534052249675597
flowr_raw_chembl_count,4kzq_4kzq_conf0,6,6,0,44.51576684163738,1.8194656657588895,43.2602435027072,48.52725182509534,43.675628616708195,2.0,2.081068687373264
flowr_raw_chembl_count,4kzu_4kzu_conf0,2,2,0,55.001738106734294,3.6038338046225284,51.39790430211176,58.60557191135682,55.001738106734294,1.0,4.166171524811773
flowr_raw_chembl_count,4llx_4llx_conf0,1,1,0,-88.47632956212193,0.0,-88.47632956212193,-88.47632956212193,-88.47632956212193,1.0,0.0
flowr_raw_chembl_count,4lzs_4lzs_conf0,12,12,0,11.975355396717461,5.338821437524735,2.9570253436742093,24.149700518735706,12.713674918397281,9.0,2.602976062819007
flowr_raw_chembl_count,4mgd_4mgd_conf0,24,24,0,75.1826567094293,0.3454298294169892,74.72306026825625,76.02370833835889,75.0970500883715,2.0,0.2418775209939798
flowr_raw_chembl_count,4ogj_4ogj_conf0,42,42,0,9.386727769159696,54.810291525792465,-43.25442025429271,266.04028906417574,-6.598608110159823,42.0,63.03914342195851
flowr_raw_chembl_count,5c28_5c28_conf0,2,2,0,-19.682998459424265,0.23355650964540686,-19.916554969069672,-19.44944194977886,-19.682998459424265,2.0,0.0028076067197773
flowr_raw_chembl_count,5c2h_5c2h_conf0,75,75,0,-34.53839934972897,12.56747533122531,-52.46182646464479,10.397754255131389,-36.882470869460235,75.0,11.9538194442436
torsion_raw_chembl_count,1bcu_1bcu_conf0,1,1,0,34.171110768898274,0.0,34.171110768898274,34.171110768898274,34.171110768898274,1.0,0.0
torsion_raw_chembl_count,1c5z_1c5z_conf0,1,1,0,-1.7164105677312946,0.0,-1.7164105677312946,-1.7164105677312946,-1.7164105677312946,1.0,0.0
torsion_raw_chembl_count,1lpg_1lpg_conf0,165,165,0,254.7133066119531,376.1468315682744,97.41579207102082,4210.857139793471,179.74662576014958,165.0,328.03123101481015
torsion_raw_chembl_count,1mq6_1mq6_conf0,10,10,0,98.12919094910004,69.43556190421049,22.74938926833788,279.3712396888526,69.98050770300014,10.0,65.88306267549886
torsion_raw_chembl_count,1nc3_1nc3_conf0,196,196,0,68.22101791397375,4.63160577171899,57.93839265780525,82.19886817671716,68.24627104469,10.0,7.634392508668901
torsion_raw_chembl_count,1o3f_1o3f_conf0,31,31,0,82.10643383757392,33.72433737862454,47.73207449415717,173.47152697355875,68.02777126648064,13.0,15.554749667002609
torsion_raw_chembl_count,1o5b_1o5b_conf0,1,1,0,-2.549751972082934,0.0,-2.549751972082934,-2.549751972082934,-2.549751972082934,1.0,0.0
torsion_raw_chembl_count,1owh_1owh_conf0,12,12,0,90.60384821411141,39.437390429303555,59.478265087282495,218.771558067655,81.26125230670164,12.0,34.61338392478802
torsion_raw_chembl_count,1p1n_1p1n_conf0,17,17,0,121.25670204878874,134.12706939031872,43.246575845425085,503.7607933569567,56.50102121762607,11.0,32.90931959764628
torsion_raw_chembl_count,1pxn_1pxn_conf0,200,200,0,-57.68198513045185,12.657007791801623,-80.08001805891789,-3.968357230632037,-58.78974722539049,59.0,11.681777883404685
torsion_raw_chembl_count,1sqa_1sqa_conf0,198,198,0,520.6976699792997,6700.021833223183,0.12992738504299695,94558.93905599364,38.68807002156879,187.0,4579.50764208852
torsion_raw_chembl_count,1uto_1uto_conf0,7,7,0,42.543463152443984,3.4842007137928115,37.9979800643757,47.34604167242059,43.803705344479255,2.0,3.05885533102105
torsion_raw_chembl_count,1yc1_1yc1_conf0,141,141,0,804.7555716210938,4439.937124659933,31.86095470273152,39433.47254403338,106.61913055163589,48.0,3648.17546872062
torsion_raw_chembl_count,1ydr_1ydr_conf0,14,14,0,125.85692798396289,94.26417196375667,79.5791681257612,444.32457241777394,92.60385679992208,9.0,38.542547030592985
torsion_raw_chembl_count,1ydt_1ydt_conf0,111,111,0,62.72639892747422,43.7853352606605,9.743095081584869,242.34049786417307,45.98571343029136,111.0,67.55850467651351
torsion_raw_chembl_count,1z6e_1z6e_conf0,164,164,0,232.14777657485922,99.44399793901772,134.1128280242666,778.7773192332791,201.81651541153553,164.0,90.09957937787506
torsion_raw_chembl_count,1z95_1z95_conf0,182,182,0,175.0754844061524,205.91777732049508,81.32969742187258,2458.107438891223,139.36941130712702,182.0,298.8574598283593
torsion_raw_chembl_count,1z9g_1z9g_conf0,174,174,0,73.26379649914281,42.287405259610686,16.703479075814577,303.5737687212806,61.07939742004282,168.0,33.804487853482414
torsion_raw_chembl_count,2br1_2br1_conf0,140,140,0,106.69172625111769,67.17287709546875,42.8743914258729,492.395914887905,85.26108164727225,89.0,62.7703238085228
torsion_raw_chembl_count,2brb_2brb_conf0,152,152,0,7649.014331674439,74071.47780747012,29.759362918612368,897548.5536668766,72.45005016047324,57.0,64989.22274625067
torsion_raw_chembl_count,2c3i_2c3i_conf0,198,198,0,93.0050344398143,38.08092120236769,71.16179711540032,517.0328587222302,86.03859790918463,128.0,22.39613941850846
torsion_raw_chembl_count,2fvd_2fvd_conf0,184,184,0,-23.07312977635816,99.24691788218799,-93.11825216384791,791.3764953641021,-50.025672721091155,177.0,56.29110145276468
torsion_raw_chembl_count,2hb1_2hb1_conf0,35,35,0,180.726191027748,33.44338413138964,136.65526634258936,289.52801751814934,174.6361672629435,22.0,32.72930673041752
torsion_raw_chembl_count,2p4y_2p4y_conf0,126,126,0,389.9299190431883,542.0320843200486,163.62194246786368,5068.321602983508,266.66478594942856,126.0,787.3443299555427
torsion_raw_chembl_count,2pog_2pog_conf0,10,10,0,59.48949651008719,8.056893684355845,48.51137292814199,73.28371821384542,56.73600505005096,2.0,8.46518248274679
torsion_raw_chembl_count,2qbp_2qbp_conf0,167,167,0,310.57070785874527,128.12856347272603,172.33319451799093,1386.4763672501203,281.19329921044084,167.0,135.02425973360667
torsion_raw_chembl_count,2qbq_2qbq_conf0,179,179,0,284.27966694531176,60.0401781113554,200.765275227216,656.6555761173573,272.8566726621492,174.0,63.63848652810433
torsion_raw_chembl_count,2qbr_2qbr_conf0,185,185,0,331.4363608242406,1086.9463541457408,185.76735410552453,15020.136684903478,237.08703247411984,183.0,907.2474183354605
torsion_raw_chembl_count,2v00_2v00_conf0,29,29,0,-71.09455291574123,45.823814183606444,-97.40457721282236,128.02411607195614,-85.90810757513925,19.0,43.43735632481775
torsion_raw_chembl_count,2wn9_2wn9_conf0,33,33,0,393.5299890722462,616.3533907454118,80.15092593967066,2604.7822804852162,151.7411518800232,15.0,485.9595956255986
torsion_raw_chembl_count,2wtv_2wtv_conf0,94,94,0,87.09872970552357,77.5639675737481,43.97327843868456,455.35829217459343,63.25025531379213,31.0,72.16708763069225
torsion_raw_chembl_count,2xdl_2xdl_conf0,39,39,0,101.23313025302524,110.10519661666511,48.65646565592738,744.7754495021073,70.3975096766445,28.0,39.26704858528973
torsion_raw_chembl_count,2xnb_2xnb_conf0,79,79,0,77.01236638389231,20.68396191758538,50.41126088703042,172.80292837471288,71.46042231374162,54.0,16.25350885467693
torsion_raw_chembl_count,2yfe_2yfe_conf0,144,144,0,484.78822176669735,1235.8917212836268,115.36243053934946,9482.144367287066,184.78363681535657,138.0,111.30402824009168
torsion_raw_chembl_count,2ymd_2ymd_conf0,29,29,0,53.60579829954295,60.86479198793696,18.105358073812788,339.6011536357249,35.63941501391797,6.0,25.21300825517821
torsion_raw_chembl_count,2zb1_2zb1_conf0,168,168,0,358.1282487595869,524.0248285732811,102.0947119741323,3020.0751828536613,159.47286047701652,143.0,98.54849323180076
torsion_raw_chembl_count,2zcq_2zcq_conf0,42,42,0,592.1200886337645,1258.7135948929242,252.8758505411168,7873.232875570584,296.1246842917667,42.0,1106.2965383437927
torsion_raw_chembl_count,2zcr_2zcr_conf0,53,53,0,304.28142846528135,43.97770875445747,252.13835377455058,416.14121667703915,288.2307979383374,53.0,46.80952612292064
torsion_raw_chembl_count,2zy1_2zy1_conf0,72,72,0,414.05556509484006,1941.1181155957147,44.41305789274948,16513.66390046382,100.56482340183913,71.0,1530.318031614189
torsion_raw_chembl_count,3aru_3aru_conf0,120,120,0,-73.95185193245293,39.358436215996875,-111.96171099547742,139.1349277134053,-88.59227951296423,90.0,35.938810090263715
torsion_raw_chembl_count,3ary_3ary_conf0,3,3,0,46.573322937867566,3.3403175152972175,43.11824552037075,51.09073828973654,45.510985003495385,3.0,3.242937110199289
torsion_raw_chembl_count,3b27_3b27_conf0,9,9,0,-152.19739628371798,2.914731290820667,-154.43554350136404,-144.49082559479984,-152.31284958644932,6.0,7.078928468020383
torsion_raw_chembl_count,3b5r_3b5r_conf0,188,188,0,296.92437343528155,1497.1571940080873,104.36965502213988,20626.40200427063,146.34920014368998,185.0,141.4231510797928
torsion_raw_chembl_count,3b65_3b65_conf0,178,178,0,162.16897799010735,44.02327290390521,107.01187254107417,453.77853512812413,151.59159488270086,176.0,39.173132695918575
torsion_raw_chembl_count,3bgz_3bgz_conf0,8,8,0,117.43782653271737,41.565610522208694,79.31423987157704,209.39259520197913,108.22490565095708,4.0,39.23459859716546
torsion_raw_chembl_count,3cj4_3cj4_conf0,167,167,0,127.4665887678913,432.99263403766787,29.068278705451785,4346.010688726537,71.40520728142228,166.0,310.27568486010307
torsion_raw_chembl_count,3dd0_3dd0_conf0,50,50,0,20.89050173407912,19.942362196705286,6.615768250144026,114.27125477510964,14.47386136253862,14.0,16.498720133244024
torsion_raw_chembl_count,3e92_3e92_conf0,95,95,0,478.18053182678256,1155.9593344375478,116.88187155270685,9424.551524558447,140.34982387751592,59.0,342.4682494844524
torsion_raw_chembl_count,3e93_3e93_conf0,151,151,0,354.89334433564966,470.18759462785334,138.82267614331536,2778.8472509717626,195.9973943673254,143.0,199.49698572639025
torsion_raw_chembl_count,3ehy_3ehy_conf0,23,23,0,120.07763316005612,200.3781166109579,44.14010927924278,1042.8442922544002,63.51001566048511,20.0,26.857135445803557
torsion_raw_chembl_count,3fcq_3fcq_conf0,1,1,0,103.88718258072328,0.0,103.88718258072328,103.88718258072328,103.88718258072328,1.0,0.0
torsion_raw_chembl_count,3fur_3fur_conf0,78,78,0,129.56985918021243,95.20174806645156,36.93278469298705,624.0248199728702,105.53840917834992,76.0,91.0910644133318
torsion_raw_chembl_count,3g2z_3g2z_conf0,6,6,0,21.885103164600594,5.519513817271751,14.930167304836132,30.143027967023183,20.766719626315876,2.0,5.730768915726718
torsion_raw_chembl_count,3g31_3g31_conf0,2,2,0,54.39607498295962,10.116582074356277,44.27949290860334,64.51265705731589,54.39607498295962,2.0,8.347240922276402
torsion_raw_chembl_count,3gy4_3gy4_conf0,1,1,0,-5.274370417498201,0.0,-5.274370417498201,-5.274370417498201,-5.274370417498201,1.0,0.0
torsion_raw_chembl_count,3jvs_3jvs_conf0,34,34,0,264.0364558934681,81.41754333718781,164.76988050807194,539.7111096232907,246.47702437409492,34.0,105.55789550100964
torsion_raw_chembl_count,3k5v_3k5v_conf0,200,200,0,8.96727661915227,12.949268928874803,-7.3132839561740965,66.05483369951232,5.688012512017782,167.0,14.845994649442416
torsion_raw_chembl_count,3kgp_3kgp_conf0,1,1,0,-5.701646264070291,0.0,-5.701646264070291,-5.701646264070291,-5.701646264070291,1.0,0.0
torsion_raw_chembl_count,3lka_3lka_conf0,4,4,0,-33.63043885533483,12.465590748574474,-49.071113756694785,-18.372707452592945,-33.5389671060258,4.0,7.240818653290463
torsion_raw_chembl_count,3nx7_3nx7_conf0,62,62,0,158.95339792758458,67.70069476722234,72.15343675065726,491.62581877055993,144.80323620075444,62.0,72.12791621457293
torsion_raw_chembl_count,3pxf_3pxf_conf0,6,6,0,120.04304289018461,20.502350081181234,95.47372831030616,156.78543964436395,118.64537489637593,4.0,18.27782304202956
torsion_raw_chembl_count,3qqs_3qqs_conf0,7,7,0,165.16734869923948,16.268360064153576,149.6680327433353,192.70817056157526,155.56280142419783,5.0,15.671080171556842
torsion_raw_chembl_count,3rlr_3rlr_conf0,9,9,0,118.4100629092246,67.64533294876946,52.43476198125457,256.23804069772547,84.95002426369639,4.0,44.83465160476542
torsion_raw_chembl_count,3rsx_3rsx_conf0,4,4,0,-0.6009753859731735,2.0062560422568443,-3.469123138489728,2.183578661404642,-0.559178533403804,2.0,4.363396809301522
torsion_raw_chembl_count,3ryj_3ryj_conf0,81,81,0,15.781196034080567,13.68484965325425,-9.40115236132585,60.41568531659233,15.231723247530175,53.0,11.909590912150026
torsion_raw_chembl_count,3syr_3syr_conf0,114,114,0,65.8063861741671,13.251515141799405,42.539748838016585,92.41787003188551,66.07682210322336,9.0,16.73592290634789
torsion_raw_chembl_count,3twp_3twp_conf0,1,1,0,22.691596595187324,0.0,22.691596595187324,22.691596595187324,22.691596595187324,1.0,0.0
torsion_raw_chembl_count,3u5j_3u5j_conf0,2,2,0,181.88262104290806,13.886074798772981,167.99654624413506,195.76869584168102,181.88262104290806,1.0,54.66485966397025
torsion_raw_chembl_count,3u8n_3u8n_conf0,190,190,0,138.5211634686976,45.002626108103584,110.32395259813617,337.13093429979756,121.23986093030713,26.0,42.63209345164048
torsion_raw_chembl_count,3uo4_3uo4_conf0,21,21,0,66.73882765483798,52.02779246269137,19.431170120448563,195.77745638839951,56.293450094772055,21.0,48.35697413499721
torsion_raw_chembl_count,3up2_3up2_conf0,43,43,0,24.51123643192649,19.451905592962675,-3.071583629191238,77.14540137424939,21.735271204661437,42.0,18.701259551296424
torsion_raw_chembl_count,3wtj_3wtj_conf0,46,46,0,-14.361884451367626,18.53380551754466,-28.945422113976704,35.89877793912064,-21.538359564026322,13.0,18.01803864865088
torsion_raw_chembl_count,3zdg_3zdg_conf0,156,156,0,46.50123219515054,83.60993917808298,-25.321427154777922,712.6068465250546,27.33875418059401,139.0,242.6872862854371
torsion_raw_chembl_count,4ddh_4ddh_conf0,2,2,0,87.75937148948508,34.6329392253523,53.12643226413278,122.39231071483738,87.75937148948508,2.0,33.644573364978434
torsion_raw_chembl_count,4ddk_4ddk_conf0,1,1,0,40.874485307525525,0.0,40.874485307525525,40.874485307525525,40.874485307525525,1.0,0.0
torsion_raw_chembl_count,4eor_4eor_conf0,197,197,0,-43.993074386749434,26.161906274066816,-71.65723354126723,140.24340112699943,-49.75817067651862,184.0,25.608510829052875
torsion_raw_chembl_count,4f09_4f09_conf0,1,1,0,243.53207737917666,0.0,243.53207737917666,243.53207737917666,243.53207737917666,1.0,0.0
torsion_raw_chembl_count,4f2w_4f2w_conf0,192,192,0,4.522282456848415,53.284988529829434,-34.74056089348091,369.47666583202493,-16.317933460392133,99.0,43.492322116522736
torsion_raw_chembl_count,4f9w_4f9w_conf0,3,3,0,131.46177056334054,4.953340880166001,125.58291603179256,137.70008868216786,131.10230697606124,2.0,5.865575307232611
torsion_raw_chembl_count,4hge_4hge_conf0,36,36,0,146.85206653603063,25.807986050529237,108.62600781911516,221.8967895641331,142.48223722425425,32.0,24.58387930504436
torsion_raw_chembl_count,4j21_4j21_conf0,3,3,0,63.05154007815484,30.833751003354557,25.97008412133342,101.46195651655498,61.72257959657612,3.0,28.621111251267287
torsion_raw_chembl_count,4j3l_4j3l_conf0,114,114,0,352.49908472095024,2629.45609025646,45.89648571865351,28300.27544089483,96.7736909567422,88.0,3127.2297975564497
torsion_raw_chembl_count,4jsz_4jsz_conf0,2,2,0,-38.571492000519996,11.429037548286153,-50.00052954880615,-27.14245445223384,-38.571492000519996,2.0,7.035934359972849
torsion_raw_chembl_count,4jxs_4jxs_conf0,29,29,0,66.08006788802815,61.91636806713519,21.810588518268425,275.6619850505234,38.598096191925336,29.0,59.60350503828195
torsion_raw_chembl_count,4k18_4k18_conf0,105,105,0,158.62392977235154,35.359433140717556,119.53756539130694,373.11173794298634,152.08680879647605,92.0,34.541192247985535
torsion_raw_chembl_count,4k77_4k77_conf0,5,5,0,14.078524710910491,1.3814382611874214,11.577308339628036,15.179459583276573,14.940788545572268,3.0,1.32583556354947
torsion_raw_chembl_count,4kzq_4kzq_conf0,6,6,0,45.77529561649311,1.6494000579400274,43.596023188980205,47.68129641669725,46.08077848248746,2.0,2.019944570726063
torsion_raw_chembl_count,4kzu_4kzu_conf0,3,3,0,52.23927749551112,0.47192544234970374,51.624221499437915,52.7711936081533,52.32241737894214,2.0,0.3850970698222223
torsion_raw_chembl_count,4llx_4llx_conf0,1,1,0,-86.96686020487998,0.0,-86.96686020487998,-86.96686020487998,-86.96686020487998,1.0,0.0
torsion_raw_chembl_count,4lzs_4lzs_conf0,11,11,0,44.253600094952226,18.836858145019676,18.546385212585708,80.5153934171969,45.99074147445444,11.0,26.050351105222862
torsion_raw_chembl_count,4mgd_4mgd_conf0,18,18,0,129.89940726842278,50.85516718076887,84.50033529150865,239.41466683163452,104.46841589225559,7.0,48.34245061296467
torsion_raw_chembl_count,4ogj_4ogj_conf0,42,42,0,168.00569677793686,443.524273443551,-31.10531780347405,2851.369343930422,49.237547803878506,42.0,145.7865405204445
torsion_raw_chembl_count,5c28_5c28_conf0,2,2,0,-14.961121147604864,1.237847491250001,-16.198968638854865,-13.723273656354863,-14.961121147604864,2.0,1.0494497375781222
torsion_raw_chembl_count,5c2h_5c2h_conf0,71,71,0,12.371578403401527,58.22112657191133,-43.64509807189876,231.30452616014844,-10.19963578134513,71.0,55.96303675977679
qwen_1p7b_fsq_bigdata_step47023_chembl_count,1bcu_1bcu_conf0,1,1,0,37.097673474398384,0.0,37.097673474398384,37.097673474398384,37.097673474398384,1.0,0.0
qwen_1p7b_fsq_bigdata_step47023_chembl_count,1c5z_1c5z_conf0,1,1,0,1.1231739949316335,0.0,1.1231739949316335,1.1231739949316335,1.1231739949316335,1.0,0.0
qwen_1p7b_fsq_bigdata_step47023_chembl_count,1lpg_1lpg_conf0,173,173,0,156.71013621909285,102.47558845524117,101.54125964700512,1079.3621386574607,139.27729016842565,173.0,28.77339142633829
qwen_1p7b_fsq_bigdata_step47023_chembl_count,1mq6_1mq6_conf0,11,11,0,21.02666157452322,23.24631510115544,-9.839402602303224,68.80119916262808,15.37113003996577,11.0,11.168838301874128
qwen_1p7b_fsq_bigdata_step47023_chembl_count,1nc3_1nc3_conf0,180,180,0,76.77974530287028,15.79907727420109,59.861888275388765,205.22491834729448,73.02351019247743,34.0,8.340453031486156
qwen_1p7b_fsq_bigdata_step47023_chembl_count,1o3f_1o3f_conf0,31,31,0,232.66413275868936,875.2055145317445,53.185024577552355,5025.288822679825,66.13747413606347,15.0,7.426585055343544
qwen_1p7b_fsq_bigdata_step47023_chembl_count,1o5b_1o5b_conf0,1,1,0,-2.5493522123241945,0.0,-2.5493522123241945,-2.5493522123241945,-2.5493522123241945,1.0,0.0
qwen_1p7b_fsq_bigdata_step47023_chembl_count,1owh_1owh_conf0,12,12,0,63.84309154151435,8.086038446380908,53.18165555295411,79.80927957512728,61.15081717678039,10.0,5.028399349708311
qwen_1p7b_fsq_bigdata_step47023_chembl_count,1p1n_1p1n_conf0,17,17,0,96.85908378914809,58.55716152267345,40.19486601078526,312.8262710115949,85.0619937883965,16.0,18.551658135513215
qwen_1p7b_fsq_bigdata_step47023_chembl_count,1pxn_1pxn_conf0,200,200,0,-55.256904537417725,20.47038840012661,-76.49047399967401,111.03379761991036,-60.77350362321242,95.0,7.113418901099147
qwen_1p7b_fsq_bigdata_step47023_chembl_count,1sqa_1sqa_conf0,197,197,0,19.67211019635137,17.60810208727071,-1.2503203639133602,145.1343820846056,14.365302126707114,139.0,12.247087805363744
qwen_1p7b_fsq_bigdata_step47023_chembl_count,1uto_1uto_conf0,7,7,0,40.03296241375972,9.395407734401699,33.523210815154485,62.66851200144391,37.29857087560304,3.0,0.9297043448887854
qwen_1p7b_fsq_bigdata_step47023_chembl_count,1yc1_1yc1_conf0,165,165,0,66.63730965469817,43.048368880916826,48.29755926224674,547.5010923140244,57.94870233407719,67.0,5.438801424608248
qwen_1p7b_fsq_bigdata_step47023_chembl_count,1ydr_1ydr_conf0,16,16,0,120.76131829324301,49.16230518366365,92.57871379847445,306.75128745675454,108.95688176606521,12.0,4.804505867868294
qwen_1p7b_fsq_bigdata_step47023_chembl_count,1ydt_1ydt_conf0,135,135,0,108.75317353215844,290.9813109362764,14.712518710800582,2611.3722366344136,48.2223281769744,135.0,14.990245993275089
qwen_1p7b_fsq_bigdata_step47023_chembl_count,1z6e_1z6e_conf0,199,199,0,183.54634124990733,70.73671475824045,138.21754067221391,836.6427977356904,166.36257345720384,198.0,10.184584357990596
qwen_1p7b_fsq_bigdata_step47023_chembl_count,1z95_1z95_conf0,177,177,0,107.64255380690608,25.292975799091725,70.28388689092536,220.44102459860198,102.24626282889923,155.0,14.214424686997672
qwen_1p7b_fsq_bigdata_step47023_chembl_count,1z9g_1z9g_conf0,182,182,0,62.12486845188053,54.839160793212926,21.385605570775258,412.2906578332612,47.51181747962604,152.0,12.340317150163308
qwen_1p7b_fsq_bigdata_step47023_chembl_count,2br1_2br1_conf0,197,197,0,75.08371264721306,44.73439765733722,41.575507019433935,570.8844324399242,66.46219776375668,84.0,7.686896263658668
qwen_1p7b_fsq_bigdata_step47023_chembl_count,2brb_2brb_conf0,198,198,0,38.490630390703785,11.08848706968483,26.66706948154873,121.22825548123052,36.32350510621132,30.0,4.328879013393533
qwen_1p7b_fsq_bigdata_step47023_chembl_count,2c3i_2c3i_conf0,198,198,0,105.75674849313891,49.646437055039826,75.28519262234991,515.87939466573,91.09116987143346,141.0,15.732849365864327
qwen_1p7b_fsq_bigdata_step47023_chembl_count,2fvd_2fvd_conf0,193,193,0,-57.86395216410774,21.080429168265884,-90.09307615972469,2.7489287315333826,-62.755921168786095,190.0,7.946406772208092
qwen_1p7b_fsq_bigdata_step47023_chembl_count,2hb1_2hb1_conf0,34,34,0,165.35638003127548,19.241908508634683,143.2773901853352,210.98971668007715,160.41781383376713,19.0,19.79599513719876
qwen_1p7b_fsq_bigdata_step47023_chembl_count,2p4y_2p4y_conf0,148,148,0,224.39358847208854,75.00621321840022,173.69082751022222,994.2369320637808,205.40073945222275,147.0,13.567665541961818
qwen_1p7b_fsq_bigdata_step47023_chembl_count,2pog_2pog_conf0,10,10,0,64.30439070650488,9.23928552923627,52.87033631421861,85.37473378869475,61.74201705243936,3.0,2.379427726042899
qwen_1p7b_fsq_bigdata_step47023_chembl_count,2qbp_2qbp_conf0,195,195,0,209.48372748219367,49.68180062334138,167.41499993636995,651.1503345115254,201.3354506527758,193.0,15.835949266503668
qwen_1p7b_fsq_bigdata_step47023_chembl_count,2qbq_2qbq_conf0,192,192,0,283.61320485823427,243.12297783129864,217.1525598099347,3560.1306311208673,254.97571993971007,182.0,14.857407052507968
qwen_1p7b_fsq_bigdata_step47023_chembl_count,2qbr_2qbr_conf0,198,198,0,212.06912500097854,14.459493075730519,185.44626249517628,259.3496963229652,209.78259624789132,185.0,12.252636456294187
qwen_1p7b_fsq_bigdata_step47023_chembl_count,2v00_2v00_conf0,30,30,0,-84.56687142386413,6.933212008171864,-95.39071547261358,-60.54127535958447,-84.91720975541054,17.0,4.349022770388192
qwen_1p7b_fsq_bigdata_step47023_chembl_count,2wn9_2wn9_conf0,71,71,0,126.99274405178372,68.551237039009,82.6525560365921,401.89163399740926,104.20907387166747,34.0,4.716277221860303
qwen_1p7b_fsq_bigdata_step47023_chembl_count,2wtv_2wtv_conf0,110,110,0,63.503193187948,18.6322373693417,45.597714553989846,216.7507930764956,58.626799139460935,49.0,7.4268853558137105
qwen_1p7b_fsq_bigdata_step47023_chembl_count,2xdl_2xdl_conf0,58,58,0,92.83754896204542,116.16272940582014,32.80389391295031,676.4177602752114,51.05477207093274,29.0,3.816540946279797
qwen_1p7b_fsq_bigdata_step47023_chembl_count,2xnb_2xnb_conf0,79,79,0,79.52938309380087,10.92719715808185,63.68574059642221,113.468643513498,77.18625717347044,63.0,6.032113032164269
qwen_1p7b_fsq_bigdata_step47023_chembl_count,2yfe_2yfe_conf0,155,155,0,140.89287845908365,44.69710854230338,111.98711327145378,605.8548658263304,131.8013624925377,136.0,6.268906025140093
qwen_1p7b_fsq_bigdata_step47023_chembl_count,2ymd_2ymd_conf0,30,30,0,28.432215308759947,10.245572984243916,19.176119034316876,74.50129304001705,26.75115345019446,7.0,1.304826273888081
qwen_1p7b_fsq_bigdata_step47023_chembl_count,2zb1_2zb1_conf0,200,200,0,125.70965999309138,23.63763513995324,102.12806895082545,328.8484612183742,120.60324515364327,114.0,6.392565976294737
qwen_1p7b_fsq_bigdata_step47023_chembl_count,2zcq_2zcq_conf0,64,64,0,283.7057634750581,94.96274866529771,240.0879178548796,949.5829892118611,260.12913963162566,64.0,11.766356080929878
qwen_1p7b_fsq_bigdata_step47023_chembl_count,2zcr_2zcr_conf0,59,59,0,281.5479144210294,43.92259461276065,244.44749832655214,493.3939285759072,267.15066960745617,59.0,13.451727763760031
qwen_1p7b_fsq_bigdata_step47023_chembl_count,2zy1_2zy1_conf0,94,94,0,77.90928099322677,88.06036576925679,33.57784654856458,725.9182663196788,65.99897205458329,94.0,7.044330476575581
qwen_1p7b_fsq_bigdata_step47023_chembl_count,3aru_3aru_conf0,122,122,0,-84.70037731684205,70.99940087834115,-113.81641295110794,548.8297168808507,-99.61874237664088,81.0,8.10712832083604
qwen_1p7b_fsq_bigdata_step47023_chembl_count,3ary_3ary_conf0,3,3,0,55.19360514331382,3.8256412095502923,51.11850036197129,60.31311093436666,54.14920413360349,3.0,1.4803430846761458
qwen_1p7b_fsq_bigdata_step47023_chembl_count,3b27_3b27_conf0,9,9,0,-145.3618716735049,4.833511889205215,-151.87400129534166,-135.7489073471519,-145.02053597443614,6.0,3.308295671766289
qwen_1p7b_fsq_bigdata_step47023_chembl_count,3b5r_3b5r_conf0,191,191,0,138.40009084281195,224.07468179815982,92.21924558952907,3208.773602988101,117.85764740957873,173.0,6.968552345167815
qwen_1p7b_fsq_bigdata_step47023_chembl_count,3b65_3b65_conf0,194,194,0,128.15136868031288,19.118052920382265,102.56020682200565,297.1155866934104,124.15516495724097,164.0,6.830094910359325
qwen_1p7b_fsq_bigdata_step47023_chembl_count,3bgz_3bgz_conf0,10,10,0,83.12860253793721,4.187566456019844,78.76927427496847,90.37868119054363,81.25298209261919,3.0,1.6667172816520848
qwen_1p7b_fsq_bigdata_step47023_chembl_count,3cj4_3cj4_conf0,158,158,0,90.13427346845246,330.0020951700787,10.423258111613777,4047.986807143052,49.156029576537534,149.0,18.937794006342227
qwen_1p7b_fsq_bigdata_step47023_chembl_count,3dd0_3dd0_conf0,51,51,0,20.037132645873115,10.008807783220208,6.778408346436645,79.78843009593737,18.565923008220775,20.0,5.324388591343766
qwen_1p7b_fsq_bigdata_step47023_chembl_count,3e92_3e92_conf0,133,133,0,143.95798065485513,61.27184203384254,118.52835543966607,607.9114241389298,129.57964109142767,61.0,3.9146424921184737
qwen_1p7b_fsq_bigdata_step47023_chembl_count,3e93_3e93_conf0,200,200,0,205.68482561694537,143.60323105150454,151.65410383968165,2063.62392953515,182.56006455462756,197.0,8.517300832454065
qwen_1p7b_fsq_bigdata_step47023_chembl_count,3ehy_3ehy_conf0,23,23,0,94.63721696755061,70.30807543548084,37.78652303695959,313.457767800364,66.05132172354368,15.0,7.450622081459128
qwen_1p7b_fsq_bigdata_step47023_chembl_count,3fcq_3fcq_conf0,2,2,0,139.62701996970753,0.8316970152197456,138.79532295448777,140.45871698492726,139.62701996970753,2.0,2.6500494705644435
qwen_1p7b_fsq_bigdata_step47023_chembl_count,3fur_3fur_conf0,84,84,0,74.50384262559156,79.05879473638265,39.06710185384619,734.6313575710515,58.7334335217258,84.0,13.76501167636996
qwen_1p7b_fsq_bigdata_step47023_chembl_count,3g2z_3g2z_conf0,6,6,0,31.384392410761915,11.10007606530084,23.048341487629074,55.85772624290379,27.59710688934497,4.0,1.7732032099746022
qwen_1p7b_fsq_bigdata_step47023_chembl_count,3g31_3g31_conf0,2,2,0,64.21870669911283,5.529394666739101,58.68931203237372,69.74810136585192,64.21870669911283,2.0,2.809070709491781
qwen_1p7b_fsq_bigdata_step47023_chembl_count,3gy4_3gy4_conf0,1,1,0,-9.01838771616428,0.0,-9.01838771616428,-9.01838771616428,-9.01838771616428,1.0,0.0
qwen_1p7b_fsq_bigdata_step47023_chembl_count,3jvs_3jvs_conf0,38,38,0,231.08975813085908,56.9533166742937,153.24212333709397,473.4238977987662,220.51497485283835,12.0,9.056260618324592
qwen_1p7b_fsq_bigdata_step47023_chembl_count,3k5v_3k5v_conf0,200,200,0,4.896053069187397,8.478507602121054,-9.792532163136634,44.88223829200785,3.4486788259449916,174.0,4.906393298582231
qwen_1p7b_fsq_bigdata_step47023_chembl_count,3kgp_3kgp_conf0,1,1,0,-8.862329741253337,0.0,-8.862329741253337,-8.862329741253337,-8.862329741253337,1.0,0.0
qwen_1p7b_fsq_bigdata_step47023_chembl_count,3lka_3lka_conf0,4,4,0,-42.11415818742974,4.930767969344477,-47.764296285224404,-34.9504379374864,-42.87094926350407,3.0,1.632113521802795
qwen_1p7b_fsq_bigdata_step47023_chembl_count,3nx7_3nx7_conf0,103,103,0,97.48326426550173,32.050467638205696,68.66238032516677,374.02024155105835,90.65276067487787,100.0,10.609458683127668
qwen_1p7b_fsq_bigdata_step47023_chembl_count,3pxf_3pxf_conf0,6,6,0,108.56264217380927,20.24472356823936,91.24384786274562,150.87964544728197,100.60828161916541,4.0,14.686016734153917
qwen_1p7b_fsq_bigdata_step47023_chembl_count,3qqs_3qqs_conf0,7,7,0,163.97252962515176,13.455497901842381,147.55895854357124,193.20395093224573,161.83591119240282,5.0,13.050891710852692
qwen_1p7b_fsq_bigdata_step47023_chembl_count,3rlr_3rlr_conf0,7,7,0,70.92685140218128,15.813831003389833,57.53972341122086,106.43494209443602,65.1989320065729,5.0,11.214419391446787
qwen_1p7b_fsq_bigdata_step47023_chembl_count,3rsx_3rsx_conf0,4,4,0,0.00573397952220045,1.9163061048817218,-1.6902116103335239,3.2264898528116746,-0.7566711621946745,2.0,0.4083512578122925
qwen_1p7b_fsq_bigdata_step47023_chembl_count,3ryj_3ryj_conf0,80,80,0,0.25619549290657007,6.4062415529704575,-10.756853150123103,20.399342043124808,-1.0257173879645247,20.0,4.368222521508208
qwen_1p7b_fsq_bigdata_step47023_chembl_count,3syr_3syr_conf0,106,106,0,84.85160569798387,17.674574559926953,57.61688020553057,167.23164538525515,81.56503607466348,57.0,9.867001510658069
qwen_1p7b_fsq_bigdata_step47023_chembl_count,3twp_3twp_conf0,1,1,0,24.011281402236012,0.0,24.011281402236012,24.011281402236012,24.011281402236012,1.0,0.0
qwen_1p7b_fsq_bigdata_step47023_chembl_count,3u5j_3u5j_conf0,2,2,0,127.16602468003319,15.521068146617466,111.64495653341572,142.68709282665066,127.16602468003319,1.0,0.7658158464077687
qwen_1p7b_fsq_bigdata_step47023_chembl_count,3u8n_3u8n_conf0,197,197,0,137.14351289756462,13.310272801905118,116.2246653512813,268.33652644879106,138.0445577767806,28.0,4.7369647107521935
qwen_1p7b_fsq_bigdata_step47023_chembl_count,3uo4_3uo4_conf0,26,26,0,30.28298693737856,37.02320387726414,4.040422200767281,208.22786759562473,20.628700826604355,25.0,6.0072923049927285
qwen_1p7b_fsq_bigdata_step47023_chembl_count,3up2_3up2_conf0,41,41,0,6.788242864252805,9.865671003570501,-7.1864355493779755,30.88537374669385,4.5754005511743046,38.0,5.765569504961378
qwen_1p7b_fsq_bigdata_step47023_chembl_count,3wtj_3wtj_conf0,52,52,0,-22.366091860161152,8.117404269766777,-28.250008319307085,23.151209171375527,-24.410999871851768,21.0,3.825335164242407
qwen_1p7b_fsq_bigdata_step47023_chembl_count,3zdg_3zdg_conf0,190,190,0,31.02960258378389,71.45951943260253,-23.995243205842264,430.3644445976164,7.56555399066073,114.0,14.05054963119181
qwen_1p7b_fsq_bigdata_step47023_chembl_count,4ddh_4ddh_conf0,2,2,0,61.0747825001873,2.314841834842472,58.75994066534483,63.38962433502977,61.0747825001873,1.0,0.6709902245619439
qwen_1p7b_fsq_bigdata_step47023_chembl_count,4ddk_4ddk_conf0,1,1,0,41.04212435027553,0.0,41.04212435027553,41.04212435027553,41.04212435027553,1.0,0.0
qwen_1p7b_fsq_bigdata_step47023_chembl_count,4eor_4eor_conf0,200,200,0,-45.895226198080834,13.022524105825344,-67.52551524069207,2.4030935989352784,-48.185733718731676,186.0,5.375746902219252
qwen_1p7b_fsq_bigdata_step47023_chembl_count,4f09_4f09_conf0,2,2,0,72.70285963122875,2.1632730444775206,70.53958658675123,74.86613267570627,72.70285963122875,1.0,1.0031099585182304
qwen_1p7b_fsq_bigdata_step47023_chembl_count,4f2w_4f2w_conf0,200,200,0,-20.525295101630853,3.839737982126689,-28.901015638525664,0.3768942387429135,-21.58656571303606,21.0,1.5983640442700222
qwen_1p7b_fsq_bigdata_step47023_chembl_count,4f9w_4f9w_conf0,4,4,0,92.82174091070007,1.0330609238080177,91.50258511658802,94.37616955519432,92.70410448550896,4.0,1.0934096914615354
qwen_1p7b_fsq_bigdata_step47023_chembl_count,4hge_4hge_conf0,36,36,0,137.13017706492622,14.91396098736616,115.1907491230344,178.26564987009306,135.29584319105584,23.0,11.325975285640068
qwen_1p7b_fsq_bigdata_step47023_chembl_count,4j21_4j21_conf0,3,3,0,39.866664129740876,8.175304366369447,29.633611769801174,49.64332783699663,40.32305278242481,2.0,2.0139328671886285
qwen_1p7b_fsq_bigdata_step47023_chembl_count,4j3l_4j3l_conf0,114,114,0,62.9975614534658,18.02285370460348,43.52099322383483,119.44015175966013,55.958357748502586,66.0,4.53313832423246
qwen_1p7b_fsq_bigdata_step47023_chembl_count,4jsz_4jsz_conf0,2,2,0,-53.2689241608489,0.7357435917544883,-54.00466775260338,-52.533180569094405,-53.2689241608489,2.0,0.8479201341147835
qwen_1p7b_fsq_bigdata_step47023_chembl_count,4jxs_4jxs_conf0,28,28,0,51.90532501915793,31.536882138987743,7.068106882012216,135.71432697251555,43.45892891608331,24.0,20.705921657587087
qwen_1p7b_fsq_bigdata_step47023_chembl_count,4k18_4k18_conf0,109,109,0,131.26725398037462,14.397834522641222,113.39597233314203,217.17858520486638,127.08585241480881,74.0,7.395376025675509
qwen_1p7b_fsq_bigdata_step47023_chembl_count,4k77_4k77_conf0,5,5,0,30.35029606832085,25.3996160567883,12.37748795944496,79.51799301356988,15.865451286919466,3.0,8.297116169190376
qwen_1p7b_fsq_bigdata_step47023_chembl_count,4kzq_4kzq_conf0,6,6,0,50.777555934895865,1.3130506777305886,49.017733849110535,52.45400060529448,50.808427528355466,2.0,0.7332268541757965
qwen_1p7b_fsq_bigdata_step47023_chembl_count,4kzu_4kzu_conf0,3,3,0,56.880031139681726,1.9037951014508887,55.196643296189364,59.541424956671406,55.90202516618441,2.0,1.0652155873992626
qwen_1p7b_fsq_bigdata_step47023_chembl_count,4llx_4llx_conf0,1,1,0,-85.73549649509582,0.0,-85.73549649509582,-85.73549649509582,-85.73549649509582,1.0,0.0
qwen_1p7b_fsq_bigdata_step47023_chembl_count,4lzs_4lzs_conf0,12,12,0,29.431299744146372,33.98588634334377,9.681023581652486,129.0712464108601,15.263060825080895,10.0,3.208216044628841
qwen_1p7b_fsq_bigdata_step47023_chembl_count,4mgd_4mgd_conf0,24,24,0,158.27824243004872,172.95662379011685,83.30230412767666,958.7110445802839,109.29659273049559,8.0,13.547358356312335
qwen_1p7b_fsq_bigdata_step47023_chembl_count,4ogj_4ogj_conf0,49,49,0,26.148294044427335,113.38907036756966,-41.7382278173057,684.3131344054644,-1.678206354074561,49.0,10.238883472735155
qwen_1p7b_fsq_bigdata_step47023_chembl_count,5c28_5c28_conf0,2,2,0,-12.362704428714686,0.12129949814910646,-12.484003926863792,-12.24140493056558,-12.362704428714686,1.0,0.0182965227747118
qwen_1p7b_fsq_bigdata_step47023_chembl_count,5c2h_5c2h_conf0,81,81,0,-14.166937680939318,42.69438011918965,-44.32537825931347,236.34712283649097,-28.56104208243341,81.0,10.089296856916723
chembl3d_gt_pb,1bcu_1bcu_conf0,1,1,0,39.13777003450323,0.0,39.13777003450323,39.13777003450323,39.13777003450323,1.0,0.0
chembl3d_gt_pb,1c5z_1c5z_conf0,1,1,0,3.077829723044916,0.0,3.077829723044916,3.077829723044916,3.077829723044916,1.0,0.0
chembl3d_gt_pb,1lpg_1lpg_conf0,193,193,0,103.07241647395321,12.126005626958195,81.24082271135102,135.67435126503779,102.26243388493586,88.0,7.7655419020935295
chembl3d_gt_pb,1mq6_1mq6_conf0,12,12,0,-18.42925378775692,3.4944040395704037,-26.802647684081407,-13.647981647661979,-18.09426855261416,9.0,2.9072653790882144
chembl3d_gt_pb,1nc3_1nc3_conf0,196,196,0,64.51167463037277,2.1866426382025423,59.49441523051779,74.2497456214627,64.06483412800846,10.0,3.495005955271967
chembl3d_gt_pb,1o3f_1o3f_conf0,31,31,0,53.93323819415072,18.099719019012884,49.22859900509048,151.41521745047802,49.6565187809004,9.0,1.467126595664218
chembl3d_gt_pb,1o5b_1o5b_conf0,1,1,0,-4.9592522690402205,0.0,-4.9592522690402205,-4.9592522690402205,-4.9592522690402205,1.0,0.0
chembl3d_gt_pb,1owh_1owh_conf0,12,12,0,50.10606956790554,1.2967431298936531,47.926681622256055,52.698458350497546,50.02236731181,8.0,0.7178961808173726
chembl3d_gt_pb,1p1n_1p1n_conf0,23,23,0,34.674939010035686,12.760761487065668,12.317350338399581,46.18055357155326,40.253395113263,5.0,13.288210298711538
chembl3d_gt_pb,1pxn_1pxn_conf0,200,200,0,-77.7887242543799,2.6399118001115083,-82.47135446303479,-68.84735216890803,-78.15968023728189,21.0,2.208163769328749
chembl3d_gt_pb,1sqa_1sqa_conf0,200,200,0,-0.8075479968063912,2.344503976351089,-5.844062181493101,3.988601602908055,-0.5358444574540577,43.0,1.8415122458841269
chembl3d_gt_pb,1uto_1uto_conf0,7,7,0,33.69441821098096,2.0310389835553444,32.39735142540855,38.166495545984624,32.540701659472035,2.0,2.334129016674623
chembl3d_gt_pb,1yc1_1yc1_conf0,168,168,0,34.96624830866585,3.65982328036906,27.731353835125674,41.31770764050787,35.19071829050331,33.0,8.208898440265765
chembl3d_gt_pb,1ydr_1ydr_conf0,16,16,0,81.63748859182942,4.460712747161605,73.47087603646189,88.84370982014141,81.5601764105572,9.0,3.635881854578365
chembl3d_gt_pb,1ydt_1ydt_conf0,140,140,0,11.738316382606714,8.87245806280832,2.947360988453479,35.02329967770763,7.781793690417774,54.0,5.423979496127175
chembl3d_gt_pb,1z6e_1z6e_conf0,200,200,0,129.878147183909,4.0090092050076045,121.58914820285739,139.4837909163532,129.42415964988908,77.0,2.197173732233837
chembl3d_gt_pb,1z95_1z95_conf0,198,198,0,78.86348662329816,8.641442502776583,66.76647058415595,95.5366842111132,74.22311592691509,62.0,4.5624438256623785
chembl3d_gt_pb,1z9g_1z9g_conf0,199,199,0,22.352546063730507,4.444301963598012,14.469723711244207,32.19769456215158,22.859693444585105,22.0,5.387044451902922
chembl3d_gt_pb,2br1_2br1_conf0,200,200,0,46.304416501702306,2.542500101168852,40.82443711239583,54.462902453599526,46.37367995530706,27.0,1.7133587676173023
chembl3d_gt_pb,2brb_2brb_conf0,200,200,0,29.996749631574026,2.3525298409029274,25.376109116854757,38.11635208651889,30.30581080778635,19.0,2.4011486250032728
chembl3d_gt_pb,2c3i_2c3i_conf0,200,200,0,69.29883462693817,3.309023538506563,63.66314779936614,78.113398615961,69.18034098372603,46.0,1.9210821398256168
chembl3d_gt_pb,2fvd_2fvd_conf0,200,200,0,-94.27334504321686,3.8799277731593405,-101.89702403304975,-86.48611325047045,-94.77141232363438,53.0,0.6879289497434041
chembl3d_gt_pb,2hb1_2hb1_conf0,38,38,0,138.08179025769834,3.1326748566066227,135.5941639983749,151.200234072061,137.6105678164928,6.0,3.1125603314998984
chembl3d_gt_pb,2p4y_2p4y_conf0,174,174,0,180.65740614424874,4.669943387804395,169.81577307476405,191.2963539152779,181.70459977746415,47.0,4.667041310108165
chembl3d_gt_pb,2pog_2pog_conf0,10,10,0,51.975913446343135,4.892948716193595,46.84320398481536,61.36102256699366,50.05866495025008,3.0,2.898400826007537
chembl3d_gt_pb,2qbp_2qbp_conf0,200,200,0,155.54343943491492,2.9848951264603496,151.5816569251162,160.4445095032832,154.19427341264225,62.0,2.5644044501116694
chembl3d_gt_pb,2qbq_2qbq_conf0,200,200,0,206.73752774009338,1.4881459868689648,203.24505185193513,210.31225465737802,206.75946650108534,48.0,1.0304251856455102
chembl3d_gt_pb,2qbr_2qbr_conf0,200,200,0,179.45969202071475,0.6900302209978424,177.83437257190226,180.61006572565188,179.36012810817485,31.0,0.8025154929249837
chembl3d_gt_pb,2v00_2v00_conf0,30,30,0,-95.40304366242444,2.300074523936106,-98.30653019749808,-91.87971063439804,-95.55268623886991,14.0,2.127493225595084
chembl3d_gt_pb,2wn9_2wn9_conf0,71,71,0,85.48047700452578,3.5114972325309033,80.61476248521161,96.23484278361539,84.48119395016633,17.0,1.660150702117424
chembl3d_gt_pb,2wtv_2wtv_conf0,110,110,0,45.69437417580703,1.9659409458271602,43.59936977024521,52.23204926007983,45.68661005546745,8.0,1.7861166451437007
chembl3d_gt_pb,2xdl_2xdl_conf0,58,58,0,33.456062082096544,3.1900580215480487,26.495270873575112,42.28916564680736,33.17961514759449,13.0,3.7361614661207057
chembl3d_gt_pb,2xnb_2xnb_conf0,79,79,0,64.281249433594,4.727497197615603,56.10529890723583,77.22083649382259,63.66446929891044,46.0,1.6666866906658546
chembl3d_gt_pb,2yfe_2yfe_conf0,155,155,0,121.93998724694545,5.521912400426031,111.69278228042371,137.73494363103867,121.97790430891007,51.0,2.5662362515243027
chembl3d_gt_pb,2ymd_2ymd_conf0,30,30,0,21.427829960607596,3.343397057963646,17.846699675310234,29.53579924249476,20.052950330222167,5.0,3.3095791067829
chembl3d_gt_pb,2zb1_2zb1_conf0,200,200,0,102.0497627914837,1.2399739484797394,99.02113598759401,104.41433803308081,101.79683067936529,38.0,0.8522531740103682
chembl3d_gt_pb,2zcq_2zcq_conf0,67,67,0,227.15887720465565,4.969874046733803,219.6121141025244,238.0857961046276,229.42544563097871,22.0,4.56640213886266
chembl3d_gt_pb,2zcr_2zcr_conf0,60,60,0,235.20262632082532,7.981796471807818,225.55370084078692,244.33474458701835,238.46721628055667,25.0,7.771301229633186
chembl3d_gt_pb,2zy1_2zy1_conf0,94,94,0,32.53286958426778,4.287809241476993,26.177013339238435,43.008211446353826,31.923533078634406,48.0,3.765816242227025
chembl3d_gt_pb,3aru_3aru_conf0,124,124,0,-112.56301400859746,1.2511402317325002,-114.49739694945326,-108.32439044810269,-112.71821003654581,59.0,0.766369734975024
chembl3d_gt_pb,3ary_3ary_conf0,3,3,0,72.50974947302778,3.403864935513634,67.86795002303222,75.93505770412489,73.72624069192624,2.0,3.318777937684078
chembl3d_gt_pb,3b27_3b27_conf0,9,9,0,-154.3076354334773,0.9675366438515789,-155.72447104245435,-152.6446339880465,-154.0723766624594,8.0,0.8710095730636919
chembl3d_gt_pb,3b5r_3b5r_conf0,200,200,0,96.85024911116547,7.073947363615148,87.02028567351783,118.85653340947653,95.0822805116681,46.0,3.0360447474877934
chembl3d_gt_pb,3b65_3b65_conf0,200,200,0,106.00299452969487,6.3033300834835195,95.34380461500841,125.5759565964395,105.25134692068539,34.0,3.371038965893601
chembl3d_gt_pb,3bgz_3bgz_conf0,10,10,0,73.71297365282906,0.8754013495291167,73.13580202929377,75.48075516766895,73.35791081870931,2.0,0.916450709899111
chembl3d_gt_pb,3cj4_3cj4_conf0,199,199,0,18.15986069044447,4.9019496624761025,3.096271054382342,35.219240104307765,17.94674911944023,63.0,4.989482181106746
chembl3d_gt_pb,3dd0_3dd0_conf0,51,51,0,16.445977914269985,3.9289754923211713,9.051465096920918,23.91963042893102,15.592136586354503,10.0,3.482654084279784
chembl3d_gt_pb,3e92_3e92_conf0,134,134,0,113.53193218873626,3.4260911640040232,110.40107200147973,121.77114957790033,112.00813363363392,25.0,1.8397342815259212
chembl3d_gt_pb,3e93_3e93_conf0,200,200,0,139.48631519729787,1.6107830611844092,135.74826077302873,143.01792910398052,139.4202831833434,96.0,1.4279422931695709
chembl3d_gt_pb,3ehy_3ehy_conf0,25,25,0,54.49507644952566,4.114597608289037,46.18245393829494,62.18703344002273,55.8885841614567,8.0,7.554167783060056
chembl3d_gt_pb,3fcq_3fcq_conf0,2,2,0,52.55495733375942,1.0729009480676126,51.482056385691806,53.62785828182703,52.55495733375942,1.0,1.1513517400804574
chembl3d_gt_pb,3fur_3fur_conf0,86,86,0,35.93834752968334,1.1970949773147541,33.47810471723696,39.07710480949343,35.72146541165648,39.0,1.6057753275612017
chembl3d_gt_pb,3g2z_3g2z_conf0,6,6,0,16.28860516418894,0.8671354702663951,14.494508806095332,17.011629936227937,16.531163666394907,2.0,0.558022782953166
chembl3d_gt_pb,3g31_3g31_conf0,2,2,0,39.82349006280613,0.04599660050032739,39.7774934623058,39.86948666330645,39.82349006280613,2.0,0.0294216610555224
chembl3d_gt_pb,3gy4_3gy4_conf0,1,1,0,-4.825843760213488,0.0,-4.825843760213488,-4.825843760213488,-4.825843760213488,1.0,0.0
chembl3d_gt_pb,3jvs_3jvs_conf0,40,40,0,139.9639297181389,6.238327828728436,131.66807966834432,153.83688484961297,138.47715528236472,22.0,0.7252518224918938
chembl3d_gt_pb,3k5v_3k5v_conf0,200,200,0,-4.804569482166307,0.9214141982702199,-6.358254016626439,-3.237523299829782,-4.669751812677298,32.0,0.8915004976638526
chembl3d_gt_pb,3kgp_3kgp_conf0,1,1,0,-9.933321397828141,0.0,-9.933321397828141,-9.933321397828141,-9.933321397828141,1.0,0.0
chembl3d_gt_pb,3lka_3lka_conf0,4,4,0,-38.86281026136269,5.421506807983648,-46.83935498425092,-32.118086032376986,-38.24690001441142,4.0,5.142763216496006
chembl3d_gt_pb,3nx7_3nx7_conf0,111,111,0,62.47601621895759,2.5399004872309816,57.19601757538131,67.47099375545196,62.184794727262414,19.0,5.185548206538491
chembl3d_gt_pb,3pxf_3pxf_conf0,7,7,0,87.58931488181473,0.5119496457709055,86.38920990183105,87.97908602840707,87.84471051662695,2.0,0.1831419577778346
chembl3d_gt_pb,3qqs_3qqs_conf0,7,7,0,150.91782045539645,12.55361874976697,140.9196957482861,173.52529148437822,143.31406887570338,5.0,8.718083792913045
chembl3d_gt_pb,3rlr_3rlr_conf0,9,9,0,56.905403559637115,3.477330337033633,53.76470969647552,65.56300426092335,55.84246968516456,3.0,0.8977381031959629
chembl3d_gt_pb,3rsx_3rsx_conf0,4,4,0,-0.20369409545198014,0.028336371667011747,-0.2334518716613978,-0.1653165281292317,-0.20800399100864553,2.0,0.0254207574052067
chembl3d_gt_pb,3ryj_3ryj_conf0,81,81,0,-10.955963548053315,3.541977166399568,-14.754169414289608,-3.3014199243763134,-10.35849661696383,16.0,3.647052760621611
chembl3d_gt_pb,3syr_3syr_conf0,122,122,0,45.6128909095434,2.2289138730317917,40.97642153725363,50.3093991962928,46.00240459283077,2.0,3.3516212415602444
chembl3d_gt_pb,3twp_3twp_conf0,1,1,0,19.244201020117025,0.0,19.244201020117025,19.244201020117025,19.244201020117025,1.0,0.0
chembl3d_gt_pb,3u5j_3u5j_conf0,2,2,0,100.47956319473909,0.7371853050893904,99.74237788964969,101.21674849982847,100.47956319473909,2.0,0.0176661261601722
chembl3d_gt_pb,3u8n_3u8n_conf0,197,197,0,121.21072121421345,3.9329103006358945,111.88450052876361,131.18864138300003,121.22220176960896,29.0,2.556271021512842
chembl3d_gt_pb,3uo4_3uo4_conf0,26,26,0,9.812359961854533,5.521693990815553,2.263309088590205,20.960417934460516,10.327662915620238,17.0,4.30522445308068
chembl3d_gt_pb,3up2_3up2_conf0,43,43,0,-8.681835883287837,4.303305191904446,-15.893986303740974,1.4135333718834886,-9.712466566306261,34.0,3.53762657761781
chembl3d_gt_pb,3wtj_3wtj_conf0,52,52,0,-28.656115648749243,0.9925018874031359,-30.236155802873505,-25.998331879467454,-28.764239492296035,11.0,0.8709266460973126
chembl3d_gt_pb,3zdg_3zdg_conf0,199,199,0,-22.663664639040146,3.209354815339657,-34.924331163698504,-12.277731871410678,-22.755081691669286,25.0,2.1490615898086105
chembl3d_gt_pb,4ddh_4ddh_conf0,2,2,0,61.19927219407502,0.2284252274501597,60.97084696662486,61.42769742152518,61.19927219407502,2.0,0.1215624679188529
chembl3d_gt_pb,4ddk_4ddk_conf0,1,1,0,38.49527315174295,0.0,38.49527315174295,38.49527315174295,38.49527315174295,1.0,0.0
chembl3d_gt_pb,4eor_4eor_conf0,200,200,0,-69.66388393001894,2.6160007579457027,-74.9184034539204,-64.81249774890728,-69.41561723137296,49.0,0.6754820562564597
chembl3d_gt_pb,4f09_4f09_conf0,2,2,0,72.74141004802746,0.36219833307725224,72.3792117149502,73.1036083811047,72.74141004802746,1.0,0.4299380865498783
chembl3d_gt_pb,4f2w_4f2w_conf0,200,200,0,-33.645135848503884,2.3888120116395783,-38.24067734367837,-25.385375328453204,-34.05096466538435,35.0,3.2528619714097693
chembl3d_gt_pb,4f9w_4f9w_conf0,4,4,0,97.72960221172565,0.3287811480480964,97.38905897692825,98.23651437631449,97.64641774682994,2.0,0.2525955834556627
chembl3d_gt_pb,4hge_4hge_conf0,36,36,0,115.83677805159108,9.345767608078653,99.57668644044112,136.6872824173513,116.36847873584351,22.0,8.524654791002577
chembl3d_gt_pb,4j21_4j21_conf0,3,3,0,28.78972860526896,0.4392014905600911,28.170857337811636,29.144942942584933,29.053385535410303,3.0,0.3972271053837571
chembl3d_gt_pb,4j3l_4j3l_conf0,114,114,0,45.24061674959367,4.061189911053148,37.684162016179855,53.66290822322568,45.08840805875009,54.0,2.5055365051045317
chembl3d_gt_pb,4jsz_4jsz_conf0,2,2,0,-46.700585092519226,2.351497762279955,-49.05208285479918,-44.34908733023927,-46.700585092519226,2.0,1.716506248844457
chembl3d_gt_pb,4jxs_4jxs_conf0,32,32,0,9.311522372764559,13.678515153365172,-5.065110024703291,39.79704680336964,5.841145349480609,12.0,4.989808153515157
chembl3d_gt_pb,4k18_4k18_conf0,109,109,0,118.33496090148547,7.530298657997306,106.92273068291301,129.0749565426288,122.44509133172448,34.0,8.724925567004139
chembl3d_gt_pb,4k77_4k77_conf0,5,5,0,12.602412455123396,2.531409031650173,10.410270155280912,16.896167573300406,10.82941229547213,4.0,1.539960306379198
chembl3d_gt_pb,4kzq_4kzq_conf0,6,6,0,47.838773077171105,0.38622588712179534,47.3741901759563,48.50601675507743,47.88338429595019,1.0,0.2213464478261513
chembl3d_gt_pb,4kzu_4kzu_conf0,3,3,0,55.1908710121535,0.5514706279905345,54.797752767074336,55.97075964221334,54.804100627172836,1.0,0.4045436578119846
chembl3d_gt_pb,4llx_4llx_conf0,1,1,0,-88.3993347298941,0.0,-88.3993347298941,-88.3993347298941,-88.3993347298941,1.0,0.0
chembl3d_gt_pb,4lzs_4lzs_conf0,12,12,0,13.291077022260469,3.504778539983025,7.941295885576097,21.553340770484258,12.892313195527198,8.0,2.2073578120671176
chembl3d_gt_pb,4mgd_4mgd_conf0,24,24,0,78.42485390115064,0.36960783621868804,77.83634536095111,79.04465587613606,78.46167192153754,2.0,0.1110128281768392
chembl3d_gt_pb,4ogj_4ogj_conf0,54,54,0,-51.43187579991733,10.795481134838361,-70.8584602894251,-20.026584018958673,-51.73653999481696,38.0,6.635623421975245
chembl3d_gt_pb,5c28_5c28_conf0,2,2,0,-14.580323307138723,0.4673095434077901,-15.047632850546513,-14.113013763730933,-14.580323307138723,2.0,0.2256082976016244
chembl3d_gt_pb,5c2h_5c2h_conf0,85,85,0,-43.1357387095324,2.738827929118892,-49.85479494065756,-34.73765556710512,-42.98440050490236,58.0,2.356965631963192
