fingerprint,method,mol_id,n_candidates,n_retained,sdf,sdf_sha256,n_rmsd_failed
d57c601fd1b700ba8a53f7e49b486c01c073888f997f598ae5a1898ff23894b5,rdkit_random_raw_fixed,1bcu_1bcu_conf0,1000,1000,/mnt/weka/mbedrosian/pharma_generation_analysis/core_pb_full_dynamic_chembl_count/generation/rdkit_random_raw_fixed/1bcu_1bcu_conf0.sdf,f04c0762c94191075b82c077154cac0499e66bbed0032acd8a8829958c410bd9,0
d8e68296cd4e234b77d53119294030c9043d79f11187bf057d73dfa859c0f3f5,rdkit_random_raw_fixed,1c5z_1c5z_conf0,1000,1000,/mnt/weka/mbedrosian/pharma_generation_analysis/core_pb_full_dynamic_chembl_count/generation/rdkit_random_raw_fixed/1c5z_1c5z_conf0.sdf,d0148684b828566a6a7a404a7a0fac79ebecf7f2fb6b99c03c06de6bad6bcb7a,0
a5d5114a6046e7a85eaeb425c912aacb3ca595a3e5dede9952dfd7e8fc5abf84,rdkit_random_raw_fixed,1lpg_1lpg_conf0,1000,1000,/mnt/weka/mbedrosian/pharma_generation_analysis/core_pb_full_dynamic_chembl_count/generation/rdkit_random_raw_fixed/1lpg_1lpg_conf0.sdf,ac0d511cf44a25e09dbe9e5d16ed5cdd00e5ba8f89d7771e017bfc618c1b50bb,0
fd2093ddf2d7ee14e754ae5ef0f5c58d310668948227c200d9a5cd8deb453eeb,rdkit_random_raw_fixed,1mq6_1mq6_conf0,1000,1000,/mnt/weka/mbedrosian/pharma_generation_analysis/core_pb_full_dynamic_chembl_count/generation/rdkit_random_raw_fixed/1mq6_1mq6_conf0.sdf,d0b29a5b3d4841d7fcb98de18cafbc623497ec5a26cfa00dd7aac3e1c2a7aa65,0
08ec9018c85d3e8d84f07b023300dba5719ae7a9a5b01837d65bb5fa39708079,rdkit_random_raw_fixed,1nc3_1nc3_conf0,1000,1000,/mnt/weka/mbedrosian/pharma_generation_analysis/core_pb_full_dynamic_chembl_count/generation/rdkit_random_raw_fixed/1nc3_1nc3_conf0.sdf,fb6689e4d208220075df0c5d0f06a74935ca26d511741dc2463d4d18a65a076e,0
792d68ab868f89f0240fded714f616ef40f6e484b5ecda37a10e399c45c2a1a3,rdkit_random_raw_fixed,1o3f_1o3f_conf0,1000,1000,/mnt/weka/mbedrosian/pharma_generation_analysis/core_pb_full_dynamic_chembl_count/generation/rdkit_random_raw_fixed/1o3f_1o3f_conf0.sdf,48296d79b7498405b6e7b0d2233d079269f907acbcf8c617ce1a5b72851476d3,0
4918aa3359634e9512ea8f1b70aa696ae28714ae9502ed60015dc1876699fc23,rdkit_random_raw_fixed,1o5b_1o5b_conf0,1000,1000,/mnt/weka/mbedrosian/pharma_generation_analysis/core_pb_full_dynamic_chembl_count/generation/rdkit_random_raw_fixed/1o5b_1o5b_conf0.sdf,88862c2e08ce3119280ac84b9cd2739345f7026e945ace6424fadc22aaa8d6f7,0
8ac70963b9d322767fbc2f99839570d0a68880f4427d14bdadc24c77ecf5fd13,rdkit_random_raw_fixed,1owh_1owh_conf0,1000,1000,/mnt/weka/mbedrosian/pharma_generation_analysis/core_pb_full_dynamic_chembl_count/generation/rdkit_random_raw_fixed/1owh_1owh_conf0.sdf,7f9ab9aefe090b5d3e68063a0fa8859e6c45251446ae75a3ab5ef7efd6639059,0
10d397092ee37679d23f45e81a2d7b67b0f8dfb8e03b7ef8be2bea9c50fa234a,rdkit_random_raw_fixed,1p1n_1p1n_conf0,1000,1000,/mnt/weka/mbedrosian/pharma_generation_analysis/core_pb_full_dynamic_chembl_count/generation/rdkit_random_raw_fixed/1p1n_1p1n_conf0.sdf,e0356130d6dfea3b7b403329fe7d2154d3cedfb0834b486acdcf6674c01622fa,0
5216dc087abc8ef7826e042c9b3e8248c4f2b844de3f1167b3a0a0dfd2162309,rdkit_random_raw_fixed,1pxn_1pxn_conf0,1000,1000,/mnt/weka/mbedrosian/pharma_generation_analysis/core_pb_full_dynamic_chembl_count/generation/rdkit_random_raw_fixed/1pxn_1pxn_conf0.sdf,c191c695ec9d9261d979a5939bbd16e883c62002f4c3087dcdbc7be0041622fa,0
7ccb2cc0831ec80300a69922fb3bb8afc281d7bff01c46f2a60ca393924e1499,rdkit_random_raw_fixed,1sqa_1sqa_conf0,1000,1000,/mnt/weka/mbedrosian/pharma_generation_analysis/core_pb_full_dynamic_chembl_count/generation/rdkit_random_raw_fixed/1sqa_1sqa_conf0.sdf,dc480b2be543d95b2e9d6719dab9940ac46f2e16cd6f825e0fbdcfa9a8866c78,0
1e600c1f44c33369635437167952209592bf9d3609870e40fddce5ebc83a7649,rdkit_random_raw_fixed,1uto_1uto_conf0,1000,1000,/mnt/weka/mbedrosian/pharma_generation_analysis/core_pb_full_dynamic_chembl_count/generation/rdkit_random_raw_fixed/1uto_1uto_conf0.sdf,0fb63d6752a118f046d5e690cc0f4e9aca59497b5569b1df3a315303583fc2fa,0
5588238d2960c7e16c752e803d342d7be29b4ac43d4ad683fea441843f98f527,rdkit_random_raw_fixed,1yc1_1yc1_conf0,1000,1000,/mnt/weka/mbedrosian/pharma_generation_analysis/core_pb_full_dynamic_chembl_count/generation/rdkit_random_raw_fixed/1yc1_1yc1_conf0.sdf,e783cb0882b2efe511a1a3a22e1b8b88cadbfbbdb28f3ea5a67f4f409adbd28a,0
de931cc8f2ff6106f3562ec7b2aff9d2fbaace5e2372eb921397da5d10018231,rdkit_random_raw_fixed,1ydr_1ydr_conf0,1000,1000,/mnt/weka/mbedrosian/pharma_generation_analysis/core_pb_full_dynamic_chembl_count/generation/rdkit_random_raw_fixed/1ydr_1ydr_conf0.sdf,949536606c60dcfb0628e878f06106e8d26c5e18ace2587885faf96dd01fd1c7,0
f42c7cd79541f1510a7c38514c5ac9eeb9e8c2f88cf0837485d6efcbb3075de4,rdkit_random_raw_fixed,1ydt_1ydt_conf0,1000,998,/mnt/weka/mbedrosian/pharma_generation_analysis/core_pb_full_dynamic_chembl_count/generation/rdkit_random_raw_fixed/1ydt_1ydt_conf0.sdf,296629890aed9e2926154dd04b4bb1f5edd512c0bf49e532420ed3cbda0b316f,0
4954c623aa9fe604f49c38fb9e18c3af14722d7780463b904f993f3ba1a8dacc,rdkit_random_raw_fixed,1z6e_1z6e_conf0,1000,1000,/mnt/weka/mbedrosian/pharma_generation_analysis/core_pb_full_dynamic_chembl_count/generation/rdkit_random_raw_fixed/1z6e_1z6e_conf0.sdf,a490a699e852edcfe8ff5c21890dd062f7b9a1ba09f6bfb0d4f391da1d1a282d,0
71b3b05bc882955429f3ca6689c39f06f1790ef1109c50d3718fbded531b241d,rdkit_random_raw_fixed,1z95_1z95_conf0,1000,1000,/mnt/weka/mbedrosian/pharma_generation_analysis/core_pb_full_dynamic_chembl_count/generation/rdkit_random_raw_fixed/1z95_1z95_conf0.sdf,b1bd8192363ba8e0a3a3fa0636dd091793dcbe07d52fc1df4d937295c8bfad73,0
fff03d7508ec9e6588789b4ef27e765fe5cb4839c729f924d5008c34bfeb1435,rdkit_random_raw_fixed,1z9g_1z9g_conf0,1000,1000,/mnt/weka/mbedrosian/pharma_generation_analysis/core_pb_full_dynamic_chembl_count/generation/rdkit_random_raw_fixed/1z9g_1z9g_conf0.sdf,0971e5a741b5208e5668ce2d5b1073e9e8bef3aa7a91f5171aec5daaafd657ee,0
c6baf9e65d9a9e59335a850f8ac64ec944ae8b049fd788172002628a823f60e1,rdkit_random_raw_fixed,2br1_2br1_conf0,1000,999,/mnt/weka/mbedrosian/pharma_generation_analysis/core_pb_full_dynamic_chembl_count/generation/rdkit_random_raw_fixed/2br1_2br1_conf0.sdf,23c6853ee1de4b5d47a9c2b92fa4fe5ee25f78b1947ccb138660f3b603c1e12c,0
3ca34223051698f1712fd16b9339848dde5822e08979227af0d406f07bc18e37,rdkit_random_raw_fixed,2brb_2brb_conf0,1000,1000,/mnt/weka/mbedrosian/pharma_generation_analysis/core_pb_full_dynamic_chembl_count/generation/rdkit_random_raw_fixed/2brb_2brb_conf0.sdf,5ab2310f1848a54202ad257e1e566945ff4195526d9d1df2b06431a32131896e,0
4118c09b239dca9f272e44af738c3ba453012cd9013e1d562f28ecdd909d5b5a,rdkit_random_raw_fixed,2c3i_2c3i_conf0,1000,1000,/mnt/weka/mbedrosian/pharma_generation_analysis/core_pb_full_dynamic_chembl_count/generation/rdkit_random_raw_fixed/2c3i_2c3i_conf0.sdf,0a6ecd2dac6a35fd7168e4d1557a065a330cf56625349a21724153f8d48b220e,0
856396b0e517922f0cb4e0b249b62bde9df081dbeabb66d2e5498b07ced9edc1,rdkit_random_raw_fixed,2fvd_2fvd_conf0,1000,1000,/mnt/weka/mbedrosian/pharma_generation_analysis/core_pb_full_dynamic_chembl_count/generation/rdkit_random_raw_fixed/2fvd_2fvd_conf0.sdf,74979eb2edbd508680d80e00bbf68b37dd93923eec52337db91277e3ca4a823b,0
3e39b5a00629d929e6f8097600b844af8028a90dfe0a0a9a8540d65e3201281a,rdkit_random_raw_fixed,2hb1_2hb1_conf0,1000,1000,/mnt/weka/mbedrosian/pharma_generation_analysis/core_pb_full_dynamic_chembl_count/generation/rdkit_random_raw_fixed/2hb1_2hb1_conf0.sdf,633b07856104a553a9709f9a69de836949e14b7a9d07350af6db8d5ee3a59fd9,0
98083f84c89fabdb3746f70918a519e4f40a16e21787beab3a569fce89eab8e9,rdkit_random_raw_fixed,2p4y_2p4y_conf0,1000,1000,/mnt/weka/mbedrosian/pharma_generation_analysis/core_pb_full_dynamic_chembl_count/generation/rdkit_random_raw_fixed/2p4y_2p4y_conf0.sdf,061dd7e887be2644a3ace6b06215099f19bce3098929d9fae48df6ce7a7b5656,0
5e515411a08f7ca00dbcb060319c35059fcfdf2dfc6d4fc23669c336e4ab7136,rdkit_random_raw_fixed,2pog_2pog_conf0,1000,1000,/mnt/weka/mbedrosian/pharma_generation_analysis/core_pb_full_dynamic_chembl_count/generation/rdkit_random_raw_fixed/2pog_2pog_conf0.sdf,4a79483c8c5c2a9b12f9c605bac95192268126d60183a296619bcf45956f5059,0
03bd9e68a1c96597b9a8b57fccde982dba38c889d152ff3d7034b3affc36effa,rdkit_random_raw_fixed,2qbp_2qbp_conf0,1000,1000,/mnt/weka/mbedrosian/pharma_generation_analysis/core_pb_full_dynamic_chembl_count/generation/rdkit_random_raw_fixed/2qbp_2qbp_conf0.sdf,b7c2ce3f3256ea3cbb62af78cdf96c3fdedea1d2a81788f8e1f08ee7e310f431,0
a283da3ffb87c488a7c96b6577a1b0ff117dd5d8222cfc0ca26d083ca239a4a3,rdkit_random_raw_fixed,2qbq_2qbq_conf0,1000,1000,/mnt/weka/mbedrosian/pharma_generation_analysis/core_pb_full_dynamic_chembl_count/generation/rdkit_random_raw_fixed/2qbq_2qbq_conf0.sdf,374d637396bbb98c72766191b1a22fe85b19e0f6003756b2d9cbf2d0383f68bc,0
ac1e0f4f168d1cb88612b7315cb4a759a76c0bbde8849f4032f4eced64e39527,rdkit_random_raw_fixed,2qbr_2qbr_conf0,1000,1000,/mnt/weka/mbedrosian/pharma_generation_analysis/core_pb_full_dynamic_chembl_count/generation/rdkit_random_raw_fixed/2qbr_2qbr_conf0.sdf,3e0ac9db81d2978e1472680955eb811459ad3058863bc26baaac229be5f95b29,0
f8114b1503d59c30a23dbf872bb214f5a33e9d7a0619730cfc352f1bbdc86d67,rdkit_random_raw_fixed,2v00_2v00_conf0,1000,1000,/mnt/weka/mbedrosian/pharma_generation_analysis/core_pb_full_dynamic_chembl_count/generation/rdkit_random_raw_fixed/2v00_2v00_conf0.sdf,ce8efde8364078465479250cc40a22ae4eb90fdd33e54872407880d4d0f75fb6,0
7a46cb83c4faeb338f132de22382914efdbd302804797b452dec120eaa83cbf7,rdkit_random_raw_fixed,2wn9_2wn9_conf0,1000,999,/mnt/weka/mbedrosian/pharma_generation_analysis/core_pb_full_dynamic_chembl_count/generation/rdkit_random_raw_fixed/2wn9_2wn9_conf0.sdf,1f04f0c88346a1373e98cf3c67e89b1b28b4cee9a8862bc7b59ce1ce7de5353e,0
835e9008d45962a1a7d1f3fbd64e421685ce2d459539b41bbacc0a4352706f2d,rdkit_random_raw_fixed,2wtv_2wtv_conf0,1000,1000,/mnt/weka/mbedrosian/pharma_generation_analysis/core_pb_full_dynamic_chembl_count/generation/rdkit_random_raw_fixed/2wtv_2wtv_conf0.sdf,f580343b60c27930360cb7d6351f53ab8c0e4201b18ca52e01f4ddf6a9da2bd8,0
78ac544d0f6d17ed11199442b28a13071635b7736d3d0d7ba3cfb347115203a3,rdkit_random_raw_fixed,2xdl_2xdl_conf0,1000,1000,/mnt/weka/mbedrosian/pharma_generation_analysis/core_pb_full_dynamic_chembl_count/generation/rdkit_random_raw_fixed/2xdl_2xdl_conf0.sdf,1e1120ad875638d2c5dbc7e12103f84aed64f9aa6eb68eec738095b5836dc382,0
b356ad3eeb93c96bbea4d79b28847bc52486d9f6c90bdc7501b8cb40e94ad331,rdkit_random_raw_fixed,2xnb_2xnb_conf0,1000,1000,/mnt/weka/mbedrosian/pharma_generation_analysis/core_pb_full_dynamic_chembl_count/generation/rdkit_random_raw_fixed/2xnb_2xnb_conf0.sdf,9b4f37183e527b552c5b9494923511c1d768ca99f8bcad5ed0248a127ff9e54a,0
fc57b43ecbc30e5640bf97cb7626c7c0154efbcfcef66f5aca7c77f1f71e9eab,rdkit_random_raw_fixed,2yfe_2yfe_conf0,1000,999,/mnt/weka/mbedrosian/pharma_generation_analysis/core_pb_full_dynamic_chembl_count/generation/rdkit_random_raw_fixed/2yfe_2yfe_conf0.sdf,272de2624c5dfe9e8cb01a639d204c0e4e82dd37bda6a0dc6e666139365ba240,0
5137667b115d9efd9cd22ab2dffe1f046bef78bd7f3991bfe9ccc54f0079d6e7,rdkit_random_raw_fixed,2ymd_2ymd_conf0,1000,1000,/mnt/weka/mbedrosian/pharma_generation_analysis/core_pb_full_dynamic_chembl_count/generation/rdkit_random_raw_fixed/2ymd_2ymd_conf0.sdf,3ced18b0694a4007d0be1225fd830397d11f5945836ee0362dc88a5c572fd171,0
7e1aea6818101c1640405d1b5d954e4d9db69435a0d11b4cc434dae57296874f,rdkit_random_raw_fixed,2zb1_2zb1_conf0,1000,1000,/mnt/weka/mbedrosian/pharma_generation_analysis/core_pb_full_dynamic_chembl_count/generation/rdkit_random_raw_fixed/2zb1_2zb1_conf0.sdf,738787258a651bc1b6082da894f819a0d2dc96545b5fe4c7e963a0c5bc6d6fce,0
03345a8d3896060c3e6f94c19feb867359c8d61f463d1def65d81aa3d64812bf,rdkit_random_raw_fixed,2zcq_2zcq_conf0,1000,1000,/mnt/weka/mbedrosian/pharma_generation_analysis/core_pb_full_dynamic_chembl_count/generation/rdkit_random_raw_fixed/2zcq_2zcq_conf0.sdf,fe713379ce6e0c6bdfb6eee03f4c449993b63ee90460ad377b83352998160c41,0
dbb701215184a607697b5e38fceea1b6a9d20b607c408d0d1aee923afd740135,rdkit_random_raw_fixed,2zcr_2zcr_conf0,1000,1000,/mnt/weka/mbedrosian/pharma_generation_analysis/core_pb_full_dynamic_chembl_count/generation/rdkit_random_raw_fixed/2zcr_2zcr_conf0.sdf,b167e89f4dcbc9551df08465cb0b0dff9f5c5bbb8eaaf6f6dd5c047781253fa0,0
9cf2d00c2f42744d76ee475dab3e43bfc827494eb8447e789513f8afb0d87e1f,rdkit_random_raw_fixed,2zy1_2zy1_conf0,1000,1000,/mnt/weka/mbedrosian/pharma_generation_analysis/core_pb_full_dynamic_chembl_count/generation/rdkit_random_raw_fixed/2zy1_2zy1_conf0.sdf,2678c627c953e7d1e2530be961296eced10c01a9de4006b5a7403009cc84931d,0
f4c8aea8f649f6afae9d623eed32d6c2c1e8620789f57932f89344fdc12d37ad,rdkit_random_raw_fixed,3aru_3aru_conf0,1000,1000,/mnt/weka/mbedrosian/pharma_generation_analysis/core_pb_full_dynamic_chembl_count/generation/rdkit_random_raw_fixed/3aru_3aru_conf0.sdf,561cd57b1b70ebbc12d48b46809ab5c1a4496085bfabe76f50df601d9c2f8ac1,0
3a2b8116b368b1d0018604ffb3368d3820ed0df91eb804f223cfe931276a068a,rdkit_random_raw_fixed,3ary_3ary_conf0,1000,1000,/mnt/weka/mbedrosian/pharma_generation_analysis/core_pb_full_dynamic_chembl_count/generation/rdkit_random_raw_fixed/3ary_3ary_conf0.sdf,3653bb0a5ca1651353c5eab20f06fe96a34fbe15065ddb4fa2d819951f66b83f,0
69baa7b3c510d1b0c905af1e699aad1cfd31a2c33da05ac2a248653a0dd4edb2,rdkit_random_raw_fixed,3b27_3b27_conf0,1000,1000,/mnt/weka/mbedrosian/pharma_generation_analysis/core_pb_full_dynamic_chembl_count/generation/rdkit_random_raw_fixed/3b27_3b27_conf0.sdf,81aec30cfca6e08e312a3cf87b5d6db075fbb992692a0a7283e13bdca358997e,0
e89bd469b075522ff7f6c5c9b96c94d169d8d2ebf055a89509e23b4a1a08e0fd,rdkit_random_raw_fixed,3b5r_3b5r_conf0,1000,1000,/mnt/weka/mbedrosian/pharma_generation_analysis/core_pb_full_dynamic_chembl_count/generation/rdkit_random_raw_fixed/3b5r_3b5r_conf0.sdf,226ce8e0ae7571f7547369d8d4a65ad4a6fd40f9c7149ad54a83079a7935bada,0
b5d8624670208a457a7531262e727e2f7472c789a7557ee62a68a13231990943,rdkit_random_raw_fixed,3b65_3b65_conf0,1000,1000,/mnt/weka/mbedrosian/pharma_generation_analysis/core_pb_full_dynamic_chembl_count/generation/rdkit_random_raw_fixed/3b65_3b65_conf0.sdf,9a17bd2f37a52d414c75fb6b834bb8e038f8a30e94d9f43c243cfcca7394275d,0
899600a8da774585ac6cb9ebb0680ec306a88479a0cfdea6e1d377810bec6751,rdkit_random_raw_fixed,3bgz_3bgz_conf0,1000,1000,/mnt/weka/mbedrosian/pharma_generation_analysis/core_pb_full_dynamic_chembl_count/generation/rdkit_random_raw_fixed/3bgz_3bgz_conf0.sdf,05b1d2d4c9de15e9c04cc24f773b66a2de7c3fc1741db2b7aab02f23eba6b95f,0
a49c9ea9846ceaa5293dc88b14551dffac80b9ec1b1e7a2d0166b85dbfc32df0,rdkit_random_raw_fixed,3cj4_3cj4_conf0,1000,1000,/mnt/weka/mbedrosian/pharma_generation_analysis/core_pb_full_dynamic_chembl_count/generation/rdkit_random_raw_fixed/3cj4_3cj4_conf0.sdf,d222aa0f01c76d2c7aba008f96109d2aaef5a2cf26821d5bb4e377b189e9bc2e,0
8182fce4ebfef810438e1a0a3a7231a27f4b49b77dc193e33edad2a5ba95ae4a,rdkit_random_raw_fixed,3dd0_3dd0_conf0,1000,1000,/mnt/weka/mbedrosian/pharma_generation_analysis/core_pb_full_dynamic_chembl_count/generation/rdkit_random_raw_fixed/3dd0_3dd0_conf0.sdf,13a5114d2ca6046529a720cd3d7688a9ec59de19bdc8611442b8577bf24c20b5,0
ef8f5db521da17a644e556a436f14ef5ff3fb76c51d9713edb821676a8db05a3,rdkit_random_raw_fixed,3e92_3e92_conf0,1000,1000,/mnt/weka/mbedrosian/pharma_generation_analysis/core_pb_full_dynamic_chembl_count/generation/rdkit_random_raw_fixed/3e92_3e92_conf0.sdf,975da9867c8d24b718e42430e2e00fabec918058c94945ee5f869fa5b924a564,0
3a3513e7edd8a4b5df49b1af1986cb6fc2a47f7b68a02ed4b3f67f8a5786dd02,rdkit_random_raw_fixed,3e93_3e93_conf0,1000,1000,/mnt/weka/mbedrosian/pharma_generation_analysis/core_pb_full_dynamic_chembl_count/generation/rdkit_random_raw_fixed/3e93_3e93_conf0.sdf,1aeeee1f5ff01b2cc01c6b441168840ecd5fec1befd55591a33ed462304442c3,0
ebc021409f95dd772d1a0691890cfb6d62695894d440f7d2912161a29a20a73a,rdkit_random_raw_fixed,3ehy_3ehy_conf0,1000,1000,/mnt/weka/mbedrosian/pharma_generation_analysis/core_pb_full_dynamic_chembl_count/generation/rdkit_random_raw_fixed/3ehy_3ehy_conf0.sdf,152c704576ccbc0f014addc607b553ced7fa932ac3cb0d0c0b4486479b69ed64,0
1d30b70014e0a3f32e6a4934a6decc2d65d4704d1a9824f8a5f99e361ae375a6,rdkit_random_raw_fixed,3fcq_3fcq_conf0,1000,1000,/mnt/weka/mbedrosian/pharma_generation_analysis/core_pb_full_dynamic_chembl_count/generation/rdkit_random_raw_fixed/3fcq_3fcq_conf0.sdf,4883ffd433de2a545f9b822e57a0ce689c6e5c38c0a12071d3d37d29d32bcad8,0
d73373641c9ad04cef1eee20486ec65142b6eb829ca9a71adfa1f1c438323b95,rdkit_random_raw_fixed,3fur_3fur_conf0,1000,1000,/mnt/weka/mbedrosian/pharma_generation_analysis/core_pb_full_dynamic_chembl_count/generation/rdkit_random_raw_fixed/3fur_3fur_conf0.sdf,62a3cafa99be0cae84ac597b19425c3e8381c1b89a535fc08526f63de7e0b293,0
e28b96aa23f43915a9f7edb7cacb37c93c6634825fe665821bed1272b737e7de,rdkit_random_raw_fixed,3g2z_3g2z_conf0,1000,1000,/mnt/weka/mbedrosian/pharma_generation_analysis/core_pb_full_dynamic_chembl_count/generation/rdkit_random_raw_fixed/3g2z_3g2z_conf0.sdf,1506126c2f0dfd9f21d45fb0a32c0e80f6fb085d449d7c221090fe2a4a70014b,0
7c90afb2ed3485ad28dfa9674e941e86a5946a70bbece89216895aa098463175,rdkit_random_raw_fixed,3g31_3g31_conf0,1000,1000,/mnt/weka/mbedrosian/pharma_generation_analysis/core_pb_full_dynamic_chembl_count/generation/rdkit_random_raw_fixed/3g31_3g31_conf0.sdf,5db9e3a3bcc0606cca4befd277dd4db1dd2abd0c6dd0d8c954179d03981a03c6,0
a2dcc871a3a32bbd9bcc85d36a1fd5a9e214a9d3a91ecde955e8b1f7eb278736,rdkit_random_raw_fixed,3gy4_3gy4_conf0,1000,1000,/mnt/weka/mbedrosian/pharma_generation_analysis/core_pb_full_dynamic_chembl_count/generation/rdkit_random_raw_fixed/3gy4_3gy4_conf0.sdf,5cdb9d44904ff2a4df1c8fbceb91338bf4abdb3f9aed88db4ade7179407270fd,0
5b152bec1eca2db2e0ad7487dced60610681ead0d5a71fe495a35945b2940f2c,rdkit_random_raw_fixed,3jvs_3jvs_conf0,1000,1000,/mnt/weka/mbedrosian/pharma_generation_analysis/core_pb_full_dynamic_chembl_count/generation/rdkit_random_raw_fixed/3jvs_3jvs_conf0.sdf,bfb03e4c0df6566e22e0bb12dc6f584f4ce68ed98f886d48c1403b5891f04938,0
000b611eb0662ac28be9c5ca28f57c7126a88d68edcfa2d6378e4eac26d8a7c1,rdkit_random_raw_fixed,3k5v_3k5v_conf0,1000,1000,/mnt/weka/mbedrosian/pharma_generation_analysis/core_pb_full_dynamic_chembl_count/generation/rdkit_random_raw_fixed/3k5v_3k5v_conf0.sdf,7c8df15caa1e5aa3b2e44254858747442da1f5cdac1f1760cf3a7d24de33ee23,0
152497498b0879367c1277d87b4c7f68e7a9bc817926f3a9856449b30db64f80,rdkit_random_raw_fixed,3kgp_3kgp_conf0,1000,1000,/mnt/weka/mbedrosian/pharma_generation_analysis/core_pb_full_dynamic_chembl_count/generation/rdkit_random_raw_fixed/3kgp_3kgp_conf0.sdf,b8c5151ce69ef0f3f76e1e3d80ecfbb75b2a7e6d16f7766b8bbc59c6016c2832,0
807faa981144ae6e990ecac15246be8b98b914b48b7b2f25214c57a5f9747330,rdkit_random_raw_fixed,3lka_3lka_conf0,1000,1000,/mnt/weka/mbedrosian/pharma_generation_analysis/core_pb_full_dynamic_chembl_count/generation/rdkit_random_raw_fixed/3lka_3lka_conf0.sdf,9247a072e7a0e58774608445e0b67eb566c314c852d12d7802950c24a43859e0,0
a4161bd41243d84da3884f5c8ae9023fd028cf0d16146971f3ad5d89a8caa679,rdkit_random_raw_fixed,3nx7_3nx7_conf0,1000,1000,/mnt/weka/mbedrosian/pharma_generation_analysis/core_pb_full_dynamic_chembl_count/generation/rdkit_random_raw_fixed/3nx7_3nx7_conf0.sdf,5c4f8d92a182bb22525945c46fab90884f1e1b0b09e372400e81826a38f3fbee,0
4ae0c7d679dbb336a10c054245066d0c18312daff4aa086b83c2ea7e1cb607ae,rdkit_random_raw_fixed,3pxf_3pxf_conf0,1000,1000,/mnt/weka/mbedrosian/pharma_generation_analysis/core_pb_full_dynamic_chembl_count/generation/rdkit_random_raw_fixed/3pxf_3pxf_conf0.sdf,3a9a8cd37ff2cb80499a3a7858fae508e0b578e56f4825e3293e6516706a7c52,0
21634aec5c966989d35668c570b58e16d73c22d9f2eaef966d76cf5bb8bb66ab,rdkit_random_raw_fixed,3qqs_3qqs_conf0,1000,1000,/mnt/weka/mbedrosian/pharma_generation_analysis/core_pb_full_dynamic_chembl_count/generation/rdkit_random_raw_fixed/3qqs_3qqs_conf0.sdf,1ea73cffd55c4f5242edfd0824b275a1d92889ccef87c4f1865951a5e0ca9326,0
5b09a5a7239f097a23ce28572f7262e553527bd57984546210eadf25f8332c53,rdkit_random_raw_fixed,3rlr_3rlr_conf0,1000,1000,/mnt/weka/mbedrosian/pharma_generation_analysis/core_pb_full_dynamic_chembl_count/generation/rdkit_random_raw_fixed/3rlr_3rlr_conf0.sdf,ef8b8859cd9c2f60ffab596379d4f6ff69e6206cab274d4261a97fb3f0a29f08,0
5c8f1cef6d39e5ad433f66f2e2e0d260cd55ad535a5c8086bb8a06e40f073a4c,rdkit_random_raw_fixed,3rsx_3rsx_conf0,1000,1000,/mnt/weka/mbedrosian/pharma_generation_analysis/core_pb_full_dynamic_chembl_count/generation/rdkit_random_raw_fixed/3rsx_3rsx_conf0.sdf,01725c4d4e698c30d106dd24d23d40486269dcf09b6c80ff378254d34b4f3303,0
9d47fd8904fb9f6ba2c69770e9e29e59267f544a251be82468da44e272bb61df,rdkit_random_raw_fixed,3ryj_3ryj_conf0,1000,1000,/mnt/weka/mbedrosian/pharma_generation_analysis/core_pb_full_dynamic_chembl_count/generation/rdkit_random_raw_fixed/3ryj_3ryj_conf0.sdf,cc9c38ea9a9818ee20dbb7a117878ff76ddc77a7f2c00b98172abdaf419a6c38,0
f89fc5a7eba6b3ad6938eb397aa79d72533cf9a79c5d7d5c875a8eeedc479fee,rdkit_random_raw_fixed,3syr_3syr_conf0,1000,1000,/mnt/weka/mbedrosian/pharma_generation_analysis/core_pb_full_dynamic_chembl_count/generation/rdkit_random_raw_fixed/3syr_3syr_conf0.sdf,30d0cc429da444d872f487fe495f787328976152cf35451ac39eba5554e2beb8,0
b74eac7394d95a13a9359b483b7a866a19332208d45a6af249bffb2b244fd9b7,rdkit_random_raw_fixed,3twp_3twp_conf0,1000,1000,/mnt/weka/mbedrosian/pharma_generation_analysis/core_pb_full_dynamic_chembl_count/generation/rdkit_random_raw_fixed/3twp_3twp_conf0.sdf,1e04fc5026e392d8a94b6dc2284684920eb6290efef97729204a0a16bb08de19,0
8b748339cec2ac505fe1af5960446a13b7d4d71645479d5b0d2f6413c43b5deb,rdkit_random_raw_fixed,3u5j_3u5j_conf0,1000,1000,/mnt/weka/mbedrosian/pharma_generation_analysis/core_pb_full_dynamic_chembl_count/generation/rdkit_random_raw_fixed/3u5j_3u5j_conf0.sdf,69ee5a74e4db60d1633de3e74ad887422a7f557b47d7c93b3f43816fecba57a3,0
a13e44f756dfbc20b119a89722e8182dc3bed4e0df1f986f8c65a47983abe5cc,rdkit_random_raw_fixed,3u8n_3u8n_conf0,1000,1000,/mnt/weka/mbedrosian/pharma_generation_analysis/core_pb_full_dynamic_chembl_count/generation/rdkit_random_raw_fixed/3u8n_3u8n_conf0.sdf,be6a083bd93c56cb93d8c63ae62875c5d897d2b6c97109712a242d23d6454729,0
2300f80722adcf84bfdf7f5194f2824b4157303dcb0a30cc59925d1f5e3648fd,rdkit_random_raw_fixed,3uo4_3uo4_conf0,1000,1000,/mnt/weka/mbedrosian/pharma_generation_analysis/core_pb_full_dynamic_chembl_count/generation/rdkit_random_raw_fixed/3uo4_3uo4_conf0.sdf,fb3228660e6b90cee69de99917c6b6dfb1c28fdc788ea8092f553cda9fd8311b,0
6465861663c1253d5c508dcfbd83b25872906ef62cef524abc7d526b1557b726,rdkit_random_raw_fixed,3up2_3up2_conf0,1000,1000,/mnt/weka/mbedrosian/pharma_generation_analysis/core_pb_full_dynamic_chembl_count/generation/rdkit_random_raw_fixed/3up2_3up2_conf0.sdf,4a45cd8bf7f23c1d698809d9cecc1c8642b3bc63974310a78be1e2a85199a9f9,0
8648fce8c14dffc2640656d57d660ecbd804cca8ba5b62eee92abbec60c6d9b7,rdkit_random_raw_fixed,3wtj_3wtj_conf0,1000,1000,/mnt/weka/mbedrosian/pharma_generation_analysis/core_pb_full_dynamic_chembl_count/generation/rdkit_random_raw_fixed/3wtj_3wtj_conf0.sdf,8f46527a5a5575433fb660f270529a20fbb161d3638dcb0899182b4846566362,0
948cd138f991def71dfc8385728de7de0b812b6fd9dc82282268d53a740de0eb,rdkit_random_raw_fixed,3zdg_3zdg_conf0,1000,1000,/mnt/weka/mbedrosian/pharma_generation_analysis/core_pb_full_dynamic_chembl_count/generation/rdkit_random_raw_fixed/3zdg_3zdg_conf0.sdf,59ade38088edaf205cca280854ed9531a7c4feaf5c0d670685d6d9840225c1f6,0
a32a80ba7080be4e26dc78d91699dffb2506926cfce80f09a28c65124e5f4b49,rdkit_random_raw_fixed,4ddh_4ddh_conf0,1000,1000,/mnt/weka/mbedrosian/pharma_generation_analysis/core_pb_full_dynamic_chembl_count/generation/rdkit_random_raw_fixed/4ddh_4ddh_conf0.sdf,09dc917ee38095e748ad641119ee16c6b8bf2291f4dc4a33f6b9863b23f2e8df,0
20ca12b595de12db82e976caa243115834133433afe1f04dea876ec285a02353,rdkit_random_raw_fixed,4ddk_4ddk_conf0,1000,1000,/mnt/weka/mbedrosian/pharma_generation_analysis/core_pb_full_dynamic_chembl_count/generation/rdkit_random_raw_fixed/4ddk_4ddk_conf0.sdf,b283abc9863d9ee9fa567918b19b6850a618745a5d834683ed480064260cfe8c,0
5f63c82ccf7fe32b8777eae76559c4844c46112f5d3e016b1fd530aea54198d8,rdkit_random_raw_fixed,4eor_4eor_conf0,1000,1000,/mnt/weka/mbedrosian/pharma_generation_analysis/core_pb_full_dynamic_chembl_count/generation/rdkit_random_raw_fixed/4eor_4eor_conf0.sdf,001ce5f59b61f4a68c7f71dbccb9522533a9d3bc7d3896edc128f85e5eac8520,0
dc658c00964a03c9189b41870c10a5c952b92f3bab2e00c457642a3984374d59,rdkit_random_raw_fixed,4f09_4f09_conf0,1000,1000,/mnt/weka/mbedrosian/pharma_generation_analysis/core_pb_full_dynamic_chembl_count/generation/rdkit_random_raw_fixed/4f09_4f09_conf0.sdf,6d13a3b424f5853457919e025b5654093f8381442d191763236eb49fc8175b7d,0
4e7caab164828191f2718c591be9b98580ab5a286402a5a478fc2cdecdf22768,rdkit_random_raw_fixed,4f2w_4f2w_conf0,1000,1000,/mnt/weka/mbedrosian/pharma_generation_analysis/core_pb_full_dynamic_chembl_count/generation/rdkit_random_raw_fixed/4f2w_4f2w_conf0.sdf,b46041dd21d6d0d325c10464849055ac37b1a28d35a17806827d9dc67798c1a5,0
da91468936e1250b6968f2d9e4006b633ebd652a077c522fc0053ba573e09589,rdkit_random_raw_fixed,4f9w_4f9w_conf0,1000,1000,/mnt/weka/mbedrosian/pharma_generation_analysis/core_pb_full_dynamic_chembl_count/generation/rdkit_random_raw_fixed/4f9w_4f9w_conf0.sdf,865bb3c1fa59e2c4b98218d6a5100e8ba9c9e3a8cd3b306a5d009f0df649df43,0
059b6b81bba3b1113fb056bd341e05a2dd521174df66e98e14d7a7f65e5e64ee,rdkit_random_raw_fixed,4hge_4hge_conf0,1000,1000,/mnt/weka/mbedrosian/pharma_generation_analysis/core_pb_full_dynamic_chembl_count/generation/rdkit_random_raw_fixed/4hge_4hge_conf0.sdf,97c3cf6fec55fafd14188b502544ad32f7bff0668bdbab65902e6907318a92e8,0
0993dcc0b1279c3af3b5ae8fdc67c9a52f20cd03f116893ce9a22c03993e717a,rdkit_random_raw_fixed,4j21_4j21_conf0,1000,1000,/mnt/weka/mbedrosian/pharma_generation_analysis/core_pb_full_dynamic_chembl_count/generation/rdkit_random_raw_fixed/4j21_4j21_conf0.sdf,ef066430e2b0c7adaf5f653d230c79e955c02e161c2a8a9fb2b0d421123d08eb,0
93c7104e3f09e095569618526130e2c45886f07a0f0fb534f4c8def3f757a61a,rdkit_random_raw_fixed,4j3l_4j3l_conf0,1000,1000,/mnt/weka/mbedrosian/pharma_generation_analysis/core_pb_full_dynamic_chembl_count/generation/rdkit_random_raw_fixed/4j3l_4j3l_conf0.sdf,63462c8e3c68159869062743f5bdf5f43f5cf4fc7811bf879d4f7e13a0506f89,0
0441f8865c6ced8d3b78a21c200b7ae49ad61a47ecb4a4e5cdd2a0d9d8a5dc81,rdkit_random_raw_fixed,4jsz_4jsz_conf0,1000,1000,/mnt/weka/mbedrosian/pharma_generation_analysis/core_pb_full_dynamic_chembl_count/generation/rdkit_random_raw_fixed/4jsz_4jsz_conf0.sdf,d37dd5917451b477dd1b16bce2fffbb603ec09626e460778b95e7a1af39166bf,0
31691bf336aa52b818ecdac74be30984e34e354c293dc2d0bfaa6d5b0ad3b4c1,rdkit_random_raw_fixed,4jxs_4jxs_conf0,1000,1000,/mnt/weka/mbedrosian/pharma_generation_analysis/core_pb_full_dynamic_chembl_count/generation/rdkit_random_raw_fixed/4jxs_4jxs_conf0.sdf,a78721dcdc71754e13040739d8e13ce7750873727992449be28c9058015769d4,0
1b983d2998188d6bf149461cd842eff138fae8aa60feaefcd462fa9b341a81d3,rdkit_random_raw_fixed,4k18_4k18_conf0,1000,1000,/mnt/weka/mbedrosian/pharma_generation_analysis/core_pb_full_dynamic_chembl_count/generation/rdkit_random_raw_fixed/4k18_4k18_conf0.sdf,26a917349b56f9fa6ae60770395edfb848cc5491f92599552dec643a1ba64375,0
420fb74f933717febd3099cf3c57a38dea25e86579525cded95c16fb0588b697,rdkit_random_raw_fixed,4k77_4k77_conf0,1000,1000,/mnt/weka/mbedrosian/pharma_generation_analysis/core_pb_full_dynamic_chembl_count/generation/rdkit_random_raw_fixed/4k77_4k77_conf0.sdf,ddb515f5ddaea00434d967ef3ecedafb665a1533561e8b3a1f877637e7143966,0
a273edb7f4db66a9ebe93be334078ee39948bfabaa8f69624d6d002c282a2917,rdkit_random_raw_fixed,4kzq_4kzq_conf0,1000,1000,/mnt/weka/mbedrosian/pharma_generation_analysis/core_pb_full_dynamic_chembl_count/generation/rdkit_random_raw_fixed/4kzq_4kzq_conf0.sdf,906997a614e62c31471f87853b54bd4095ff1e915a63d6d5aa6ef10d173c921d,0
77f53d36a610a2547b99cf3ea32f560ee380aa27a931fea3c1e2108c9cba81f8,rdkit_random_raw_fixed,4kzu_4kzu_conf0,1000,1000,/mnt/weka/mbedrosian/pharma_generation_analysis/core_pb_full_dynamic_chembl_count/generation/rdkit_random_raw_fixed/4kzu_4kzu_conf0.sdf,85bedd9c3ef746b589bdea4bda4e3beeef8af53168c6a70db43f6a7fd931b4b2,0
35091cae2fcc791af46b6debaa370a516fa51e07316faf76931ef14d176d622f,rdkit_random_raw_fixed,4llx_4llx_conf0,1000,1000,/mnt/weka/mbedrosian/pharma_generation_analysis/core_pb_full_dynamic_chembl_count/generation/rdkit_random_raw_fixed/4llx_4llx_conf0.sdf,0482cb585459b37f559b0a610435189e3483f14083d0029ac3c9af71b77d7755,0
d3fd2ee6eb38a92a3de5103cd660aa5f9ed71bc53fe59370ec3f2144a5bb540c,rdkit_random_raw_fixed,4lzs_4lzs_conf0,1000,1000,/mnt/weka/mbedrosian/pharma_generation_analysis/core_pb_full_dynamic_chembl_count/generation/rdkit_random_raw_fixed/4lzs_4lzs_conf0.sdf,2ec11d9ba76160e05fa0a326f10d27c96dee31a9bb2c1ed0468b5c7b0ef65845,0
7199947b1a7b6bd8dbff6d44e075cbe16b571cb925faefa4a7885b29bdd20dba,rdkit_random_raw_fixed,4mgd_4mgd_conf0,1000,1000,/mnt/weka/mbedrosian/pharma_generation_analysis/core_pb_full_dynamic_chembl_count/generation/rdkit_random_raw_fixed/4mgd_4mgd_conf0.sdf,4f9de197208ead2a5cf953ddd48cef6c4f286de8db3f258841154dbfff4bbfb4,0
7eb7a8a5bed05b312a6745b7c76858d5ebce92716e9a75454b39ea2bcaf0b91e,rdkit_random_raw_fixed,4ogj_4ogj_conf0,1000,1000,/mnt/weka/mbedrosian/pharma_generation_analysis/core_pb_full_dynamic_chembl_count/generation/rdkit_random_raw_fixed/4ogj_4ogj_conf0.sdf,37283a7c4601e85cca3667aee0556bfa487718b822ac81cabf7259d860c6ec18,0
9897051079cdb054bc7e1b27d96d79ff0cb9d7a829827c27a6f4e0d73b1586eb,rdkit_random_raw_fixed,5c28_5c28_conf0,1000,1000,/mnt/weka/mbedrosian/pharma_generation_analysis/core_pb_full_dynamic_chembl_count/generation/rdkit_random_raw_fixed/5c28_5c28_conf0.sdf,72c36a75974c6c7cc04bdb340bdf16707d4a25c16b1ddf51dbefc8f7ec5510a4,0
5eb25b30e7cdfbb3e809bc74a8745ca2955c98cbe9fb6b01a88af2acf098fb42,rdkit_random_raw_fixed,5c2h_5c2h_conf0,1000,1000,/mnt/weka/mbedrosian/pharma_generation_analysis/core_pb_full_dynamic_chembl_count/generation/rdkit_random_raw_fixed/5c2h_5c2h_conf0.sdf,805c4b81394538a402e8349dd5eeed5253174ca240c7d8216fba9cfb9f9a25ff,0
46d0b270308b4cfb7d1ce3dfa549113149df945dbf8733aa697019da64f53ba3,rdkit_random_minimized_fixed,1bcu_1bcu_conf0,1000,1000,/mnt/weka/mbedrosian/pharma_generation_analysis/core_pb_full_dynamic_chembl_count/generation/rdkit_random_minimized_fixed/1bcu_1bcu_conf0.sdf,5b297126a2cb5f03c23b134bea7c8c4b6a73aeade53c93a376e9b3870ae67848,0
bc10fd1f5ef40f0e78e79a35204300e68bcf7328c6fe96c9ee228527ddc84fa2,rdkit_random_minimized_fixed,1c5z_1c5z_conf0,1000,1000,/mnt/weka/mbedrosian/pharma_generation_analysis/core_pb_full_dynamic_chembl_count/generation/rdkit_random_minimized_fixed/1c5z_1c5z_conf0.sdf,7fdb92cf570b01bb2258a7e1c66eb7b41aeb7ca7fd30a87d7f38de3ed24a21e0,0
3c116ea8ea4797a406689502b4b6220d70c0d8f9c8755d839dd81bf3047bd2b9,rdkit_random_minimized_fixed,1lpg_1lpg_conf0,1000,1000,/mnt/weka/mbedrosian/pharma_generation_analysis/core_pb_full_dynamic_chembl_count/generation/rdkit_random_minimized_fixed/1lpg_1lpg_conf0.sdf,c59af958a2c94a3051def032ee33d77b3b14a18c52c25f95c7ef430495d106ca,0
583a8e2dae44d7372a5133505af7e79950b72ef06996349e6fed516df06564b6,rdkit_random_minimized_fixed,1mq6_1mq6_conf0,1000,1000,/mnt/weka/mbedrosian/pharma_generation_analysis/core_pb_full_dynamic_chembl_count/generation/rdkit_random_minimized_fixed/1mq6_1mq6_conf0.sdf,31125afdb34915d63d004580d3b25dbbec18ab51b56cf31947e425cc356b04ea,0
68baf7509f26466d5f7fbc1d77956c3ba9a94a66ee181333fc3483ec12aa69b3,rdkit_random_minimized_fixed,1nc3_1nc3_conf0,1000,1000,/mnt/weka/mbedrosian/pharma_generation_analysis/core_pb_full_dynamic_chembl_count/generation/rdkit_random_minimized_fixed/1nc3_1nc3_conf0.sdf,6bdf158d566a10bc942a31f827b578852a1d538bef59cc4ffdc8c0b85c279de2,0
5dbe2b026da40260b0ea630bea190468f09d213f0bb62e2f9269bc9ed322a792,rdkit_random_minimized_fixed,1o3f_1o3f_conf0,1000,1000,/mnt/weka/mbedrosian/pharma_generation_analysis/core_pb_full_dynamic_chembl_count/generation/rdkit_random_minimized_fixed/1o3f_1o3f_conf0.sdf,215fc888683d0c6bb6d03a5e2ab3577c68199775e365b704299523346975a4f7,0
cf5d39beab22ffcf4102b5aaf755c31291dacd0f79d42acdc15e7b16a4938ae7,rdkit_random_minimized_fixed,1o5b_1o5b_conf0,1000,1000,/mnt/weka/mbedrosian/pharma_generation_analysis/core_pb_full_dynamic_chembl_count/generation/rdkit_random_minimized_fixed/1o5b_1o5b_conf0.sdf,13499e35d0c29ee13114d47f84b059410b68c5d5bdf7aa94d45535066bd07af3,0
927521625256a704e4e3f6824136abf23cca4555c3276d9f8e4792340643e113,rdkit_random_minimized_fixed,1owh_1owh_conf0,1000,1000,/mnt/weka/mbedrosian/pharma_generation_analysis/core_pb_full_dynamic_chembl_count/generation/rdkit_random_minimized_fixed/1owh_1owh_conf0.sdf,55cc9b899be7e1a25da3313b21793a1540556c1af63a471cf23a597524e197dd,0
8e34f8f199d717e24cf1954375f82dc8f96b425df2c4b605955cae054f6a01ef,rdkit_random_minimized_fixed,1p1n_1p1n_conf0,1000,1000,/mnt/weka/mbedrosian/pharma_generation_analysis/core_pb_full_dynamic_chembl_count/generation/rdkit_random_minimized_fixed/1p1n_1p1n_conf0.sdf,feb756ae1c24949f3da54d2569750379eed56906f5ec300d243bbdfe5f52b8bf,0
eab1350b8d070229aac0f78ba75d6181196a67f55ea74ae6c36a94c9755863f0,rdkit_random_minimized_fixed,1pxn_1pxn_conf0,1000,1000,/mnt/weka/mbedrosian/pharma_generation_analysis/core_pb_full_dynamic_chembl_count/generation/rdkit_random_minimized_fixed/1pxn_1pxn_conf0.sdf,234a4b46363d63a7c89f11993c5a944c4be0ac30f3bd86099974849da7a34c54,0
d5234259300699ad160029c517d39aad02f4461e7398d69c64c1b0a84eea9885,rdkit_random_minimized_fixed,1sqa_1sqa_conf0,1000,1000,/mnt/weka/mbedrosian/pharma_generation_analysis/core_pb_full_dynamic_chembl_count/generation/rdkit_random_minimized_fixed/1sqa_1sqa_conf0.sdf,5d672d9c7d9c95f680243e7038de5191d9de8513367ffe9777e3b021e4e9bed0,0
86ec47b118cca9119c153f3b333b239a5d349d7ecff1c6d438006b9f33e2da26,rdkit_random_minimized_fixed,1uto_1uto_conf0,1000,1000,/mnt/weka/mbedrosian/pharma_generation_analysis/core_pb_full_dynamic_chembl_count/generation/rdkit_random_minimized_fixed/1uto_1uto_conf0.sdf,3a52b6a6b84b3b4d2606c382d9676c3d466d69d5918a89d45abe58b5c3002d2d,0
025648f60433888b834b31a72ec577520daba93135465b62376adfe46fafd880,rdkit_random_minimized_fixed,1yc1_1yc1_conf0,1000,1000,/mnt/weka/mbedrosian/pharma_generation_analysis/core_pb_full_dynamic_chembl_count/generation/rdkit_random_minimized_fixed/1yc1_1yc1_conf0.sdf,a0acdef3b8f885e2b1c28d5d8a209640927f65c33ecd6fa725e8284a8f7e4b74,0
6247f581edc3fdb2de7d8170f23f26b20b8094dc8932858e114bc322a61a775f,rdkit_random_minimized_fixed,1ydr_1ydr_conf0,1000,1000,/mnt/weka/mbedrosian/pharma_generation_analysis/core_pb_full_dynamic_chembl_count/generation/rdkit_random_minimized_fixed/1ydr_1ydr_conf0.sdf,197cb11eab3ab46118f3283bb4e3471563e9aba355e6f8624c77b486a55550b4,0
1aab863354696a4d830ca7c1a43f34d4fc3774ebcd13d634503114119ffd5616,rdkit_random_minimized_fixed,1ydt_1ydt_conf0,1000,1000,/mnt/weka/mbedrosian/pharma_generation_analysis/core_pb_full_dynamic_chembl_count/generation/rdkit_random_minimized_fixed/1ydt_1ydt_conf0.sdf,a50c4fa614f419aa462885d7ebc4d2c9fae5fc145d9e8d92e46ce54f89dd0240,0
65e43ba93bafd77b67107acd2e96b76e4c2f64fd474cb8eeabcd4b9452e97758,rdkit_random_minimized_fixed,1z6e_1z6e_conf0,1000,1000,/mnt/weka/mbedrosian/pharma_generation_analysis/core_pb_full_dynamic_chembl_count/generation/rdkit_random_minimized_fixed/1z6e_1z6e_conf0.sdf,6beca545567396e99119b9c4d9cb3d7cdc43d8616f4fa09643249f44c06be342,0
d9c82bde86c20a58722251be9862159520ec17be9fa8396c8b2d35f0d3f2e41d,rdkit_random_minimized_fixed,1z95_1z95_conf0,1000,1000,/mnt/weka/mbedrosian/pharma_generation_analysis/core_pb_full_dynamic_chembl_count/generation/rdkit_random_minimized_fixed/1z95_1z95_conf0.sdf,31510ef8b019a0d5333177a3cd068155b5beb9a622dd4ec20da4241ff7679f61,0
ed9159d76e3453f73758e4ffb5228717e40db9d7a5b1d53d8668b69aad95e1e5,rdkit_random_minimized_fixed,1z9g_1z9g_conf0,1000,1000,/mnt/weka/mbedrosian/pharma_generation_analysis/core_pb_full_dynamic_chembl_count/generation/rdkit_random_minimized_fixed/1z9g_1z9g_conf0.sdf,217d0c2c8e045dac125c10cd76a1d3826f068632d18f8ba5a6aaf03230fafb0b,0
86d8b4286ad5b471c60e47ce57f62465127152bb4c2f704dacadaedc1bc73582,rdkit_random_minimized_fixed,2br1_2br1_conf0,1000,1000,/mnt/weka/mbedrosian/pharma_generation_analysis/core_pb_full_dynamic_chembl_count/generation/rdkit_random_minimized_fixed/2br1_2br1_conf0.sdf,80b447d8ba49c5f5ec14ae2a03915005152b1b49322e7344771aee4690d32104,0
92253a3d0e91376f3d25f86f5917d0a3a85defebeb48eaa49eb30c600b6bc703,rdkit_random_minimized_fixed,2brb_2brb_conf0,1000,1000,/mnt/weka/mbedrosian/pharma_generation_analysis/core_pb_full_dynamic_chembl_count/generation/rdkit_random_minimized_fixed/2brb_2brb_conf0.sdf,305cc3bcd5fabcbfcb6aee86dd733bcdc2aaed300827dfd734aeffa55391bf3e,0
f7f7fceea32dd4fcc68d956af104730a0ad22b0493d66821756b70e1b55298ea,rdkit_random_minimized_fixed,2c3i_2c3i_conf0,1000,1000,/mnt/weka/mbedrosian/pharma_generation_analysis/core_pb_full_dynamic_chembl_count/generation/rdkit_random_minimized_fixed/2c3i_2c3i_conf0.sdf,1bca4e9a7b860e0c987137e1a67fec1074e2dd244bc1980bf34784247f9d72f9,0
1232681613054013724c65be79db6757a77e4d7d78d64bc20eddfe7d878b5de8,rdkit_random_minimized_fixed,2fvd_2fvd_conf0,1000,1000,/mnt/weka/mbedrosian/pharma_generation_analysis/core_pb_full_dynamic_chembl_count/generation/rdkit_random_minimized_fixed/2fvd_2fvd_conf0.sdf,2286c4d4fca261a6e78c33ad4f82e31a54a2c0680af4536eb1fa2c29167b7c01,0
f01e7b6d9ca2b324b1bdaa1be4dcf760b6acfd8854c13bdef28f42d4ab93f414,rdkit_random_minimized_fixed,2hb1_2hb1_conf0,1000,1000,/mnt/weka/mbedrosian/pharma_generation_analysis/core_pb_full_dynamic_chembl_count/generation/rdkit_random_minimized_fixed/2hb1_2hb1_conf0.sdf,84c33638fc6e043926e05beac8617cf9481b8940b35546e036eb7e8e5346ce26,0
fdc960a9bd5a2b421d5d5a3f3819b067c9b752fc93c2c588d762b2c24f675ef9,rdkit_random_minimized_fixed,2p4y_2p4y_conf0,1000,1000,/mnt/weka/mbedrosian/pharma_generation_analysis/core_pb_full_dynamic_chembl_count/generation/rdkit_random_minimized_fixed/2p4y_2p4y_conf0.sdf,b50461ca12edefef01e5bf378402c23d4a257944af0dfbd4495d46d55fb48b26,0
c6faaec584034dbe4f91bdd48dc589b0f52bb1cf4668290e517045281841e74b,rdkit_random_minimized_fixed,2pog_2pog_conf0,1000,1000,/mnt/weka/mbedrosian/pharma_generation_analysis/core_pb_full_dynamic_chembl_count/generation/rdkit_random_minimized_fixed/2pog_2pog_conf0.sdf,5958ea443ec3a02abfeae87cd7cfa10395f8b37e57a07c009e636c23e8e5e9c4,0
55c18c9a576bd26c4d5156ab9f285a8d438c89830fe1ff4c45be5dcbe4b9844e,rdkit_random_minimized_fixed,2qbp_2qbp_conf0,1000,1000,/mnt/weka/mbedrosian/pharma_generation_analysis/core_pb_full_dynamic_chembl_count/generation/rdkit_random_minimized_fixed/2qbp_2qbp_conf0.sdf,1249f869d223af810df97e43cb6b908ccf72c987a16b0b4da1fe0dea544e4627,0
e24a4f558a0e07431898db68aa01ef62b069e48f42c5fce54c36adabf6bc4dd4,rdkit_random_minimized_fixed,2qbq_2qbq_conf0,1000,1000,/mnt/weka/mbedrosian/pharma_generation_analysis/core_pb_full_dynamic_chembl_count/generation/rdkit_random_minimized_fixed/2qbq_2qbq_conf0.sdf,97812ee990b58f487010097bba245fb03089eda4d5f8c770cc829f6ab5e08767,0
8b2d6a866fa2c5b39392fbb24532e4a7a305239c19c42575546e5c5df07a5797,rdkit_random_minimized_fixed,2qbr_2qbr_conf0,1000,1000,/mnt/weka/mbedrosian/pharma_generation_analysis/core_pb_full_dynamic_chembl_count/generation/rdkit_random_minimized_fixed/2qbr_2qbr_conf0.sdf,85c1585152ddb0a68abc1fa396fcd6e3ecb72343266b7d430c928e1bf326c323,0
efbcd0c675b1cc2f87c5c227e4439f571bed2b89770eda3fbdc64e13c4ced6a1,rdkit_random_minimized_fixed,2v00_2v00_conf0,1000,1000,/mnt/weka/mbedrosian/pharma_generation_analysis/core_pb_full_dynamic_chembl_count/generation/rdkit_random_minimized_fixed/2v00_2v00_conf0.sdf,9dfed1519e09142291d3eb2b8bc54fa05fb635f7270163bab39720f300a0b008,0
bc25fe9442e2f71e183ff7b82b77880f6b4cedf36cf74d632ce1ee6880619d7d,rdkit_random_minimized_fixed,2wn9_2wn9_conf0,1000,997,/mnt/weka/mbedrosian/pharma_generation_analysis/core_pb_full_dynamic_chembl_count/generation/rdkit_random_minimized_fixed/2wn9_2wn9_conf0.sdf,64e6bb4754b3a5a8d65a5970301ad0bde5685de935dfbd51a008b5a4a33d07c6,0
9c571ceb4d6a988c70a5c359b073928351e3cb77a722dfaeb447d93e2dabc101,rdkit_random_minimized_fixed,2wtv_2wtv_conf0,1000,1000,/mnt/weka/mbedrosian/pharma_generation_analysis/core_pb_full_dynamic_chembl_count/generation/rdkit_random_minimized_fixed/2wtv_2wtv_conf0.sdf,cbc1dcfb2c7283b867c5ddfdaa830431ee8f54685f3892e009520b7785a6fc8f,0
7952d229492f19652bafbd52fc6fb58d72778c27d0e5bb0e29f102fb5e828c45,rdkit_random_minimized_fixed,2xdl_2xdl_conf0,1000,1000,/mnt/weka/mbedrosian/pharma_generation_analysis/core_pb_full_dynamic_chembl_count/generation/rdkit_random_minimized_fixed/2xdl_2xdl_conf0.sdf,d79d29e1c8ec88779d8f87b96e92219eba74062801247519240d4cab371fe865,0
a6ec6016587a30335ef8cb74089f62660b1ad61f7e3136ae535ffc3d88284853,rdkit_random_minimized_fixed,2xnb_2xnb_conf0,1000,1000,/mnt/weka/mbedrosian/pharma_generation_analysis/core_pb_full_dynamic_chembl_count/generation/rdkit_random_minimized_fixed/2xnb_2xnb_conf0.sdf,0bca6e57ec45bb07ab671fc59093d3ec6c3a460154df92b765529418918a3b0b,0
addc22634b35b61e14e55b5f99b6bca149d7ce48f6be4f16a54fe0a425dd5606,rdkit_random_minimized_fixed,2yfe_2yfe_conf0,1000,1000,/mnt/weka/mbedrosian/pharma_generation_analysis/core_pb_full_dynamic_chembl_count/generation/rdkit_random_minimized_fixed/2yfe_2yfe_conf0.sdf,7a24cb58c020d49e731ddba74bf330a9aab60d6a3774514306a3cde2699e0530,0
0a5ca4537b7b42343f9ad57e14b7b0b9a9cbec01926793d27f1cc2fba30e6963,rdkit_random_minimized_fixed,2ymd_2ymd_conf0,1000,1000,/mnt/weka/mbedrosian/pharma_generation_analysis/core_pb_full_dynamic_chembl_count/generation/rdkit_random_minimized_fixed/2ymd_2ymd_conf0.sdf,e4b9dd1a3eb8eff705aaf15206060e03ecadb1f2d2daf5b49c9cadec2876abc6,0
7c2047949dc1f14bcc89926840b0cf61eb942e0b37481ac3250d4aba21954097,rdkit_random_minimized_fixed,2zb1_2zb1_conf0,1000,1000,/mnt/weka/mbedrosian/pharma_generation_analysis/core_pb_full_dynamic_chembl_count/generation/rdkit_random_minimized_fixed/2zb1_2zb1_conf0.sdf,9f077b05ad26f3b9d2eddbf07018f5e103504ff5ecf4ed14469d47192bc689d2,0
f3ef7f4f541d291e6d1c7b89dd75d3da92ffa05a1fd05aabac207b7f97f9cd21,rdkit_random_minimized_fixed,2zcq_2zcq_conf0,1000,1000,/mnt/weka/mbedrosian/pharma_generation_analysis/core_pb_full_dynamic_chembl_count/generation/rdkit_random_minimized_fixed/2zcq_2zcq_conf0.sdf,7ec6330b83990d411cc4b90ff9b775201eede1384e176d3269999f5d902bb59d,0
6f7abe62e5424c25a2af6b878c34c13369b314d4e199ef61009929910a10a996,rdkit_random_minimized_fixed,2zcr_2zcr_conf0,1000,1000,/mnt/weka/mbedrosian/pharma_generation_analysis/core_pb_full_dynamic_chembl_count/generation/rdkit_random_minimized_fixed/2zcr_2zcr_conf0.sdf,31016d2e000e381fe7f792e002504217ccccce763e36900af69ec9ebc5aaac03,0
7312bd1ecaabae90d22d9475755282d9debc40c42b8b4dec5e4de4ececd3d2ad,rdkit_random_minimized_fixed,2zy1_2zy1_conf0,1000,1000,/mnt/weka/mbedrosian/pharma_generation_analysis/core_pb_full_dynamic_chembl_count/generation/rdkit_random_minimized_fixed/2zy1_2zy1_conf0.sdf,f83de356e5b52780f87a9f499f67250b5adba1671f8919f34a45f7af98ce546e,0
15eda1df2ab7705febcf7145d9c229fffebbfc4831ee6b58cf1756fc1fd0e50d,rdkit_random_minimized_fixed,3aru_3aru_conf0,1000,1000,/mnt/weka/mbedrosian/pharma_generation_analysis/core_pb_full_dynamic_chembl_count/generation/rdkit_random_minimized_fixed/3aru_3aru_conf0.sdf,bebbf8ee314d98302eb352150256c8ab42497ce1e4ce2f0c0dd9384e1686e860,0
03258bc1523e624c59dc41ecd3a683cdebdd3d4aa3866a7170154bc85be6677b,rdkit_random_minimized_fixed,3ary_3ary_conf0,1000,1000,/mnt/weka/mbedrosian/pharma_generation_analysis/core_pb_full_dynamic_chembl_count/generation/rdkit_random_minimized_fixed/3ary_3ary_conf0.sdf,df52dc83a64a2914206a99f7d17c054fd8bffb6abbd3b7cbffca8e3ff1f5b1ba,0
5734b0ecb09a813f227530bd2039ea7962347424ea7d4bb3a554444de8bc52a8,rdkit_random_minimized_fixed,3b27_3b27_conf0,1000,1000,/mnt/weka/mbedrosian/pharma_generation_analysis/core_pb_full_dynamic_chembl_count/generation/rdkit_random_minimized_fixed/3b27_3b27_conf0.sdf,6087800cd50fcd4f8c578f1dbe8edde4cda7d55954c0b8352d29ef16536ef7bf,0
f9333dc3d74c4f906d24bbc7d326e73a84cec7027bdfb61a2e0fc4c469ded98f,rdkit_random_minimized_fixed,3b5r_3b5r_conf0,1000,1000,/mnt/weka/mbedrosian/pharma_generation_analysis/core_pb_full_dynamic_chembl_count/generation/rdkit_random_minimized_fixed/3b5r_3b5r_conf0.sdf,0e97e2b305e1f65098b70aaa555ca9b11d9cc4b06bb8ae33a96b74b660465cee,0
4c9d6029c5af9fd7122b175e18af80c822aa47735e7ae84069ca1ea7fb97a67b,rdkit_random_minimized_fixed,3b65_3b65_conf0,1000,1000,/mnt/weka/mbedrosian/pharma_generation_analysis/core_pb_full_dynamic_chembl_count/generation/rdkit_random_minimized_fixed/3b65_3b65_conf0.sdf,42de4c0530f6bba2d39e3ba4333067faada56a7f82c5d75154a0f2a4d4ac2172,0
1be40ddcd120d950a075eefccf71a0ec593a2196877c828122fc1a641563d0e4,rdkit_random_minimized_fixed,3bgz_3bgz_conf0,1000,1000,/mnt/weka/mbedrosian/pharma_generation_analysis/core_pb_full_dynamic_chembl_count/generation/rdkit_random_minimized_fixed/3bgz_3bgz_conf0.sdf,824a6ee08d39886cf8420b2543d0fdf28f3868adbf19c74a2b3bee0916f36379,0
d93dfbad81b98312e1298353ee30d0724af69382487fd0e7f1081dfbe54751d0,rdkit_random_minimized_fixed,3cj4_3cj4_conf0,1000,1000,/mnt/weka/mbedrosian/pharma_generation_analysis/core_pb_full_dynamic_chembl_count/generation/rdkit_random_minimized_fixed/3cj4_3cj4_conf0.sdf,be72c275d9ac99ecbbddae990d565d091b07a0ba773fb408f1cb72f5c9c030c2,0
8e29bdabdb81260092cbe5c2eea20507c0c6ab7be8ba584a0a8e556353879a81,rdkit_random_minimized_fixed,3dd0_3dd0_conf0,1000,1000,/mnt/weka/mbedrosian/pharma_generation_analysis/core_pb_full_dynamic_chembl_count/generation/rdkit_random_minimized_fixed/3dd0_3dd0_conf0.sdf,ab9ceaed9ddaca1ac92a90f694badc5a4d9705759d7eaa2ce8d874d5224fc49f,0
ed481b5402e31227da7550443842004ea199be9c05cc10b0a9014ebfdbf2a5f2,rdkit_random_minimized_fixed,3e92_3e92_conf0,1000,1000,/mnt/weka/mbedrosian/pharma_generation_analysis/core_pb_full_dynamic_chembl_count/generation/rdkit_random_minimized_fixed/3e92_3e92_conf0.sdf,4208b84627fef23a8f0cae175afbd1bb377875ecf3b9b9f7053e3526ad654b24,0
2bcc0bd5236a25f2759d2f03c33b88ba70b91cb9f807481e64b1365ba736f084,rdkit_random_minimized_fixed,3e93_3e93_conf0,1000,1000,/mnt/weka/mbedrosian/pharma_generation_analysis/core_pb_full_dynamic_chembl_count/generation/rdkit_random_minimized_fixed/3e93_3e93_conf0.sdf,c0dface2f78d0903a61f3eb6866e93897cb03bd5d834726d024c5ea75680efe0,0
d7f073cdec4cf40054d16e29607755fd4c248373c6cff0f5c7bd45d84697d1b6,rdkit_random_minimized_fixed,3ehy_3ehy_conf0,1000,1000,/mnt/weka/mbedrosian/pharma_generation_analysis/core_pb_full_dynamic_chembl_count/generation/rdkit_random_minimized_fixed/3ehy_3ehy_conf0.sdf,dc204f4bce15baa649fba1f2e29427b28c013c64077e0d830107b353db1a29fb,0
cf5091fea38c57feb96bb3d9c308b43143ac0442523158a868d62f32a417f450,rdkit_random_minimized_fixed,3fcq_3fcq_conf0,1000,1000,/mnt/weka/mbedrosian/pharma_generation_analysis/core_pb_full_dynamic_chembl_count/generation/rdkit_random_minimized_fixed/3fcq_3fcq_conf0.sdf,396d49925e72655ad1bf800756ed365fe395e4e8c30987ec77f4a9e16876f91f,0
3481653c57f3cbd875b3453c7b7d9158a49fdc3761118fdcb39d70439bb4eb71,rdkit_random_minimized_fixed,3fur_3fur_conf0,1000,1000,/mnt/weka/mbedrosian/pharma_generation_analysis/core_pb_full_dynamic_chembl_count/generation/rdkit_random_minimized_fixed/3fur_3fur_conf0.sdf,a2ccdae2060c2793e27bafb9df064b446c20a10d5013f1602863cfd44aba77f8,0
843fdff3d59132c39f68656297e4da129b81a58da6f2313de854830f04f4b9aa,rdkit_random_minimized_fixed,3g2z_3g2z_conf0,1000,1000,/mnt/weka/mbedrosian/pharma_generation_analysis/core_pb_full_dynamic_chembl_count/generation/rdkit_random_minimized_fixed/3g2z_3g2z_conf0.sdf,f54bebabd4f8ea5c7a953f39de4f1a1fae9aecd045b1bfa0ebdcd9085344882c,0
ed48f55654022db0268609302dfe9483c29be3fa3fdc84ca4b2600345d44b2d4,rdkit_random_minimized_fixed,3g31_3g31_conf0,1000,1000,/mnt/weka/mbedrosian/pharma_generation_analysis/core_pb_full_dynamic_chembl_count/generation/rdkit_random_minimized_fixed/3g31_3g31_conf0.sdf,e6e95c77011febcc8e3ac79b2bdab5b35a83a8b467321effec86cb83559d83ad,0
8b2b9921f78e61a46723d549342ac1db4c95771f15bbc7e1a36bc31464d58b2a,rdkit_random_minimized_fixed,3gy4_3gy4_conf0,1000,1000,/mnt/weka/mbedrosian/pharma_generation_analysis/core_pb_full_dynamic_chembl_count/generation/rdkit_random_minimized_fixed/3gy4_3gy4_conf0.sdf,ebda5733c3d4fbd9b4af4b8176b6be8da40894adbe5484c20d0657f1a05c7721,0
a9a860ffce3718a29a4f3c72342b452fe7184f1e76694d560d79f41c46a704b7,rdkit_random_minimized_fixed,3jvs_3jvs_conf0,1000,1000,/mnt/weka/mbedrosian/pharma_generation_analysis/core_pb_full_dynamic_chembl_count/generation/rdkit_random_minimized_fixed/3jvs_3jvs_conf0.sdf,6fefeb271b692cf0390752aa27f5cd8568224d72b24fbd02a8e9cfe7ca4656cf,0
1ebbc3250fc1dd304b735213e569b9a30de74f14680054c61a318fe7768608c3,rdkit_random_minimized_fixed,3k5v_3k5v_conf0,1000,1000,/mnt/weka/mbedrosian/pharma_generation_analysis/core_pb_full_dynamic_chembl_count/generation/rdkit_random_minimized_fixed/3k5v_3k5v_conf0.sdf,3773de715613873f94d092b5dd0ce70a0d3073092bb27574ba4c871b59f22b51,0
9c105514b37cf20ad530b4a7e985b4ed895ada42bebd9de40b599b61e36c5e96,rdkit_random_minimized_fixed,3kgp_3kgp_conf0,1000,1000,/mnt/weka/mbedrosian/pharma_generation_analysis/core_pb_full_dynamic_chembl_count/generation/rdkit_random_minimized_fixed/3kgp_3kgp_conf0.sdf,da109a8bc16f69d73e6f65164cfa6b8814c2e7ab23da72a706ad02d78a7a4fcb,0
c3dd99423a471d304eeef4cb8963551e74dd3b0191da03f306fec17b2bcbb8f1,rdkit_random_minimized_fixed,3lka_3lka_conf0,1000,1000,/mnt/weka/mbedrosian/pharma_generation_analysis/core_pb_full_dynamic_chembl_count/generation/rdkit_random_minimized_fixed/3lka_3lka_conf0.sdf,67a4fc100d8fa7a671be818720be28bac262655eb221ef82ccdb4c05cff41a16,0
663a8deb2869d1414a2300793cf2b6b9a5c94f0db83059002c9ccdda1524cf44,rdkit_random_minimized_fixed,3nx7_3nx7_conf0,1000,1000,/mnt/weka/mbedrosian/pharma_generation_analysis/core_pb_full_dynamic_chembl_count/generation/rdkit_random_minimized_fixed/3nx7_3nx7_conf0.sdf,fb2219e4347f43f3e57811b61c8c5d07a46f079b392c2d8715930d040f8e6df7,0
f8a0405b4a9984b63b9e733a3bb31ce1d22d2ab48282081a51889011424d9cae,rdkit_random_minimized_fixed,3pxf_3pxf_conf0,1000,1000,/mnt/weka/mbedrosian/pharma_generation_analysis/core_pb_full_dynamic_chembl_count/generation/rdkit_random_minimized_fixed/3pxf_3pxf_conf0.sdf,4ef281d74126c826dcd03317879c00484e727f44a3494f89c5ccb219fe828103,0
2c15afec559fba08c8d357b1a2afee601c2927a1c40e532a8ff61c5545656157,rdkit_random_minimized_fixed,3qqs_3qqs_conf0,1000,1000,/mnt/weka/mbedrosian/pharma_generation_analysis/core_pb_full_dynamic_chembl_count/generation/rdkit_random_minimized_fixed/3qqs_3qqs_conf0.sdf,a5788f8cc05ad6d10439a894878a3c185a68ff48c1e6029f37be2791471d6a0b,0
3d028e92246e407f5809e762749acbd3960efd72550e95c0bb074583b631ab59,rdkit_random_minimized_fixed,3rlr_3rlr_conf0,1000,1000,/mnt/weka/mbedrosian/pharma_generation_analysis/core_pb_full_dynamic_chembl_count/generation/rdkit_random_minimized_fixed/3rlr_3rlr_conf0.sdf,6e8383e4e381343e5b5e733dcfc55bcd3164223b24d22a4011e756659e660aee,0
196cd505e1869507d6d45442a70f55332b354f57d18a43227b25aeb03bf0bd88,rdkit_random_minimized_fixed,3rsx_3rsx_conf0,1000,1000,/mnt/weka/mbedrosian/pharma_generation_analysis/core_pb_full_dynamic_chembl_count/generation/rdkit_random_minimized_fixed/3rsx_3rsx_conf0.sdf,69e19ffcd5608c91f49d859f0a8c87e75f3e29a46fbbd95c4a989745e1b873c4,0
adf2521085cc7de24b5461de250b811f506eb331979047b05f84f90732d4bfab,rdkit_random_minimized_fixed,3ryj_3ryj_conf0,1000,1000,/mnt/weka/mbedrosian/pharma_generation_analysis/core_pb_full_dynamic_chembl_count/generation/rdkit_random_minimized_fixed/3ryj_3ryj_conf0.sdf,3b050dbba201754ca65b95a66b9682ef83866833627a98ae9c64073cbaf2387b,0
24a67dfd96508b65a899a97016e241d5585fae221e9725359cc14adcf681167e,rdkit_random_minimized_fixed,3syr_3syr_conf0,1000,1000,/mnt/weka/mbedrosian/pharma_generation_analysis/core_pb_full_dynamic_chembl_count/generation/rdkit_random_minimized_fixed/3syr_3syr_conf0.sdf,e023afda948461fbde8de8de8aaff8549223b55268a90c86f322ebca676a3235,0
83856809de86be849cab153b310014ae0dd11ec979694e9fe12c20d20cdffedb,rdkit_random_minimized_fixed,3twp_3twp_conf0,1000,1000,/mnt/weka/mbedrosian/pharma_generation_analysis/core_pb_full_dynamic_chembl_count/generation/rdkit_random_minimized_fixed/3twp_3twp_conf0.sdf,4118c0ff26dd7f06c794b26fb299e516206312bb450d326acb02fdf0e33811d8,0
c9e1277b1c031aaa6ddd71ef2426f18cf0eb1c3ddbe8da5bd1fc2714cdedc641,rdkit_random_minimized_fixed,3u5j_3u5j_conf0,1000,1000,/mnt/weka/mbedrosian/pharma_generation_analysis/core_pb_full_dynamic_chembl_count/generation/rdkit_random_minimized_fixed/3u5j_3u5j_conf0.sdf,68a4e2c3cb5e31a0272b144cf3e9c4d83d569b15fcf6acdac9187e45d0b51124,0
adb4be28eb1a5813b68b73e2a7f23699fd9c1c9f33fffa5c2cb7badc168b5591,rdkit_random_minimized_fixed,3u8n_3u8n_conf0,1000,1000,/mnt/weka/mbedrosian/pharma_generation_analysis/core_pb_full_dynamic_chembl_count/generation/rdkit_random_minimized_fixed/3u8n_3u8n_conf0.sdf,954c2c001777e999b6f11fef5affded176b2ee677a7183e443f2845420307b47,0
35de16029b081f14278b30aca7eee4d5840fe316039845a339cd7686c590d7b0,rdkit_random_minimized_fixed,3uo4_3uo4_conf0,1000,1000,/mnt/weka/mbedrosian/pharma_generation_analysis/core_pb_full_dynamic_chembl_count/generation/rdkit_random_minimized_fixed/3uo4_3uo4_conf0.sdf,c1b535bbea0fc1bc959e02cd2db4fc38cf064d8bc400cff7fce2169cdfabebae,0
45ad06c90f03f3a8da059a9f7e1bd1bd5e7cb424ab0dea4f6b4c91c14efe03a2,rdkit_random_minimized_fixed,3up2_3up2_conf0,1000,1000,/mnt/weka/mbedrosian/pharma_generation_analysis/core_pb_full_dynamic_chembl_count/generation/rdkit_random_minimized_fixed/3up2_3up2_conf0.sdf,567f8ba6830a560b3556746fb0849aa560ef2639b44825beb96197d4d009b410,0
0af96d7706b9aba5e45ff0983eeaec609673d2d999d178e81d6c7a61cad19c82,rdkit_random_minimized_fixed,3wtj_3wtj_conf0,1000,1000,/mnt/weka/mbedrosian/pharma_generation_analysis/core_pb_full_dynamic_chembl_count/generation/rdkit_random_minimized_fixed/3wtj_3wtj_conf0.sdf,9d4f0c3448619771cbf9cf1c61fedf6072c9eafa8a153d575a1cfcdf6865ffc1,0
fdbc41ce4c696cd8925cebc28abc4c11aebf753e1a3e73f6f4fe41012daf6b7e,rdkit_random_minimized_fixed,3zdg_3zdg_conf0,1000,1000,/mnt/weka/mbedrosian/pharma_generation_analysis/core_pb_full_dynamic_chembl_count/generation/rdkit_random_minimized_fixed/3zdg_3zdg_conf0.sdf,9ff684aa432c884ee7708da282dedfe4ceb104c99f2bc298541551d58970febc,0
1479e6cb2cbc41addd2c70e0190417c34b0caf5e60c87bca35994b6a9e4709b5,rdkit_random_minimized_fixed,4ddh_4ddh_conf0,1000,1000,/mnt/weka/mbedrosian/pharma_generation_analysis/core_pb_full_dynamic_chembl_count/generation/rdkit_random_minimized_fixed/4ddh_4ddh_conf0.sdf,c23c841ab7e8a9adace317eb28bda550d8adae97ae868ce2d803cb3910f404e6,0
23291cbfedbe08e748f0267af61976b5432b9b197c7246fa60bdb8484a2c8a4a,rdkit_random_minimized_fixed,4ddk_4ddk_conf0,1000,1000,/mnt/weka/mbedrosian/pharma_generation_analysis/core_pb_full_dynamic_chembl_count/generation/rdkit_random_minimized_fixed/4ddk_4ddk_conf0.sdf,31696d2feb5eadd623bfc35b2510b38f176d65700f133b94dbf8a974dbad9b37,0
07b78628a6b356d95dab904fe2167203a271883a5a1500637fd9d92dabacba10,rdkit_random_minimized_fixed,4eor_4eor_conf0,1000,1000,/mnt/weka/mbedrosian/pharma_generation_analysis/core_pb_full_dynamic_chembl_count/generation/rdkit_random_minimized_fixed/4eor_4eor_conf0.sdf,81a6483be2a32bc24fce183e06276903c420966cdfe8dbadd1efcaff5e135493,0
01ee9991bdf6a86b13ee342695099823141f534dabe87dd0678bd6e5371b1f40,rdkit_random_minimized_fixed,4f09_4f09_conf0,1000,1000,/mnt/weka/mbedrosian/pharma_generation_analysis/core_pb_full_dynamic_chembl_count/generation/rdkit_random_minimized_fixed/4f09_4f09_conf0.sdf,f6d11f3399ee161238a113c1b6440f25a7381ef0f6b652d536494ddf929a5a44,0
8f9691decb2e9d1df51a41ee5ddd8d2642c5b38b0bae245a29f4dc1cae7de5cd,rdkit_random_minimized_fixed,4f2w_4f2w_conf0,1000,1000,/mnt/weka/mbedrosian/pharma_generation_analysis/core_pb_full_dynamic_chembl_count/generation/rdkit_random_minimized_fixed/4f2w_4f2w_conf0.sdf,7850a0bd86c1c189eccee44cf476d42a0a7efc48be4ce2623a71df0cef41c7e2,0
808d2f291f2e94c64eab5395661850865d47ef850ff57c7bd711b149d61dd1f1,rdkit_random_minimized_fixed,4f9w_4f9w_conf0,1000,1000,/mnt/weka/mbedrosian/pharma_generation_analysis/core_pb_full_dynamic_chembl_count/generation/rdkit_random_minimized_fixed/4f9w_4f9w_conf0.sdf,68d4da88c6532e119181f2e34d1237ff1dcb26b4d0ecacb1bdaaa2f10643c8ff,0
143d98c00d1422db315d9da1ec86533e72901c896ebd612ba434e1afb9b147f1,rdkit_random_minimized_fixed,4hge_4hge_conf0,1000,1000,/mnt/weka/mbedrosian/pharma_generation_analysis/core_pb_full_dynamic_chembl_count/generation/rdkit_random_minimized_fixed/4hge_4hge_conf0.sdf,7afa7d40e707446350d34e4a6988a6b2c6aa5e0a7ec2bf4f35bff03759ff042c,0
b1afaf5579bdd28c599683fb78f7e3fb9068dd65d74bc045895be2fd74aa0331,rdkit_random_minimized_fixed,4j21_4j21_conf0,1000,1000,/mnt/weka/mbedrosian/pharma_generation_analysis/core_pb_full_dynamic_chembl_count/generation/rdkit_random_minimized_fixed/4j21_4j21_conf0.sdf,73443bf9cfe42945966ed0ba4e88a7a08b9a40214acdf86fa417b60e975ac44e,0
52dbfa19ab19490648e7d192e907e006b0cb8f6f430f3742a6f42edb12c71d40,rdkit_random_minimized_fixed,4j3l_4j3l_conf0,1000,1000,/mnt/weka/mbedrosian/pharma_generation_analysis/core_pb_full_dynamic_chembl_count/generation/rdkit_random_minimized_fixed/4j3l_4j3l_conf0.sdf,1a024e7c2758fda09e75b8f0320fd06b18f3cb8d71fd4c263ca209636e615063,0
bf4f65650b012ef389559deed1dbc49d394c6cbb1902781a4f8d0201cf7ca99f,rdkit_random_minimized_fixed,4jsz_4jsz_conf0,1000,1000,/mnt/weka/mbedrosian/pharma_generation_analysis/core_pb_full_dynamic_chembl_count/generation/rdkit_random_minimized_fixed/4jsz_4jsz_conf0.sdf,f468e4cd5b9a328aca0c2d20366229c63d262b707b29a05c7b7f0e66503e3852,0
a0d58bc1c7c06f220f71c5b45ac693fcdccc39798b746ccd2779a94d92bf1e77,rdkit_random_minimized_fixed,4jxs_4jxs_conf0,1000,1000,/mnt/weka/mbedrosian/pharma_generation_analysis/core_pb_full_dynamic_chembl_count/generation/rdkit_random_minimized_fixed/4jxs_4jxs_conf0.sdf,35c4f72c5d334e2a37b6d1046a3f664e51acd20e96ad79d3e93200c47fbf8214,0
5d468430905b4f60aacd91a971b93b6ddc6fb0fe49313a1de767f960442a371d,rdkit_random_minimized_fixed,4k18_4k18_conf0,1000,1000,/mnt/weka/mbedrosian/pharma_generation_analysis/core_pb_full_dynamic_chembl_count/generation/rdkit_random_minimized_fixed/4k18_4k18_conf0.sdf,20e90acc0997e84406b3f3d8ca981d92848f50206dfb9323fc797136b00e8d39,0
9fe651caee2cfeaf48512c35b9be61d4f6aa329e47c22bb1e3741279f15c2cb1,rdkit_random_minimized_fixed,4k77_4k77_conf0,1000,1000,/mnt/weka/mbedrosian/pharma_generation_analysis/core_pb_full_dynamic_chembl_count/generation/rdkit_random_minimized_fixed/4k77_4k77_conf0.sdf,b454ec3fe42b32c304c32d9ce826daf274d895d4d801217aa34eef7017c086ff,0
f1bafce9151a1bb54cb4c392c4e39b827435c35c50de0be1a781d42c7fee91d5,rdkit_random_minimized_fixed,4kzq_4kzq_conf0,1000,1000,/mnt/weka/mbedrosian/pharma_generation_analysis/core_pb_full_dynamic_chembl_count/generation/rdkit_random_minimized_fixed/4kzq_4kzq_conf0.sdf,57e8a42ca9f89b8b6de7a500d71f6fe71a48f507ada836a1ab747c855c5e498a,0
d5e78e3ed6d28aa21209d33692bb190b09db4e5d479d39ee38fa94fe2ebe1c72,rdkit_random_minimized_fixed,4kzu_4kzu_conf0,1000,1000,/mnt/weka/mbedrosian/pharma_generation_analysis/core_pb_full_dynamic_chembl_count/generation/rdkit_random_minimized_fixed/4kzu_4kzu_conf0.sdf,b33bdfc765332cd78d8d4cbdf64126ecddcb5d74d6741e5468d7e9f5da09df43,0
4dc6094a8d29942baa013eee40e24567641b0e3e64e7901700dfab343af0075f,rdkit_random_minimized_fixed,4llx_4llx_conf0,1000,1000,/mnt/weka/mbedrosian/pharma_generation_analysis/core_pb_full_dynamic_chembl_count/generation/rdkit_random_minimized_fixed/4llx_4llx_conf0.sdf,77f05d0c1eabe1fe744a213ce889e907d091c90b0ddb83d4446ce623c6c517c1,0
3e9e50a6045aabd386913172e1d9c29a75842426beb115b75ec6969ff5f29f91,rdkit_random_minimized_fixed,4lzs_4lzs_conf0,1000,1000,/mnt/weka/mbedrosian/pharma_generation_analysis/core_pb_full_dynamic_chembl_count/generation/rdkit_random_minimized_fixed/4lzs_4lzs_conf0.sdf,a7cbdfbe492f9725e0b10a5071a95c5259153af733cbe634f1b9a04bca72f5e1,0
3a6eaff0d9568830bb4e67c46d0235b67a13948c19a7bf4b7933b61299abd438,rdkit_random_minimized_fixed,4mgd_4mgd_conf0,1000,1000,/mnt/weka/mbedrosian/pharma_generation_analysis/core_pb_full_dynamic_chembl_count/generation/rdkit_random_minimized_fixed/4mgd_4mgd_conf0.sdf,c3723396ee172d3dae459d97bac207cbef9b70befb044de8571202961f29bfcc,0
378cb1bfc2f739b1c1d894911062b227823fcf9bcdf5d72d6510e503afe25649,rdkit_random_minimized_fixed,4ogj_4ogj_conf0,1000,1000,/mnt/weka/mbedrosian/pharma_generation_analysis/core_pb_full_dynamic_chembl_count/generation/rdkit_random_minimized_fixed/4ogj_4ogj_conf0.sdf,8b505c5863f73812096f7c6230af031bca1201ad7996c6dfdd82fe27baaf5965,0
43ce217d6acd05b99a19c3a1fcc0fb29073fab425d7d8127af93f9053e1ab1e4,rdkit_random_minimized_fixed,5c28_5c28_conf0,1000,1000,/mnt/weka/mbedrosian/pharma_generation_analysis/core_pb_full_dynamic_chembl_count/generation/rdkit_random_minimized_fixed/5c28_5c28_conf0.sdf,5334b66bbc6e920ba2a4c975372b453b5c6d87c27bb5fd5e1bde82b7e537b2c1,0
a84775b9447ed2c3b64b393045e2c1f6ff086eaf4f9ba26057441a05a6b639f3,rdkit_random_minimized_fixed,5c2h_5c2h_conf0,1000,1000,/mnt/weka/mbedrosian/pharma_generation_analysis/core_pb_full_dynamic_chembl_count/generation/rdkit_random_minimized_fixed/5c2h_5c2h_conf0.sdf,0252a552eb0ec467e5b843f10fd126a0a7442768603cf95de2c14de95e9a2d3b,0
8bf3fdc0755a3b5eb01d26365f934fc1ef58368c108b35a1fa6a07dae9a2dfde,torsion_raw_fixed,1bcu_1bcu_conf0,1000,1000,/mnt/weka/mbedrosian/pharma_generation_analysis/core_pb_full_dynamic_chembl_count/generation/torsion_raw_fixed/1bcu_1bcu_conf0.sdf,658f1224746e5228406521226ed558b1675c669ff6ee483ac717ab31fba9d215,0
0c592c7ca2166616b1a1996d901f86e5e3a450f569e0359e5e92796b6700b744,torsion_raw_fixed,1c5z_1c5z_conf0,1000,1000,/mnt/weka/mbedrosian/pharma_generation_analysis/core_pb_full_dynamic_chembl_count/generation/torsion_raw_fixed/1c5z_1c5z_conf0.sdf,2b7292d92e0cfd15331434a7c93f3dc0848a87a5ede0384f5d9cecf155135297,0
c43158660f7a255ed4da513c2765cbcb12ee62118d521428e6e54032b2bdb8b7,torsion_raw_fixed,1lpg_1lpg_conf0,1000,865,/mnt/weka/mbedrosian/pharma_generation_analysis/core_pb_full_dynamic_chembl_count/generation/torsion_raw_fixed/1lpg_1lpg_conf0.sdf,69ba9858037dcdec57be77556df9085ce22aa69dce968ec6a164e4da76dff0bf,0
b8bf479218b12a794443ffc087aa34f00f810529e3d4f2c0a6edb9e101235fe6,torsion_raw_fixed,1mq6_1mq6_conf0,1000,855,/mnt/weka/mbedrosian/pharma_generation_analysis/core_pb_full_dynamic_chembl_count/generation/torsion_raw_fixed/1mq6_1mq6_conf0.sdf,085b81441a11f3e11c6e0d60e69664ac4411e17f310db63c0be12c7b16b4ba9c,0
1a6bf5d33aa7b0a3a1adb69802ab7158d96005e6052aad6205d9a33ba0b7b43b,torsion_raw_fixed,1nc3_1nc3_conf0,1000,1000,/mnt/weka/mbedrosian/pharma_generation_analysis/core_pb_full_dynamic_chembl_count/generation/torsion_raw_fixed/1nc3_1nc3_conf0.sdf,5f0519aa7c75f120909f93cf8a93022b8104877c68fe8533bb62ba99578a85ec,0
a552509d65f9a2d6ee94373a2015f089cc561fa2367489d791a9d620abc21dac,torsion_raw_fixed,1o3f_1o3f_conf0,1000,979,/mnt/weka/mbedrosian/pharma_generation_analysis/core_pb_full_dynamic_chembl_count/generation/torsion_raw_fixed/1o3f_1o3f_conf0.sdf,70a37c8f8ab3e43a2f21c1c661a111bb7977798596bcf40e952f5c9a87497ad8,0
b819648b4c6af5e8597b416e488f9dea31045771f167a27e2216e95d9e252412,torsion_raw_fixed,1o5b_1o5b_conf0,1000,1000,/mnt/weka/mbedrosian/pharma_generation_analysis/core_pb_full_dynamic_chembl_count/generation/torsion_raw_fixed/1o5b_1o5b_conf0.sdf,b63e35bc403deb226ee194099df90935eb7adbcdf6665d61f31b2a2c43cd0de2,0
6062ed412d9d552b3f3b5a98bb55c253cf5c34c491cdf0e3c9f3e8bbf89b1f4e,torsion_raw_fixed,1owh_1owh_conf0,1000,981,/mnt/weka/mbedrosian/pharma_generation_analysis/core_pb_full_dynamic_chembl_count/generation/torsion_raw_fixed/1owh_1owh_conf0.sdf,5e85a28d3d324375afdca8b78233a908c9264c6c9a8dc0a3d12fce0030ea5df8,0
18e446d35acb4bd6aad5b0033507afc9d4015d78a1054f8773af1dc271d7c35f,torsion_raw_fixed,1p1n_1p1n_conf0,1000,707,/mnt/weka/mbedrosian/pharma_generation_analysis/core_pb_full_dynamic_chembl_count/generation/torsion_raw_fixed/1p1n_1p1n_conf0.sdf,f2b75b8ccb8ded253240feec87db4efc52211935bbd58f2b3a00b6c096608190,0
4c2c6c952773128a219db7bacdd2cd28c179412fd36a9852a75ab2a2033e3388,torsion_raw_fixed,1pxn_1pxn_conf0,1000,1000,/mnt/weka/mbedrosian/pharma_generation_analysis/core_pb_full_dynamic_chembl_count/generation/torsion_raw_fixed/1pxn_1pxn_conf0.sdf,5f0ab229a819b314af3fe25a8a66e54e65c701aa65ad19646e5d1d4953cba60c,0
d6bdf50bab5d18f67b2a0eb57138d9916cdfe0ea5bbc2db298fc9977ae74cf0c,torsion_raw_fixed,1sqa_1sqa_conf0,1000,986,/mnt/weka/mbedrosian/pharma_generation_analysis/core_pb_full_dynamic_chembl_count/generation/torsion_raw_fixed/1sqa_1sqa_conf0.sdf,caa5df99e06d20151e8403a9355cfb683675a1ec9e36c4f88bd8bc5e9cda0110,0
e1a4cf9a2b1b39c16f9e6a077dc7a7fdee41a72f80e1f81483843c0b7be345d4,torsion_raw_fixed,1uto_1uto_conf0,1000,991,/mnt/weka/mbedrosian/pharma_generation_analysis/core_pb_full_dynamic_chembl_count/generation/torsion_raw_fixed/1uto_1uto_conf0.sdf,e00693bf98a0aa21de8aae9ac79119f8eb0c2c860660c33e9cfbd47177e38e65,0
5fa5d534ec250feb6a594f83145ee29e83fe85d9defce1839df3a2c40bbb38c8,torsion_raw_fixed,1yc1_1yc1_conf0,1000,808,/mnt/weka/mbedrosian/pharma_generation_analysis/core_pb_full_dynamic_chembl_count/generation/torsion_raw_fixed/1yc1_1yc1_conf0.sdf,8344f512a61abfa3a0b29428c857515e0d7e85f2c5777e514ccc4dc09c101373,0
aca7562dd9e4bf4b5e99db3174ca978e8489d83cfc32cd1c533d0af55c68184a,torsion_raw_fixed,1ydr_1ydr_conf0,1000,774,/mnt/weka/mbedrosian/pharma_generation_analysis/core_pb_full_dynamic_chembl_count/generation/torsion_raw_fixed/1ydr_1ydr_conf0.sdf,568dcdd300647991b22573af81091042fe1f7b5635d3781056cad6446347dbb6,0
efd9a4bc2e18e109df12c6fcf391b7479c51fe15d54d3905113a2017b48383e6,torsion_raw_fixed,1ydt_1ydt_conf0,1000,788,/mnt/weka/mbedrosian/pharma_generation_analysis/core_pb_full_dynamic_chembl_count/generation/torsion_raw_fixed/1ydt_1ydt_conf0.sdf,3dbd296091512d55d7ee27661d4fb984bf627833013b5f6943938d52a26b7e74,0
464f1bcbaba0c6d2f0d2d3276f2b2119597bccac4e878e11381be742353cd794,torsion_raw_fixed,1z6e_1z6e_conf0,1000,829,/mnt/weka/mbedrosian/pharma_generation_analysis/core_pb_full_dynamic_chembl_count/generation/torsion_raw_fixed/1z6e_1z6e_conf0.sdf,c43c63d91bc3665c52b2f67b8d2b3779822ad7d49b9a9c4bc2c2ca7ab4b6e284,0
4b3dc39c360ffd4520b0bf573ea76623d5808df6d5b79907e95c046e0d4b25d2,torsion_raw_fixed,1z95_1z95_conf0,1000,894,/mnt/weka/mbedrosian/pharma_generation_analysis/core_pb_full_dynamic_chembl_count/generation/torsion_raw_fixed/1z95_1z95_conf0.sdf,f090d93df32c0e66c1aa52a573375ded305b65d1ece2885f1df0f2e598375d13,0
37a73695e6d448eb8b65955a43420b42a491b2fe8f4bc655f53a0d090b63e386,torsion_raw_fixed,1z9g_1z9g_conf0,1000,853,/mnt/weka/mbedrosian/pharma_generation_analysis/core_pb_full_dynamic_chembl_count/generation/torsion_raw_fixed/1z9g_1z9g_conf0.sdf,f1297320f5ca1cba885a556af980805c52b64f2f1cc2325d7297c229fb06c5d0,0
955a9d5ea88678366092dc4116c5c6b121fe6785be7587d9d28ecdde8818a190,torsion_raw_fixed,2br1_2br1_conf0,1000,704,/mnt/weka/mbedrosian/pharma_generation_analysis/core_pb_full_dynamic_chembl_count/generation/torsion_raw_fixed/2br1_2br1_conf0.sdf,a7c62289f683923841fa05ca1d47b23aa9736d72a7000a2124f417a67aa043fb,0
7c466d6733f51010e23af52438bbdaf638040a51148a38c6901f395dc6f9debf,torsion_raw_fixed,2brb_2brb_conf0,1000,686,/mnt/weka/mbedrosian/pharma_generation_analysis/core_pb_full_dynamic_chembl_count/generation/torsion_raw_fixed/2brb_2brb_conf0.sdf,e9c2f3fbf12a765e95359d12a180efad796a0ffe06b8cf022012e6c5750c42f7,0
db6135baec5b9e38946fa0572bd71e78bac0278549e43be4f2b8af2058311cf8,torsion_raw_fixed,2c3i_2c3i_conf0,1000,987,/mnt/weka/mbedrosian/pharma_generation_analysis/core_pb_full_dynamic_chembl_count/generation/torsion_raw_fixed/2c3i_2c3i_conf0.sdf,49084e9b9e7dfe03ae848cd37176dbe0ffbafe9f7c8d4e97229897e4e200bb2a,0
a0530dfb3c356bdd24c7c58a77192ccf826a37225c82356ff23168e8a01e6e0e,torsion_raw_fixed,2fvd_2fvd_conf0,1000,934,/mnt/weka/mbedrosian/pharma_generation_analysis/core_pb_full_dynamic_chembl_count/generation/torsion_raw_fixed/2fvd_2fvd_conf0.sdf,1b80c324e5a2b9bbf1f2119e388ab864aeb37bc7fa72bfe3d7c1b00f8604f897,0
b67c0ee9496efe0bc9e4d231c4545647797aa880e9c952628afaf1f0f81fd78b,torsion_raw_fixed,2hb1_2hb1_conf0,1000,945,/mnt/weka/mbedrosian/pharma_generation_analysis/core_pb_full_dynamic_chembl_count/generation/torsion_raw_fixed/2hb1_2hb1_conf0.sdf,034552d88e33f987b8fc16b3c0185d5f4394a6b6ce15774fb1ad88ff4f3ddfc3,0
bf7a8e8f74e0e1a559372f8f686ede6e4a939004b3f1acb9baa81d9d269e7f82,torsion_raw_fixed,2p4y_2p4y_conf0,1000,678,/mnt/weka/mbedrosian/pharma_generation_analysis/core_pb_full_dynamic_chembl_count/generation/torsion_raw_fixed/2p4y_2p4y_conf0.sdf,c29be26a6b6c3254d0357445d4656e398120ec688dce78c7fc3f6ed2e187f881,0
49e775547e7dc3ee203961c9ef36b8e33beb646d29799d5c72e5b22307c53318,torsion_raw_fixed,2pog_2pog_conf0,1000,1000,/mnt/weka/mbedrosian/pharma_generation_analysis/core_pb_full_dynamic_chembl_count/generation/torsion_raw_fixed/2pog_2pog_conf0.sdf,59935675400daaf6ad61056c42afe50ff338a8afe82d712b22611794258222c2,0
a767a19022ae33f53fad48809a7931db10b02e3e8b5eb1b0edd82667bd89c4f3,torsion_raw_fixed,2qbp_2qbp_conf0,1000,821,/mnt/weka/mbedrosian/pharma_generation_analysis/core_pb_full_dynamic_chembl_count/generation/torsion_raw_fixed/2qbp_2qbp_conf0.sdf,e34eb4132993ea7624b3a3ad24fa632031e35006564551dfaafce11c89ba4b82,0
ca8939a9628f3bb995ca2e1d9ce88935b9886d911d4a5b58ae260704dc1503b7,torsion_raw_fixed,2qbq_2qbq_conf0,1000,893,/mnt/weka/mbedrosian/pharma_generation_analysis/core_pb_full_dynamic_chembl_count/generation/torsion_raw_fixed/2qbq_2qbq_conf0.sdf,105ee66f79463f25d6c556805bb0015a28ee83d3ed0717dd710acbba515a3dfb,0
417b73fa51c80e061cb25067dd10ad3c51bf1840ead868ed9a97bd6975c7f542,torsion_raw_fixed,2qbr_2qbr_conf0,1000,951,/mnt/weka/mbedrosian/pharma_generation_analysis/core_pb_full_dynamic_chembl_count/generation/torsion_raw_fixed/2qbr_2qbr_conf0.sdf,1f379238ec69ae935e4f74423c6989f3ee8625fbb949dc575dfc3108358a06fa,0
69a66568ac65ed206c5bb440a0deed468a7f77dfd4bd83d3d85e350ec22c66ee,torsion_raw_fixed,2v00_2v00_conf0,1000,981,/mnt/weka/mbedrosian/pharma_generation_analysis/core_pb_full_dynamic_chembl_count/generation/torsion_raw_fixed/2v00_2v00_conf0.sdf,56f97d1fa0f827d2c59d57110fa82a38b0b22d0fedb815db4e0c62ff1f86a10e,0
86c9446d2d4dc612f133ae9744f79c0e78d8da65a5ddf87f41f6c9a7f517f8cc,torsion_raw_fixed,2wn9_2wn9_conf0,1000,545,/mnt/weka/mbedrosian/pharma_generation_analysis/core_pb_full_dynamic_chembl_count/generation/torsion_raw_fixed/2wn9_2wn9_conf0.sdf,966d95b487d942802d93ee6f17eeb6f63d67ccb42271bd34a98407d5ca921617,0
7ecf8fb7ce47440974bca6bf9d8a0ab6d97ecbcdc2c325a23ef229bad517b45d,torsion_raw_fixed,2wtv_2wtv_conf0,1000,847,/mnt/weka/mbedrosian/pharma_generation_analysis/core_pb_full_dynamic_chembl_count/generation/torsion_raw_fixed/2wtv_2wtv_conf0.sdf,d00ed3976ce741aaed7b998013ccc74d70b0789737b61cffb7258030c0236561,0
fe0e730352e71d0829c3edd45a590cd2331e7fd1810c87d1d36f7050d11f219b,torsion_raw_fixed,2xdl_2xdl_conf0,1000,689,/mnt/weka/mbedrosian/pharma_generation_analysis/core_pb_full_dynamic_chembl_count/generation/torsion_raw_fixed/2xdl_2xdl_conf0.sdf,e3103e7b9e1a7ca341000168030eec30d7b3776f55bbd1976e391d46bf46482c,0
fd84832eece5781f250621387c9baac6b29e326ca614c12bb05212a40f2d8ab8,torsion_raw_fixed,2xnb_2xnb_conf0,1000,1000,/mnt/weka/mbedrosian/pharma_generation_analysis/core_pb_full_dynamic_chembl_count/generation/torsion_raw_fixed/2xnb_2xnb_conf0.sdf,026ebf864acb1b44197cde6659c3def7db85ef953b390cf3e4cfa42ab1175b19,0
d27e32112f38af54324a86b936c9a4817aa1a5dc3cf0eae5294bfe7cf23a76fa,torsion_raw_fixed,2yfe_2yfe_conf0,1000,921,/mnt/weka/mbedrosian/pharma_generation_analysis/core_pb_full_dynamic_chembl_count/generation/torsion_raw_fixed/2yfe_2yfe_conf0.sdf,50f3a2eb713f9fd99985ff28646e5b2febbbb1fa03f46840a152ccfc21cdfc2d,0
c50d54a0763ee89185ebb70376b3663539eaa311d970958dc0ab20f83a28d532,torsion_raw_fixed,2ymd_2ymd_conf0,1000,902,/mnt/weka/mbedrosian/pharma_generation_analysis/core_pb_full_dynamic_chembl_count/generation/torsion_raw_fixed/2ymd_2ymd_conf0.sdf,ee40386677550e7c1be64876e71bbfb1ada10c39ea81b794aa2e12f54d8a172d,0
0cb0e17a76e92752d4ed39203fa25c3cc3cff3605baa83c57ff532376fb227bc,torsion_raw_fixed,2zb1_2zb1_conf0,1000,817,/mnt/weka/mbedrosian/pharma_generation_analysis/core_pb_full_dynamic_chembl_count/generation/torsion_raw_fixed/2zb1_2zb1_conf0.sdf,339b19760e11200b518d26fbccb47a6e5136651ef0f7b4cecb10992c4d025005,0
1996daa150c2f1d6ee7be677a478945da6fb2d9c4807faea3071409b93eed25a,torsion_raw_fixed,2zcq_2zcq_conf0,1000,676,/mnt/weka/mbedrosian/pharma_generation_analysis/core_pb_full_dynamic_chembl_count/generation/torsion_raw_fixed/2zcq_2zcq_conf0.sdf,eb3b91d8ac061a706b41e29b7a5b7d8d4fcbc4b26a88537ee86c48162a993b17,0
7c72590e17167c9253713ab0c3768ed29c42bbe98bd54cee3f2396045054f651,torsion_raw_fixed,2zcr_2zcr_conf0,1000,890,/mnt/weka/mbedrosian/pharma_generation_analysis/core_pb_full_dynamic_chembl_count/generation/torsion_raw_fixed/2zcr_2zcr_conf0.sdf,5382699cfce564dfbae1e68deac8873a5fc5297ad126fdc454e658ce803e0fc3,0
693b6c9e9ca89e0f1ddff24398fef6a8d9f96f275fdf7ded937b160e6dd9596c,torsion_raw_fixed,2zy1_2zy1_conf0,1000,741,/mnt/weka/mbedrosian/pharma_generation_analysis/core_pb_full_dynamic_chembl_count/generation/torsion_raw_fixed/2zy1_2zy1_conf0.sdf,146b478eb7ce448913a30b8ad726c584fce97613b3a33446a5858c5dba7fb56f,0
c815011e64c69e9282023fb16d405d12bbd54e01cd612d7b285a6328ae5c8732,torsion_raw_fixed,3aru_3aru_conf0,1000,980,/mnt/weka/mbedrosian/pharma_generation_analysis/core_pb_full_dynamic_chembl_count/generation/torsion_raw_fixed/3aru_3aru_conf0.sdf,7577642a4aac2b43794da18700494f4058a019273515124bae110bc3642ea271,0
bf7860cfbcf429146706abd9cf582afd2ea1e80dcfc41c01ee18d46653b0f49f,torsion_raw_fixed,3ary_3ary_conf0,1000,1000,/mnt/weka/mbedrosian/pharma_generation_analysis/core_pb_full_dynamic_chembl_count/generation/torsion_raw_fixed/3ary_3ary_conf0.sdf,b4b5069680b1d87466c3e03c3353a960627940915828f3b0287339c07aaf6c56,0
5bc127f0dbc2690fbb1d84c8b5c755044ca38002eda41509733d750af3463757,torsion_raw_fixed,3b27_3b27_conf0,1000,1000,/mnt/weka/mbedrosian/pharma_generation_analysis/core_pb_full_dynamic_chembl_count/generation/torsion_raw_fixed/3b27_3b27_conf0.sdf,5e4b7d9b65ddf70a10ac6a730539684c31310198c764503a5cb789b929261897,0
4994610bf61a181e282b9c0bf45bca8f65767dab32399ed0a1eac673a5d06812,torsion_raw_fixed,3b5r_3b5r_conf0,1000,914,/mnt/weka/mbedrosian/pharma_generation_analysis/core_pb_full_dynamic_chembl_count/generation/torsion_raw_fixed/3b5r_3b5r_conf0.sdf,91be584fa655c6dbde2014795994c24ec6249c3d85c197dae7499b9b64f20b64,0
15e90ce20caf3d6c7e7091e284f8fb2db34b7e7558602e6ceaf7ca0af23fd891,torsion_raw_fixed,3b65_3b65_conf0,1000,898,/mnt/weka/mbedrosian/pharma_generation_analysis/core_pb_full_dynamic_chembl_count/generation/torsion_raw_fixed/3b65_3b65_conf0.sdf,69a14b3dd287dfbeee25b2baf8ec89db46bbaa612f1159f1b36f3109ad4bd63a,0
59926673b452fefad1307726e5c9c86d42aa116f6b05a9d941e7a0e70e01afc6,torsion_raw_fixed,3bgz_3bgz_conf0,1000,788,/mnt/weka/mbedrosian/pharma_generation_analysis/core_pb_full_dynamic_chembl_count/generation/torsion_raw_fixed/3bgz_3bgz_conf0.sdf,76501032dcfc8cbb98244c203683e949446edd568e2a45bbfe782a74e536bccc,0
242dee7a356db583d7fc3a232c3ebc8ef9b4d34c4a24056afef59b013ef10d85,torsion_raw_fixed,3cj4_3cj4_conf0,1000,845,/mnt/weka/mbedrosian/pharma_generation_analysis/core_pb_full_dynamic_chembl_count/generation/torsion_raw_fixed/3cj4_3cj4_conf0.sdf,0fa34c490c2ea1bfc3eec5cb1f3d70468caea352ffb815f924953b1b79dae8c8,0
c78a21a6160a2a62dfba7a1cc31014c903922f738b788879f524f75f860595c0,torsion_raw_fixed,3dd0_3dd0_conf0,1000,956,/mnt/weka/mbedrosian/pharma_generation_analysis/core_pb_full_dynamic_chembl_count/generation/torsion_raw_fixed/3dd0_3dd0_conf0.sdf,24c1ad97679096e55e2f2ef21b7967bd924764279a2aec9cf623cda350af6c8d,0
523dfc73541cbe8b4670d03691212591c6f4c2eb486d04d79659a7b96a866e4f,torsion_raw_fixed,3e92_3e92_conf0,1000,757,/mnt/weka/mbedrosian/pharma_generation_analysis/core_pb_full_dynamic_chembl_count/generation/torsion_raw_fixed/3e92_3e92_conf0.sdf,bdaa9ffeff22f886ef47685abdf65eb398321fed14b21e82e2fd8e0869984eb1,0
98e84651071bc137302bf745867ac4eae38321f68d9a2c321ba973175e39caa4,torsion_raw_fixed,3e93_3e93_conf0,1000,761,/mnt/weka/mbedrosian/pharma_generation_analysis/core_pb_full_dynamic_chembl_count/generation/torsion_raw_fixed/3e93_3e93_conf0.sdf,0337a6aa17314e42a67c364eda969fdfb7e3caa419af4eccfc6dbd2b389eaf8a,0
29c396183cc399e62ff6f203f26ba72c38e8b245fb21e2765a721eca88203a02,torsion_raw_fixed,3ehy_3ehy_conf0,1000,831,/mnt/weka/mbedrosian/pharma_generation_analysis/core_pb_full_dynamic_chembl_count/generation/torsion_raw_fixed/3ehy_3ehy_conf0.sdf,0f6d4266b8141ac48f2cef9c3e6f488652dc5c3c696be80a367ba366a5cb8420,0
e64dace1cc113af10b67bf5c7548d541e4a8afdaf504beb711630c4d482a47b5,torsion_raw_fixed,3fcq_3fcq_conf0,1000,789,/mnt/weka/mbedrosian/pharma_generation_analysis/core_pb_full_dynamic_chembl_count/generation/torsion_raw_fixed/3fcq_3fcq_conf0.sdf,61eff133ed5b14067004cd197bdf7a460a6edba53010421e549ae0ab1f6fc277,0
5676998df334d6b911431a64a12f326404a2e31a59c15129d5226d59a844fa2e,torsion_raw_fixed,3fur_3fur_conf0,1000,917,/mnt/weka/mbedrosian/pharma_generation_analysis/core_pb_full_dynamic_chembl_count/generation/torsion_raw_fixed/3fur_3fur_conf0.sdf,eb3172dfd2635bc62076dedd6cd5c5c57403f2d29eab5d75a45ef640effb56e9,0
fc443dacd9f7d7859300719e03ef80816466fabeca5c07829ed61368da5a773e,torsion_raw_fixed,3g2z_3g2z_conf0,1000,1000,/mnt/weka/mbedrosian/pharma_generation_analysis/core_pb_full_dynamic_chembl_count/generation/torsion_raw_fixed/3g2z_3g2z_conf0.sdf,527052096aea8157d0cd835bcb32ac99f9bf2f807ed3b0b2d3ed86aa50748279,0
f1d1f37b9a6f16a3b5ce9c20da72405b792cbca4c0d6835cf9bf9a87ab120e93,torsion_raw_fixed,3g31_3g31_conf0,1000,1000,/mnt/weka/mbedrosian/pharma_generation_analysis/core_pb_full_dynamic_chembl_count/generation/torsion_raw_fixed/3g31_3g31_conf0.sdf,f3a53e043f6be2655c3b4139b893ac15ff2d209bd057834a08b89b9aefca8262,0
873fbf84743e14a5803261298419141984b8d0e690a2437d1b63ad440e5ba7dd,torsion_raw_fixed,3gy4_3gy4_conf0,1000,1000,/mnt/weka/mbedrosian/pharma_generation_analysis/core_pb_full_dynamic_chembl_count/generation/torsion_raw_fixed/3gy4_3gy4_conf0.sdf,016f2af3b346d647fb1ec610fa02e0cf954a6a72b44452943ec62136c2601dc8,0
90aaec1885f808a0221063ab6dcc57bb582fc62b137883c41b804b7c975efb9d,torsion_raw_fixed,3jvs_3jvs_conf0,1000,897,/mnt/weka/mbedrosian/pharma_generation_analysis/core_pb_full_dynamic_chembl_count/generation/torsion_raw_fixed/3jvs_3jvs_conf0.sdf,ae10d45d73850ddead2c0599317884ffeeac1dc08796f0ff9001b2e6317bc78e,0
169a9b71d4c51729cd65898f3af622422c42a3663b3532a62b0146f592fbe369,torsion_raw_fixed,3k5v_3k5v_conf0,1000,1000,/mnt/weka/mbedrosian/pharma_generation_analysis/core_pb_full_dynamic_chembl_count/generation/torsion_raw_fixed/3k5v_3k5v_conf0.sdf,b019e7fcb60dc9e46304b8b01902c7de897b13aa9a624c09678e522185b26259,0
31bb36b051c7b7a115da5c21ee2251a8a337f6aef529b36008926cfeb2875ac0,torsion_raw_fixed,3kgp_3kgp_conf0,1000,1000,/mnt/weka/mbedrosian/pharma_generation_analysis/core_pb_full_dynamic_chembl_count/generation/torsion_raw_fixed/3kgp_3kgp_conf0.sdf,7172973ba496544ff81c90d88b1c751160fa017cd6bbf378a41104b4c265d777,0
cf8413ea366c83a953c89bc85ba50abd6d0bd53adad4c1adc16b94014b9259bf,torsion_raw_fixed,3lka_3lka_conf0,1000,1000,/mnt/weka/mbedrosian/pharma_generation_analysis/core_pb_full_dynamic_chembl_count/generation/torsion_raw_fixed/3lka_3lka_conf0.sdf,2ef133df59b8f2137ca8fb1eecbc4b12cf368166f84c71a7348c49446204d93c,0
484d68cea8f8c9ffcd68684b1c6202f53d22c3d3f43e6c044ea3d0252929c1c2,torsion_raw_fixed,3nx7_3nx7_conf0,1000,542,/mnt/weka/mbedrosian/pharma_generation_analysis/core_pb_full_dynamic_chembl_count/generation/torsion_raw_fixed/3nx7_3nx7_conf0.sdf,477ab3062deafaad08753547973c56c5ac1727ad7cb5e9b4b535b9468c360a46,0
07cb7ab688d6e19b46eb8ebd67207597061d9f84cc5519c6784ab5f2a40d0218,torsion_raw_fixed,3pxf_3pxf_conf0,1000,766,/mnt/weka/mbedrosian/pharma_generation_analysis/core_pb_full_dynamic_chembl_count/generation/torsion_raw_fixed/3pxf_3pxf_conf0.sdf,337673a0c24226df640d24196d61a838ea3af7c42c4fe5e775d8d3fc98a0a482,0
12384174ea93db6fbde6d4d75538efc35674b52cc6f01a816ea5149dd71f7a99,torsion_raw_fixed,3qqs_3qqs_conf0,1000,991,/mnt/weka/mbedrosian/pharma_generation_analysis/core_pb_full_dynamic_chembl_count/generation/torsion_raw_fixed/3qqs_3qqs_conf0.sdf,7a59114242ce413fe158a7629dd2f9d87c71a4fab035b8608c3a8d595e73a20e,0
a1901f530edc30a581c2a86548a0940bf3ba11684e1524bd40e72bb6213617fd,torsion_raw_fixed,3rlr_3rlr_conf0,1000,996,/mnt/weka/mbedrosian/pharma_generation_analysis/core_pb_full_dynamic_chembl_count/generation/torsion_raw_fixed/3rlr_3rlr_conf0.sdf,593a8d624ac8a8ceaa3e9a6850b02457e0a87775432b54dd6c033aebc87b6068,0
b1f4556dcfb36bcdb594b2106d2e0d19f18728827fe0ca239dcd865cef41ddc7,torsion_raw_fixed,3rsx_3rsx_conf0,1000,1000,/mnt/weka/mbedrosian/pharma_generation_analysis/core_pb_full_dynamic_chembl_count/generation/torsion_raw_fixed/3rsx_3rsx_conf0.sdf,df099371eeb24e65b2b8a736d5b4154cc3504f413dfbc92459bfcd76a2b4302f,0
3b443d319737295c986ccf05f6deaacd1c3aa782ff992579e08b9a9de8353bee,torsion_raw_fixed,3ryj_3ryj_conf0,1000,999,/mnt/weka/mbedrosian/pharma_generation_analysis/core_pb_full_dynamic_chembl_count/generation/torsion_raw_fixed/3ryj_3ryj_conf0.sdf,5499895d977ef92eb329c7921f3a950d784f4756bae85c82a10b4df6ff9eba8e,0
8adab87de128941d2e135946a80a4a28428e08fceb8b366475f84989f6353aa3,torsion_raw_fixed,3syr_3syr_conf0,1000,948,/mnt/weka/mbedrosian/pharma_generation_analysis/core_pb_full_dynamic_chembl_count/generation/torsion_raw_fixed/3syr_3syr_conf0.sdf,8442c1d96694365d5c021c879a01fafcfec8c0c0aa682c91b1aec1ea82bbb4c6,0
9523579e84c4e3b01686586abe955c4a966ccf41d07f6081ada1c02510fd9cfb,torsion_raw_fixed,3twp_3twp_conf0,1000,1000,/mnt/weka/mbedrosian/pharma_generation_analysis/core_pb_full_dynamic_chembl_count/generation/torsion_raw_fixed/3twp_3twp_conf0.sdf,0c3c9221bf5175ac563b3c361543a9a1dd8573066d45d2a0e8a5c7ee78482442,0
cde1af609fa6f599786ed16396f8f216282385eb5c4506611ff4de1840ba8028,torsion_raw_fixed,3u5j_3u5j_conf0,1000,1000,/mnt/weka/mbedrosian/pharma_generation_analysis/core_pb_full_dynamic_chembl_count/generation/torsion_raw_fixed/3u5j_3u5j_conf0.sdf,c9e38a4ea85cd361d0f7499edcad0cc8463a9a7f9cb710339769940e3971ba79,0
f08c3ae0aeb6e37858ad3586de38ef65fe80741ac858a7359ee6eb095aba5bcf,torsion_raw_fixed,3u8n_3u8n_conf0,1000,957,/mnt/weka/mbedrosian/pharma_generation_analysis/core_pb_full_dynamic_chembl_count/generation/torsion_raw_fixed/3u8n_3u8n_conf0.sdf,dbe250987d85254f925c62540fab903852ff138eae8a8a39d81539eac1a1e7cb,0
36c65131060db20e671c9a1bd3478704f2f09b50a38e8b853800a588d3f09a72,torsion_raw_fixed,3uo4_3uo4_conf0,1000,869,/mnt/weka/mbedrosian/pharma_generation_analysis/core_pb_full_dynamic_chembl_count/generation/torsion_raw_fixed/3uo4_3uo4_conf0.sdf,a1172eaf3f397612ff4afc715b224c5e6161c3f79b542a1ba1d11ca5ad13e488,0
7f0cc480c2187ca7caf80d08629c19ed28f738bfffb492b141fa6ff4aee410d0,torsion_raw_fixed,3up2_3up2_conf0,1000,983,/mnt/weka/mbedrosian/pharma_generation_analysis/core_pb_full_dynamic_chembl_count/generation/torsion_raw_fixed/3up2_3up2_conf0.sdf,23701847994a7d06dab4ea1ae837b9175edf44bcc646cd156266d3078012feea,0
ff80fdd8f284f1a1db9ab1e8a6b352e0ddd3d02fdf32d4dcab1e498dd45b10c7,torsion_raw_fixed,3wtj_3wtj_conf0,1000,829,/mnt/weka/mbedrosian/pharma_generation_analysis/core_pb_full_dynamic_chembl_count/generation/torsion_raw_fixed/3wtj_3wtj_conf0.sdf,59170c9c038438c7ef551419c5d008c924d6c82ae56a7dd5a96590098448ffa5,0
0cb6fc85234298d635ea2d983567b3937e89e7b871cd2fd80960f2d238410703,torsion_raw_fixed,3zdg_3zdg_conf0,1000,770,/mnt/weka/mbedrosian/pharma_generation_analysis/core_pb_full_dynamic_chembl_count/generation/torsion_raw_fixed/3zdg_3zdg_conf0.sdf,e6ef7b0ad513cfbb06e870e5af91f370ce0a59cadeb52c6ec849465453f24cbc,0
097d47135bb10c5758fdcb9cdefe0af3042a96ae0c6273b24f99482c9ab87c8c,torsion_raw_fixed,4ddh_4ddh_conf0,1000,982,/mnt/weka/mbedrosian/pharma_generation_analysis/core_pb_full_dynamic_chembl_count/generation/torsion_raw_fixed/4ddh_4ddh_conf0.sdf,8ce373c1727137ccc8f481b26a7dfad2c8b0e113a99d7346a853ed75d14b88fd,0
832bd0ff4c573634f80062fc929a6206bd677503c040456d00ee83d7a4053ed2,torsion_raw_fixed,4ddk_4ddk_conf0,1000,1000,/mnt/weka/mbedrosian/pharma_generation_analysis/core_pb_full_dynamic_chembl_count/generation/torsion_raw_fixed/4ddk_4ddk_conf0.sdf,6da3efe7c90c30e2a839cf2a0c3f1c3affe0a899e67edbd0cd60f0ff15b671c1,0
e9ed0fa0dde41411bf0fed82a2cbcde90deffc3dc12eff0e1d258a04045d7f47,torsion_raw_fixed,4eor_4eor_conf0,1000,991,/mnt/weka/mbedrosian/pharma_generation_analysis/core_pb_full_dynamic_chembl_count/generation/torsion_raw_fixed/4eor_4eor_conf0.sdf,144d2c1b9e5234d9a637678b5691cc0a0312aebfb2dc13213a7b558a82416110,0
33d8fdf4d1debeb5bf9e70ceaf777cb9508a51cedd8b6a256b745d4342943323,torsion_raw_fixed,4f09_4f09_conf0,1000,510,/mnt/weka/mbedrosian/pharma_generation_analysis/core_pb_full_dynamic_chembl_count/generation/torsion_raw_fixed/4f09_4f09_conf0.sdf,2850186033e38888722a49c1d2a2508e1a5bd54884c2e6ddb9a3ca09ea1cc240,0
c3a08d57d0948e49b97a65424d79ab7c318c14f075cedfd63b15a21b26b7f2fa,torsion_raw_fixed,4f2w_4f2w_conf0,1000,935,/mnt/weka/mbedrosian/pharma_generation_analysis/core_pb_full_dynamic_chembl_count/generation/torsion_raw_fixed/4f2w_4f2w_conf0.sdf,c23749d304466faef3229ca41a42fec7a36ff8fe60c0a848bc4f7f58f27339bc,0
b6d0993ffa1d4ce5d933409c7a304437a85bf5c2263187c7e350af3fa0cb60de,torsion_raw_fixed,4f9w_4f9w_conf0,1000,852,/mnt/weka/mbedrosian/pharma_generation_analysis/core_pb_full_dynamic_chembl_count/generation/torsion_raw_fixed/4f9w_4f9w_conf0.sdf,66fe165eb0f96e937e884d5494b794350d8ac8d5d696d7ebbadcddbb0793e477,0
bdbb960dbd30eeee648e1779dc4c6ca55e8209414542d02da4dcf6a927170880,torsion_raw_fixed,4hge_4hge_conf0,1000,981,/mnt/weka/mbedrosian/pharma_generation_analysis/core_pb_full_dynamic_chembl_count/generation/torsion_raw_fixed/4hge_4hge_conf0.sdf,411ea86b4eb206da5c63915aa22c2bd1f87d750c68f2f6c3e0af2e886e9ffcbf,0
ea8349b1322828725fff12e8ac7d8769745668b6e227c4607753a03ab61165e0,torsion_raw_fixed,4j21_4j21_conf0,1000,1000,/mnt/weka/mbedrosian/pharma_generation_analysis/core_pb_full_dynamic_chembl_count/generation/torsion_raw_fixed/4j21_4j21_conf0.sdf,c6543685403fb60d5d13d09820f21e13d5a3f1a901b15923c1f11db1f731bf90,0
4f9749d12d3c8866862018005835decf26b7179e18bc5736c971bffbee4e5d42,torsion_raw_fixed,4j3l_4j3l_conf0,1000,971,/mnt/weka/mbedrosian/pharma_generation_analysis/core_pb_full_dynamic_chembl_count/generation/torsion_raw_fixed/4j3l_4j3l_conf0.sdf,bb70be6122b1890bd5d6147759e0f20b65541d44fcbd84c6585eea2be275703f,0
1e312bb49767cf880c1bac54eaea17367718114e20d435a8fe7b23d337864658,torsion_raw_fixed,4jsz_4jsz_conf0,1000,1000,/mnt/weka/mbedrosian/pharma_generation_analysis/core_pb_full_dynamic_chembl_count/generation/torsion_raw_fixed/4jsz_4jsz_conf0.sdf,84f0cffbb29934e0c1da3f56f82e73e5d7558eb8ab3bafe372e4206531bf94fa,0
1b7a8905a13092b9534f520bb4895729af2c8a2d2b7c5cabfefdfd4de21e614a,torsion_raw_fixed,4jxs_4jxs_conf0,1000,912,/mnt/weka/mbedrosian/pharma_generation_analysis/core_pb_full_dynamic_chembl_count/generation/torsion_raw_fixed/4jxs_4jxs_conf0.sdf,6386f4e6b5f37878c6b511f2f814c39913546e2f5a26116342b9bf4b47e60d69,0
9c88f7b811cc3a0f2aea1cdf3c3c85681ec8bc2e239654d6f10c66b510a7ef1c,torsion_raw_fixed,4k18_4k18_conf0,1000,941,/mnt/weka/mbedrosian/pharma_generation_analysis/core_pb_full_dynamic_chembl_count/generation/torsion_raw_fixed/4k18_4k18_conf0.sdf,1bdccb3150e0c0c6aaf8d906c93aedd1427fcf8f04e6b4e101bd2c75ead49560,0
7b802b0f4d89e7c086356a317a3efeddf418204674c1c6c56e3b4bd025af1ca3,torsion_raw_fixed,4k77_4k77_conf0,1000,980,/mnt/weka/mbedrosian/pharma_generation_analysis/core_pb_full_dynamic_chembl_count/generation/torsion_raw_fixed/4k77_4k77_conf0.sdf,dcfb7f2f76a5890cdca4f7696541d2a003004b157dc20b8c471a4a0a92bb47fe,0
cc90b384ee1db05cebd524d0b2485fcaf98644753788c013bf7ca68afb5eded1,torsion_raw_fixed,4kzq_4kzq_conf0,1000,1000,/mnt/weka/mbedrosian/pharma_generation_analysis/core_pb_full_dynamic_chembl_count/generation/torsion_raw_fixed/4kzq_4kzq_conf0.sdf,43babe740621bda019c22f549107d8ce4371ca9d82a15338203d754ccbbc4153,0
cbd87a5d75b266ec0df7d0a551fcd769fa67b7e04e08dcd6032f210e4b62a44d,torsion_raw_fixed,4kzu_4kzu_conf0,1000,1000,/mnt/weka/mbedrosian/pharma_generation_analysis/core_pb_full_dynamic_chembl_count/generation/torsion_raw_fixed/4kzu_4kzu_conf0.sdf,76b9990848a073d173afda5b7935ba5aeab472751f9e884ffb76dfec69594ee7,0
80e869c79d8e0cc9772a13af5662719ec1b8332a036e4ce69b0249fe3a4f2648,torsion_raw_fixed,4llx_4llx_conf0,1000,1000,/mnt/weka/mbedrosian/pharma_generation_analysis/core_pb_full_dynamic_chembl_count/generation/torsion_raw_fixed/4llx_4llx_conf0.sdf,8a695ac9599d91fa22a03e9189f7d5775b7655acaca0487b0a2297a9882d9641,0
6cb394d4f016034ce6aad39394608e7ff7c1acf155c9cc76744cea65bbe42802,torsion_raw_fixed,4lzs_4lzs_conf0,1000,890,/mnt/weka/mbedrosian/pharma_generation_analysis/core_pb_full_dynamic_chembl_count/generation/torsion_raw_fixed/4lzs_4lzs_conf0.sdf,b18dc079e59d5c17dfdfe04240a91e25313d9c16d38a7f02d076e0eecea0b00e,0
33b2aab836d270c2651932eeb2b5424e364d0050995f347ba70d500e75423914,torsion_raw_fixed,4mgd_4mgd_conf0,1000,732,/mnt/weka/mbedrosian/pharma_generation_analysis/core_pb_full_dynamic_chembl_count/generation/torsion_raw_fixed/4mgd_4mgd_conf0.sdf,3516861b96255ca4db9d5a3948e46fbb3de29002899165e90f2bf762d5cd8dae,0
45674ad3a6bb2cc85bbe89a320594a9382caace89478334244c6be7c9b660319,torsion_raw_fixed,4ogj_4ogj_conf0,1000,811,/mnt/weka/mbedrosian/pharma_generation_analysis/core_pb_full_dynamic_chembl_count/generation/torsion_raw_fixed/4ogj_4ogj_conf0.sdf,a79a25dd3108dca3698c4114967559046dee5362532fb8f9ac1176e577dab35e,0
5a3697e3634c5cbf350e6afd7b41d368529794d9406e71ed060276ab26feb071,torsion_raw_fixed,5c28_5c28_conf0,1000,1000,/mnt/weka/mbedrosian/pharma_generation_analysis/core_pb_full_dynamic_chembl_count/generation/torsion_raw_fixed/5c28_5c28_conf0.sdf,2be336cd0b70a3cc2c2b4d789479de5c04bde5ad12b0094a610fa9eb627de449,0
3fd675ad415aa51c66bb7cf9cacbcfad6a86ddc0bce05a265d55b31f84e77f8a,torsion_raw_fixed,5c2h_5c2h_conf0,1000,880,/mnt/weka/mbedrosian/pharma_generation_analysis/core_pb_full_dynamic_chembl_count/generation/torsion_raw_fixed/5c2h_5c2h_conf0.sdf,5b51a00b6872a47869abbb92127f4947bed9329858771a9705ca3321c28b4419,0
03f6de8f781362ab66d301bdc9073844a2e6c41377e512bdef2b2de9f158778f,torsion_minimized_fixed,1bcu_1bcu_conf0,1000,1000,/mnt/weka/mbedrosian/pharma_generation_analysis/core_pb_full_dynamic_chembl_count/generation/torsion_minimized_fixed/1bcu_1bcu_conf0.sdf,0fc6d9383b9d30590f04333fcef77647ba9986d6452aff1fb046b475e55679d4,0
f709e6c54643584927b7eb11beaf8e527ae9ff0e2314333e6a619af69b123a56,torsion_minimized_fixed,1c5z_1c5z_conf0,1000,1000,/mnt/weka/mbedrosian/pharma_generation_analysis/core_pb_full_dynamic_chembl_count/generation/torsion_minimized_fixed/1c5z_1c5z_conf0.sdf,3e4d0540ae3cc0f47020747f2bd235228940652d5c6147d8b0fbc5b7ffbd5694,0
c845721aeb784e442030286d5b8cb1190def2378a1025dc35a61048800b3d98c,torsion_minimized_fixed,1lpg_1lpg_conf0,1000,1000,/mnt/weka/mbedrosian/pharma_generation_analysis/core_pb_full_dynamic_chembl_count/generation/torsion_minimized_fixed/1lpg_1lpg_conf0.sdf,729eae4668d4f1ccb0ddf00cd3f06973c3690d5ee75011314f1ba7d238065ddc,0
c4eca00617609968f02862ff24a8abb21bcb0e166ea5451ff589c4edfabfa4da,torsion_minimized_fixed,1mq6_1mq6_conf0,1000,1000,/mnt/weka/mbedrosian/pharma_generation_analysis/core_pb_full_dynamic_chembl_count/generation/torsion_minimized_fixed/1mq6_1mq6_conf0.sdf,643a1dd86ce6e0ac081bb42818bc5f6b48b56f3705916d75415f5ae87873c1b9,0
c13416a5cdbce302348e5c749131b0f8a18021af1cd8da8c6c19cc0b8938aeb4,torsion_minimized_fixed,1nc3_1nc3_conf0,1000,1000,/mnt/weka/mbedrosian/pharma_generation_analysis/core_pb_full_dynamic_chembl_count/generation/torsion_minimized_fixed/1nc3_1nc3_conf0.sdf,4abb2b0718402fd7bb9e78df1e23c26a3c57be3dfbdbfb856f30f289f6f0d3bb,0
535189ec7095160e4a7f78d17d4ed42d7fa1bf78095eb78fdad6d2147231814e,torsion_minimized_fixed,1o3f_1o3f_conf0,1000,1000,/mnt/weka/mbedrosian/pharma_generation_analysis/core_pb_full_dynamic_chembl_count/generation/torsion_minimized_fixed/1o3f_1o3f_conf0.sdf,1a1cf5e4daa91f36b0c94b975ee598162a4816061874ff0d4eb29cf180d69b1f,0
422b5f9efdfbfc0f62bb209e686fb2a428ffadfd934709cc373a5ded9e3bfcfd,torsion_minimized_fixed,1o5b_1o5b_conf0,1000,1000,/mnt/weka/mbedrosian/pharma_generation_analysis/core_pb_full_dynamic_chembl_count/generation/torsion_minimized_fixed/1o5b_1o5b_conf0.sdf,38aa2207ffa65d17c53919ee7a101a52030655aaf3c424e2b91a3ecea88d59fc,0
d7cfb7f5b8ec9e082705ffa31e319d870411b4f013389a46435fad3c7a4b2d30,torsion_minimized_fixed,1owh_1owh_conf0,1000,1000,/mnt/weka/mbedrosian/pharma_generation_analysis/core_pb_full_dynamic_chembl_count/generation/torsion_minimized_fixed/1owh_1owh_conf0.sdf,237a2fed231cb93700fd29efecca9c4b66c5b23e8ef1df86bfc95606990c2465,0
50c6b01e0dc8056a241df43d93756f1d93f68cbfe7b1687c761654907f9199c8,torsion_minimized_fixed,1p1n_1p1n_conf0,1000,1000,/mnt/weka/mbedrosian/pharma_generation_analysis/core_pb_full_dynamic_chembl_count/generation/torsion_minimized_fixed/1p1n_1p1n_conf0.sdf,3ec723cf885c8b948b61f804c2ae81477a9eb0b18d67b5fd6199b605a6312258,0
85b4fa9307081afd58df218591c5e332e3772c42153b30f64deb4c4237e650fa,torsion_minimized_fixed,1pxn_1pxn_conf0,1000,1000,/mnt/weka/mbedrosian/pharma_generation_analysis/core_pb_full_dynamic_chembl_count/generation/torsion_minimized_fixed/1pxn_1pxn_conf0.sdf,7ed6714c2441b3d867c1f062356a9e05fa38d618dcc6e77b51a9ba7e1104119f,0
4c53cfb6206fd3ab8272af9635eabd55c7fc2ed6f43da91529154d8724d4d2a8,torsion_minimized_fixed,1sqa_1sqa_conf0,1000,1000,/mnt/weka/mbedrosian/pharma_generation_analysis/core_pb_full_dynamic_chembl_count/generation/torsion_minimized_fixed/1sqa_1sqa_conf0.sdf,8b8ce7123b1edffd911ba6e632440c5890907892996e88dc3c29d842b5958886,0
a3395e3cc0fd084763172939b11394361cfaab48ccdc01a9d05f7e5bf5168a6e,torsion_minimized_fixed,1uto_1uto_conf0,1000,1000,/mnt/weka/mbedrosian/pharma_generation_analysis/core_pb_full_dynamic_chembl_count/generation/torsion_minimized_fixed/1uto_1uto_conf0.sdf,fbb127a91603dd1f3ca2ad1adacd96ef54d6bc3bc5c29f7e7b97b00f051fd130,0
6f2beb99d3181ade05bad42073ab9e9a28191e8640715b2504af6b7c839d34af,torsion_minimized_fixed,1yc1_1yc1_conf0,1000,1000,/mnt/weka/mbedrosian/pharma_generation_analysis/core_pb_full_dynamic_chembl_count/generation/torsion_minimized_fixed/1yc1_1yc1_conf0.sdf,7fdb25f3e30905a151a711e40aa39edd440594f672c15fb5a2481435bd6e64bc,0
f390e2b19fd7fab7c97ffc45e931dd19e103a6305bd81b0cd094e9714a9c5a92,torsion_minimized_fixed,1ydr_1ydr_conf0,1000,1000,/mnt/weka/mbedrosian/pharma_generation_analysis/core_pb_full_dynamic_chembl_count/generation/torsion_minimized_fixed/1ydr_1ydr_conf0.sdf,8b1eec424de2105d22d50d77679c9fc726d04727629ffd1f589f4c6244ce0a80,0
2689f48a0642b0578a068c5318800a4569911cfacf75a5ce56225a9ddc73594e,torsion_minimized_fixed,1ydt_1ydt_conf0,1000,1000,/mnt/weka/mbedrosian/pharma_generation_analysis/core_pb_full_dynamic_chembl_count/generation/torsion_minimized_fixed/1ydt_1ydt_conf0.sdf,8774ad996c34e2a96ca71c3f365c0448e208c8e698b103f5a74e60751ef79f98,0
4f2d45c0c4ddbda9c52169601b21e72671274b31387bb35203161ffb90aef9d3,torsion_minimized_fixed,1z6e_1z6e_conf0,1000,1000,/mnt/weka/mbedrosian/pharma_generation_analysis/core_pb_full_dynamic_chembl_count/generation/torsion_minimized_fixed/1z6e_1z6e_conf0.sdf,8477e6fae3ca19e6b028fe2fa3ddec35c2511321a8a6d78942bbf34db3fe1c43,0
9251d788a43faf5d8a53b23923d61b227af12f8388f3fb45657f2c6a06cfb97f,torsion_minimized_fixed,1z95_1z95_conf0,1000,1000,/mnt/weka/mbedrosian/pharma_generation_analysis/core_pb_full_dynamic_chembl_count/generation/torsion_minimized_fixed/1z95_1z95_conf0.sdf,056e6571c55109b49698ce1956da9f6c6e8962c39e353ee91a1ef0769f40b912,0
99bdb448382e5d9260e3eb9108f461b87e89f67ed3a4ee9cf726ae78b46adfcd,torsion_minimized_fixed,1z9g_1z9g_conf0,1000,1000,/mnt/weka/mbedrosian/pharma_generation_analysis/core_pb_full_dynamic_chembl_count/generation/torsion_minimized_fixed/1z9g_1z9g_conf0.sdf,f3569098b2eb509203133c49e67f5bf25ac2c17d11166a0fa27c19fa65dd0fad,0
3a7e95650131f7599417304e2c0e23d5f3d0aae3ae39626d08c53ec14d50a82f,torsion_minimized_fixed,2br1_2br1_conf0,1000,1000,/mnt/weka/mbedrosian/pharma_generation_analysis/core_pb_full_dynamic_chembl_count/generation/torsion_minimized_fixed/2br1_2br1_conf0.sdf,6334c42c2880b759aa09b6573ed8ae8069dbe7d0a69f655b086e7dceb7ea020b,0
83802e8dd126f6b5b08fc016408480f40d809a1293d286d0d6746a7488d2c95a,torsion_minimized_fixed,2brb_2brb_conf0,1000,1000,/mnt/weka/mbedrosian/pharma_generation_analysis/core_pb_full_dynamic_chembl_count/generation/torsion_minimized_fixed/2brb_2brb_conf0.sdf,330aef68983f210e0273b3ea5fab995ef79957bf4dd81c74be8a621010bd7566,0
5ac5747c8c03e576b01d1ce7042817e7143fcd1f31c3ca4110c46ad8cf085bc0,torsion_minimized_fixed,2c3i_2c3i_conf0,1000,1000,/mnt/weka/mbedrosian/pharma_generation_analysis/core_pb_full_dynamic_chembl_count/generation/torsion_minimized_fixed/2c3i_2c3i_conf0.sdf,69e6112ec7a3e128dcff3d80365bca4434478bd60ddb50f4a91617349246d9c5,0
4e33724a94c7db150e78272dc5d1192feae99058a28042e5d25d5e85c3d36225,torsion_minimized_fixed,2fvd_2fvd_conf0,1000,1000,/mnt/weka/mbedrosian/pharma_generation_analysis/core_pb_full_dynamic_chembl_count/generation/torsion_minimized_fixed/2fvd_2fvd_conf0.sdf,2cc15fa86892e1f572f537a44865e8b5346a3e3ea7aeb7aefc7b3024256f2095,0
15de3d81e24d6b989d8431b99e4d2e10d475fd2a93f0296d5f51c67c28ce3d03,torsion_minimized_fixed,2hb1_2hb1_conf0,1000,1000,/mnt/weka/mbedrosian/pharma_generation_analysis/core_pb_full_dynamic_chembl_count/generation/torsion_minimized_fixed/2hb1_2hb1_conf0.sdf,b3d5a1f4bc29668277183274dc0ed540db33ed972214451d987bc062980d805b,0
714454577ce79c68469175e4fa57f1abbecb542de75775acc3d0a35616b122fd,torsion_minimized_fixed,2p4y_2p4y_conf0,1000,1000,/mnt/weka/mbedrosian/pharma_generation_analysis/core_pb_full_dynamic_chembl_count/generation/torsion_minimized_fixed/2p4y_2p4y_conf0.sdf,bf4f6ecd8842a3c0ceb81ffb5b8bb4364b670dcd1e4f2f307e4ca4144956e08d,0
294f890adc1f89073feb7fa503e5023fa42012a99039d4f676841c9cc1ee0f5a,torsion_minimized_fixed,2pog_2pog_conf0,1000,1000,/mnt/weka/mbedrosian/pharma_generation_analysis/core_pb_full_dynamic_chembl_count/generation/torsion_minimized_fixed/2pog_2pog_conf0.sdf,dbbd07758214815a0492547bd15d3671fa816022fb8db8c83d37c41dfd56b288,0
ec869f72037bd1e8167a17654515abe5e77cd8603561ba07a90f4c4684e3096e,torsion_minimized_fixed,2qbp_2qbp_conf0,1000,1000,/mnt/weka/mbedrosian/pharma_generation_analysis/core_pb_full_dynamic_chembl_count/generation/torsion_minimized_fixed/2qbp_2qbp_conf0.sdf,e50f5b3ba0cc4209e46d398bd1a3bfb2ce13db9f023034ec00b2c98ac9726257,0
fbe91732ec59a2c0fa6cc72f455c772a503b9c49cdb0906286dc72bb6dcd8d1e,torsion_minimized_fixed,2qbq_2qbq_conf0,1000,1000,/mnt/weka/mbedrosian/pharma_generation_analysis/core_pb_full_dynamic_chembl_count/generation/torsion_minimized_fixed/2qbq_2qbq_conf0.sdf,fa9c58ee23229a1a39119cb864727de0ce331877a994e6b685513c8f93a355e8,0
a7a821b3be32f695947a43970a521f8e4fdb457389d4ed310f7b204e3ae765ad,torsion_minimized_fixed,2qbr_2qbr_conf0,1000,1000,/mnt/weka/mbedrosian/pharma_generation_analysis/core_pb_full_dynamic_chembl_count/generation/torsion_minimized_fixed/2qbr_2qbr_conf0.sdf,5f7a9ddfae5d4ed855bf3209812738a7970efda77273a460ed6c0e2b461417c7,0
5a0a6a85d0537d23b6fed57a753845d4753d36477af883b7d969295a04b1d4fb,torsion_minimized_fixed,2v00_2v00_conf0,1000,1000,/mnt/weka/mbedrosian/pharma_generation_analysis/core_pb_full_dynamic_chembl_count/generation/torsion_minimized_fixed/2v00_2v00_conf0.sdf,da583a0ef3e0726cd391f811934148dfda571d6e51cf3b2f0f0a3579a7dffdfb,0
0b8bc8073700c3a77751596bd95fe5cc3dcf2ad750b5623a07d3c7a1ac4cf372,torsion_minimized_fixed,2wn9_2wn9_conf0,1000,1000,/mnt/weka/mbedrosian/pharma_generation_analysis/core_pb_full_dynamic_chembl_count/generation/torsion_minimized_fixed/2wn9_2wn9_conf0.sdf,7811fd92fc28813d7d9213518238b4e345181fc8a0ad93114233b09dd89611fb,0
f666d773459c4ba7a9a1b2c9e9f0ea424349507003157af5bec542eb02036763,torsion_minimized_fixed,2wtv_2wtv_conf0,1000,1000,/mnt/weka/mbedrosian/pharma_generation_analysis/core_pb_full_dynamic_chembl_count/generation/torsion_minimized_fixed/2wtv_2wtv_conf0.sdf,81263769b70547f556ce31c776d87fcbc773c4735d4451113bd6fb4cef1bb919,0
a2efa3eb8d371ce241b16a3aa879db33f6cc17aa610911429c173b614afe3c79,torsion_minimized_fixed,2xdl_2xdl_conf0,1000,1000,/mnt/weka/mbedrosian/pharma_generation_analysis/core_pb_full_dynamic_chembl_count/generation/torsion_minimized_fixed/2xdl_2xdl_conf0.sdf,3a9b722379631a152295c7b75634c492cf1b255551db2d994c65670e7b693fde,0
9671294285ee48e841bd5ad6d269dcf5af44cf3972d762a4b922a627b7a18e6a,torsion_minimized_fixed,2xnb_2xnb_conf0,1000,1000,/mnt/weka/mbedrosian/pharma_generation_analysis/core_pb_full_dynamic_chembl_count/generation/torsion_minimized_fixed/2xnb_2xnb_conf0.sdf,6f02b46cb7faa1adef8c79a0dfb66d4f25afd0d38ead4c24bf60df09f923c547,0
679f4ba2a4a70fe9a3c04504a7e361462fa24016636a5fa695e0e7da8ffa32dc,torsion_minimized_fixed,2yfe_2yfe_conf0,1000,1000,/mnt/weka/mbedrosian/pharma_generation_analysis/core_pb_full_dynamic_chembl_count/generation/torsion_minimized_fixed/2yfe_2yfe_conf0.sdf,0ba40a662c4b0b91ee3397e0d5f668da58d2cab81b02faf7d1782a83967adb13,0
f4a0046cb620221087715ab5c2c2cdd1f630eace739d5ac8c9191ebe4012b651,torsion_minimized_fixed,2ymd_2ymd_conf0,1000,1000,/mnt/weka/mbedrosian/pharma_generation_analysis/core_pb_full_dynamic_chembl_count/generation/torsion_minimized_fixed/2ymd_2ymd_conf0.sdf,245a867c2ada2cbde4ebc53cfb75f4c27118c5d3af96571ed45c03cdfebbf485,0
516fa7e9ac32e04931ba582175a0823f5b747cea0fc1c42191eee47b29be2d66,torsion_minimized_fixed,2zb1_2zb1_conf0,1000,1000,/mnt/weka/mbedrosian/pharma_generation_analysis/core_pb_full_dynamic_chembl_count/generation/torsion_minimized_fixed/2zb1_2zb1_conf0.sdf,f85823d3d4cf8b66723efadeb284b62533718d343816d308e3e9b70c983ec752,0
184372b35720dbdf462c1a9974e15017531a89042e54b3cfb87768b587f225b7,torsion_minimized_fixed,2zcq_2zcq_conf0,1000,999,/mnt/weka/mbedrosian/pharma_generation_analysis/core_pb_full_dynamic_chembl_count/generation/torsion_minimized_fixed/2zcq_2zcq_conf0.sdf,c554e0ff3dd043ca86cd388296e612a26665cdc1478340b5c1ea13132bf13519,0
045e658f2364dbd5b45989cf9a1db619ea93b6c32d8c4b4a1fce142b4bf07793,torsion_minimized_fixed,2zcr_2zcr_conf0,1000,1000,/mnt/weka/mbedrosian/pharma_generation_analysis/core_pb_full_dynamic_chembl_count/generation/torsion_minimized_fixed/2zcr_2zcr_conf0.sdf,5e251a633744e9a7f570ae88ff8b82d16021dacc97223b2e81b1a697b2002206,0
a6b5bd2a82fccd64e7f1be33a0aacc1a61061e2aaaa7b49fd893a3585c247124,torsion_minimized_fixed,2zy1_2zy1_conf0,1000,1000,/mnt/weka/mbedrosian/pharma_generation_analysis/core_pb_full_dynamic_chembl_count/generation/torsion_minimized_fixed/2zy1_2zy1_conf0.sdf,478b3bdcb2b404e710be829e80a85e309b0777ac95426737351d9a66ee8ffad3,0
00d4003a4a162ec9ceff2dd23c0d3dbd39eb91234d181953346db600df8120c6,torsion_minimized_fixed,3aru_3aru_conf0,1000,1000,/mnt/weka/mbedrosian/pharma_generation_analysis/core_pb_full_dynamic_chembl_count/generation/torsion_minimized_fixed/3aru_3aru_conf0.sdf,b8e2d24ff5bfe8db0701a6a4daa15917e3ef5252dc8c298eba3c2f42ac352b7f,0
c6c44f8f2bb2b1a4e22da3ab34cf3c1314e0f90623eb9991800bb98441debfff,torsion_minimized_fixed,3ary_3ary_conf0,1000,1000,/mnt/weka/mbedrosian/pharma_generation_analysis/core_pb_full_dynamic_chembl_count/generation/torsion_minimized_fixed/3ary_3ary_conf0.sdf,23d4e775d67f30e0d09499391e9bbd7d86c98bfc5f8b3bf9a73e44b1850468d0,0
5e527894222d7ecd002d320309736e38d2177eb6f4fe94afd2b9fa15f9c26d67,torsion_minimized_fixed,3b27_3b27_conf0,1000,1000,/mnt/weka/mbedrosian/pharma_generation_analysis/core_pb_full_dynamic_chembl_count/generation/torsion_minimized_fixed/3b27_3b27_conf0.sdf,fc2ae0e241a9898b9326ddd00d19387327e493a28adebbb0e8a2458711f00096,0
30a9a56c6a0026bffaf6938f8463c8613d3b757344d260cd6a77066d226f6faf,torsion_minimized_fixed,3b5r_3b5r_conf0,1000,1000,/mnt/weka/mbedrosian/pharma_generation_analysis/core_pb_full_dynamic_chembl_count/generation/torsion_minimized_fixed/3b5r_3b5r_conf0.sdf,3c0177a0764aa503be18b61235e2b9b82f81d6cbec221b7e4d38e7c4aa7b3a6e,0
5d41cbc9fd35b0588275bb674ed6162d95190d285c6ca0ecc389326e49791184,torsion_minimized_fixed,3b65_3b65_conf0,1000,1000,/mnt/weka/mbedrosian/pharma_generation_analysis/core_pb_full_dynamic_chembl_count/generation/torsion_minimized_fixed/3b65_3b65_conf0.sdf,ae774583d5b0e9520e8fb86b5c5aa29564cd623105255867cfeaac62db0e373e,0
a4eb0f58bed888aec687f8a949b7348979bfd06c479265529a356f1c3aabe80b,torsion_minimized_fixed,3bgz_3bgz_conf0,1000,1000,/mnt/weka/mbedrosian/pharma_generation_analysis/core_pb_full_dynamic_chembl_count/generation/torsion_minimized_fixed/3bgz_3bgz_conf0.sdf,55881642f60cbe85988fe63515f24b2a3e0dc50056441178adf3a19f0d56ecec,0
5d5cdba9bcebe813953f2e8ed34b3ffcdd7c8997f93756ec09238ac8f2ee01e6,torsion_minimized_fixed,3cj4_3cj4_conf0,1000,1000,/mnt/weka/mbedrosian/pharma_generation_analysis/core_pb_full_dynamic_chembl_count/generation/torsion_minimized_fixed/3cj4_3cj4_conf0.sdf,42aaf83b88437ff173b00f3c6bb893423243366775b57f55b299d8d4ac7b407e,0
2d3dc63a228a913403788c952c4db0bd6640a4911a3a75e53685fcce96a9f40d,torsion_minimized_fixed,3dd0_3dd0_conf0,1000,1000,/mnt/weka/mbedrosian/pharma_generation_analysis/core_pb_full_dynamic_chembl_count/generation/torsion_minimized_fixed/3dd0_3dd0_conf0.sdf,bf17c140ef79de35b5a85df03c9ee03d76be477770edc80c7b305a9ef32826c8,0
7f9e9b67248b71891478029a1433b2106d4bb83bf32673289f9f0c48a486cf70,torsion_minimized_fixed,3e92_3e92_conf0,1000,1000,/mnt/weka/mbedrosian/pharma_generation_analysis/core_pb_full_dynamic_chembl_count/generation/torsion_minimized_fixed/3e92_3e92_conf0.sdf,5fce9663a115ebf95c8750dc48241c9447c588dff895d305370d2e8b81b87342,0
f585a69080a4bff5d7fe234c2e8f584f57e9ef93eab9354151b7d4e02f1d7084,torsion_minimized_fixed,3e93_3e93_conf0,1000,1000,/mnt/weka/mbedrosian/pharma_generation_analysis/core_pb_full_dynamic_chembl_count/generation/torsion_minimized_fixed/3e93_3e93_conf0.sdf,c0f68fe6210716ba536a540151d88e91ff6f82003b47a72b17c032f70a1d0677,0
002ea7f4f9c2dfad8b0e7de4748c39f6793bb445c1c5b5e1e9066a6c86051203,torsion_minimized_fixed,3ehy_3ehy_conf0,1000,999,/mnt/weka/mbedrosian/pharma_generation_analysis/core_pb_full_dynamic_chembl_count/generation/torsion_minimized_fixed/3ehy_3ehy_conf0.sdf,6732625ffd0b88ec2a2f5d3c8e8044415b1431a4b6ea3be76736169c474707cd,0
d0b10b804d0d1fc1cce8c91f52d46d8a8106f90cfea80d7b5a7cb84d0f6c7c77,torsion_minimized_fixed,3fcq_3fcq_conf0,1000,1000,/mnt/weka/mbedrosian/pharma_generation_analysis/core_pb_full_dynamic_chembl_count/generation/torsion_minimized_fixed/3fcq_3fcq_conf0.sdf,bbb786624c08590044dcb0ca6a1954c923488273f8ce30bf07b0c68f43d77f56,0
209dee454cc92c2931cc63f56dd616d5b40b3e9732e42747fbb3063586c22aac,torsion_minimized_fixed,3fur_3fur_conf0,1000,1000,/mnt/weka/mbedrosian/pharma_generation_analysis/core_pb_full_dynamic_chembl_count/generation/torsion_minimized_fixed/3fur_3fur_conf0.sdf,bf5039281bd8ae3455da34947460d2e16e2ea79eacb862f77a469fb5da138634,0
e95a7336b860c37c01de47523d49bee68fe5064aaff43edfbf91c4a8f41e658e,torsion_minimized_fixed,3g2z_3g2z_conf0,1000,1000,/mnt/weka/mbedrosian/pharma_generation_analysis/core_pb_full_dynamic_chembl_count/generation/torsion_minimized_fixed/3g2z_3g2z_conf0.sdf,7ed36571ee7b7f9b8be434b2c05a7fa2fe34f2c33dd080851f707f8b304d55a7,0
3ed192111b898d2db300cd79e32e0d2cd432544a18e8320bc126dc0567cd07e7,torsion_minimized_fixed,3g31_3g31_conf0,1000,1000,/mnt/weka/mbedrosian/pharma_generation_analysis/core_pb_full_dynamic_chembl_count/generation/torsion_minimized_fixed/3g31_3g31_conf0.sdf,d06a0cef134c19d47f1d27c38e72a1a2dc6a551118f7f6bcc0029260e9c46191,0
9539251a5922584604e147a067d2ff3d5eefdb8d517370d2b01ef17065bd3a41,torsion_minimized_fixed,3gy4_3gy4_conf0,1000,1000,/mnt/weka/mbedrosian/pharma_generation_analysis/core_pb_full_dynamic_chembl_count/generation/torsion_minimized_fixed/3gy4_3gy4_conf0.sdf,b6ab33eb8c677bb609c5f3fbe3dbc3dd0424f702c62989c99e18496ca0005d4c,0
aa5087755acaccefeb10a78750ac77fc712d84642e407241432e4b3039a8b908,torsion_minimized_fixed,3jvs_3jvs_conf0,1000,1000,/mnt/weka/mbedrosian/pharma_generation_analysis/core_pb_full_dynamic_chembl_count/generation/torsion_minimized_fixed/3jvs_3jvs_conf0.sdf,496a11b64486249e69f8076069ea9e255ce362b1444c62b97ac2c0a2e2a27c79,0
ed59e2b787d3d1589a9d909151bd4b8fd3bc39423ef5d011058df140086fd945,torsion_minimized_fixed,3k5v_3k5v_conf0,1000,1000,/mnt/weka/mbedrosian/pharma_generation_analysis/core_pb_full_dynamic_chembl_count/generation/torsion_minimized_fixed/3k5v_3k5v_conf0.sdf,b7deee6b569643b330f1c2e56315f8694bacc9557f62d714807216abf1088ac7,0
46e0e187b3f4238a2076a73ea44ed104f693c598ca3661ee150a1b17dc6288f7,torsion_minimized_fixed,3kgp_3kgp_conf0,1000,1000,/mnt/weka/mbedrosian/pharma_generation_analysis/core_pb_full_dynamic_chembl_count/generation/torsion_minimized_fixed/3kgp_3kgp_conf0.sdf,83657a77d7ba09df206b8368ee18759a3ee705604260101439184ed13c7c5654,0
54c9e63a4801b8f2232b6bb6d66f2ce1bdff45fe1ba9177442e45dff3908caea,torsion_minimized_fixed,3lka_3lka_conf0,1000,1000,/mnt/weka/mbedrosian/pharma_generation_analysis/core_pb_full_dynamic_chembl_count/generation/torsion_minimized_fixed/3lka_3lka_conf0.sdf,7201677758e95472f23d0c2af1789e5cebb04310ee35e1d31e14379883c3d286,0
70022822ad022417a47fdabf8411567af3bb3ac15c2e909fefaa600aec63ab1e,torsion_minimized_fixed,3nx7_3nx7_conf0,1000,1000,/mnt/weka/mbedrosian/pharma_generation_analysis/core_pb_full_dynamic_chembl_count/generation/torsion_minimized_fixed/3nx7_3nx7_conf0.sdf,dba850f0362cf9198a1576fb50b4d0c38946cd48874451fe23d2d47da26780bf,0
be61bdd4f35a3d5aa9765cb999390ab898b24f29409431173af121227d229173,torsion_minimized_fixed,3pxf_3pxf_conf0,1000,1000,/mnt/weka/mbedrosian/pharma_generation_analysis/core_pb_full_dynamic_chembl_count/generation/torsion_minimized_fixed/3pxf_3pxf_conf0.sdf,b8f60b959de9d888688765f4e57e5cee57f9f759f2aa4fe92f9a220bc57ef729,0
f4c47cecd2acbabc1da3144f41d010091868504c53d57a89f4eff58e1bbdfbdc,torsion_minimized_fixed,3qqs_3qqs_conf0,1000,1000,/mnt/weka/mbedrosian/pharma_generation_analysis/core_pb_full_dynamic_chembl_count/generation/torsion_minimized_fixed/3qqs_3qqs_conf0.sdf,29caa55b670363d503194753014e564453768c0afde3d577f7dc466c664599be,0
e3c1ef05f9ab52eaf92146fc67a8555689aab1fe3a11b16e37dc7406be25eee4,torsion_minimized_fixed,3rlr_3rlr_conf0,1000,1000,/mnt/weka/mbedrosian/pharma_generation_analysis/core_pb_full_dynamic_chembl_count/generation/torsion_minimized_fixed/3rlr_3rlr_conf0.sdf,eec12234497a0054a1b1f2d7da89fb3f31d5e7d79739e1ae3358d0fb1eb6ff9d,0
932d8426ace8d0238d9fd30563fdc8015f3a76a2c86d8ea0904246f388e5d1ff,torsion_minimized_fixed,3rsx_3rsx_conf0,1000,1000,/mnt/weka/mbedrosian/pharma_generation_analysis/core_pb_full_dynamic_chembl_count/generation/torsion_minimized_fixed/3rsx_3rsx_conf0.sdf,8bc5238b63efc62713099bfc5b136916a11bb0a6b3acb982cb92221b00c1081a,0
ca7f52ab5856c0b53e755f16c6d3063922ed051bf80a5fa0e6221b38f21f0948,torsion_minimized_fixed,3ryj_3ryj_conf0,1000,1000,/mnt/weka/mbedrosian/pharma_generation_analysis/core_pb_full_dynamic_chembl_count/generation/torsion_minimized_fixed/3ryj_3ryj_conf0.sdf,fab23b462617070460348a9bf48578492df1118eb8be8e311d0092d3756c613b,0
6a72d121bffd55763ce7dd8ba7440ca7d40783cec861d13c344ccd0300749d6f,torsion_minimized_fixed,3syr_3syr_conf0,1000,1000,/mnt/weka/mbedrosian/pharma_generation_analysis/core_pb_full_dynamic_chembl_count/generation/torsion_minimized_fixed/3syr_3syr_conf0.sdf,91b585feeb445ad188e12f0fb8d9f1df770b56179067bc0d90b27a78ec9e6c08,0
2d79ce724ed9f23cd134f9eb5a68ac05991c83547a3ac3b2ac2160247dedd692,torsion_minimized_fixed,3twp_3twp_conf0,1000,1000,/mnt/weka/mbedrosian/pharma_generation_analysis/core_pb_full_dynamic_chembl_count/generation/torsion_minimized_fixed/3twp_3twp_conf0.sdf,8e2594bff48ea1aa208e54d601383cda3ed0c85813b13d73962f7f1da7e7a70d,0
6e80403871fae8585320ce0da8ed13e4b95b5958437bfaadb2987ce14cb89c6b,torsion_minimized_fixed,3u5j_3u5j_conf0,1000,1000,/mnt/weka/mbedrosian/pharma_generation_analysis/core_pb_full_dynamic_chembl_count/generation/torsion_minimized_fixed/3u5j_3u5j_conf0.sdf,d2b92ff892bca9404b3aa49e2bb87f0614a7def4a054d3fffe4e4a70bb27a2b1,0
72780b196e0c0b28baee0f0542856de1203ccb6ed482d39f4bd68d4cce641a00,torsion_minimized_fixed,3u8n_3u8n_conf0,1000,1000,/mnt/weka/mbedrosian/pharma_generation_analysis/core_pb_full_dynamic_chembl_count/generation/torsion_minimized_fixed/3u8n_3u8n_conf0.sdf,ba2910bf7350adacac5ee300ab69ac65edf86e50d7f27b63391edef26c5c5ad4,0
ce6bd8b023bf6b882ff7cffab59c3ac474313c4f1537161c412e4e9526c262b7,torsion_minimized_fixed,3uo4_3uo4_conf0,1000,1000,/mnt/weka/mbedrosian/pharma_generation_analysis/core_pb_full_dynamic_chembl_count/generation/torsion_minimized_fixed/3uo4_3uo4_conf0.sdf,861ff00e5257d92389d8ef5a14480213ebb10b79624304bb01c19706cbc67fee,0
cbb061774dd34f4bab1a8a77db5d24130c3df46b0c7115216ce09050c90fef6e,torsion_minimized_fixed,3up2_3up2_conf0,1000,1000,/mnt/weka/mbedrosian/pharma_generation_analysis/core_pb_full_dynamic_chembl_count/generation/torsion_minimized_fixed/3up2_3up2_conf0.sdf,1f8e448820bb8d475bc2661acff30c4a375be0409eea2d5f24418f0588eab97f,0
5f14adc355a0aa01cb92012d2e90be9f70cb055b47fc8fd8bb4ec0e28668d17a,torsion_minimized_fixed,3wtj_3wtj_conf0,1000,999,/mnt/weka/mbedrosian/pharma_generation_analysis/core_pb_full_dynamic_chembl_count/generation/torsion_minimized_fixed/3wtj_3wtj_conf0.sdf,86730fd29479f81e73685dd65019421a74cc0538939f8d64d69e61b4cba61205,0
63f04d9b3fdb4e68a27427828c0ccdf5d6cb6244916dfddf4019721e8427d027,torsion_minimized_fixed,3zdg_3zdg_conf0,1000,1000,/mnt/weka/mbedrosian/pharma_generation_analysis/core_pb_full_dynamic_chembl_count/generation/torsion_minimized_fixed/3zdg_3zdg_conf0.sdf,f9fcd162c2421df07f1a651ca4bea2512fafdcf7ed07bcdc88bc91431930b5cd,0
7af7636301809ec00b81b2446470c64991e0ec880cd3a1ac1231ef08f43ff878,torsion_minimized_fixed,4ddh_4ddh_conf0,1000,1000,/mnt/weka/mbedrosian/pharma_generation_analysis/core_pb_full_dynamic_chembl_count/generation/torsion_minimized_fixed/4ddh_4ddh_conf0.sdf,b7b34d29d99c2e1f5be48f312f0178ad52053fdec367d85a87eb65e698b08857,0
fc038c71255325dce4fc35772da72119e6149dcd171dbf5137c82ad18f75c080,torsion_minimized_fixed,4ddk_4ddk_conf0,1000,1000,/mnt/weka/mbedrosian/pharma_generation_analysis/core_pb_full_dynamic_chembl_count/generation/torsion_minimized_fixed/4ddk_4ddk_conf0.sdf,cab207b358b6c7f08a06e8ea3013d42c158ba3677939ba80b2bee6ca91cb722f,0
c2aae2f883feb8e7deb762e2bdd2d2b7e44cd464b822e8598ad4859deaa9434c,torsion_minimized_fixed,4eor_4eor_conf0,1000,1000,/mnt/weka/mbedrosian/pharma_generation_analysis/core_pb_full_dynamic_chembl_count/generation/torsion_minimized_fixed/4eor_4eor_conf0.sdf,dd46a2117e00ca0b303b2bae02cd81cc36d2ea0713d6c2f108b2fb8f33e29f9d,0
f8a8ce9b6329b6d05e32798678b052e7fe0b2a926a266ca55a76647f9b579245,torsion_minimized_fixed,4f09_4f09_conf0,1000,1000,/mnt/weka/mbedrosian/pharma_generation_analysis/core_pb_full_dynamic_chembl_count/generation/torsion_minimized_fixed/4f09_4f09_conf0.sdf,c4c57b7e53f7f9eacaa97a53cd9e1fe652832a03874ce09fe646affb6640e88a,0
519428c6dcb7771ae0129ed3f19098561edfa1a2b7180fe0b828fba59ee31f7b,torsion_minimized_fixed,4f2w_4f2w_conf0,1000,1000,/mnt/weka/mbedrosian/pharma_generation_analysis/core_pb_full_dynamic_chembl_count/generation/torsion_minimized_fixed/4f2w_4f2w_conf0.sdf,146955034c75c686df194d54dce8aecac6bd92bc30854b9797407254e1d56ead,0
f180f15bd5594d5c9723fba59ad039d4c78bf9b6a2336310a4c76b8cfe3b2ccc,torsion_minimized_fixed,4f9w_4f9w_conf0,1000,1000,/mnt/weka/mbedrosian/pharma_generation_analysis/core_pb_full_dynamic_chembl_count/generation/torsion_minimized_fixed/4f9w_4f9w_conf0.sdf,2971c2fdea8b7fbd4c96719ec9eed77ca88c8f960a86ad4e06e4c84f606fcfd6,0
4dc99801301f6db3ce5aabcc0a4ec669abdac2e21b3c4f2ee0a46341c6471f8b,torsion_minimized_fixed,4hge_4hge_conf0,1000,1000,/mnt/weka/mbedrosian/pharma_generation_analysis/core_pb_full_dynamic_chembl_count/generation/torsion_minimized_fixed/4hge_4hge_conf0.sdf,1c29ad18150758869a4049f10e4728c2d2da7377c5895e7eeacd3fbb4b337477,0
ee3140bd279f747280dfb81a6c988c0dcdf310bd962f9eb3a0593f207d76f3e1,torsion_minimized_fixed,4j21_4j21_conf0,1000,1000,/mnt/weka/mbedrosian/pharma_generation_analysis/core_pb_full_dynamic_chembl_count/generation/torsion_minimized_fixed/4j21_4j21_conf0.sdf,797cf3ab79bc50ddb6401d16cfbcd6f1519eec5a32513c4b6291df93be45ed5e,0
ea588fae2725c9121130b0d65d590b62eeb21e8e21c3232233040a79ad8d1b45,torsion_minimized_fixed,4j3l_4j3l_conf0,1000,1000,/mnt/weka/mbedrosian/pharma_generation_analysis/core_pb_full_dynamic_chembl_count/generation/torsion_minimized_fixed/4j3l_4j3l_conf0.sdf,51e71b2bca7d432ed1423af893ba6b0979bbcafc4d5787c1e6e43eb3978bcefe,0
0a067f24ee0d3af561d780554c13a6733614d40e3d667af10c0e068bc0b52bf2,torsion_minimized_fixed,4jsz_4jsz_conf0,1000,1000,/mnt/weka/mbedrosian/pharma_generation_analysis/core_pb_full_dynamic_chembl_count/generation/torsion_minimized_fixed/4jsz_4jsz_conf0.sdf,77075bcdb42c22998cf5ae00e8d4b115ba25666f1cd1651bb802fd9b556d6d22,0
79df02e857f98d7d87c9f40870f40e760a2ef350225df62d737f3138d5fee986,torsion_minimized_fixed,4jxs_4jxs_conf0,1000,1000,/mnt/weka/mbedrosian/pharma_generation_analysis/core_pb_full_dynamic_chembl_count/generation/torsion_minimized_fixed/4jxs_4jxs_conf0.sdf,1fa7d55fb5be1a1bb4c8c7afbf6f03e7cba6b031df57d92e267d1b89cf84491c,0
a2e800b7a1d86a3c16409c962d99d7fd2eb357057d1f2b3ac80b9c3c4fb25294,torsion_minimized_fixed,4k18_4k18_conf0,1000,1000,/mnt/weka/mbedrosian/pharma_generation_analysis/core_pb_full_dynamic_chembl_count/generation/torsion_minimized_fixed/4k18_4k18_conf0.sdf,971ce0e76d18eed18d6b5887069aa7ae318e34df6d08f707b276cc5abc6e5c8c,0
de315bf4530f43b21b6ba27039f6796a3561290d3eb9efa8b0f7c7aca1939098,torsion_minimized_fixed,4k77_4k77_conf0,1000,1000,/mnt/weka/mbedrosian/pharma_generation_analysis/core_pb_full_dynamic_chembl_count/generation/torsion_minimized_fixed/4k77_4k77_conf0.sdf,196b63a4853d7415dd3702b3e3b7089a58d75ed7f8310abbd13194cdc4eebda1,0
e7a0d76bdd19a98430ce0eeabfbcd3fe4862751389d89bc956b8cde2c4776360,torsion_minimized_fixed,4kzq_4kzq_conf0,1000,1000,/mnt/weka/mbedrosian/pharma_generation_analysis/core_pb_full_dynamic_chembl_count/generation/torsion_minimized_fixed/4kzq_4kzq_conf0.sdf,64e1a38a72aa08ac44170b4f444d013c10ed05ab2b9187c7674a182f03d5780a,0
a7073817d5e8d7eae24bb7fb85ce2cb12a20b5e40cd3fe386f4e3a4f1085f52f,torsion_minimized_fixed,4kzu_4kzu_conf0,1000,1000,/mnt/weka/mbedrosian/pharma_generation_analysis/core_pb_full_dynamic_chembl_count/generation/torsion_minimized_fixed/4kzu_4kzu_conf0.sdf,d4457f961f7374288e6b64f38ace563251410b23bd3ce8d6a85a1a27a6b61cb1,0
4290878bb837d1cd7f5328e96544aba1acd2cb31231ea01f997ae1f9bf7996db,torsion_minimized_fixed,4llx_4llx_conf0,1000,1000,/mnt/weka/mbedrosian/pharma_generation_analysis/core_pb_full_dynamic_chembl_count/generation/torsion_minimized_fixed/4llx_4llx_conf0.sdf,6ef1891a2a5679ca5b8bbf21d2c24f22f68dd6180e06c8ec95bd6d5a1c509ddd,0
d608c318abda0677b39197c632d7fbeb9bc88b2fd0777dcee37a9358035673eb,torsion_minimized_fixed,4lzs_4lzs_conf0,1000,1000,/mnt/weka/mbedrosian/pharma_generation_analysis/core_pb_full_dynamic_chembl_count/generation/torsion_minimized_fixed/4lzs_4lzs_conf0.sdf,895677707fc75a252c02c6329c3ea75787da84317a0a83a7bad5635ca6167505,0
f32e999341fc41a75fd2a946c7fd623a2ce50460a06ea181b6834bac22d36316,torsion_minimized_fixed,4mgd_4mgd_conf0,1000,1000,/mnt/weka/mbedrosian/pharma_generation_analysis/core_pb_full_dynamic_chembl_count/generation/torsion_minimized_fixed/4mgd_4mgd_conf0.sdf,ef71e736bf2e39a17c5692de228ad2d03261341c1ea5caaa26d50770c560eed5,0
4d79fc6b35b6241202fc9908feca59fb05e644dd6810fbf11a862457460bcc8a,torsion_minimized_fixed,4ogj_4ogj_conf0,1000,1000,/mnt/weka/mbedrosian/pharma_generation_analysis/core_pb_full_dynamic_chembl_count/generation/torsion_minimized_fixed/4ogj_4ogj_conf0.sdf,c357c3b6131dc06be9f675493ff31c43ec9d6a31da435bbe6ea1d32164358d0c,0
e275b850049b1cfcea7f59b63d97da986669122dd1de696289c214cd6ae2fedf,torsion_minimized_fixed,5c28_5c28_conf0,1000,1000,/mnt/weka/mbedrosian/pharma_generation_analysis/core_pb_full_dynamic_chembl_count/generation/torsion_minimized_fixed/5c28_5c28_conf0.sdf,d325171b99aa8943f7d3bbb0761168a650ab470c67742c0800ed992fb473c45c,0
5114a62d4e525d9326f26f8bc539eb10b95f51c3e534cecddd2b8f9fba76ab40,torsion_minimized_fixed,5c2h_5c2h_conf0,1000,1000,/mnt/weka/mbedrosian/pharma_generation_analysis/core_pb_full_dynamic_chembl_count/generation/torsion_minimized_fixed/5c2h_5c2h_conf0.sdf,c5cdab0c739a4e25b563252e83e090e6c3ddaf4f6af1699bf1a4ad18d004efb3,0
d7d8215c6f3588e8a7403c3ba2e83a755951c8dfccaef5d1f11234f1727f1c64,loqi_raw_fixed,1bcu_1bcu_conf0,1000,1000,/mnt/weka/mbedrosian/codex_dir/loqi/generations/casf16_core_loqi_1k/generation/loqi_raw_fixed/1bcu_1bcu_conf0.sdf,77c918443bf9c4fd5574a1d84a713cd73d89fed4bdd0e3f4425fb066cfd509cc,0
955c38d2d8ccb1f3c8154bc22414fe09be2e6e4d5078fa953c98aaee1ad52616,loqi_raw_fixed,1c5z_1c5z_conf0,1000,1000,/mnt/weka/mbedrosian/codex_dir/loqi/generations/casf16_core_loqi_1k/generation/loqi_raw_fixed/1c5z_1c5z_conf0.sdf,d4747de87f49c582efead4f7b92e5c18dbb4fc7935d96f999cd7ade2a1ec1eb4,0
0d99803d07863e2593640c57835fb960184ad8898d5daf5d03e63dc82c49cc72,loqi_raw_fixed,1lpg_1lpg_conf0,1000,1000,/mnt/weka/mbedrosian/codex_dir/loqi/generations/casf16_core_loqi_1k/generation/loqi_raw_fixed/1lpg_1lpg_conf0.sdf,69ce674fb40b6b4be79dd85fe12b0bcc078f15b6e72042b1813735d8c73a6f0c,0
1bea3d48ca72b60b26297a03bd6392ad1c0d934ad2582a690c1f15b7da9668f7,loqi_raw_fixed,1mq6_1mq6_conf0,1000,1000,/mnt/weka/mbedrosian/codex_dir/loqi/generations/casf16_core_loqi_1k/generation/loqi_raw_fixed/1mq6_1mq6_conf0.sdf,b2d2e4a41b022f0ed6924ca2fd6df595c60f9f961a6e1dea3aad12a58875a85a,0
134b2b1727851a616aa54ee521ba48461fab5e15e9dbe811db45a386a62e2760,loqi_raw_fixed,1nc3_1nc3_conf0,1000,999,/mnt/weka/mbedrosian/codex_dir/loqi/generations/casf16_core_loqi_1k/generation/loqi_raw_fixed/1nc3_1nc3_conf0.sdf,4741f7e22ea1220e9dd48212515c09c598cd6821f22dffde73f57903493a3963,0
ccf38c669ed6c4c4684aee9c8ee00d9e3792d903750be67547744162a9e8f991,loqi_raw_fixed,1o3f_1o3f_conf0,1000,1000,/mnt/weka/mbedrosian/codex_dir/loqi/generations/casf16_core_loqi_1k/generation/loqi_raw_fixed/1o3f_1o3f_conf0.sdf,fb74c17b366e8d17e56f03128f828790148b6da617bf78a4cfc0eb03e01eff27,0
71547ca315cd9b0eb6644b132db51081d5b005d552f069344c6838c6d7c5a54b,loqi_raw_fixed,1o5b_1o5b_conf0,1000,1000,/mnt/weka/mbedrosian/codex_dir/loqi/generations/casf16_core_loqi_1k/generation/loqi_raw_fixed/1o5b_1o5b_conf0.sdf,c96bd4b59a10d8338190797114c9962516eb924198c807f5a75203ba848aba8a,0
39abbf2ca308e7374eaa2442e7b8e49d8545611050f79a41c9089946555c50ad,loqi_raw_fixed,1owh_1owh_conf0,1000,1000,/mnt/weka/mbedrosian/codex_dir/loqi/generations/casf16_core_loqi_1k/generation/loqi_raw_fixed/1owh_1owh_conf0.sdf,7863c4d15ab5413267580f24ae778a040ab0621afd89cd90b33dc5641ad3a7f1,0
0d47a1da853ff2b422e34466c928af7ede4e98ee279cef1c8c4fd18e71d76384,loqi_raw_fixed,1p1n_1p1n_conf0,1000,987,/mnt/weka/mbedrosian/codex_dir/loqi/generations/casf16_core_loqi_1k/generation/loqi_raw_fixed/1p1n_1p1n_conf0.sdf,4ed252bb9ec52b6750ed282d0130755d20d8732726a1af8af388a251817d2849,0
1258a8839affbe3cea92ad911b8848f7293d347ed7c37342cfc80f02057b949b,loqi_raw_fixed,1pxn_1pxn_conf0,1000,1000,/mnt/weka/mbedrosian/codex_dir/loqi/generations/casf16_core_loqi_1k/generation/loqi_raw_fixed/1pxn_1pxn_conf0.sdf,c6e953c75fd861ca9d1488da782983c23c984004ca6f49b514dc6ece18b72e93,0
5484e90dfd251761701a8e9b8925a6bc33b706487d9f4ec9912af3ac5ce1a17b,loqi_raw_fixed,1sqa_1sqa_conf0,1000,1000,/mnt/weka/mbedrosian/codex_dir/loqi/generations/casf16_core_loqi_1k/generation/loqi_raw_fixed/1sqa_1sqa_conf0.sdf,e3aee6b8f60b298bd268083e583a0387390f976c0a0f1e6a6b60646e84e59e35,0
cbe5ec84f2814392260141046612280bee4eb2ef3f17cefaf2b150777dce6a28,loqi_raw_fixed,1uto_1uto_conf0,1000,1000,/mnt/weka/mbedrosian/codex_dir/loqi/generations/casf16_core_loqi_1k/generation/loqi_raw_fixed/1uto_1uto_conf0.sdf,cfe08d4db23e290a145e76f2d88acaee52e635f55d4ce081a1f2d72c138be587,0
079ca203488a3cdbe1faa316d439e5af3b82485f55776b0fcb158ece3f1701fc,loqi_raw_fixed,1yc1_1yc1_conf0,1000,1000,/mnt/weka/mbedrosian/codex_dir/loqi/generations/casf16_core_loqi_1k/generation/loqi_raw_fixed/1yc1_1yc1_conf0.sdf,6304bd58de874a186ee6ccd8c056054c7202e4252241a94763fa34efd426e956,0
e53f2fb6e4042cb1a48b1c4ab2df50f8ddb9d7b5a59475bb3d6e1d09a49f7b32,loqi_raw_fixed,1ydr_1ydr_conf0,1000,998,/mnt/weka/mbedrosian/codex_dir/loqi/generations/casf16_core_loqi_1k/generation/loqi_raw_fixed/1ydr_1ydr_conf0.sdf,e8f13211ec2c71b565cd95aaa1a1a0b29921280db3f35d175597a9ab57d74b26,0
595824e979a46bcdc8d8c2e1169634dd238fef2947128058461c96bb50960d39,loqi_raw_fixed,1ydt_1ydt_conf0,1000,1000,/mnt/weka/mbedrosian/codex_dir/loqi/generations/casf16_core_loqi_1k/generation/loqi_raw_fixed/1ydt_1ydt_conf0.sdf,e7996fa623b092329636e00d6f45b3ebab07abf7cc5dffbd1d3bf61e87749e78,0
41ca74556368ad94d1cb1b5f81f10b63b443811fb45ea4b00dd818f0a52058c9,loqi_raw_fixed,1z6e_1z6e_conf0,1000,1000,/mnt/weka/mbedrosian/codex_dir/loqi/generations/casf16_core_loqi_1k/generation/loqi_raw_fixed/1z6e_1z6e_conf0.sdf,49c750d7b8f33701039f4bf2d4a5bdd9d63d3696463d62b3040bcfb237eb6cce,0
19c159e046338ef8c846f88bd628597572b22828c93ffe2cc7c45c6196943e35,loqi_raw_fixed,1z95_1z95_conf0,1000,1000,/mnt/weka/mbedrosian/codex_dir/loqi/generations/casf16_core_loqi_1k/generation/loqi_raw_fixed/1z95_1z95_conf0.sdf,4b8c21a9a722093e07863509a7cee84a34b92ad7ea818f551f589acb2d1153c3,0
290b98bb990cae9a25ed7a5193347bc49164ba99c0cd421ff28711d72f8021cd,loqi_raw_fixed,1z9g_1z9g_conf0,1000,1000,/mnt/weka/mbedrosian/codex_dir/loqi/generations/casf16_core_loqi_1k/generation/loqi_raw_fixed/1z9g_1z9g_conf0.sdf,242a8451de9b8e92f14ab4c4d5039890183afcb3b5e8c67ce46a6121fb94e5aa,0
d71e586631da4e996615c905d014255fc5b27e01f51f8a0b4c500d099d966254,loqi_raw_fixed,2br1_2br1_conf0,1000,1000,/mnt/weka/mbedrosian/codex_dir/loqi/generations/casf16_core_loqi_1k/generation/loqi_raw_fixed/2br1_2br1_conf0.sdf,ab98f7b1f5599d18fdc7526bf22828eb497a410bd3782bbcfbe85f43fa825ce6,0
a7d50d13f7a0b218f36adecd3082f23c777c39879e9bff14b477df6ca6bdb848,loqi_raw_fixed,2brb_2brb_conf0,1000,1000,/mnt/weka/mbedrosian/codex_dir/loqi/generations/casf16_core_loqi_1k/generation/loqi_raw_fixed/2brb_2brb_conf0.sdf,41d856ad3a552e621359da264dad5ba8573828f1ed8737452ed56f03e3721ac0,0
2b9850b6ead7c95fd1ff79edfcf3629f25cff5c4354cd6811822684be394615e,loqi_raw_fixed,2c3i_2c3i_conf0,1000,1000,/mnt/weka/mbedrosian/codex_dir/loqi/generations/casf16_core_loqi_1k/generation/loqi_raw_fixed/2c3i_2c3i_conf0.sdf,ca72a28d1de8509793b82f9ab9a8ebae7dec2fdea0aa83d07865ce08f5b4dc7f,0
a5c2778846558744623be461b86d753bd51335931020a3cc6d402702ba1dba35,loqi_raw_fixed,2fvd_2fvd_conf0,1000,1000,/mnt/weka/mbedrosian/codex_dir/loqi/generations/casf16_core_loqi_1k/generation/loqi_raw_fixed/2fvd_2fvd_conf0.sdf,b8f4dff3565051f73560bdc630fcee026bba5364a1dfc31c9f5fb5b74acb0136,0
a1f71c4a3079a897204d9b455dc131c05e18ab136875eab10312eb09b24ce370,loqi_raw_fixed,2hb1_2hb1_conf0,1000,1000,/mnt/weka/mbedrosian/codex_dir/loqi/generations/casf16_core_loqi_1k/generation/loqi_raw_fixed/2hb1_2hb1_conf0.sdf,b7dfc1f077124eb48f63576d035f5a1fe005de88a73f058945f07056bcb2290e,0
74a34795e8ee29b0ba9de84b248ae1b21cf8adbbf69eb71ec47d22d0de89e463,loqi_raw_fixed,2p4y_2p4y_conf0,1000,995,/mnt/weka/mbedrosian/codex_dir/loqi/generations/casf16_core_loqi_1k/generation/loqi_raw_fixed/2p4y_2p4y_conf0.sdf,e9be8c55de833dabd04234b5af05639cbbb78a36829d755cf737e7536d0eb861,0
73986ad35fdb5bed2693d435476fdf9227d3864e9b654b4569fa68481aa1799a,loqi_raw_fixed,2pog_2pog_conf0,1000,999,/mnt/weka/mbedrosian/codex_dir/loqi/generations/casf16_core_loqi_1k/generation/loqi_raw_fixed/2pog_2pog_conf0.sdf,abd49919ff18dd8a5fbdebd0fd0d962b2d12321d3246f841c6760592c4f7ade5,0
536bc04edc5c885c436850d3416fbb954af87b7b4b3927d08bb00e4d5746421a,loqi_raw_fixed,2qbp_2qbp_conf0,1000,1000,/mnt/weka/mbedrosian/codex_dir/loqi/generations/casf16_core_loqi_1k/generation/loqi_raw_fixed/2qbp_2qbp_conf0.sdf,93ba8f42d48eb9044be7cedb68b5be00ae9318537e8623dcc9a02a99ead57d2d,0
346f5ec04fe6f43f0352dfba7c991a7b97aff2d1a58c712ea4de2b2e3ca846bc,loqi_raw_fixed,2qbq_2qbq_conf0,1000,1000,/mnt/weka/mbedrosian/codex_dir/loqi/generations/casf16_core_loqi_1k/generation/loqi_raw_fixed/2qbq_2qbq_conf0.sdf,5035473cf563c4aaa3dae9b2dda28085e93892349f71485c7c8d16d78038df7e,0
a1092e81353edfcbc5c62d3d8eb68c4dcd4bc957f1d6f420ae01fecce66ebaf0,loqi_raw_fixed,2qbr_2qbr_conf0,1000,1000,/mnt/weka/mbedrosian/codex_dir/loqi/generations/casf16_core_loqi_1k/generation/loqi_raw_fixed/2qbr_2qbr_conf0.sdf,27e0d3f1000dddf78c3117c5ddb05c2da19cdfc93f8496db3b73883cfcb5b2d4,0
3798fc946393ebe35edf43d2a6b37b5a6282cef03ceb841bda12855440c5dab5,loqi_raw_fixed,2v00_2v00_conf0,1000,1000,/mnt/weka/mbedrosian/codex_dir/loqi/generations/casf16_core_loqi_1k/generation/loqi_raw_fixed/2v00_2v00_conf0.sdf,39ea1982c670d44b3362b5a00fe8c4c9f99e73a7f787c4289626defb14e8363a,0
8f4348869e31280ad966688fa930e2a847f668537a0dae75aa67b40669ba9f5e,loqi_raw_fixed,2wn9_2wn9_conf0,1000,999,/mnt/weka/mbedrosian/codex_dir/loqi/generations/casf16_core_loqi_1k/generation/loqi_raw_fixed/2wn9_2wn9_conf0.sdf,dbc5ef1639c56e1261b39fa57a585bdd68b77083c4fdceac96350f93a7d984d0,0
2bdc9e0bdc3919ed2fd95760e57b40d0ee07dbdbf075060a61d78a9dfa44e9ed,loqi_raw_fixed,2wtv_2wtv_conf0,1000,1000,/mnt/weka/mbedrosian/codex_dir/loqi/generations/casf16_core_loqi_1k/generation/loqi_raw_fixed/2wtv_2wtv_conf0.sdf,84c8068c372a756ccc8f88676afe3cfa7c2ddbbc7da2167d11549cdf30d2a3cc,0
cd4beb2f8e68a8ae2d0c5b9331041c78f288bbf64eed1c22081df08ad13e6eb7,loqi_raw_fixed,2xdl_2xdl_conf0,1000,1000,/mnt/weka/mbedrosian/codex_dir/loqi/generations/casf16_core_loqi_1k/generation/loqi_raw_fixed/2xdl_2xdl_conf0.sdf,e9fe4919b7644654316bba3c2088811e17e639845a76e997c8f770d6a0aa295b,0
5da280c7eee99780a9c4412e404cb02ebdf9c78d41c03b8c8b03e7cda2f85fd0,loqi_raw_fixed,2xnb_2xnb_conf0,1000,1000,/mnt/weka/mbedrosian/codex_dir/loqi/generations/casf16_core_loqi_1k/generation/loqi_raw_fixed/2xnb_2xnb_conf0.sdf,3e32d0b4fce41ab9211e54c2f985dddeb5b31d2996b3133c8c2345f0c850e2b6,0
814c6b39b8cd8ee37f1c46fcb43a3921093f5f24f3ac54db0ec7ff250e9af754,loqi_raw_fixed,2yfe_2yfe_conf0,1000,1000,/mnt/weka/mbedrosian/codex_dir/loqi/generations/casf16_core_loqi_1k/generation/loqi_raw_fixed/2yfe_2yfe_conf0.sdf,a0dff73d78354e683a06594b4912bbe7459cbfc5da2bab35e9892c34add76982,0
f47b33184fd87bd6ab72f4408422ccdbbe891323de83951182019c394756a88a,loqi_raw_fixed,2ymd_2ymd_conf0,1000,1000,/mnt/weka/mbedrosian/codex_dir/loqi/generations/casf16_core_loqi_1k/generation/loqi_raw_fixed/2ymd_2ymd_conf0.sdf,1f2a29533796b45a65678b7df6a64c1110b426bce3f9a3111624a92b5daabcf3,0
8799a808cd13aaff95869b057dd67206cda06df9da239889c478ddbeb0017c4b,loqi_raw_fixed,2zb1_2zb1_conf0,1000,1000,/mnt/weka/mbedrosian/codex_dir/loqi/generations/casf16_core_loqi_1k/generation/loqi_raw_fixed/2zb1_2zb1_conf0.sdf,2727f2a96204a3a70a621c0708a90f87be35521534d602987164eb915547f282,0
f5a6b9cd1bd474cee0e19d886c0ba36363dd87e78877b8c0bde45b4adaa4f93e,loqi_raw_fixed,2zcq_2zcq_conf0,1000,997,/mnt/weka/mbedrosian/codex_dir/loqi/generations/casf16_core_loqi_1k/generation/loqi_raw_fixed/2zcq_2zcq_conf0.sdf,6cdc12c30c3a114e9a75204dd49971a59668a7ec2a83e39d22a53037ca77cae2,0
94d998f8b3e54a470cc364c7d757d99b45dbf863a8586aae685bfdb6ac32401c,loqi_raw_fixed,2zcr_2zcr_conf0,1000,994,/mnt/weka/mbedrosian/codex_dir/loqi/generations/casf16_core_loqi_1k/generation/loqi_raw_fixed/2zcr_2zcr_conf0.sdf,59ee2ef7949d0ffa2d1d7b2b64df0c334c1dcd23274acb69ed0ecb2b87ee32ef,0
9a680fbba1627050dc7341f651d5e11b5d466706a61f605ab49a1d62016e9dd1,loqi_raw_fixed,2zy1_2zy1_conf0,1000,1000,/mnt/weka/mbedrosian/codex_dir/loqi/generations/casf16_core_loqi_1k/generation/loqi_raw_fixed/2zy1_2zy1_conf0.sdf,b27b19612a1a8b0337337991114cdc3d66d20254bfd1a3e9b759433ca5be78c0,0
791ffcaff0067bbae6464b5fc5b986d8258d6c1a12fc6d620f3c83ec394b35b1,loqi_raw_fixed,3aru_3aru_conf0,1000,1000,/mnt/weka/mbedrosian/codex_dir/loqi/generations/casf16_core_loqi_1k/generation/loqi_raw_fixed/3aru_3aru_conf0.sdf,211b502ce506ccebd4006ceffd3f521e6689fe129f8ae288adbf57a6e0eacefb,0
3c04d4a05791cd283e0b03ae2c0cbeb9f133092794d2e82bd7a1dad5ef8a16c0,loqi_raw_fixed,3ary_3ary_conf0,1000,1000,/mnt/weka/mbedrosian/codex_dir/loqi/generations/casf16_core_loqi_1k/generation/loqi_raw_fixed/3ary_3ary_conf0.sdf,76c7c9796a8b74ad6444e5bbc57fca9b148d3a1e3e2e41a5834436ac1f5f2bfe,0
74ccd91ee23f5123e4a7b54084b95d08808224f82cc565ce25243d7cdc756ab1,loqi_raw_fixed,3b27_3b27_conf0,1000,1000,/mnt/weka/mbedrosian/codex_dir/loqi/generations/casf16_core_loqi_1k/generation/loqi_raw_fixed/3b27_3b27_conf0.sdf,b1d623a20f348282ee58d141684d75c7c1f305d8db4868024f34662359cda4a1,0
fac142a437fa3c6a8b78c8febccf8f31a7db776aa052cf8e896f13fd46dd9bd1,loqi_raw_fixed,3b5r_3b5r_conf0,1000,1000,/mnt/weka/mbedrosian/codex_dir/loqi/generations/casf16_core_loqi_1k/generation/loqi_raw_fixed/3b5r_3b5r_conf0.sdf,1531b93ad540f23a1beb934b47b10ca21e66d18ac27e12f66ec2fbc5b586a3d4,0
2703f57c53bd99d100a51fe06f692cff58aa346f311f60b6fbf580baae00652e,loqi_raw_fixed,3b65_3b65_conf0,1000,1000,/mnt/weka/mbedrosian/codex_dir/loqi/generations/casf16_core_loqi_1k/generation/loqi_raw_fixed/3b65_3b65_conf0.sdf,f85cdf75a14fc17c5a5964348fc4345c072dc463878244cdb0404b922e6cfeff,0
99ba2f0e30dbf10b5417927c1744f33f84b8068a664e60b6a6e6e0e785e6c014,loqi_raw_fixed,3bgz_3bgz_conf0,1000,1000,/mnt/weka/mbedrosian/codex_dir/loqi/generations/casf16_core_loqi_1k/generation/loqi_raw_fixed/3bgz_3bgz_conf0.sdf,44c3f9903ac37cc8315fd6818057a03982f35b07c9cbdb0633ed8756eff2f364,0
59f8934bd11f6460415967fc58e37217cd0cdf4b234dd3db4a8e818e1c36867d,loqi_raw_fixed,3cj4_3cj4_conf0,1000,1000,/mnt/weka/mbedrosian/codex_dir/loqi/generations/casf16_core_loqi_1k/generation/loqi_raw_fixed/3cj4_3cj4_conf0.sdf,0a722391c5d76c59903056805bd1ded9580d005338f57db2994205c3243012e3,0
09d848632bdc7508f67a697bfc313fe183fa2f22f0fe61e9929cd86b2da0cc57,loqi_raw_fixed,3dd0_3dd0_conf0,1000,1000,/mnt/weka/mbedrosian/codex_dir/loqi/generations/casf16_core_loqi_1k/generation/loqi_raw_fixed/3dd0_3dd0_conf0.sdf,af65c92a06870ec750f1a83ae8ced6e7fa2c9d9b6da7f525190d8b204b3ec261,0
723b3818c719f617fd97b186a3ac882b4144c5c0761059210244c01d4c378b03,loqi_raw_fixed,3e92_3e92_conf0,1000,1000,/mnt/weka/mbedrosian/codex_dir/loqi/generations/casf16_core_loqi_1k/generation/loqi_raw_fixed/3e92_3e92_conf0.sdf,2915e2f8d1edcd70e88cbe2aa5b905e8bcf097f01092c4c8517c9f89981f10fc,0
3fa570f53356ac0651b0cc7da0e2dc37b5efd11d7e0a2dcbec64ee216de77f9f,loqi_raw_fixed,3e93_3e93_conf0,1000,1000,/mnt/weka/mbedrosian/codex_dir/loqi/generations/casf16_core_loqi_1k/generation/loqi_raw_fixed/3e93_3e93_conf0.sdf,e63e74a3d7570f7bb2e2f2a8e9b63e66f0c7b780093c505a6cc0c2def7a37c75,0
1a156e6055dca20943e81080277f451462f2466db56a0c7e42ce17da8f79d0d9,loqi_raw_fixed,3ehy_3ehy_conf0,1000,1000,/mnt/weka/mbedrosian/codex_dir/loqi/generations/casf16_core_loqi_1k/generation/loqi_raw_fixed/3ehy_3ehy_conf0.sdf,b7885e0c08d0cd626f3de1bc35dcf0e45ffe8b511f1f23366b5b313cdc68a3d3,0
4863c07d45ba6d28027eacb8f346fccc227f223773535c7f8815a986afa331ea,loqi_raw_fixed,3fcq_3fcq_conf0,1000,1000,/mnt/weka/mbedrosian/codex_dir/loqi/generations/casf16_core_loqi_1k/generation/loqi_raw_fixed/3fcq_3fcq_conf0.sdf,a5c3e0f7b448916695cac73df38ae0433c80ab203cc55732d90ddaec083ecc95,0
c3810c47d75978c486bbd8330def1c0138bed7b60302bbb41f30f0e298006686,loqi_raw_fixed,3fur_3fur_conf0,1000,1000,/mnt/weka/mbedrosian/codex_dir/loqi/generations/casf16_core_loqi_1k/generation/loqi_raw_fixed/3fur_3fur_conf0.sdf,7a87c95783893b27046bf9485b6feb80a32dbfaec812323a1b34317e296b158e,0
d21d34aa6bb79d4d0fdc5e719e5728e202ac2fa8617edcd630ca25ad86bf339b,loqi_raw_fixed,3g2z_3g2z_conf0,1000,1000,/mnt/weka/mbedrosian/codex_dir/loqi/generations/casf16_core_loqi_1k/generation/loqi_raw_fixed/3g2z_3g2z_conf0.sdf,e0ffb590b7af6b085939d4ede84c9df873a57c8132228398fc12406564829821,0
68eec0ef29bec15d5533cb641fe1dcf7c8b2c318bfcfac342668426ce352ed1b,loqi_raw_fixed,3g31_3g31_conf0,1000,975,/mnt/weka/mbedrosian/codex_dir/loqi/generations/casf16_core_loqi_1k/generation/loqi_raw_fixed/3g31_3g31_conf0.sdf,18dedbe41f30f0a78b97562ce74fb6da499e31060bd9aa524e8d617f6bdf0988,0
6d9fbad6ab578597171227fa3d38b01bf87c6e8ba1234d7b3c0701da0cae56fe,loqi_raw_fixed,3gy4_3gy4_conf0,1000,1000,/mnt/weka/mbedrosian/codex_dir/loqi/generations/casf16_core_loqi_1k/generation/loqi_raw_fixed/3gy4_3gy4_conf0.sdf,568f5a75298cabe98d7962c63abb3cc5306da60889821050800c6bf6e37dfaf5,0
d16c1f3d53d4e0570c793faf47dee28e2cb4089d07f4122e8c95c08d5e23b39a,loqi_raw_fixed,3jvs_3jvs_conf0,1000,1000,/mnt/weka/mbedrosian/codex_dir/loqi/generations/casf16_core_loqi_1k/generation/loqi_raw_fixed/3jvs_3jvs_conf0.sdf,b3a05ac1ca9de290029040cfd538e1274eed70a6ed52a0ea69675f3e4c3d8c13,0
9d7d6692b0f17e99fc8eb73d036b06ef0a73c34b2455f487af832c69debaa9ba,loqi_raw_fixed,3k5v_3k5v_conf0,1000,1000,/mnt/weka/mbedrosian/codex_dir/loqi/generations/casf16_core_loqi_1k/generation/loqi_raw_fixed/3k5v_3k5v_conf0.sdf,fd955b398463744b1756e3abd9e9e6ac3765ff3f35ee1938ce20b07aa2a481f2,0
dce14dca9897091bf48d419c3855fd53f9c97ed240c2bc53eddd75a1c3191645,loqi_raw_fixed,3kgp_3kgp_conf0,1000,1000,/mnt/weka/mbedrosian/codex_dir/loqi/generations/casf16_core_loqi_1k/generation/loqi_raw_fixed/3kgp_3kgp_conf0.sdf,d6ed430a935372d66d8b91cf50499a0b490dc333d512f74a0dba2288a8398fd0,0
a252b534fad1e4fac6835214d0156ed0b9166f209187be72f08c904238743215,loqi_raw_fixed,3lka_3lka_conf0,1000,1000,/mnt/weka/mbedrosian/codex_dir/loqi/generations/casf16_core_loqi_1k/generation/loqi_raw_fixed/3lka_3lka_conf0.sdf,8ac0913e8501eb93c471abd3aa229603ca63292ebf59df50efa7b4965e68801f,0
47b9dcb9ad8319b1b73035ab2a8ece7acb60b991ebe328078c0d4b8b10f9b04b,loqi_raw_fixed,3nx7_3nx7_conf0,1000,1000,/mnt/weka/mbedrosian/codex_dir/loqi/generations/casf16_core_loqi_1k/generation/loqi_raw_fixed/3nx7_3nx7_conf0.sdf,b64fd592f4ef4b8ca2faf5761533b1f91932a2f045f1af9bac6e908bdfa64e57,0
869d0e69090033e049b35911c7d399f18d2cde8a48e8da24ea9fe30fea32f1e6,loqi_raw_fixed,3pxf_3pxf_conf0,1000,1000,/mnt/weka/mbedrosian/codex_dir/loqi/generations/casf16_core_loqi_1k/generation/loqi_raw_fixed/3pxf_3pxf_conf0.sdf,743e930f550b631f337ee635da43622e437ef8f29e31d51abbfd7e9748e26a2c,0
eeed3fe4a9701a17112ce2d7362e5b9bb34efe7ffaef2bb448f6f5c8f8ab34f8,loqi_raw_fixed,3qqs_3qqs_conf0,1000,1000,/mnt/weka/mbedrosian/codex_dir/loqi/generations/casf16_core_loqi_1k/generation/loqi_raw_fixed/3qqs_3qqs_conf0.sdf,e2a77b3a47d36b15b9c5533ab81198b86376aa814bc46f67fd95dae25cf25062,0
9a405966813e0ed79f52f94e99585d83abc1da2c654924f5dae208b1e57884c9,loqi_raw_fixed,3rlr_3rlr_conf0,1000,1000,/mnt/weka/mbedrosian/codex_dir/loqi/generations/casf16_core_loqi_1k/generation/loqi_raw_fixed/3rlr_3rlr_conf0.sdf,53232fe2bc07cd3999f440a567aefd3c144d41329d64aff97f25ae481f4f7d65,0
fbbfe6cd2b10dda86c4dfd784c1c90d84b7b65210516036823ac0b41b569d546,loqi_raw_fixed,3rsx_3rsx_conf0,1000,1000,/mnt/weka/mbedrosian/codex_dir/loqi/generations/casf16_core_loqi_1k/generation/loqi_raw_fixed/3rsx_3rsx_conf0.sdf,3261446284b40476c90e5a41490424fe045c194dbaf87dcdd0688bfe155b39a6,0
438db023e1604580bbb8a791bb480d7f30406c48fa34eca20d1b450eacb29874,loqi_raw_fixed,3ryj_3ryj_conf0,1000,1000,/mnt/weka/mbedrosian/codex_dir/loqi/generations/casf16_core_loqi_1k/generation/loqi_raw_fixed/3ryj_3ryj_conf0.sdf,ed2ff80d4f4c6443b62f562f3526416751195ca146476ddea403c6208135a2ea,0
48b328148e1a20d8af0121547a7d705d81b6a2f26f3b8a314421dfc916918eac,loqi_raw_fixed,3syr_3syr_conf0,1000,1000,/mnt/weka/mbedrosian/codex_dir/loqi/generations/casf16_core_loqi_1k/generation/loqi_raw_fixed/3syr_3syr_conf0.sdf,5f0a76fbe51e59790afec92688cca430fb17bd0fee4c675e54d0640d658a452b,0
53b5fb38e577df8a0f4f530dcbf4cc3c6cfa4547a3f730c127d542574ccc2521,loqi_raw_fixed,3twp_3twp_conf0,1000,1000,/mnt/weka/mbedrosian/codex_dir/loqi/generations/casf16_core_loqi_1k/generation/loqi_raw_fixed/3twp_3twp_conf0.sdf,5fc837241a5328fb8bc869448c0675c8237c33086be70581a27f192a3ea53c87,0
c4f5ed617f5133472d8956a7df5dcb125166f0d25eeffc383aa310372925ffba,loqi_raw_fixed,3u5j_3u5j_conf0,1000,1000,/mnt/weka/mbedrosian/codex_dir/loqi/generations/casf16_core_loqi_1k/generation/loqi_raw_fixed/3u5j_3u5j_conf0.sdf,afa01d303f15abf879ce78e92ca2e0f6d59f9eee36091cbf8f3220cdcb1cbb2c,0
0d15aa72fc2e36cec948820dc0a62e80b42fdc14d65ebef882a4ff7a9d4ee22a,loqi_raw_fixed,3u8n_3u8n_conf0,1000,1000,/mnt/weka/mbedrosian/codex_dir/loqi/generations/casf16_core_loqi_1k/generation/loqi_raw_fixed/3u8n_3u8n_conf0.sdf,570fa12b2fa68cf4690fdfb4a6abfca21e6d1066ba8be642a358828b90bde10e,0
aa6a17cf2c049968cd1f29244319348000c911c7ccc44acdff9d5e80e0941180,loqi_raw_fixed,3uo4_3uo4_conf0,1000,1000,/mnt/weka/mbedrosian/codex_dir/loqi/generations/casf16_core_loqi_1k/generation/loqi_raw_fixed/3uo4_3uo4_conf0.sdf,7a7600219e86639d98f146347e85c35f86b45ffbd014a9eb6862408a14c9c930,0
2c56fea3904223af944fbf72b7a123ac8f2bd155993aa66fb4d392081ffdb181,loqi_raw_fixed,3up2_3up2_conf0,1000,1000,/mnt/weka/mbedrosian/codex_dir/loqi/generations/casf16_core_loqi_1k/generation/loqi_raw_fixed/3up2_3up2_conf0.sdf,5302c60958276b30c9ac305630320ecdc681308472d591ebf46473b3dfc5ca46,0
e8eaf6490d8dcaa3068577dff8b501566fa979297c0a415e421f4d70ea6ac7cd,loqi_raw_fixed,3wtj_3wtj_conf0,1000,1000,/mnt/weka/mbedrosian/codex_dir/loqi/generations/casf16_core_loqi_1k/generation/loqi_raw_fixed/3wtj_3wtj_conf0.sdf,5f85477dfb106dcace4bb1b529988f451d365361f2735bad906dfc4e769ffae4,0
c6f3237f1121d0f0e04bb171d4cdfe526446491dac1505bef412f5fd7adef6bd,loqi_raw_fixed,3zdg_3zdg_conf0,1000,995,/mnt/weka/mbedrosian/codex_dir/loqi/generations/casf16_core_loqi_1k/generation/loqi_raw_fixed/3zdg_3zdg_conf0.sdf,e5c0a07a94a01a363c486e9e8b4f35c44c14fad737d9750e274c709824e58c54,0
faee49eb8e5c1a52c4bd58841c95bb3de8eba708352d69ad78e5c388f9503ba2,loqi_raw_fixed,4ddh_4ddh_conf0,1000,1000,/mnt/weka/mbedrosian/codex_dir/loqi/generations/casf16_core_loqi_1k/generation/loqi_raw_fixed/4ddh_4ddh_conf0.sdf,61367f466d174e8c261f7f8a8bd17cafde60b8183780414f3050466c1cfcbcee,0
a85bc3800ca24ecf08fb69ca804d70127fd3d98a1717def4eb1baa607b381ed6,loqi_raw_fixed,4ddk_4ddk_conf0,1000,1000,/mnt/weka/mbedrosian/codex_dir/loqi/generations/casf16_core_loqi_1k/generation/loqi_raw_fixed/4ddk_4ddk_conf0.sdf,dcb677fe10a39f8ffd81d5d19da93c867f6106493d588566f848b99a6986d2f6,0
509459e163c932ccb3455d29e456bcfdbc80531a3047e7ccb4f648351ecc55e1,loqi_raw_fixed,4eor_4eor_conf0,1000,1000,/mnt/weka/mbedrosian/codex_dir/loqi/generations/casf16_core_loqi_1k/generation/loqi_raw_fixed/4eor_4eor_conf0.sdf,6167d5bae7a9fd696039117d25292f8d0ba70c475edaf41918193134c5ee15b9,0
45ed61fbefa545fe0ce4a13f2e304ee327659a80b7210fc3e4665b4d1288a001,loqi_raw_fixed,4f09_4f09_conf0,1000,1000,/mnt/weka/mbedrosian/codex_dir/loqi/generations/casf16_core_loqi_1k/generation/loqi_raw_fixed/4f09_4f09_conf0.sdf,fe7e320e055c6c7f1d3515cd1687570def9ed996b2e7f59e56293bdbd43fbf79,0
4cc6556da0892c238a7dfcd03904025c4fba1b3cd230446d44a5afab83455d23,loqi_raw_fixed,4f2w_4f2w_conf0,1000,1000,/mnt/weka/mbedrosian/codex_dir/loqi/generations/casf16_core_loqi_1k/generation/loqi_raw_fixed/4f2w_4f2w_conf0.sdf,fc55be27fe93a4ddd7d3404266dea06da8f24944c026d68aaf733e6abc95503b,0
59342db107c68353318ca148e7aa21717e2d367a994e7052aeb5b391d17be747,loqi_raw_fixed,4f9w_4f9w_conf0,1000,1000,/mnt/weka/mbedrosian/codex_dir/loqi/generations/casf16_core_loqi_1k/generation/loqi_raw_fixed/4f9w_4f9w_conf0.sdf,e97f2d87ceda9caed60d7b3e6cd6451d9bd2d3a9974403d10ec8aace843e3d82,0
8dc4bac27b3ed7701e9152013aea0142f99f79388e1695abe07299d8c9072c53,loqi_raw_fixed,4hge_4hge_conf0,1000,1000,/mnt/weka/mbedrosian/codex_dir/loqi/generations/casf16_core_loqi_1k/generation/loqi_raw_fixed/4hge_4hge_conf0.sdf,1ce193aa05f341537a0a0b6535358d42171d9ab6310f4895b48c16b6a7eb5f24,0
41772304b4e2af2140a0ac6927dc0d59c7c86a60ef78549761f0c27b2be7c109,loqi_raw_fixed,4j21_4j21_conf0,1000,1000,/mnt/weka/mbedrosian/codex_dir/loqi/generations/casf16_core_loqi_1k/generation/loqi_raw_fixed/4j21_4j21_conf0.sdf,9401823db3b9c33d4a28221587d1f9cca36041ad6f5e7e959beeade6eca61638,0
27d42e58b1a45f1d91aa9c028aa342d01c1321771c346527872e00dea42f932f,loqi_raw_fixed,4j3l_4j3l_conf0,1000,1000,/mnt/weka/mbedrosian/codex_dir/loqi/generations/casf16_core_loqi_1k/generation/loqi_raw_fixed/4j3l_4j3l_conf0.sdf,d75287615a6c3864e2cf1118f53edf36acbd7637361e2d473a49a372666db337,0
f18c86c1b03c1cccf30a6c8ad300374e9aa463e1a97cbc3ef304eb88d0505b09,loqi_raw_fixed,4jsz_4jsz_conf0,1000,1000,/mnt/weka/mbedrosian/codex_dir/loqi/generations/casf16_core_loqi_1k/generation/loqi_raw_fixed/4jsz_4jsz_conf0.sdf,49e74fe97141a1e01227897ebddc7ab3e97161682fe48843cec19027fd482fb1,0
bba3a09a133f3f6b93ad4a403cd6c5921658c79fadf7485d16fd585bbdfcdd09,loqi_raw_fixed,4jxs_4jxs_conf0,1000,1000,/mnt/weka/mbedrosian/codex_dir/loqi/generations/casf16_core_loqi_1k/generation/loqi_raw_fixed/4jxs_4jxs_conf0.sdf,a056220ab1ed888f5747794a19c83c358d5b19a578af37272ce555102d6b6b51,0
801806e77377481c89f70c31f56a79c0a7a09d1009725e1b66415ca8a68fb44e,loqi_raw_fixed,4k18_4k18_conf0,1000,1000,/mnt/weka/mbedrosian/codex_dir/loqi/generations/casf16_core_loqi_1k/generation/loqi_raw_fixed/4k18_4k18_conf0.sdf,eec1b7cf01de6678a84ac188a7f68f2a2040de681aae21b7af3b4c9e8c963c11,0
89bc0338a3c8e06e1897ca1693733a262464d64d7a3b0cd21c6a66d76ef85ee3,loqi_raw_fixed,4k77_4k77_conf0,1000,1000,/mnt/weka/mbedrosian/codex_dir/loqi/generations/casf16_core_loqi_1k/generation/loqi_raw_fixed/4k77_4k77_conf0.sdf,71440bbaa072d66899c50b09eadae1cb3c6717aa9a02ea49af01863420e19744,0
db01c0d28bcf313d361d86ebe88bbbfcc696c41400e82cb1ac22c65c83709c6c,loqi_raw_fixed,4kzq_4kzq_conf0,1000,1000,/mnt/weka/mbedrosian/codex_dir/loqi/generations/casf16_core_loqi_1k/generation/loqi_raw_fixed/4kzq_4kzq_conf0.sdf,55bbcf7c8857897fa32b17e9e55a7657d1f41842f6fc3de5a546ebdd789f2061,0
23b6e1f630ac54ba518b8af1037dff89a63a49dd204140ad41d67df40a0a4add,loqi_raw_fixed,4kzu_4kzu_conf0,1000,1000,/mnt/weka/mbedrosian/codex_dir/loqi/generations/casf16_core_loqi_1k/generation/loqi_raw_fixed/4kzu_4kzu_conf0.sdf,b96eb3c3672cee86e79a2540c4f1f4a94aaca6a62aeb1b64ec5974d0fcd36bf0,0
ca37b730b7fd30767328f3b8eb3d61c2f1c2a496cca31c3c79f92402e5eea662,loqi_raw_fixed,4llx_4llx_conf0,1000,1000,/mnt/weka/mbedrosian/codex_dir/loqi/generations/casf16_core_loqi_1k/generation/loqi_raw_fixed/4llx_4llx_conf0.sdf,efdf419bea87f409503c8439bab1f8ccb284cf2f6e5d5309b155832bbd235878,0
d22af6a4a3382f2a0cd7bcd70a434d72ba8938baade5a6b84b74912d5e880fce,loqi_raw_fixed,4lzs_4lzs_conf0,1000,1000,/mnt/weka/mbedrosian/codex_dir/loqi/generations/casf16_core_loqi_1k/generation/loqi_raw_fixed/4lzs_4lzs_conf0.sdf,8766cd77f28863c0a6abc90cfe5b4df87ca228856f39ea1add7f7520f33f278b,0
ef185796cea2925d9a1f4f73ae57f33bee28e71d17873a562963f2249c358873,loqi_raw_fixed,4mgd_4mgd_conf0,1000,1000,/mnt/weka/mbedrosian/codex_dir/loqi/generations/casf16_core_loqi_1k/generation/loqi_raw_fixed/4mgd_4mgd_conf0.sdf,8afd372acec60f94b04f5db3eb5234dc2f1566d75d05010fb5467c02ae4ded70,0
01ece8327ba908fb75df9cd74de6264b10a001ccef4f0a17f1f0de5eae02f0b2,loqi_raw_fixed,4ogj_4ogj_conf0,1000,1000,/mnt/weka/mbedrosian/codex_dir/loqi/generations/casf16_core_loqi_1k/generation/loqi_raw_fixed/4ogj_4ogj_conf0.sdf,e1cb7c09143ba0a40891b1269033128d938e7fc0a504b6386385ec5013c182b0,0
7c57442fdefb872de4a64b85f26efc608cc807226a8a08f91da3ad5785018a4e,loqi_raw_fixed,5c28_5c28_conf0,1000,1000,/mnt/weka/mbedrosian/codex_dir/loqi/generations/casf16_core_loqi_1k/generation/loqi_raw_fixed/5c28_5c28_conf0.sdf,269b7274dd106edad6c89b2415ff0a48794e61fe2ff99867deba4d25e749e938,0
b3194bcf133813c038c8a6b91efa874561dfca03391f10f82c88426aab91ad72,loqi_raw_fixed,5c2h_5c2h_conf0,1000,1000,/mnt/weka/mbedrosian/codex_dir/loqi/generations/casf16_core_loqi_1k/generation/loqi_raw_fixed/5c2h_5c2h_conf0.sdf,3cd0455f1db41bc8de619043eb7fa484420a23eb3001f5129b0fb30bb6f5cffe,0
4316b169ef78ac4f2c7725dbae3c7546e0b706460568361148bda679c16cd17f,torsional_diffusion_raw_fixed,1bcu_1bcu_conf0,1000,1000,/mnt/weka/mbedrosian/codex_dir/torsional_diffusion/generations/casf16_core_torsional_diffusion_1k/generation/torsional_diffusion_raw_fixed/1bcu_1bcu_conf0.sdf,abc890c97dd339ea53482788a4f219a682367e1aca61bff938f59b958817bf73,0
b5f32ab31804577aef45737044dfd9ae80f6e44e02e76c1e67184c0a89043e52,torsional_diffusion_raw_fixed,1c5z_1c5z_conf0,1000,1000,/mnt/weka/mbedrosian/codex_dir/torsional_diffusion/generations/casf16_core_torsional_diffusion_1k/generation/torsional_diffusion_raw_fixed/1c5z_1c5z_conf0.sdf,f619f0539c34bc6f9a802ed558fb4dc3befcdc50a13dcd3967a57618a9c22f68,0
64524415e9e8e3a07d650222c126f09310134f8e9a02215a0febb5f6dfae9238,torsional_diffusion_raw_fixed,1lpg_1lpg_conf0,1000,790,/mnt/weka/mbedrosian/codex_dir/torsional_diffusion/generations/casf16_core_torsional_diffusion_1k/generation/torsional_diffusion_raw_fixed/1lpg_1lpg_conf0.sdf,3cb6e2632b16f65b76d95dd8a57916e633e8deccfc5e313f8385abee06f23f56,0
86573959dbf8ea80cfb883014b5f74033f86f58a28c0dac926fb9dcf2fb18499,torsional_diffusion_raw_fixed,1mq6_1mq6_conf0,1000,402,/mnt/weka/mbedrosian/codex_dir/torsional_diffusion/generations/casf16_core_torsional_diffusion_1k/generation/torsional_diffusion_raw_fixed/1mq6_1mq6_conf0.sdf,1dbb2b8e17ec8989008853e8bbd6fda2be5fe691e417979388161ea161c45435,0
24543ab46f1eedb78e0189bd2b3f29078d0ffb362d8cf8b6863713d310765431,torsional_diffusion_raw_fixed,1nc3_1nc3_conf0,1000,995,/mnt/weka/mbedrosian/codex_dir/torsional_diffusion/generations/casf16_core_torsional_diffusion_1k/generation/torsional_diffusion_raw_fixed/1nc3_1nc3_conf0.sdf,3d04334c49e26d89cc3bd9e20796df11ca2de469f0d5ba4bc98fb717538a1746,0
fdd71102e9d5055d37e4041b72d28a160f6f8e45c98b9ce3ad06d79dc975c601,torsional_diffusion_raw_fixed,1o3f_1o3f_conf0,1000,994,/mnt/weka/mbedrosian/codex_dir/torsional_diffusion/generations/casf16_core_torsional_diffusion_1k/generation/torsional_diffusion_raw_fixed/1o3f_1o3f_conf0.sdf,73bb2a4d666fc0bdb539bbc7a137d1359f8caaa44d6fcd45440d27db5290cec3,0
600c5d02305b9c44d918d72f7f2bbe5f7a69cd65d616c39594535695addd6661,torsional_diffusion_raw_fixed,1o5b_1o5b_conf0,1000,1000,/mnt/weka/mbedrosian/codex_dir/torsional_diffusion/generations/casf16_core_torsional_diffusion_1k/generation/torsional_diffusion_raw_fixed/1o5b_1o5b_conf0.sdf,2022befe6d98e92935b5a992fd5ac8d20e16f95f8c4a4fad768284aaf1032cf3,0
280d299c622e34eec021bc12c13aad53c127ccb0b774e1ba7eaa8e4acde9f0f2,torsional_diffusion_raw_fixed,1owh_1owh_conf0,1000,645,/mnt/weka/mbedrosian/codex_dir/torsional_diffusion/generations/casf16_core_torsional_diffusion_1k/generation/torsional_diffusion_raw_fixed/1owh_1owh_conf0.sdf,8aa82630bcdc42cd011732fd54a12ddae4ae2d8af2dbfb3c31b317eb26128574,0
59e0e49fa9d88f03553f096102d4eacb1a316e664908164d5e30cffb7ef400dc,torsional_diffusion_raw_fixed,1p1n_1p1n_conf0,1000,587,/mnt/weka/mbedrosian/codex_dir/torsional_diffusion/generations/casf16_core_torsional_diffusion_1k/generation/torsional_diffusion_raw_fixed/1p1n_1p1n_conf0.sdf,170298f306f6c67e826879d731c707bac514ef1418c8329c642fadb8d851326b,0
a956f8eec17324ad575399d29fb8f39e6cf0019e44505c5fc21cc01a848144ca,torsional_diffusion_raw_fixed,1pxn_1pxn_conf0,1000,989,/mnt/weka/mbedrosian/codex_dir/torsional_diffusion/generations/casf16_core_torsional_diffusion_1k/generation/torsional_diffusion_raw_fixed/1pxn_1pxn_conf0.sdf,831b5fdce7fd38cb75b22f99bcffb10cdc1af9a0460e4690b6909ca59b57872f,0
84b29feacf11ff0de3a1ea0b55a7db954dfedca4a1260006bd1445d9cefd0caf,torsional_diffusion_raw_fixed,1sqa_1sqa_conf0,1000,525,/mnt/weka/mbedrosian/codex_dir/torsional_diffusion/generations/casf16_core_torsional_diffusion_1k/generation/torsional_diffusion_raw_fixed/1sqa_1sqa_conf0.sdf,bc022e8bd00a150cdb402058b3233c1e3c4e33be3d87397f2bcec4de55970539,0
dee9f4724ac8c202ec71a4beb95237969b136b79521960e36fa5feda148f02d1,torsional_diffusion_raw_fixed,1uto_1uto_conf0,1000,991,/mnt/weka/mbedrosian/codex_dir/torsional_diffusion/generations/casf16_core_torsional_diffusion_1k/generation/torsional_diffusion_raw_fixed/1uto_1uto_conf0.sdf,54dd341a1b9695e94143899101a337d11d4f6bde4c267058fb7bf79e21a017b1,0
adf890b89912794519484d62956ef96a593e891a8354d0c8205849c567982104,torsional_diffusion_raw_fixed,1yc1_1yc1_conf0,1000,988,/mnt/weka/mbedrosian/codex_dir/torsional_diffusion/generations/casf16_core_torsional_diffusion_1k/generation/torsional_diffusion_raw_fixed/1yc1_1yc1_conf0.sdf,1eb2c76ab1501b00af308a9c8395e5db2b971c3caffc415cfe87e0a2c22754a6,0
fd5841b4c28dd694834efa40a159d888ebf50221389237262f0b3e83f66f4239,torsional_diffusion_raw_fixed,1ydr_1ydr_conf0,1000,936,/mnt/weka/mbedrosian/codex_dir/torsional_diffusion/generations/casf16_core_torsional_diffusion_1k/generation/torsional_diffusion_raw_fixed/1ydr_1ydr_conf0.sdf,9a41afb139f9875833294ce729e57436bc250f251a215074396cf27df3db8d44,0
3178620be7c2fa535597c81dcf3367f844f6f40fb0857883e7f3a89793f66e8f,torsional_diffusion_raw_fixed,1ydt_1ydt_conf0,1000,566,/mnt/weka/mbedrosian/codex_dir/torsional_diffusion/generations/casf16_core_torsional_diffusion_1k/generation/torsional_diffusion_raw_fixed/1ydt_1ydt_conf0.sdf,739cbd0d4e8c994e4ffecde13e684d2430f9fd82c3361615f50b03c46ab189aa,0
ab1845cec70a388a90173c8082481d91a2dbd6e69ffea222b2343f74a8e3c3c2,torsional_diffusion_raw_fixed,1z6e_1z6e_conf0,1000,685,/mnt/weka/mbedrosian/codex_dir/torsional_diffusion/generations/casf16_core_torsional_diffusion_1k/generation/torsional_diffusion_raw_fixed/1z6e_1z6e_conf0.sdf,3bc5070b553acf2ee17697b23181c1f071576a96a5c0b96e634ccb819dc0a480,0
8e36ce8b0f75ab5aa338f522eac67ce839e30dad7b141ef93258c310ab9c2362,torsional_diffusion_raw_fixed,1z95_1z95_conf0,1000,898,/mnt/weka/mbedrosian/codex_dir/torsional_diffusion/generations/casf16_core_torsional_diffusion_1k/generation/torsional_diffusion_raw_fixed/1z95_1z95_conf0.sdf,190967234701251b43e8b288b9be3037076f4274ceb7bdf90398f8efae3a1351,0
ac56e70f2243693759af10b6fb90944463e01086063d6f4f45fd3be087e9e390,torsional_diffusion_raw_fixed,1z9g_1z9g_conf0,1000,930,/mnt/weka/mbedrosian/codex_dir/torsional_diffusion/generations/casf16_core_torsional_diffusion_1k/generation/torsional_diffusion_raw_fixed/1z9g_1z9g_conf0.sdf,267940a10ad33a1c10f796b7844643ee2e32985f37a9d7de267fa970bd4cc8a3,0
fb9570a864f35e0118c01b7e5fb4df8135a16747208f78a4324d1fe39de69627,torsional_diffusion_raw_fixed,2br1_2br1_conf0,1000,987,/mnt/weka/mbedrosian/codex_dir/torsional_diffusion/generations/casf16_core_torsional_diffusion_1k/generation/torsional_diffusion_raw_fixed/2br1_2br1_conf0.sdf,d129d98976b285b673fdeebff4e1569b1ea4a6290dfb84a39931841681803f00,0
df1a7e2da3c4a74366b7b565316403a2f991c922cca5e22f360694ed06c0d957,torsional_diffusion_raw_fixed,2brb_2brb_conf0,1000,983,/mnt/weka/mbedrosian/codex_dir/torsional_diffusion/generations/casf16_core_torsional_diffusion_1k/generation/torsional_diffusion_raw_fixed/2brb_2brb_conf0.sdf,2ddad0f1a04383e0365ab121980b375095437fc9b9864577d0c354566daf7887,0
3bdb44017c99d011ef8c8640df3b5e71767b2d17f5f6c824ab4e7d235ec30a96,torsional_diffusion_raw_fixed,2c3i_2c3i_conf0,1000,998,/mnt/weka/mbedrosian/codex_dir/torsional_diffusion/generations/casf16_core_torsional_diffusion_1k/generation/torsional_diffusion_raw_fixed/2c3i_2c3i_conf0.sdf,ceb4b9ea0db77e5c8397121799cd4ed2b9ee42da7d5b74349dc0e12d6331847e,0
8a21b542aa7949cbfa89ba028c9a2c09be1ef60742fe0c9a32d9317b61905fab,torsional_diffusion_raw_fixed,2fvd_2fvd_conf0,1000,930,/mnt/weka/mbedrosian/codex_dir/torsional_diffusion/generations/casf16_core_torsional_diffusion_1k/generation/torsional_diffusion_raw_fixed/2fvd_2fvd_conf0.sdf,e83fed2c1ccdf47ba63fe4ff5c24841cda87a55704351899595b9159748b67a8,0
803d0e3bb59eed709a0fe3be7ff361d11c098ad5d35e7460aff451b680439c63,torsional_diffusion_raw_fixed,2hb1_2hb1_conf0,1000,820,/mnt/weka/mbedrosian/codex_dir/torsional_diffusion/generations/casf16_core_torsional_diffusion_1k/generation/torsional_diffusion_raw_fixed/2hb1_2hb1_conf0.sdf,ca8a5d2e4ccb25e78cbd9b1b2b7e2e4f8e148edf6cae443d903a4eba7cc008a7,0
2369320e06e3ee67d77e3e1fee6ec725c6fff9028b479f102a49fbfd6ebce833,torsional_diffusion_raw_fixed,2p4y_2p4y_conf0,1000,868,/mnt/weka/mbedrosian/codex_dir/torsional_diffusion/generations/casf16_core_torsional_diffusion_1k/generation/torsional_diffusion_raw_fixed/2p4y_2p4y_conf0.sdf,6d65c1e5e31f01626da7b734379bc95b385ffab08320f89d2bf8f4bbcf6ccfc6,0
5722196cddb679f4ad7ed1bba77e7a31dcc8be94bc9c2e75221e8d52c57fd691,torsional_diffusion_raw_fixed,2pog_2pog_conf0,1000,951,/mnt/weka/mbedrosian/codex_dir/torsional_diffusion/generations/casf16_core_torsional_diffusion_1k/generation/torsional_diffusion_raw_fixed/2pog_2pog_conf0.sdf,ebf747a2f175e2300d8eb6c8f61c6e3b2d5329edf6fd88d4beb476bf6e81d37a,0
bad100284c238b949b9385930696021cd1c8eca8fb2bb62f6028eacf400d111c,torsional_diffusion_raw_fixed,2qbp_2qbp_conf0,1000,558,/mnt/weka/mbedrosian/codex_dir/torsional_diffusion/generations/casf16_core_torsional_diffusion_1k/generation/torsional_diffusion_raw_fixed/2qbp_2qbp_conf0.sdf,215363664f190d1d92576e69ae4ebd171f92f1470ccdfeecd273dc33700ba69a,0
8084f172b00b280fba7f120f510865357d1584f9fb37dd2c9935504c15be5f99,torsional_diffusion_raw_fixed,2qbq_2qbq_conf0,1000,698,/mnt/weka/mbedrosian/codex_dir/torsional_diffusion/generations/casf16_core_torsional_diffusion_1k/generation/torsional_diffusion_raw_fixed/2qbq_2qbq_conf0.sdf,adac9b62632445cb640aa17f4b40136d7df6d6057d2cbb09f17ccc1557f54177,0
17bed77bd10ce3ec483f4586028d177040a55e19430330ef8e543c9963c1b714,torsional_diffusion_raw_fixed,2qbr_2qbr_conf0,1000,761,/mnt/weka/mbedrosian/codex_dir/torsional_diffusion/generations/casf16_core_torsional_diffusion_1k/generation/torsional_diffusion_raw_fixed/2qbr_2qbr_conf0.sdf,b486e2908fc3066207f59235f8898f67051c5368f29b7534301e823aeddf1a9a,0
fd81c95e5712703a714a060ebb9072a17e9c43c5fed5d5d7d8d22f7b32a8d878,torsional_diffusion_raw_fixed,2v00_2v00_conf0,1000,998,/mnt/weka/mbedrosian/codex_dir/torsional_diffusion/generations/casf16_core_torsional_diffusion_1k/generation/torsional_diffusion_raw_fixed/2v00_2v00_conf0.sdf,8777dd24171b81c27f78ff7b519738d38c78e82afd5a0dbb08e5aae66bb5054d,0
d73df9b110a967a48579cdb8271f13c150d1f25f27ee6ed8dd71a0d172194714,torsional_diffusion_raw_fixed,2wn9_2wn9_conf0,1000,781,/mnt/weka/mbedrosian/codex_dir/torsional_diffusion/generations/casf16_core_torsional_diffusion_1k/generation/torsional_diffusion_raw_fixed/2wn9_2wn9_conf0.sdf,eb4a27b5286786135aebf8aaec2818a57f73f17502371890cd66e3f7de053df1,0
4c44d575170f7b14de99cd76e83f622cd29b48ffc3786cf760468f2d4c12644d,torsional_diffusion_raw_fixed,2wtv_2wtv_conf0,1000,887,/mnt/weka/mbedrosian/codex_dir/torsional_diffusion/generations/casf16_core_torsional_diffusion_1k/generation/torsional_diffusion_raw_fixed/2wtv_2wtv_conf0.sdf,f58e7b3543c2c225465a4a605c262b420e21f26c87ff429ad476092cdc8ef8f4,0
09aeb754d62334435a7ff41dd5341246a3c3219f6373f8c6dfe181d5186b60fa,torsional_diffusion_raw_fixed,2xdl_2xdl_conf0,1000,991,/mnt/weka/mbedrosian/codex_dir/torsional_diffusion/generations/casf16_core_torsional_diffusion_1k/generation/torsional_diffusion_raw_fixed/2xdl_2xdl_conf0.sdf,d65e7859431753edd6419458fc604a14abe839daf966926607a9f9c27147dc41,0
bee84e4188541ccab685997fa8a072fa35c34a9514e304ecd038c6a8484e1716,torsional_diffusion_raw_fixed,2xnb_2xnb_conf0,1000,987,/mnt/weka/mbedrosian/codex_dir/torsional_diffusion/generations/casf16_core_torsional_diffusion_1k/generation/torsional_diffusion_raw_fixed/2xnb_2xnb_conf0.sdf,c322349023810fc44e4abcaeeeaf96b4ddde1c8419a81e91868096dbdedc54c2,0
30011e5c1e2328a3c16ebe5a98bc9deb01ccf6600855260a657e412532d21fe8,torsional_diffusion_raw_fixed,2yfe_2yfe_conf0,1000,830,/mnt/weka/mbedrosian/codex_dir/torsional_diffusion/generations/casf16_core_torsional_diffusion_1k/generation/torsional_diffusion_raw_fixed/2yfe_2yfe_conf0.sdf,b9097658dca7b583864c995fee08941f7f0f8d86912295d1d594ac98b0d624dc,0
7eacb65d2a191ea03cc260a9346b4ce2d97deb391325afd62e96684a3502a6aa,torsional_diffusion_raw_fixed,2ymd_2ymd_conf0,1000,986,/mnt/weka/mbedrosian/codex_dir/torsional_diffusion/generations/casf16_core_torsional_diffusion_1k/generation/torsional_diffusion_raw_fixed/2ymd_2ymd_conf0.sdf,6658ef2d17c8389bca3636b921d812613b11f1095816a5d7ee95d8369e9a54bd,0
cf63c1c78f10f1fb1e4a47a54a3589c1f597ced8ceada02cdbcc0e4b8acb785a,torsional_diffusion_raw_fixed,2zb1_2zb1_conf0,1000,996,/mnt/weka/mbedrosian/codex_dir/torsional_diffusion/generations/casf16_core_torsional_diffusion_1k/generation/torsional_diffusion_raw_fixed/2zb1_2zb1_conf0.sdf,71500ab39bf402e821ee30c125a1004645ccfc8888bc21a1b5dd93a370664595,0
4ea1ff2468ff9b9041894ce935bbefcf784aac250a95286c5fd0c4c4324104d1,torsional_diffusion_raw_fixed,2zcq_2zcq_conf0,1000,562,/mnt/weka/mbedrosian/codex_dir/torsional_diffusion/generations/casf16_core_torsional_diffusion_1k/generation/torsional_diffusion_raw_fixed/2zcq_2zcq_conf0.sdf,2e57e772d568cc39390d8986c395a48dff5706a8c3c0ab8e1e9e7e836a9ca4ea,0
1366ed583f4d070d501ead44d4011cee18d3bcbdae8cdb6bc8238499379cab01,torsional_diffusion_raw_fixed,2zcr_2zcr_conf0,1000,517,/mnt/weka/mbedrosian/codex_dir/torsional_diffusion/generations/casf16_core_torsional_diffusion_1k/generation/torsional_diffusion_raw_fixed/2zcr_2zcr_conf0.sdf,3ef1a0d0797a83097bf3f40a0d07c4b4f4f77800b92f466571b4474cf72554a6,0
5d422b20c40232bdf64925aa1bee4bd79b5c788988db53995ba50be4e24ceafd,torsional_diffusion_raw_fixed,2zy1_2zy1_conf0,1000,656,/mnt/weka/mbedrosian/codex_dir/torsional_diffusion/generations/casf16_core_torsional_diffusion_1k/generation/torsional_diffusion_raw_fixed/2zy1_2zy1_conf0.sdf,25da7111b55adfccece8cd418b2424be1a62463f0a295baaaf03088ebd6e6641,0
75dced925c9a7228f7763f718b4c5beedd8d7f546af39b90912a833a4156c9ce,torsional_diffusion_raw_fixed,3aru_3aru_conf0,1000,942,/mnt/weka/mbedrosian/codex_dir/torsional_diffusion/generations/casf16_core_torsional_diffusion_1k/generation/torsional_diffusion_raw_fixed/3aru_3aru_conf0.sdf,813c38433d615282d8bc6b0cfc96c0d4e53da0b50d71aae0418a970d35c358b6,0
0a02a11614be187c4fb0fd1496742b12767533d0ef88014f7a16754f8cdd5a2f,torsional_diffusion_raw_fixed,3ary_3ary_conf0,1000,1000,/mnt/weka/mbedrosian/codex_dir/torsional_diffusion/generations/casf16_core_torsional_diffusion_1k/generation/torsional_diffusion_raw_fixed/3ary_3ary_conf0.sdf,57dfc13787d3cdd27be2a82686496b23b344304ee304107bf06355c9041859f9,0
4d53221700b011052a9d161966c155f89b9a917e0dd2ad5cb6d57dc6d174addc,torsional_diffusion_raw_fixed,3b27_3b27_conf0,1000,1000,/mnt/weka/mbedrosian/codex_dir/torsional_diffusion/generations/casf16_core_torsional_diffusion_1k/generation/torsional_diffusion_raw_fixed/3b27_3b27_conf0.sdf,d68fb0fcb66da9c52f3510088ff84dee3d571e5f38799551262b754ab0afa126,0
d342c605b07c987e0c401b1a5a2de3b182376f0be37bfb61a45e23f0825c5e68,torsional_diffusion_raw_fixed,3b5r_3b5r_conf0,1000,948,/mnt/weka/mbedrosian/codex_dir/torsional_diffusion/generations/casf16_core_torsional_diffusion_1k/generation/torsional_diffusion_raw_fixed/3b5r_3b5r_conf0.sdf,57af344f99b3caf85604c4b5e7bccbdd32a9dcff7c0e9e828c2741d439d09bb9,0
732e32590fbe7bb74a463f464f99952a1afa521576acf846b3f669502af217c8,torsional_diffusion_raw_fixed,3b65_3b65_conf0,1000,952,/mnt/weka/mbedrosian/codex_dir/torsional_diffusion/generations/casf16_core_torsional_diffusion_1k/generation/torsional_diffusion_raw_fixed/3b65_3b65_conf0.sdf,2a6a961189632d0a9fa7f0a2dd8e410d37ce2428dd2ba6514194cf8de8d6c31d,0
8707992cd3f995d0d7fcaf22b0f1ac8dee2e6667aa2539f2afb2d5ef92f51abb,torsional_diffusion_raw_fixed,3bgz_3bgz_conf0,1000,998,/mnt/weka/mbedrosian/codex_dir/torsional_diffusion/generations/casf16_core_torsional_diffusion_1k/generation/torsional_diffusion_raw_fixed/3bgz_3bgz_conf0.sdf,1742095d412243f6fcb6eb50f81ff95d817f7c20efb11f5306b5d88aa4e7da30,0
87a8c131bcf1bc36df2457a2385d1e5c82e3aae994a394ffa1b85fa306841ad2,torsional_diffusion_raw_fixed,3cj4_3cj4_conf0,1000,695,/mnt/weka/mbedrosian/codex_dir/torsional_diffusion/generations/casf16_core_torsional_diffusion_1k/generation/torsional_diffusion_raw_fixed/3cj4_3cj4_conf0.sdf,068956f1829cbda70e79f84ae6681ac45dd9f8278ae207729655edbe198d80b8,0
e44f11dd64db39b9c92cb18cba6020bf775848042d12e7c4b5d4a673f1789123,torsional_diffusion_raw_fixed,3dd0_3dd0_conf0,1000,1000,/mnt/weka/mbedrosian/codex_dir/torsional_diffusion/generations/casf16_core_torsional_diffusion_1k/generation/torsional_diffusion_raw_fixed/3dd0_3dd0_conf0.sdf,b60248313285b93b5792bcc0986644995c1ce6eae8a81ed7599f6f2fdda4edad,0
6ba32771444d01ba2c9b72836d531686d85c29899d32212c3baab12cad200552,torsional_diffusion_raw_fixed,3e92_3e92_conf0,1000,958,/mnt/weka/mbedrosian/codex_dir/torsional_diffusion/generations/casf16_core_torsional_diffusion_1k/generation/torsional_diffusion_raw_fixed/3e92_3e92_conf0.sdf,0a51b84bf7c26fcb18397aef944cef9da3ae495ce2f87141d7011dd30a853971,0
5f9c3f08ee3491f89e00d7846ed6e8bed77caeb787bc6f2717438d139e4cb972,torsional_diffusion_raw_fixed,3e93_3e93_conf0,1000,474,/mnt/weka/mbedrosian/codex_dir/torsional_diffusion/generations/casf16_core_torsional_diffusion_1k/generation/torsional_diffusion_raw_fixed/3e93_3e93_conf0.sdf,8e47c9d1956f8a714b1c7c22eb5409ad6c8acbb0b6d23b8a92c51fbeecce0e72,0
3849433633bc266f0970719c1b8a23231159ebe677883c957291461ee05aadb2,torsional_diffusion_raw_fixed,3ehy_3ehy_conf0,1000,914,/mnt/weka/mbedrosian/codex_dir/torsional_diffusion/generations/casf16_core_torsional_diffusion_1k/generation/torsional_diffusion_raw_fixed/3ehy_3ehy_conf0.sdf,f76a03393e8ccd23252a300a1eea942c1e326efafe858ef436a1f80836b62498,0
a4ae7739c72580cfc407638be9389db1d37a6160474fbbffbeb364b3ec608f29,torsional_diffusion_raw_fixed,3fcq_3fcq_conf0,1000,946,/mnt/weka/mbedrosian/codex_dir/torsional_diffusion/generations/casf16_core_torsional_diffusion_1k/generation/torsional_diffusion_raw_fixed/3fcq_3fcq_conf0.sdf,f5609667a552434c5fb4fd66b1f6f982fb079e60882cf8b429fa5961841bce32,0
4b1cc2d6c1ed83f66917178e8523b24ad86269bb33f33b289ee2a9e63137eba7,torsional_diffusion_raw_fixed,3fur_3fur_conf0,1000,987,/mnt/weka/mbedrosian/codex_dir/torsional_diffusion/generations/casf16_core_torsional_diffusion_1k/generation/torsional_diffusion_raw_fixed/3fur_3fur_conf0.sdf,be58a02d81d34e4ffcd43931be7345b6ac3173d81891beec6fa98594830b14bf,0
433b482ec90da56d92cb285a7972911099a66bbab682564de4a72685ac56dfb0,torsional_diffusion_raw_fixed,3g2z_3g2z_conf0,1000,980,/mnt/weka/mbedrosian/codex_dir/torsional_diffusion/generations/casf16_core_torsional_diffusion_1k/generation/torsional_diffusion_raw_fixed/3g2z_3g2z_conf0.sdf,38155e155f94a2d0c875843c60481513218636804c4cd62e1038f1f1d78e40bc,0
05e6a0acd128bd0e9c24ff030f7427e686941662d65b22c5ec3e7666d0fa3187,torsional_diffusion_raw_fixed,3g31_3g31_conf0,1000,994,/mnt/weka/mbedrosian/codex_dir/torsional_diffusion/generations/casf16_core_torsional_diffusion_1k/generation/torsional_diffusion_raw_fixed/3g31_3g31_conf0.sdf,695dbf4c43092aa9d54ef7a77fcd95d5ee7fa56f409714082f8cf40254c10c8c,0
35cb9b0b51a8a66439522cb9229b5b80640be98bb64f6114504ce53ac39bff86,torsional_diffusion_raw_fixed,3gy4_3gy4_conf0,1000,1000,/mnt/weka/mbedrosian/codex_dir/torsional_diffusion/generations/casf16_core_torsional_diffusion_1k/generation/torsional_diffusion_raw_fixed/3gy4_3gy4_conf0.sdf,2312d67b396e9010f15a495904a8d2de422929d478002384cf4367f19b3c4e5a,0
f156d762b26a64595485041d0c4ec84f8324861e46ffedb7df9c625f4f90d5db,torsional_diffusion_raw_fixed,3jvs_3jvs_conf0,1000,504,/mnt/weka/mbedrosian/codex_dir/torsional_diffusion/generations/casf16_core_torsional_diffusion_1k/generation/torsional_diffusion_raw_fixed/3jvs_3jvs_conf0.sdf,0c588660f4892c2e33170af1188d94ea7f45cc3d96baf7edcd3a72d22e6fc73f,0
f4239811b4e0dac14dfc2b1b2d2be8e249f095a7e8a5117c1bc93e184e275cfc,torsional_diffusion_raw_fixed,3k5v_3k5v_conf0,1000,999,/mnt/weka/mbedrosian/codex_dir/torsional_diffusion/generations/casf16_core_torsional_diffusion_1k/generation/torsional_diffusion_raw_fixed/3k5v_3k5v_conf0.sdf,86458407474bf769a83af8c1427f7923d5c5710feb53c043b01418e88b460789,0
bc871600562c45cf0bcaf2bb989ee4aa32b5f967009d41c64b97461493d4fa69,torsional_diffusion_raw_fixed,3kgp_3kgp_conf0,1000,996,/mnt/weka/mbedrosian/codex_dir/torsional_diffusion/generations/casf16_core_torsional_diffusion_1k/generation/torsional_diffusion_raw_fixed/3kgp_3kgp_conf0.sdf,c31fc1df3239c8c48a58719bfeff4411e81f3bb7e6fae6b35bb89293eeeca1ab,0
60dd13f30e3227df3426b7401ba3f00c43c70b27a86f3f68325af051a71ab802,torsional_diffusion_raw_fixed,3lka_3lka_conf0,1000,1000,/mnt/weka/mbedrosian/codex_dir/torsional_diffusion/generations/casf16_core_torsional_diffusion_1k/generation/torsional_diffusion_raw_fixed/3lka_3lka_conf0.sdf,c604381fb4b7fe85bd2ec8e67fff87217739fd79d494b5e96fda3a35cc7d9450,0
ee2953ee1500c74d573340d3731002e8cccf6a230eaed77e4dbd56db50a4c910,torsional_diffusion_raw_fixed,3nx7_3nx7_conf0,1000,747,/mnt/weka/mbedrosian/codex_dir/torsional_diffusion/generations/casf16_core_torsional_diffusion_1k/generation/torsional_diffusion_raw_fixed/3nx7_3nx7_conf0.sdf,965626650b0a5e6fb9d15ffe04030d7079d29da409e0aea0a2d3d5aa70b721c6,0
408e6797bc6789caee4f4cfb42189a23c7cdcfebac767af4bcabad795359a61d,torsional_diffusion_raw_fixed,3pxf_3pxf_conf0,1000,495,/mnt/weka/mbedrosian/codex_dir/torsional_diffusion/generations/casf16_core_torsional_diffusion_1k/generation/torsional_diffusion_raw_fixed/3pxf_3pxf_conf0.sdf,118c45bc1afb0537a323e5ad1acd6f3705c890d47ace46e5ff80e5d66e87052b,0
5147ddd48ba7e02a4a327c83472bbd3202d42ca7a81ed2829b0ca4c75f29e2ad,torsional_diffusion_raw_fixed,3qqs_3qqs_conf0,1000,853,/mnt/weka/mbedrosian/codex_dir/torsional_diffusion/generations/casf16_core_torsional_diffusion_1k/generation/torsional_diffusion_raw_fixed/3qqs_3qqs_conf0.sdf,daaaf1d32995b975df406a3ef48cc82588774ff340e702ae33b2e836e2fdd2dd,0
e420f8f5d5465b2398ad333d4db7cf64f1f2bd5bbf73532673e6f41e9fdb2dbe,torsional_diffusion_raw_fixed,3rlr_3rlr_conf0,1000,967,/mnt/weka/mbedrosian/codex_dir/torsional_diffusion/generations/casf16_core_torsional_diffusion_1k/generation/torsional_diffusion_raw_fixed/3rlr_3rlr_conf0.sdf,bd9faa6283e8b315bf8887ab7924ba99c305751c7503f74956908c90a46f0198,0
e6c621620e835ab2fa47a81cce98503981c80c2109591c7fd32eebbedbf27d1d,torsional_diffusion_raw_fixed,3rsx_3rsx_conf0,1000,1000,/mnt/weka/mbedrosian/codex_dir/torsional_diffusion/generations/casf16_core_torsional_diffusion_1k/generation/torsional_diffusion_raw_fixed/3rsx_3rsx_conf0.sdf,bdd0abba1ed722b4fa52716daa16381222faabce811ac394dd464585825e91f6,0
9038f1fd2bc9ea72741bf2ec20d025d081640bb10c67f2e6a22290aa4de953d4,torsional_diffusion_raw_fixed,3ryj_3ryj_conf0,1000,998,/mnt/weka/mbedrosian/codex_dir/torsional_diffusion/generations/casf16_core_torsional_diffusion_1k/generation/torsional_diffusion_raw_fixed/3ryj_3ryj_conf0.sdf,87b2a61ffc69bc42e848822bf3119c6adcfa61312e244bb607193999a7f5e718,0
d701a8590a19c42f19bb925ab608e75b23630d5ee47a2d75db0bddf1a4b32fe0,torsional_diffusion_raw_fixed,3syr_3syr_conf0,1000,966,/mnt/weka/mbedrosian/codex_dir/torsional_diffusion/generations/casf16_core_torsional_diffusion_1k/generation/torsional_diffusion_raw_fixed/3syr_3syr_conf0.sdf,b6367e03ecaf71d58fce4e9d26b042d56802fc237222ccf1bd4e78737ae0c8e3,0
6d6567b65c02e6fa9b8dfb5b576d4a7b8c0b451745340965c3df84dd5b7e7746,torsional_diffusion_raw_fixed,3twp_3twp_conf0,1000,1000,/mnt/weka/mbedrosian/codex_dir/torsional_diffusion/generations/casf16_core_torsional_diffusion_1k/generation/torsional_diffusion_raw_fixed/3twp_3twp_conf0.sdf,33cac8f7a882c7fa4d626e3b1b876944d5b25e3ff9ac8a2c57ba0bb59b2ebb5e,0
7f45c786136372fda621e28ea041d0b2e47b1d658ce44f125c8571b6e30a6330,torsional_diffusion_raw_fixed,3u5j_3u5j_conf0,1000,915,/mnt/weka/mbedrosian/codex_dir/torsional_diffusion/generations/casf16_core_torsional_diffusion_1k/generation/torsional_diffusion_raw_fixed/3u5j_3u5j_conf0.sdf,c9c035bf3be73d0f2d73c90d4d93e5d439725683b164b0cd5dac790ab2b62bf1,0
0264cca114f3041b69455e8d4fc404fcb5d16beaef0743d74e02e676ffb7baf0,torsional_diffusion_raw_fixed,3u8n_3u8n_conf0,1000,960,/mnt/weka/mbedrosian/codex_dir/torsional_diffusion/generations/casf16_core_torsional_diffusion_1k/generation/torsional_diffusion_raw_fixed/3u8n_3u8n_conf0.sdf,7c98a91844e354e2378a773e8693ae1c9ab346f8f0465997bfb0e554c5774fb4,0
4c4c50d35bc3c674ec8d53990db8e7ec3357860ecedf8ed0e6ae267750389387,torsional_diffusion_raw_fixed,3uo4_3uo4_conf0,1000,971,/mnt/weka/mbedrosian/codex_dir/torsional_diffusion/generations/casf16_core_torsional_diffusion_1k/generation/torsional_diffusion_raw_fixed/3uo4_3uo4_conf0.sdf,4bebe00b31b1ca4f4c2c5b9d56bc9b0b7b512c26d66d369306a8143e45224f29,0
506e5e414b17bed08313bd49186c1c27dae81ae8c0e45aa3f9d33ee57805cd11,torsional_diffusion_raw_fixed,3up2_3up2_conf0,1000,974,/mnt/weka/mbedrosian/codex_dir/torsional_diffusion/generations/casf16_core_torsional_diffusion_1k/generation/torsional_diffusion_raw_fixed/3up2_3up2_conf0.sdf,33d5e80dc6b8e65c7ce078b597f674e7ce7543afdbd8e06dc77a0117ec95875b,0
372b5473e560610c79dbc09ec48fcd0a47a27e6ec5312b6ff68ebd347c9ae8da,torsional_diffusion_raw_fixed,3wtj_3wtj_conf0,1000,822,/mnt/weka/mbedrosian/codex_dir/torsional_diffusion/generations/casf16_core_torsional_diffusion_1k/generation/torsional_diffusion_raw_fixed/3wtj_3wtj_conf0.sdf,4b067735c069ec4794d504c6c1b19b9aaa158212e442bdb01fc2bc4386ccf5a2,0
228f665c6343a3daa4b5d58be1f3d6d83ad443f40b96050e2efce030cabb759f,torsional_diffusion_raw_fixed,3zdg_3zdg_conf0,1000,887,/mnt/weka/mbedrosian/codex_dir/torsional_diffusion/generations/casf16_core_torsional_diffusion_1k/generation/torsional_diffusion_raw_fixed/3zdg_3zdg_conf0.sdf,c63a9905908f4f30a298a96cb5e71bd00922ef1ee51fb99a410fb2125cbea4ce,0
90b584df202a276bcea95dbc355f8553c81c6d16574fc5d6eea46f3062d1efe2,torsional_diffusion_raw_fixed,4ddh_4ddh_conf0,1000,999,/mnt/weka/mbedrosian/codex_dir/torsional_diffusion/generations/casf16_core_torsional_diffusion_1k/generation/torsional_diffusion_raw_fixed/4ddh_4ddh_conf0.sdf,cf6ca0bb544d120cc8b80b375355d6bc703a377cd4d3be2cdaf3df7d3b5070a0,0
f9f1ae02004512ac4d4fdbd857eb7504ab8f365398baa68ebcb29a5c24bdda67,torsional_diffusion_raw_fixed,4ddk_4ddk_conf0,1000,1000,/mnt/weka/mbedrosian/codex_dir/torsional_diffusion/generations/casf16_core_torsional_diffusion_1k/generation/torsional_diffusion_raw_fixed/4ddk_4ddk_conf0.sdf,a4e99e2ba3aad4d664209bbafdd341176b5f9bd73c4a44879e21ffa359b29851,0
c48ba3b206873e8e2bc34da24cc34e93936f3759c443eb60c26f6021f88e3ca4,torsional_diffusion_raw_fixed,4eor_4eor_conf0,1000,989,/mnt/weka/mbedrosian/codex_dir/torsional_diffusion/generations/casf16_core_torsional_diffusion_1k/generation/torsional_diffusion_raw_fixed/4eor_4eor_conf0.sdf,0b3b1b5f3a62d4b08bbc41a01644b6bbd8f8a04c92240bd789f4c2280b2797a2,0
f551cd2fe4c970ae612ebbd4f39e36b329ea1c94e8af194e13ee72639b4392b1,torsional_diffusion_raw_fixed,4f09_4f09_conf0,1000,857,/mnt/weka/mbedrosian/codex_dir/torsional_diffusion/generations/casf16_core_torsional_diffusion_1k/generation/torsional_diffusion_raw_fixed/4f09_4f09_conf0.sdf,c511279c00852582316dbf3ecd10f391e6e7575e48a587a164642253c9fc66c1,0
b2ab8da4b9bed54a6da7b6e88733a65cdc84bf5d79a95b8e24078d648b773085,torsional_diffusion_raw_fixed,4f2w_4f2w_conf0,1000,963,/mnt/weka/mbedrosian/codex_dir/torsional_diffusion/generations/casf16_core_torsional_diffusion_1k/generation/torsional_diffusion_raw_fixed/4f2w_4f2w_conf0.sdf,a673d98d84aa2643803c59654166ec811e61b85a6b32828727f7cbe949c92898,0
a7c0cd650908c1b389ff5eff14a2ad6d9639bf000e3a53d365a535d4aee77c82,torsional_diffusion_raw_fixed,4f9w_4f9w_conf0,1000,993,/mnt/weka/mbedrosian/codex_dir/torsional_diffusion/generations/casf16_core_torsional_diffusion_1k/generation/torsional_diffusion_raw_fixed/4f9w_4f9w_conf0.sdf,a324c9c4e7a6f29e4d111d1623b08ec3dbcf0b0b711c7fc5f06905b6289195f8,0
5c57972f381f13c19fd386fee75668d5484ff87f602704b5830d42ba4476a7f2,torsional_diffusion_raw_fixed,4hge_4hge_conf0,1000,782,/mnt/weka/mbedrosian/codex_dir/torsional_diffusion/generations/casf16_core_torsional_diffusion_1k/generation/torsional_diffusion_raw_fixed/4hge_4hge_conf0.sdf,415de012e7735037962787f506bb34f296a2271bcf5aee8c65d33226a2a5f522,0
1b4486196ce0f0201babfa83f2d27cb2ddd7672f476bf7e08d96d1de84224867,torsional_diffusion_raw_fixed,4j21_4j21_conf0,1000,1000,/mnt/weka/mbedrosian/codex_dir/torsional_diffusion/generations/casf16_core_torsional_diffusion_1k/generation/torsional_diffusion_raw_fixed/4j21_4j21_conf0.sdf,07b4d76523d56e210eac7413163b229eee26147df86d7693d7b852b1a3584387,0
cb45d4903d9fe1df04a5a186bc85f20344dd48db472de6f4b4f42c29c6739e0e,torsional_diffusion_raw_fixed,4j3l_4j3l_conf0,1000,989,/mnt/weka/mbedrosian/codex_dir/torsional_diffusion/generations/casf16_core_torsional_diffusion_1k/generation/torsional_diffusion_raw_fixed/4j3l_4j3l_conf0.sdf,a54fc38f6811411ddb4aa7f49cb506e1f1deb82a14b8467a5c456bbe7aa156ce,0
c21cd65eb36a1e405d729dc2908afd89bf5f0c973eb1d61a0651242866c40e6d,torsional_diffusion_raw_fixed,4jsz_4jsz_conf0,1000,1000,/mnt/weka/mbedrosian/codex_dir/torsional_diffusion/generations/casf16_core_torsional_diffusion_1k/generation/torsional_diffusion_raw_fixed/4jsz_4jsz_conf0.sdf,85944aea0ad2027a504d970c74e598bc19e99a90f2f78a9369f5b9dfb7e16102,0
c2d2637627f5f77e58903644fea6f6bbfdfa42ea4dc23e9e7a80beed46f39ec9,torsional_diffusion_raw_fixed,4jxs_4jxs_conf0,1000,867,/mnt/weka/mbedrosian/codex_dir/torsional_diffusion/generations/casf16_core_torsional_diffusion_1k/generation/torsional_diffusion_raw_fixed/4jxs_4jxs_conf0.sdf,6c03a3bb07aae19170644cfb81035a274a5fd951a531aed78941e9af8ed2c943,0
6b00dc2a972eb6ee184d9c41f81f8a1380bf0da21e8a65dadc1f0a48ad20a57b,torsional_diffusion_raw_fixed,4k18_4k18_conf0,1000,804,/mnt/weka/mbedrosian/codex_dir/torsional_diffusion/generations/casf16_core_torsional_diffusion_1k/generation/torsional_diffusion_raw_fixed/4k18_4k18_conf0.sdf,83380a4514c71a040b347a84f335eb04daffc401436a1ee2cbb8b23b5c100152,0
41022a5e5ea06ce2ab5f03225bf4f9812aa38c306f0620bc7cbce6fa13878884,torsional_diffusion_raw_fixed,4k77_4k77_conf0,1000,925,/mnt/weka/mbedrosian/codex_dir/torsional_diffusion/generations/casf16_core_torsional_diffusion_1k/generation/torsional_diffusion_raw_fixed/4k77_4k77_conf0.sdf,96f68bba5233001c172109c2dd4908479ecf4604aa857670a47a586a4382f62f,0
a6e590f32a865bd875e3ddd715b9744cfda320391931ff7873d74b570eb78752,torsional_diffusion_raw_fixed,4kzq_4kzq_conf0,1000,1000,/mnt/weka/mbedrosian/codex_dir/torsional_diffusion/generations/casf16_core_torsional_diffusion_1k/generation/torsional_diffusion_raw_fixed/4kzq_4kzq_conf0.sdf,f568cc78ba725dd685fd65da2d47a0d86896d88cb825c609a74342848efd16db,0
a4da00eae25cbb86f12e59d077331df2eb11c0eb79059adde7993b3eaf2db381,torsional_diffusion_raw_fixed,4kzu_4kzu_conf0,1000,1000,/mnt/weka/mbedrosian/codex_dir/torsional_diffusion/generations/casf16_core_torsional_diffusion_1k/generation/torsional_diffusion_raw_fixed/4kzu_4kzu_conf0.sdf,c99ed68b8b0fbfe77f76f3e53c673159aaee4b5216f5cc59e65f4cbf7b0d75b0,0
6ffeec07ddb6ddad5326e9d039e952cf041816be8a7921e605abcf033b8ba158,torsional_diffusion_raw_fixed,4llx_4llx_conf0,1000,1000,/mnt/weka/mbedrosian/codex_dir/torsional_diffusion/generations/casf16_core_torsional_diffusion_1k/generation/torsional_diffusion_raw_fixed/4llx_4llx_conf0.sdf,fb3a9e27122697b6420499813d8bb992fef7a7e42da0adda4a059893da6bdbc8,0
4bab27e207d7601f070fec9a72eed0d428d254da474a48605346eb79c6e11aaa,torsional_diffusion_raw_fixed,4lzs_4lzs_conf0,1000,923,/mnt/weka/mbedrosian/codex_dir/torsional_diffusion/generations/casf16_core_torsional_diffusion_1k/generation/torsional_diffusion_raw_fixed/4lzs_4lzs_conf0.sdf,4eb9e3fc118a9eadb30bed1eb197e32ee532bdf162f7d7057eedaa8c93f94247,0
48673ccf472f793b20f55f1aa78d19e5a23707c006c0a3d5f40df072f7ba18ff,torsional_diffusion_raw_fixed,4mgd_4mgd_conf0,1000,997,/mnt/weka/mbedrosian/codex_dir/torsional_diffusion/generations/casf16_core_torsional_diffusion_1k/generation/torsional_diffusion_raw_fixed/4mgd_4mgd_conf0.sdf,001c6bb0c7efde828c9f85f52e71613e1a593560cd429e1fa9b65a7a9d2bd16d,0
29cbcdfd5f8311397dcc2749be0f18e86de6c1c6c167a45dce5bcf145b7be8e7,torsional_diffusion_raw_fixed,4ogj_4ogj_conf0,1000,541,/mnt/weka/mbedrosian/codex_dir/torsional_diffusion/generations/casf16_core_torsional_diffusion_1k/generation/torsional_diffusion_raw_fixed/4ogj_4ogj_conf0.sdf,ba503114bb0ef529343ddbc94db1bcd515efe3b99aa96dd09b1a21f9a3a31262,0
14d6b46eb548834175cd9e14658b97746af607ad7a3f610edca48e2de0541497,torsional_diffusion_raw_fixed,5c28_5c28_conf0,1000,1000,/mnt/weka/mbedrosian/codex_dir/torsional_diffusion/generations/casf16_core_torsional_diffusion_1k/generation/torsional_diffusion_raw_fixed/5c28_5c28_conf0.sdf,6ddf4150ade78a2e98c06cd54ca47562d4cefb07ae637f675f8f483000ec69ac,0
f56d72e0caa8fae236d242e8b899b0f21c1433d942c753eeb8c0d71f96290be8,torsional_diffusion_raw_fixed,5c2h_5c2h_conf0,1000,717,/mnt/weka/mbedrosian/codex_dir/torsional_diffusion/generations/casf16_core_torsional_diffusion_1k/generation/torsional_diffusion_raw_fixed/5c2h_5c2h_conf0.sdf,e3f10e7d869d86bdc64d380c129dfc11b09223d1475ba3c48a1b11d8f86e5ac2,0
ccd316e8c56ac7be59f0bc9c1f61e0803ae809aac193888ad3fc8d34a121e714,mcf_drugs_l_raw_fixed,1bcu_1bcu_conf0,1000,999,/mnt/weka/mbedrosian/codex_dir/mcf_drugs_l/generations/casf16_core_mcf_drugs_l_1k/generation/mcf_drugs_l_raw_fixed/1bcu_1bcu_conf0.sdf,2712b11d819e60b77bd74849f19e5c47caede54715bd1035749b649699700335,0
d382501c2fcbd58b0a8826088969f3a4336a3dcdc063cc2f48e0412afaaeeb06,mcf_drugs_l_raw_fixed,1c5z_1c5z_conf0,1000,999,/mnt/weka/mbedrosian/codex_dir/mcf_drugs_l/generations/casf16_core_mcf_drugs_l_1k/generation/mcf_drugs_l_raw_fixed/1c5z_1c5z_conf0.sdf,3f11cf4f2edbf6886c704407d88848b91c7b822028a6a3c1d431f4dbaa4a1c0a,0
17fe18ab58f78280f46f9981221e48f0e88ce4b4901c12a328d26c616fac5108,mcf_drugs_l_raw_fixed,1lpg_1lpg_conf0,1000,995,/mnt/weka/mbedrosian/codex_dir/mcf_drugs_l/generations/casf16_core_mcf_drugs_l_1k/generation/mcf_drugs_l_raw_fixed/1lpg_1lpg_conf0.sdf,8323718d7c08576679d175b6b9a44e9ba305ace4eef022b6536ff4d4a9a7878d,0
582a933607531e2db9128c1b2e63fbee26be729d90f96b3fd4dd34a7d626be0e,mcf_drugs_l_raw_fixed,1mq6_1mq6_conf0,1000,735,/mnt/weka/mbedrosian/codex_dir/mcf_drugs_l/generations/casf16_core_mcf_drugs_l_1k/generation/mcf_drugs_l_raw_fixed/1mq6_1mq6_conf0.sdf,9986f3e1a7253aaf4ae109b1588e1afb57c663788697d3348d8a685c2117b423,0
db9b3d08a6a5db31ecffe72c8fca357606abe69d81280418d549fa691c8050a6,mcf_drugs_l_raw_fixed,1nc3_1nc3_conf0,1000,475,/mnt/weka/mbedrosian/codex_dir/mcf_drugs_l/generations/casf16_core_mcf_drugs_l_1k/generation/mcf_drugs_l_raw_fixed/1nc3_1nc3_conf0.sdf,f69d748ad18eccc2a8739b6043aab659c00a21993fdbc7aebf301ebb7a03f33d,0
d5c9e0693e32363541b8a9e6f33cacbf3db8a72bc93129399e195cc4f0ddbbce,mcf_drugs_l_raw_fixed,1o3f_1o3f_conf0,1000,1000,/mnt/weka/mbedrosian/codex_dir/mcf_drugs_l/generations/casf16_core_mcf_drugs_l_1k/generation/mcf_drugs_l_raw_fixed/1o3f_1o3f_conf0.sdf,a1ce5180ddb9f722055fe97487bcb55f12198a00a780eb67fab90e10342ca4f2,0
476411395e98f4e4ad1097524bebe8cfe9d9931ba7420c373e2e8725871a8dec,mcf_drugs_l_raw_fixed,1o5b_1o5b_conf0,1000,1000,/mnt/weka/mbedrosian/codex_dir/mcf_drugs_l/generations/casf16_core_mcf_drugs_l_1k/generation/mcf_drugs_l_raw_fixed/1o5b_1o5b_conf0.sdf,4cc5fa142916f1e78ae464f75314ca69d0ff6f3b3aed4884b3bee2f3d40e011d,0
74d3e527b52f58914c61696d1bbb146c33ca6d428d7b6005aa0bfa4b772edd1c,mcf_drugs_l_raw_fixed,1owh_1owh_conf0,1000,990,/mnt/weka/mbedrosian/codex_dir/mcf_drugs_l/generations/casf16_core_mcf_drugs_l_1k/generation/mcf_drugs_l_raw_fixed/1owh_1owh_conf0.sdf,693121d073fc887d7c89b50e172077ce4301893e27a21ad3cf2b1610e396a9c1,0
97547c8445bec8e20b816e7449663561f14c476b980e7af5568ae56c8eddbd67,mcf_drugs_l_raw_fixed,1p1n_1p1n_conf0,1000,284,/mnt/weka/mbedrosian/codex_dir/mcf_drugs_l/generations/casf16_core_mcf_drugs_l_1k/generation/mcf_drugs_l_raw_fixed/1p1n_1p1n_conf0.sdf,d14361286d691f5f70e255ba78d0823c13981863974790988068f34914797a6f,0
beada093d7338b02743b38312dac6774208ac9164e86fe4fbf4d38993e2cc0a5,mcf_drugs_l_raw_fixed,1pxn_1pxn_conf0,1000,1000,/mnt/weka/mbedrosian/codex_dir/mcf_drugs_l/generations/casf16_core_mcf_drugs_l_1k/generation/mcf_drugs_l_raw_fixed/1pxn_1pxn_conf0.sdf,cac166c6198c189b8c54615ec4ad99c67a69b31615feeef8e52fd5bd7c26fcd0,0
b00ca6dbcf85e7e794cfc021749bb60a09034297ed26daa601640cc0c82d66dc,mcf_drugs_l_raw_fixed,1sqa_1sqa_conf0,1000,276,/mnt/weka/mbedrosian/codex_dir/mcf_drugs_l/generations/casf16_core_mcf_drugs_l_1k/generation/mcf_drugs_l_raw_fixed/1sqa_1sqa_conf0.sdf,bb1ee10f5ddcf48903ddede3634a7c66fa766809a3b6d6bdd76480c0d979855e,0
f9a1526d931e393b6b62f4dc32bf5794fa047d15efcefb41971df53b4812467e,mcf_drugs_l_raw_fixed,1uto_1uto_conf0,1000,999,/mnt/weka/mbedrosian/codex_dir/mcf_drugs_l/generations/casf16_core_mcf_drugs_l_1k/generation/mcf_drugs_l_raw_fixed/1uto_1uto_conf0.sdf,bc6003781efb72dc82c24ce15b7dd2bdb34d534f0e3b21a57846baf4c1cc5afb,0
56e65e7cb45381283d99162e128f51483a656559db259193d0389225ede04a26,mcf_drugs_l_raw_fixed,1yc1_1yc1_conf0,1000,1000,/mnt/weka/mbedrosian/codex_dir/mcf_drugs_l/generations/casf16_core_mcf_drugs_l_1k/generation/mcf_drugs_l_raw_fixed/1yc1_1yc1_conf0.sdf,368917343771e8d1b360897ce35e4f88e665c995dc159182a328434fee91c2e1,0
acadbeae65baff48f53a93e586151b9cf4ed44c44a9bafa95c93fded9df1bff3,mcf_drugs_l_raw_fixed,1ydr_1ydr_conf0,1000,547,/mnt/weka/mbedrosian/codex_dir/mcf_drugs_l/generations/casf16_core_mcf_drugs_l_1k/generation/mcf_drugs_l_raw_fixed/1ydr_1ydr_conf0.sdf,09283b166210328c5293353578904e6900f2b62b0072d2e03a0d8af80e1ea369,0
42d0131b5044ff1a24c90b6a516c060fb7e7284b18c1a7198e470cac5a5e8860,mcf_drugs_l_raw_fixed,1ydt_1ydt_conf0,1000,993,/mnt/weka/mbedrosian/codex_dir/mcf_drugs_l/generations/casf16_core_mcf_drugs_l_1k/generation/mcf_drugs_l_raw_fixed/1ydt_1ydt_conf0.sdf,720714754f7cce25d7092efc07d1075ea843efe08b7138f21019c91595e537ad,0
41857a656ab5cd8edfc30cbefeed289ab796c411719bef22842388c3eb8b3e9d,mcf_drugs_l_raw_fixed,1z6e_1z6e_conf0,1000,983,/mnt/weka/mbedrosian/codex_dir/mcf_drugs_l/generations/casf16_core_mcf_drugs_l_1k/generation/mcf_drugs_l_raw_fixed/1z6e_1z6e_conf0.sdf,658eab801760bde5d9b4103dca20988c32bc30775e63afd5c9feb3e107bace8c,0
85f82811bde5ff1cfaca121c2d540a60494b3a054877abf34f04b2f4c396cbb0,mcf_drugs_l_raw_fixed,1z95_1z95_conf0,1000,451,/mnt/weka/mbedrosian/codex_dir/mcf_drugs_l/generations/casf16_core_mcf_drugs_l_1k/generation/mcf_drugs_l_raw_fixed/1z95_1z95_conf0.sdf,15a5bbefac39e6dd082f33767d02cab6ed8319f11f03632fb33a5c0a5728cc58,0
2459dd595af55d358b8dade29ecfe436ebff052b15945d0cd9bb6cddecdcecdb,mcf_drugs_l_raw_fixed,1z9g_1z9g_conf0,1000,528,/mnt/weka/mbedrosian/codex_dir/mcf_drugs_l/generations/casf16_core_mcf_drugs_l_1k/generation/mcf_drugs_l_raw_fixed/1z9g_1z9g_conf0.sdf,a363114d026c83720abb7692d26e0cddbcdaaf5bc090ef4decfb4b4d3bcf7262,0
2047e79821dc062f7b2eed8c998675b47da040e1140a0af99087eac78896d874,mcf_drugs_l_raw_fixed,2br1_2br1_conf0,1000,1000,/mnt/weka/mbedrosian/codex_dir/mcf_drugs_l/generations/casf16_core_mcf_drugs_l_1k/generation/mcf_drugs_l_raw_fixed/2br1_2br1_conf0.sdf,66972a176530e87e108846d28b2352482763e55cea2720a7b8ac960215c51403,0
f290e3932d1339501e4c51421d2148f8c9ce0549f08d10337fe2cb6265e23e60,mcf_drugs_l_raw_fixed,2brb_2brb_conf0,1000,1000,/mnt/weka/mbedrosian/codex_dir/mcf_drugs_l/generations/casf16_core_mcf_drugs_l_1k/generation/mcf_drugs_l_raw_fixed/2brb_2brb_conf0.sdf,ac19be7962c15c55de06cb3d5e86935e2bc360f722f90282bb321ed9785475c9,0
9475b3d7fa4329f6297819a380277b691f4a95a83bb8105a10f48533af1c5e5d,mcf_drugs_l_raw_fixed,2c3i_2c3i_conf0,1000,1000,/mnt/weka/mbedrosian/codex_dir/mcf_drugs_l/generations/casf16_core_mcf_drugs_l_1k/generation/mcf_drugs_l_raw_fixed/2c3i_2c3i_conf0.sdf,6cbcd2fe9b8a76a2313dc65bd35c8f71168249982134689bd1157b7d35ed50b5,0
83774d544a3dfb9c8d91b22f2bb85b1b4a1bd34938d99fbee2875fbee133dfa2,mcf_drugs_l_raw_fixed,2fvd_2fvd_conf0,1000,1000,/mnt/weka/mbedrosian/codex_dir/mcf_drugs_l/generations/casf16_core_mcf_drugs_l_1k/generation/mcf_drugs_l_raw_fixed/2fvd_2fvd_conf0.sdf,dfc2d26a5167480dc6f0101f0d68d63d3e4ec736edfe98179489aeb904f5289c,0
99e5738f892eeb621069fedaffb49d4dea88c64ce2e70de025ccabbf327f20d6,mcf_drugs_l_raw_fixed,2hb1_2hb1_conf0,1000,986,/mnt/weka/mbedrosian/codex_dir/mcf_drugs_l/generations/casf16_core_mcf_drugs_l_1k/generation/mcf_drugs_l_raw_fixed/2hb1_2hb1_conf0.sdf,7f0291c14016337cad554eb8d9bc4db4c84178d99f5922aca3508a97ec273596,0
47b2a1fe4ff873cc8f291feb367d61b614cd8efedbd25e054e59f51e4ebe4043,mcf_drugs_l_raw_fixed,2p4y_2p4y_conf0,1000,485,/mnt/weka/mbedrosian/codex_dir/mcf_drugs_l/generations/casf16_core_mcf_drugs_l_1k/generation/mcf_drugs_l_raw_fixed/2p4y_2p4y_conf0.sdf,fd1db8c42ea67b3ce1ea9b73840bc017c50a2e253c7483272131611c6b51eb53,0
198161923843432e5410c9ee9339f4be2e950b94eca1d0eff5230c3019174183,mcf_drugs_l_raw_fixed,2pog_2pog_conf0,1000,599,/mnt/weka/mbedrosian/codex_dir/mcf_drugs_l/generations/casf16_core_mcf_drugs_l_1k/generation/mcf_drugs_l_raw_fixed/2pog_2pog_conf0.sdf,5a0bff29ec8ed06d3f79a8afd0820b8962eb3bd59abea62a8a4eabcbc0e5193b,0
ae6c45b863432c02aea3db30da08f15eabd5704381a8dd6ffde6a3938150c9f0,mcf_drugs_l_raw_fixed,2qbp_2qbp_conf0,1000,994,/mnt/weka/mbedrosian/codex_dir/mcf_drugs_l/generations/casf16_core_mcf_drugs_l_1k/generation/mcf_drugs_l_raw_fixed/2qbp_2qbp_conf0.sdf,8d2cb296a07b38f6afb63b82051f4855947d075d61999bab6c0ccdc591e9d12b,0
1424cc4dba3910bb3ff3f98d821099df26d2f193e6548f69559d1f218265feed,mcf_drugs_l_raw_fixed,2qbq_2qbq_conf0,1000,994,/mnt/weka/mbedrosian/codex_dir/mcf_drugs_l/generations/casf16_core_mcf_drugs_l_1k/generation/mcf_drugs_l_raw_fixed/2qbq_2qbq_conf0.sdf,c92685e04fef940a2cc769e132be3366abffc5873cc253faa057096a1c1ad227,0
8b9393f2c0b1ae5deaee355c8bbed22b9d3ad85d52f20dcd794a684865f0dc94,mcf_drugs_l_raw_fixed,2qbr_2qbr_conf0,1000,997,/mnt/weka/mbedrosian/codex_dir/mcf_drugs_l/generations/casf16_core_mcf_drugs_l_1k/generation/mcf_drugs_l_raw_fixed/2qbr_2qbr_conf0.sdf,3a43188bb31a69db13dcdc7a2c5e58305fe160913632b079507051c08ac0d50b,0
09e5cde2da68990bbdda660635de97e3fce786087ac830c20776251d2781dc38,mcf_drugs_l_raw_fixed,2v00_2v00_conf0,1000,1000,/mnt/weka/mbedrosian/codex_dir/mcf_drugs_l/generations/casf16_core_mcf_drugs_l_1k/generation/mcf_drugs_l_raw_fixed/2v00_2v00_conf0.sdf,6deedac7bc2034e8818cbb88830c6fa6fdd1b0179878b6d181e37f437b3d3be5,0
4de7b785c6c194a6badac26b78adfadc974c19d04fbcb207c1e6d4fe3f9409c2,mcf_drugs_l_raw_fixed,2wn9_2wn9_conf0,1000,1000,/mnt/weka/mbedrosian/codex_dir/mcf_drugs_l/generations/casf16_core_mcf_drugs_l_1k/generation/mcf_drugs_l_raw_fixed/2wn9_2wn9_conf0.sdf,0d1b9dd1d2ede21351715143006e93cecc097f6c9c2e205c8ec29c554cdb873b,0
4e5edd068392f7ec764cd67d38d8b7bb37b842146339e0ffaefe625c87aedc72,mcf_drugs_l_raw_fixed,2wtv_2wtv_conf0,1000,998,/mnt/weka/mbedrosian/codex_dir/mcf_drugs_l/generations/casf16_core_mcf_drugs_l_1k/generation/mcf_drugs_l_raw_fixed/2wtv_2wtv_conf0.sdf,76410bea029a7186a00faaeae9ac6013790b3af631245e4905c24afeec77312c,0
66099e23f9d11cfbd16e8a8b55f4de319dd01e69d0758ea8a085a03712531e66,mcf_drugs_l_raw_fixed,2xdl_2xdl_conf0,1000,1000,/mnt/weka/mbedrosian/codex_dir/mcf_drugs_l/generations/casf16_core_mcf_drugs_l_1k/generation/mcf_drugs_l_raw_fixed/2xdl_2xdl_conf0.sdf,6e7c05c977ad5ffb7ce081942c42cc7424703e939ab2a669c4686668fca0a438,0
b46ef20299ae451e85827b38c6b90055be6a02d85e35f4c031cd59bea610307f,mcf_drugs_l_raw_fixed,2xnb_2xnb_conf0,1000,995,/mnt/weka/mbedrosian/codex_dir/mcf_drugs_l/generations/casf16_core_mcf_drugs_l_1k/generation/mcf_drugs_l_raw_fixed/2xnb_2xnb_conf0.sdf,3577fd08118daaec47399458d19825fa428d280a4107b0e7ff3d141b86245907,0
9cd13d2625fc7589a80e99e2e23fd04d35354ee7e7f78532f0039093cd3a9977,mcf_drugs_l_raw_fixed,2yfe_2yfe_conf0,1000,1000,/mnt/weka/mbedrosian/codex_dir/mcf_drugs_l/generations/casf16_core_mcf_drugs_l_1k/generation/mcf_drugs_l_raw_fixed/2yfe_2yfe_conf0.sdf,bedd1e40c06174654d3017e4509b87eee5459bc0075583b1236926b373eb0c5f,0
a6bfa1b04132f8ce48e4f7638dc286f905c2126d64aef821220c151d2221a460,mcf_drugs_l_raw_fixed,2ymd_2ymd_conf0,1000,983,/mnt/weka/mbedrosian/codex_dir/mcf_drugs_l/generations/casf16_core_mcf_drugs_l_1k/generation/mcf_drugs_l_raw_fixed/2ymd_2ymd_conf0.sdf,7ad89ae8fbd8c602191acd194df9497a5ace38ca77c64b71b57a2f0dbf5ee638,0
53a7536e7a19a0d01dcaf78fc2692c9e0615e73bbbcf39dbf6c4dbc963c9bc41,mcf_drugs_l_raw_fixed,2zb1_2zb1_conf0,1000,1000,/mnt/weka/mbedrosian/codex_dir/mcf_drugs_l/generations/casf16_core_mcf_drugs_l_1k/generation/mcf_drugs_l_raw_fixed/2zb1_2zb1_conf0.sdf,05f3f477c256637aa1a8823f03cbf2b4fc7998c37f2992b5c0017127a8fa686e,0
c01800318ac44b36f01834d28c1f6ba80a92986e2bab81df2a380a04d7c2bb0a,mcf_drugs_l_raw_fixed,2zcq_2zcq_conf0,1000,484,/mnt/weka/mbedrosian/codex_dir/mcf_drugs_l/generations/casf16_core_mcf_drugs_l_1k/generation/mcf_drugs_l_raw_fixed/2zcq_2zcq_conf0.sdf,51b5cf6d390b54ee09d0859abc700e82a6c93c5a276c52c7d102ddfa1e47d1fa,0
9d674e2291a7c1a745cb275f3c4dabe5b9fbb747b3e0fa98a0d3d432dbf97592,mcf_drugs_l_raw_fixed,2zcr_2zcr_conf0,1000,523,/mnt/weka/mbedrosian/codex_dir/mcf_drugs_l/generations/casf16_core_mcf_drugs_l_1k/generation/mcf_drugs_l_raw_fixed/2zcr_2zcr_conf0.sdf,f3a5b8350c111bd9f3898bdcadb9f5df8bbf70fd3db1217790b20f68a531c62e,0
0d934b6642e3acf7d1548c9231ab88f6fbec42910a66c7a3c4c3cd134c283e05,mcf_drugs_l_raw_fixed,2zy1_2zy1_conf0,1000,999,/mnt/weka/mbedrosian/codex_dir/mcf_drugs_l/generations/casf16_core_mcf_drugs_l_1k/generation/mcf_drugs_l_raw_fixed/2zy1_2zy1_conf0.sdf,2a69078787eb72b89ac30bf8b351c6bad22805fd647a7f675a2d0ec8f611a827,0
7bbe3af5c3f7c55dd4c90035edae278702fb6b9c77af05b36284cb1b71cc4d93,mcf_drugs_l_raw_fixed,3aru_3aru_conf0,1000,999,/mnt/weka/mbedrosian/codex_dir/mcf_drugs_l/generations/casf16_core_mcf_drugs_l_1k/generation/mcf_drugs_l_raw_fixed/3aru_3aru_conf0.sdf,f7a8ef198211e717bd88225f863b6341ff25f79bd4c1e09b041fbf2dcdf05526,0
d9e88acc6567b1f6a5c4e50a1e2973d4495f34127943cf70de206714bb3696d3,mcf_drugs_l_raw_fixed,3ary_3ary_conf0,1000,1000,/mnt/weka/mbedrosian/codex_dir/mcf_drugs_l/generations/casf16_core_mcf_drugs_l_1k/generation/mcf_drugs_l_raw_fixed/3ary_3ary_conf0.sdf,a7ef6a6764ba5776ee98a11d04a1cd4698fed58674ecf8d8f63475a20a10e0ee,0
e895e2c4568c2eedaf7568b2f77cffe9135b71f86b912e967f527358ff1e3e79,mcf_drugs_l_raw_fixed,3b27_3b27_conf0,1000,1000,/mnt/weka/mbedrosian/codex_dir/mcf_drugs_l/generations/casf16_core_mcf_drugs_l_1k/generation/mcf_drugs_l_raw_fixed/3b27_3b27_conf0.sdf,34cbcbb4d9a1493973ce2c8fd5c668e8d37c1754158a013f19255c38a0443990,0
c5384587b0416c4a60d6ef63fc66143c2da9b7910350bae216c15c0b82adbbba,mcf_drugs_l_raw_fixed,3b5r_3b5r_conf0,1000,477,/mnt/weka/mbedrosian/codex_dir/mcf_drugs_l/generations/casf16_core_mcf_drugs_l_1k/generation/mcf_drugs_l_raw_fixed/3b5r_3b5r_conf0.sdf,43f1037f9341d2a62ac4cc833a4b2fb94bbfe8c53549e0b9eaf13f05c6db5368,0
c3e73be43e1c7a1ed596b8d6658a7bfa2c7145d0eda271476e93ee281593d559,mcf_drugs_l_raw_fixed,3b65_3b65_conf0,1000,432,/mnt/weka/mbedrosian/codex_dir/mcf_drugs_l/generations/casf16_core_mcf_drugs_l_1k/generation/mcf_drugs_l_raw_fixed/3b65_3b65_conf0.sdf,510b63d934e646757ed219e43b7d99e39544edef89b8c22036be63545d3c13bc,0
4655c726ddd664752a774bc32a192ad3f118576271a7a2997fbdfae5cb49120c,mcf_drugs_l_raw_fixed,3bgz_3bgz_conf0,1000,985,/mnt/weka/mbedrosian/codex_dir/mcf_drugs_l/generations/casf16_core_mcf_drugs_l_1k/generation/mcf_drugs_l_raw_fixed/3bgz_3bgz_conf0.sdf,5118db65751ec2c0fff7720a5b1b5d89440d5d0a34365be20d20f668abdcd2d6,0
76a41834cfed4e7f7e13b092dc92dd3c83be0eb35f223dc040264e2c40573529,mcf_drugs_l_raw_fixed,3cj4_3cj4_conf0,1000,850,/mnt/weka/mbedrosian/codex_dir/mcf_drugs_l/generations/casf16_core_mcf_drugs_l_1k/generation/mcf_drugs_l_raw_fixed/3cj4_3cj4_conf0.sdf,4f62ca4a764a7ca0e5692acbf0fd7d38454b44249fe33f17d36ca8d7f0b9c7ad,0
6ccaf25a07ba0d18b9c40c1324d076359040e3a565362b1ad8a907fa0e28d560,mcf_drugs_l_raw_fixed,3dd0_3dd0_conf0,1000,1000,/mnt/weka/mbedrosian/codex_dir/mcf_drugs_l/generations/casf16_core_mcf_drugs_l_1k/generation/mcf_drugs_l_raw_fixed/3dd0_3dd0_conf0.sdf,b66ae497e9d506109cc30084878cefbaaed4a9176b585082de2f6d0a30b78bde,0
a9a5e0b494ee70230c043d3516c79a90da6ead7746ab77eb8226b4e3a0e74214,mcf_drugs_l_raw_fixed,3e92_3e92_conf0,1000,1000,/mnt/weka/mbedrosian/codex_dir/mcf_drugs_l/generations/casf16_core_mcf_drugs_l_1k/generation/mcf_drugs_l_raw_fixed/3e92_3e92_conf0.sdf,5ab67fa4cf0f4c3664d476eb1b856de3024ae5890bea05106e9113b4b1e5ccb1,0
a423eb871c25d9f0e4db406214af986f7d0e53c4d099848eee5b473d1b2f9ad7,mcf_drugs_l_raw_fixed,3e93_3e93_conf0,1000,267,/mnt/weka/mbedrosian/codex_dir/mcf_drugs_l/generations/casf16_core_mcf_drugs_l_1k/generation/mcf_drugs_l_raw_fixed/3e93_3e93_conf0.sdf,6fdcd310482f59439cd123356d8c90e3303507fd60d6a502a634bdd792358e3a,0
ded2e2b3738e8149da7d2310e6749fb73df021e5a4cfb618273c57d8e30411ab,mcf_drugs_l_raw_fixed,3ehy_3ehy_conf0,1000,490,/mnt/weka/mbedrosian/codex_dir/mcf_drugs_l/generations/casf16_core_mcf_drugs_l_1k/generation/mcf_drugs_l_raw_fixed/3ehy_3ehy_conf0.sdf,a1167cf2d7f2c12d962f0625b275a7f1926fd0a051e42dfa7d5b5ef18a1320ea,0
e11c2e4f2bd5c917113f547bf0d6431bc593335819013b43cf88bec1aa0209c5,mcf_drugs_l_raw_fixed,3fcq_3fcq_conf0,1000,930,/mnt/weka/mbedrosian/codex_dir/mcf_drugs_l/generations/casf16_core_mcf_drugs_l_1k/generation/mcf_drugs_l_raw_fixed/3fcq_3fcq_conf0.sdf,1dd8c13d47b3e91dbf2051fc025fe1dac005fe543c1203df920c8fdecd8d056b,0
e50909cc56b5f88e35930e07eaf58ba7d0bbde696621c00e0eabbc3bfd35472e,mcf_drugs_l_raw_fixed,3fur_3fur_conf0,1000,1000,/mnt/weka/mbedrosian/codex_dir/mcf_drugs_l/generations/casf16_core_mcf_drugs_l_1k/generation/mcf_drugs_l_raw_fixed/3fur_3fur_conf0.sdf,513a454c0fcf68821d8245b78f0f83d768c01f1592a2f4e51d738a58a9aaa131,0
05ff4959ccea613d80319704c81d752ad41b1e4626af467827ef7c452d60870c,mcf_drugs_l_raw_fixed,3g2z_3g2z_conf0,1000,1000,/mnt/weka/mbedrosian/codex_dir/mcf_drugs_l/generations/casf16_core_mcf_drugs_l_1k/generation/mcf_drugs_l_raw_fixed/3g2z_3g2z_conf0.sdf,e2ea98f7792ed132071ebb829c2323bcbc7d413979157223fb3009f09ff754f5,0
a1dae5d6091374d6de9d4bcb5b69254150c0b7768be1e80cf1f12f5e51ddcb14,mcf_drugs_l_raw_fixed,3g31_3g31_conf0,1000,0,/mnt/weka/mbedrosian/codex_dir/mcf_drugs_l/generations/casf16_core_mcf_drugs_l_1k/generation/mcf_drugs_l_raw_fixed/3g31_3g31_conf0.sdf,e3b0c44298fc1c149afbf4c8996fb92427ae41e4649b934ca495991b7852b855,0
35c9d71d32bc2ebe59552b716c065e0a9cae5da48ac055ec37707e881648e5f8,mcf_drugs_l_raw_fixed,3gy4_3gy4_conf0,1000,1000,/mnt/weka/mbedrosian/codex_dir/mcf_drugs_l/generations/casf16_core_mcf_drugs_l_1k/generation/mcf_drugs_l_raw_fixed/3gy4_3gy4_conf0.sdf,1437d44eb69ba6329e58f42ab696f7984ed7533bbf259b651960f2e13c9dd40a,0
ead86b8d77126bff5fddf43f549cda7dea0bce8cf18f18f6e7414c0ca4021914,mcf_drugs_l_raw_fixed,3jvs_3jvs_conf0,1000,620,/mnt/weka/mbedrosian/codex_dir/mcf_drugs_l/generations/casf16_core_mcf_drugs_l_1k/generation/mcf_drugs_l_raw_fixed/3jvs_3jvs_conf0.sdf,9099e80822b8c621e55533c0b4ed1337a4e3fbf2af78905f7b6fe9f6dd43b186,0
368de56436cc5ec0c1c875d1818060f4e5eacf02ad4830e71bb1957ac058e2e3,mcf_drugs_l_raw_fixed,3k5v_3k5v_conf0,1000,1000,/mnt/weka/mbedrosian/codex_dir/mcf_drugs_l/generations/casf16_core_mcf_drugs_l_1k/generation/mcf_drugs_l_raw_fixed/3k5v_3k5v_conf0.sdf,ab106009cb7012da4fb327742206f7fe142baa6f0d48adba68239869df274345,0
f2b728b512d6d99dc4acf47640cdca362555a8a4aa566780aebaf95be077954a,mcf_drugs_l_raw_fixed,3kgp_3kgp_conf0,1000,940,/mnt/weka/mbedrosian/codex_dir/mcf_drugs_l/generations/casf16_core_mcf_drugs_l_1k/generation/mcf_drugs_l_raw_fixed/3kgp_3kgp_conf0.sdf,2ffef451351f5b68cebb3d60b557845fcb3decfa3bd851b84f24e541e2a6cc25,0
3492bfaa2c9d356ba6aa95d99aaf59eef41a9b2e082a1b7874bd6ef8c6c439f9,mcf_drugs_l_raw_fixed,3lka_3lka_conf0,1000,1000,/mnt/weka/mbedrosian/codex_dir/mcf_drugs_l/generations/casf16_core_mcf_drugs_l_1k/generation/mcf_drugs_l_raw_fixed/3lka_3lka_conf0.sdf,4babcbe6c47df6712485a013534c2ff74ee17753396c61f33d57621f16fc4718,0
8adbc5d7143216c898a01c18fe9903c3897dd5ab5381b0ab373bb82d6e316351,mcf_drugs_l_raw_fixed,3nx7_3nx7_conf0,1000,1000,/mnt/weka/mbedrosian/codex_dir/mcf_drugs_l/generations/casf16_core_mcf_drugs_l_1k/generation/mcf_drugs_l_raw_fixed/3nx7_3nx7_conf0.sdf,f7d87d32f6945f3ee01ac75b1952521a18dedfd274cea39b85a09b8214f673db,0
ce780595f27750f52dc05d4ce12b1e5fddb8d594eb8c7391c43ad52f4a8fc3de,mcf_drugs_l_raw_fixed,3pxf_3pxf_conf0,1000,996,/mnt/weka/mbedrosian/codex_dir/mcf_drugs_l/generations/casf16_core_mcf_drugs_l_1k/generation/mcf_drugs_l_raw_fixed/3pxf_3pxf_conf0.sdf,0c4f1e6da5321def0ffceb6a4edd937e362f2dd6e90c1687f722a7665fe609f0,0
6b9cf135d80ac2a2bc0396560dea984318fe9f41bc928869557dbf3f645fc12d,mcf_drugs_l_raw_fixed,3qqs_3qqs_conf0,1000,988,/mnt/weka/mbedrosian/codex_dir/mcf_drugs_l/generations/casf16_core_mcf_drugs_l_1k/generation/mcf_drugs_l_raw_fixed/3qqs_3qqs_conf0.sdf,929dc5240fcbff4b025ec2d39982c60f354458818d8736f181feb7b50565af07,0
b48d6a1d2a9245aadd5305dfbd89359a93adca9a8a6c31441a75eafd3f15f838,mcf_drugs_l_raw_fixed,3rlr_3rlr_conf0,1000,1000,/mnt/weka/mbedrosian/codex_dir/mcf_drugs_l/generations/casf16_core_mcf_drugs_l_1k/generation/mcf_drugs_l_raw_fixed/3rlr_3rlr_conf0.sdf,0ca95e240490115b892a4d268eea9f0438544941f92da9e248232e754af96c59,0
56c496092d9e056580c6ce7f3bb519fa7a42bf4c1b7472a2af0231610c3b27fe,mcf_drugs_l_raw_fixed,3rsx_3rsx_conf0,1000,1000,/mnt/weka/mbedrosian/codex_dir/mcf_drugs_l/generations/casf16_core_mcf_drugs_l_1k/generation/mcf_drugs_l_raw_fixed/3rsx_3rsx_conf0.sdf,89baa84a2f59d47e46ac8e9c73d278d04f77f4b1daa05b05c46eb26dc8acee16,0
a148fd1653807612b9e2e2a815aaef2411235f94f7d5aeda1ba8a65abdadf8d9,mcf_drugs_l_raw_fixed,3ryj_3ryj_conf0,1000,1000,/mnt/weka/mbedrosian/codex_dir/mcf_drugs_l/generations/casf16_core_mcf_drugs_l_1k/generation/mcf_drugs_l_raw_fixed/3ryj_3ryj_conf0.sdf,671abf4b7828f0fc248772231ab335a06ec09e125157f133d027cf42444a1bcd,0
a574f683f786d333078beb4db7515daa9f97f5d29a666a2a506e0c00cabb3678,mcf_drugs_l_raw_fixed,3syr_3syr_conf0,1000,111,/mnt/weka/mbedrosian/codex_dir/mcf_drugs_l/generations/casf16_core_mcf_drugs_l_1k/generation/mcf_drugs_l_raw_fixed/3syr_3syr_conf0.sdf,e3cb502b87e4e37a3a5c0bae62d26362b7195392d4ff2d9cb0ddc134b51e47a6,0
fbed8f1fc10248f3ff3c9b798a3a24e39274bb055584da422b61bb83b8a70bf7,mcf_drugs_l_raw_fixed,3twp_3twp_conf0,1000,997,/mnt/weka/mbedrosian/codex_dir/mcf_drugs_l/generations/casf16_core_mcf_drugs_l_1k/generation/mcf_drugs_l_raw_fixed/3twp_3twp_conf0.sdf,9f26e19dda0af83d5f66bfcc97a2569a0129794eee11c5008a1630c265200429,0
28d22a854b9684f0982c6135ec8af5fe82c430131d0a8f0841c87a39bf707a96,mcf_drugs_l_raw_fixed,3u5j_3u5j_conf0,1000,999,/mnt/weka/mbedrosian/codex_dir/mcf_drugs_l/generations/casf16_core_mcf_drugs_l_1k/generation/mcf_drugs_l_raw_fixed/3u5j_3u5j_conf0.sdf,f7ed2d8c72cd8a3bc576b4823b08ad9876fbb65cd4334e1c9efa3477b75690d8,0
2434dbb14af92a4f574f144a13d514f4ac0df2ea5e69cb787f837b3692e6fe51,mcf_drugs_l_raw_fixed,3u8n_3u8n_conf0,1000,999,/mnt/weka/mbedrosian/codex_dir/mcf_drugs_l/generations/casf16_core_mcf_drugs_l_1k/generation/mcf_drugs_l_raw_fixed/3u8n_3u8n_conf0.sdf,2efd6012d827b713daef94d688d83fed5c4406ae6af2be575790ed56ff3876fe,0
65c0ad0e8ef77a4cb900c851163390f877f846aea51bd630aa9dca996e942148,mcf_drugs_l_raw_fixed,3uo4_3uo4_conf0,1000,998,/mnt/weka/mbedrosian/codex_dir/mcf_drugs_l/generations/casf16_core_mcf_drugs_l_1k/generation/mcf_drugs_l_raw_fixed/3uo4_3uo4_conf0.sdf,472ff5b48ae1bf5804685c478d498b3b09d0a08e54d476947580cde284277579,0
d7856309bec4f0f91e03f69342e0a3fc4115d1545a705f4e29d19dfe3a36ecaa,mcf_drugs_l_raw_fixed,3up2_3up2_conf0,1000,999,/mnt/weka/mbedrosian/codex_dir/mcf_drugs_l/generations/casf16_core_mcf_drugs_l_1k/generation/mcf_drugs_l_raw_fixed/3up2_3up2_conf0.sdf,75c315cf5dec15e15bda6f2ada3857beaf2dd6aa4c2b3cb7dd441718a83ba585,0
9ee3c7ab4342c0b677e19a07df85fe7ef82870d60552896c021145fe5af90ec1,mcf_drugs_l_raw_fixed,3wtj_3wtj_conf0,1000,827,/mnt/weka/mbedrosian/codex_dir/mcf_drugs_l/generations/casf16_core_mcf_drugs_l_1k/generation/mcf_drugs_l_raw_fixed/3wtj_3wtj_conf0.sdf,b6d20f1e074d324310fde2ed9299114d1700a7133b4d9c047f268e9b69257dd5,0
5566616d7dff3b8475f7881e929bf6df1bdf7e0f3499845d04ff7589872e7348,mcf_drugs_l_raw_fixed,3zdg_3zdg_conf0,1000,514,/mnt/weka/mbedrosian/codex_dir/mcf_drugs_l/generations/casf16_core_mcf_drugs_l_1k/generation/mcf_drugs_l_raw_fixed/3zdg_3zdg_conf0.sdf,e8b69db06d2601613352589178f69b94fb583c7c42f69d8dfb11c0535d36fc09,0
9392f979cb0172516f683d268625dc6d1df9321b542fc8aba449187e1b60ce19,mcf_drugs_l_raw_fixed,4ddh_4ddh_conf0,1000,1000,/mnt/weka/mbedrosian/codex_dir/mcf_drugs_l/generations/casf16_core_mcf_drugs_l_1k/generation/mcf_drugs_l_raw_fixed/4ddh_4ddh_conf0.sdf,fca53ad6a22c03eb479546f7302f12db0e1ec95bd28ef836a7013675c2eac2d3,0
d59c7dc43fad6f794ee31f7a2981d7234fb473563467c7b254717c2858b42421,mcf_drugs_l_raw_fixed,4ddk_4ddk_conf0,1000,1000,/mnt/weka/mbedrosian/codex_dir/mcf_drugs_l/generations/casf16_core_mcf_drugs_l_1k/generation/mcf_drugs_l_raw_fixed/4ddk_4ddk_conf0.sdf,47652887fd6ffa164b5ee11470a8136e7e9a77b572d3d5bfaa0631d8c3f62237,0
9afc4c3cf9eeb21a956dff292dea50d6114b693ba3ca8f36031f9c2107272171,mcf_drugs_l_raw_fixed,4eor_4eor_conf0,1000,999,/mnt/weka/mbedrosian/codex_dir/mcf_drugs_l/generations/casf16_core_mcf_drugs_l_1k/generation/mcf_drugs_l_raw_fixed/4eor_4eor_conf0.sdf,8e873a5d46e298650585d0ad8142f5f56ab276a3609564ffaaafa1e523917627,0
8735d0df3134db807de0e1bb09479f5cb6cd7947f83af5462409b0eaaaa556b1,mcf_drugs_l_raw_fixed,4f09_4f09_conf0,1000,1000,/mnt/weka/mbedrosian/codex_dir/mcf_drugs_l/generations/casf16_core_mcf_drugs_l_1k/generation/mcf_drugs_l_raw_fixed/4f09_4f09_conf0.sdf,2a961c721d4778820bfb2f0ab587c4e98645e65881469203d9e1f1a287cdcea4,0
d8faf9fffe1c10f4aba9e71f683ea3c91641cf4e180354e88b1e784f8140d6e1,mcf_drugs_l_raw_fixed,4f2w_4f2w_conf0,1000,249,/mnt/weka/mbedrosian/codex_dir/mcf_drugs_l/generations/casf16_core_mcf_drugs_l_1k/generation/mcf_drugs_l_raw_fixed/4f2w_4f2w_conf0.sdf,1e8f139962a4579710c33a8e6f9f5d7d33d7b816f657cd67450d794849b03ac6,0
348799075dc5fde0dd6d53d479f8ea88753e739ad07917a880310079e2b4c2c2,mcf_drugs_l_raw_fixed,4f9w_4f9w_conf0,1000,1000,/mnt/weka/mbedrosian/codex_dir/mcf_drugs_l/generations/casf16_core_mcf_drugs_l_1k/generation/mcf_drugs_l_raw_fixed/4f9w_4f9w_conf0.sdf,4cdbd4057bd5b147684b3e41e414114a14e0e16163caaa6e5f767bba987c2c61,0
433acfbbaacb63134add6d0c5271d05cd8a3f42b418855ec3f49dc27372f4015,mcf_drugs_l_raw_fixed,4hge_4hge_conf0,1000,562,/mnt/weka/mbedrosian/codex_dir/mcf_drugs_l/generations/casf16_core_mcf_drugs_l_1k/generation/mcf_drugs_l_raw_fixed/4hge_4hge_conf0.sdf,831a57c58652177906ca664f4ab0d38c05b62801a5396067972b788f7b0a6016,0
b1947dcf3caa3fa3f847e2f89b762aebcf2477e50394efc961485c86c258b391,mcf_drugs_l_raw_fixed,4j21_4j21_conf0,1000,1000,/mnt/weka/mbedrosian/codex_dir/mcf_drugs_l/generations/casf16_core_mcf_drugs_l_1k/generation/mcf_drugs_l_raw_fixed/4j21_4j21_conf0.sdf,a43171de5fb479babe076edb116974b6a92ab6bd65134f35be22a4d98e488093,0
49ec028c2e86173870ff267939e274dd5dc8b762deff10cd99b0c37b331be060,mcf_drugs_l_raw_fixed,4j3l_4j3l_conf0,1000,1000,/mnt/weka/mbedrosian/codex_dir/mcf_drugs_l/generations/casf16_core_mcf_drugs_l_1k/generation/mcf_drugs_l_raw_fixed/4j3l_4j3l_conf0.sdf,61563d90f854ce81f23d21dac946224ce742db1f52ce7f92042a90c343417cf2,0
f94ecacc752db7b3ba64a3e9d58e0e4b12cfb747a1153c5803860338aa8b4355,mcf_drugs_l_raw_fixed,4jsz_4jsz_conf0,1000,1000,/mnt/weka/mbedrosian/codex_dir/mcf_drugs_l/generations/casf16_core_mcf_drugs_l_1k/generation/mcf_drugs_l_raw_fixed/4jsz_4jsz_conf0.sdf,aa705dbff175b9bbd8b9dd997c830f7b5ab0261c196c5c862a2f10d041ac4721,0
dc6cdace6a26c571c90c876795e787aae70894929a78528cb68267199e8cde90,mcf_drugs_l_raw_fixed,4jxs_4jxs_conf0,1000,999,/mnt/weka/mbedrosian/codex_dir/mcf_drugs_l/generations/casf16_core_mcf_drugs_l_1k/generation/mcf_drugs_l_raw_fixed/4jxs_4jxs_conf0.sdf,b769b04938f2e569c045926b627f0f4579d830a397af50ae9b01125390aa2084,0
0b1dd8564c5a0bbbdccfd052397656b6e7566d5df6f9b066934709a590adf4b1,mcf_drugs_l_raw_fixed,4k18_4k18_conf0,1000,997,/mnt/weka/mbedrosian/codex_dir/mcf_drugs_l/generations/casf16_core_mcf_drugs_l_1k/generation/mcf_drugs_l_raw_fixed/4k18_4k18_conf0.sdf,9b7a98e5be711a847fe0b7e775fa2aaea59fc9bd27cbd7fde17202b9af35f7fc,0
cfd1eaedb9db5f9c0616306fe46edfa563c0be155f8bad9562beec0d7392eaac,mcf_drugs_l_raw_fixed,4k77_4k77_conf0,1000,1000,/mnt/weka/mbedrosian/codex_dir/mcf_drugs_l/generations/casf16_core_mcf_drugs_l_1k/generation/mcf_drugs_l_raw_fixed/4k77_4k77_conf0.sdf,b9422c68f7881fbd967b91329a65e55239c524c34193659aa8c3599f11528156,0
4687e1ba52bbe24d877dfa86ddadc25dea9d246d26d955f17d5ad510fcdf28c2,mcf_drugs_l_raw_fixed,4kzq_4kzq_conf0,1000,1000,/mnt/weka/mbedrosian/codex_dir/mcf_drugs_l/generations/casf16_core_mcf_drugs_l_1k/generation/mcf_drugs_l_raw_fixed/4kzq_4kzq_conf0.sdf,f75389de23707b1ba9dda365daac37b4e1b883cc1753f2b6fb834e700a65e195,0
d01a79a36a2ade1d08c14569ff2a0affef7f279f2d9fe02bcf6577356837bd84,mcf_drugs_l_raw_fixed,4kzu_4kzu_conf0,1000,1000,/mnt/weka/mbedrosian/codex_dir/mcf_drugs_l/generations/casf16_core_mcf_drugs_l_1k/generation/mcf_drugs_l_raw_fixed/4kzu_4kzu_conf0.sdf,50e8245d437e14025cc63f84181ec170c8c4debb2c24b4399c8f7a14403e1599,0
3715f2678fe2a5f3f0a13c1d9c1f9cee12ad5addf82e63af7e7ffeca4f34ec5b,mcf_drugs_l_raw_fixed,4llx_4llx_conf0,1000,1000,/mnt/weka/mbedrosian/codex_dir/mcf_drugs_l/generations/casf16_core_mcf_drugs_l_1k/generation/mcf_drugs_l_raw_fixed/4llx_4llx_conf0.sdf,1adf0263b1ded6568e6d34c1deca7e296b617b71578eb53ee25d7782c5650bc6,0
49f712dfd64379b745ad36242fe293f30cf89ad4cb10f1a77e8ef63936746a9f,mcf_drugs_l_raw_fixed,4lzs_4lzs_conf0,1000,992,/mnt/weka/mbedrosian/codex_dir/mcf_drugs_l/generations/casf16_core_mcf_drugs_l_1k/generation/mcf_drugs_l_raw_fixed/4lzs_4lzs_conf0.sdf,1ae9e5899ea648871caa29634970235f11cb0bc5ce8659af025726826aaf1ff4,0
acfebb56cd315a24fa3d137fb1f4f4d7ad4f9876384fce94e21d1df78696010a,mcf_drugs_l_raw_fixed,4mgd_4mgd_conf0,1000,1000,/mnt/weka/mbedrosian/codex_dir/mcf_drugs_l/generations/casf16_core_mcf_drugs_l_1k/generation/mcf_drugs_l_raw_fixed/4mgd_4mgd_conf0.sdf,a390abc929344a4b3ff1cfe246580353a879c2ea671a88865f0bdc0c5c789520,0
0115dd397b47ec7c1def3ec8ceec853a4bdfa7002cd619d8f6ce2059a580bf73,mcf_drugs_l_raw_fixed,4ogj_4ogj_conf0,1000,999,/mnt/weka/mbedrosian/codex_dir/mcf_drugs_l/generations/casf16_core_mcf_drugs_l_1k/generation/mcf_drugs_l_raw_fixed/4ogj_4ogj_conf0.sdf,a9525d7dce547ad2ecf8bb9e1513225e1af21da8a71d935fc2dbd115d9af0e59,0
ebf18fd9d39ba04ae09e475876d362bce181f4e31fcf53eb6c2246af83a97e8c,mcf_drugs_l_raw_fixed,5c28_5c28_conf0,1000,997,/mnt/weka/mbedrosian/codex_dir/mcf_drugs_l/generations/casf16_core_mcf_drugs_l_1k/generation/mcf_drugs_l_raw_fixed/5c28_5c28_conf0.sdf,45331fc5098454dae006b1f07ac0bf44761a17de9f93d56a9c9962742b4da36c,0
e1830ec9b98aa1526a9fb167c5dd8a397ac1ff05c84c7494d9f42e9c71db96a1,mcf_drugs_l_raw_fixed,5c2h_5c2h_conf0,1000,980,/mnt/weka/mbedrosian/codex_dir/mcf_drugs_l/generations/casf16_core_mcf_drugs_l_1k/generation/mcf_drugs_l_raw_fixed/5c2h_5c2h_conf0.sdf,c2752e0106ac04411e1227df8d4db84c81cf59ec81910a0e78535981a5ea552c,0
3a238bf97aa9451e86490c8abb124a0ae520028a7fdd298913d0a940c0aa9c3b,nextmol_dmt_l_raw_fixed,1bcu_1bcu_conf0,1000,1000,/mnt/weka/mbedrosian/codex_dir/nextmol_dmt_l/generations/casf16_core_nextmol_dmt_l_1k/generation/nextmol_dmt_l_raw_fixed/1bcu_1bcu_conf0.sdf,c6a222136ebb8ea909336b34824fb717bb1cb298badc638844c3031c1746a8bd,0
d143f432190d2fea58480afe6869ef555e8a6d09d68b01ef081878f6183758af,nextmol_dmt_l_raw_fixed,1c5z_1c5z_conf0,1000,1000,/mnt/weka/mbedrosian/codex_dir/nextmol_dmt_l/generations/casf16_core_nextmol_dmt_l_1k/generation/nextmol_dmt_l_raw_fixed/1c5z_1c5z_conf0.sdf,79dd0de92800dbe3763ad74f7eef78a65a75dc9a119ed4b078600777cee15be8,0
1cee9f5fb05c8374069636dcd350d748345a2d66b861191cd30ae692c893246c,nextmol_dmt_l_raw_fixed,1lpg_1lpg_conf0,1000,999,/mnt/weka/mbedrosian/codex_dir/nextmol_dmt_l/generations/casf16_core_nextmol_dmt_l_1k/generation/nextmol_dmt_l_raw_fixed/1lpg_1lpg_conf0.sdf,a997ebee0e1c8b1e459db2c803cdd7905c3d5a6472f865f582343a392e147dcd,0
41c5b438c56cdb4560906b2662de6c63911e1c5bfa8eaf048da679af8d491012,nextmol_dmt_l_raw_fixed,1mq6_1mq6_conf0,1000,973,/mnt/weka/mbedrosian/codex_dir/nextmol_dmt_l/generations/casf16_core_nextmol_dmt_l_1k/generation/nextmol_dmt_l_raw_fixed/1mq6_1mq6_conf0.sdf,a6e235f4386084c296c0120f36a17cb86fe211a4ff20475e591374813aaeb5ab,0
f9508cdaabcfec9b451bb5091a565e6c392cd00ca3d52ccf1eeea1fd38b5c89b,nextmol_dmt_l_raw_fixed,1nc3_1nc3_conf0,1000,381,/mnt/weka/mbedrosian/codex_dir/nextmol_dmt_l/generations/casf16_core_nextmol_dmt_l_1k/generation/nextmol_dmt_l_raw_fixed/1nc3_1nc3_conf0.sdf,bf72981bba2467c4ff8ba0b318e7df715ef5493cbcf0fc1818e15accbcc0dbbf,0
a32a17ccd2d986b394a955e947896ac4e09f9da61539e2423ba72b1604127aeb,nextmol_dmt_l_raw_fixed,1o3f_1o3f_conf0,1000,1000,/mnt/weka/mbedrosian/codex_dir/nextmol_dmt_l/generations/casf16_core_nextmol_dmt_l_1k/generation/nextmol_dmt_l_raw_fixed/1o3f_1o3f_conf0.sdf,11c7a4ca06dbf0a28099d5a8a89a941212392c06787a6c8e5510e8a35761ed87,0
2206ff09c166c2ff0d033f66bfbe467e25183f23d5e0df7435a4ff6764190c33,nextmol_dmt_l_raw_fixed,1o5b_1o5b_conf0,1000,1000,/mnt/weka/mbedrosian/codex_dir/nextmol_dmt_l/generations/casf16_core_nextmol_dmt_l_1k/generation/nextmol_dmt_l_raw_fixed/1o5b_1o5b_conf0.sdf,d8b7f7708af627dca2f47eb530ec6cffd008747caa5ad1876b1f583bbcd04b29,0
f31380c48d7c841b3eea842a179cd9e219950c02da196d5fc96572af9284fe0d,nextmol_dmt_l_raw_fixed,1owh_1owh_conf0,1000,999,/mnt/weka/mbedrosian/codex_dir/nextmol_dmt_l/generations/casf16_core_nextmol_dmt_l_1k/generation/nextmol_dmt_l_raw_fixed/1owh_1owh_conf0.sdf,2f1236c03103c05a437167d16cebd1267060e65d64c3d40861f12276b2f352ed,0
f2136cfc5cda3c4bc2c31070346d44bdab1659f3c26f416a77a29eedfdc95a09,nextmol_dmt_l_raw_fixed,1p1n_1p1n_conf0,1000,436,/mnt/weka/mbedrosian/codex_dir/nextmol_dmt_l/generations/casf16_core_nextmol_dmt_l_1k/generation/nextmol_dmt_l_raw_fixed/1p1n_1p1n_conf0.sdf,a17a82ed8dc252b9eeb8c15560c148ca72d619a56df6dc4e6e01e24fd5c7d9c7,0
9dd808ec82e33f90cb2898c5e444f1d60791f80025052720fe226ff9d1cfa918,nextmol_dmt_l_raw_fixed,1pxn_1pxn_conf0,1000,1000,/mnt/weka/mbedrosian/codex_dir/nextmol_dmt_l/generations/casf16_core_nextmol_dmt_l_1k/generation/nextmol_dmt_l_raw_fixed/1pxn_1pxn_conf0.sdf,d391a4a0956891d2bd0e84382b7fe1a20538c344547b0f46876f75f224075c7a,0
2951d5f63cd683e2092ce1eaae13fc8d44856ac4b5503690af1dfaf8f954f0fa,nextmol_dmt_l_raw_fixed,1sqa_1sqa_conf0,1000,426,/mnt/weka/mbedrosian/codex_dir/nextmol_dmt_l/generations/casf16_core_nextmol_dmt_l_1k/generation/nextmol_dmt_l_raw_fixed/1sqa_1sqa_conf0.sdf,ceddc24e28105891986e8338e86eab24cb7aa2122da1f3ac4278377f0e31ac59,0
5f9f5b50439f77b22c0627133311f4a79a8cdc3db800dccc0af8fb6775789298,nextmol_dmt_l_raw_fixed,1uto_1uto_conf0,1000,1000,/mnt/weka/mbedrosian/codex_dir/nextmol_dmt_l/generations/casf16_core_nextmol_dmt_l_1k/generation/nextmol_dmt_l_raw_fixed/1uto_1uto_conf0.sdf,9b982cc6e0e09640347a513ace0c02edf0ff619db88b08b2242d3ca16fd289de,0
edc937a32c1fc8db31459bdbeb32844f192cfeecfc5b36e705e630dfc5d46c54,nextmol_dmt_l_raw_fixed,1yc1_1yc1_conf0,1000,1000,/mnt/weka/mbedrosian/codex_dir/nextmol_dmt_l/generations/casf16_core_nextmol_dmt_l_1k/generation/nextmol_dmt_l_raw_fixed/1yc1_1yc1_conf0.sdf,069dd8a984b15653bd9c1fdada0387425a4bb0ab871a79006af23bd51ce7daf1,0
09b6df17ef5ad229ac1fc1dffec6f0abb7e318c9fcd8819b7fbaba8b98abf47a,nextmol_dmt_l_raw_fixed,1ydr_1ydr_conf0,1000,506,/mnt/weka/mbedrosian/codex_dir/nextmol_dmt_l/generations/casf16_core_nextmol_dmt_l_1k/generation/nextmol_dmt_l_raw_fixed/1ydr_1ydr_conf0.sdf,37f611bcda9a2baceba0df30ec5bc38b612c53c8e312d6a3c9a2e015790a772c,0
deffdb440b8f1898170e2fd88867fc2cd649fd0c3597407e1404d0e9d5459c1b,nextmol_dmt_l_raw_fixed,1ydt_1ydt_conf0,1000,992,/mnt/weka/mbedrosian/codex_dir/nextmol_dmt_l/generations/casf16_core_nextmol_dmt_l_1k/generation/nextmol_dmt_l_raw_fixed/1ydt_1ydt_conf0.sdf,9b237382c932b5eadfbace7b0f200df54afee00e3b77d8ec4de8d234204750e4,0
cb59d6f0e2f6d9c81ca1c047636c975bf6d424678c129f22f7f2376cb4f85057,nextmol_dmt_l_raw_fixed,1z6e_1z6e_conf0,1000,866,/mnt/weka/mbedrosian/codex_dir/nextmol_dmt_l/generations/casf16_core_nextmol_dmt_l_1k/generation/nextmol_dmt_l_raw_fixed/1z6e_1z6e_conf0.sdf,7be7acd3863f4243712a736f1c092f114372ec0236f94ebe60b052ef340b2455,0
4dfcac6925267be03fd1737b60de7f0939757120b3b7946a0ccac48288e08f76,nextmol_dmt_l_raw_fixed,1z95_1z95_conf0,1000,497,/mnt/weka/mbedrosian/codex_dir/nextmol_dmt_l/generations/casf16_core_nextmol_dmt_l_1k/generation/nextmol_dmt_l_raw_fixed/1z95_1z95_conf0.sdf,7b184aad3e50f4f85a34bac81c6244517acfd35f5a3f3459d583ce219efe5173,0
13dc5696ddf41f2a473f9269b91bfc0e3003117bcee07dee7189fe1c42c95256,nextmol_dmt_l_raw_fixed,1z9g_1z9g_conf0,1000,523,/mnt/weka/mbedrosian/codex_dir/nextmol_dmt_l/generations/casf16_core_nextmol_dmt_l_1k/generation/nextmol_dmt_l_raw_fixed/1z9g_1z9g_conf0.sdf,3463f50282bcaa98c7010b2f5370f578b9c7817e71f523dc6f16cb3e0962f977,0
d361b0577f5e97004816df0a2ff5777d3a7e933bb7a95618bff55366f65145c4,nextmol_dmt_l_raw_fixed,2br1_2br1_conf0,1000,1000,/mnt/weka/mbedrosian/codex_dir/nextmol_dmt_l/generations/casf16_core_nextmol_dmt_l_1k/generation/nextmol_dmt_l_raw_fixed/2br1_2br1_conf0.sdf,9cbad01e5507ebcd4e43b2187803e12644d150fe6956815f6df53c47ff05f00d,0
a44f4a7fede2f961f17b8c80d939986844150e9322c6450dc917b67d3c5ad330,nextmol_dmt_l_raw_fixed,2brb_2brb_conf0,1000,1000,/mnt/weka/mbedrosian/codex_dir/nextmol_dmt_l/generations/casf16_core_nextmol_dmt_l_1k/generation/nextmol_dmt_l_raw_fixed/2brb_2brb_conf0.sdf,01b38026055a845e255e38eeef2d11a15cd2af8dfc9644ef83ef59f6034545c2,0
d30d9eb1127feed51cee4362ab56cbbfe1c1a0b7c7742209b34a97ac6ce74843,nextmol_dmt_l_raw_fixed,2c3i_2c3i_conf0,1000,1000,/mnt/weka/mbedrosian/codex_dir/nextmol_dmt_l/generations/casf16_core_nextmol_dmt_l_1k/generation/nextmol_dmt_l_raw_fixed/2c3i_2c3i_conf0.sdf,b61568aa31c8701b7b69ec3afea77295ff4f9245b21012012976d6b7e36020b2,0
411e9dc1bc883081d2423b43974fdbd9a30732e4fd353ff3436bb84cdc8b400e,nextmol_dmt_l_raw_fixed,2fvd_2fvd_conf0,1000,999,/mnt/weka/mbedrosian/codex_dir/nextmol_dmt_l/generations/casf16_core_nextmol_dmt_l_1k/generation/nextmol_dmt_l_raw_fixed/2fvd_2fvd_conf0.sdf,02440b92732fee5268e9968642840072c237d77e77d6fba58f3836c810354ee1,0
0434535f26c50211a74ccd3d1a0213097a54a3cb4395620c79e6824d1bcf13e0,nextmol_dmt_l_raw_fixed,2hb1_2hb1_conf0,1000,1000,/mnt/weka/mbedrosian/codex_dir/nextmol_dmt_l/generations/casf16_core_nextmol_dmt_l_1k/generation/nextmol_dmt_l_raw_fixed/2hb1_2hb1_conf0.sdf,307350354a924181dcd4f379bd8a72d21ba73f555aff766c95f792f7555d9803,0
b00923737fabcd7ac590cf7d101c66e16c6cf6fe5003a0a9933e5014bb47e4b3,nextmol_dmt_l_raw_fixed,2p4y_2p4y_conf0,1000,513,/mnt/weka/mbedrosian/codex_dir/nextmol_dmt_l/generations/casf16_core_nextmol_dmt_l_1k/generation/nextmol_dmt_l_raw_fixed/2p4y_2p4y_conf0.sdf,99009aba6cf40f8b61c7241fd0eddcd15fe48242f8888faaa1649fa80bfa0fc5,0
811b95174351748668f94344ee38ea43b7d675f99d7e238bc1292dcf175bda29,nextmol_dmt_l_raw_fixed,2pog_2pog_conf0,1000,442,/mnt/weka/mbedrosian/codex_dir/nextmol_dmt_l/generations/casf16_core_nextmol_dmt_l_1k/generation/nextmol_dmt_l_raw_fixed/2pog_2pog_conf0.sdf,a63ff83238a93ae1f4709c8df16ee3916bb87898459817bac51fe943cbd308fb,0
632f9cb7de68c9a60cb5fc2dbb85cc26b60443424223d048710ebb07443dfdb6,nextmol_dmt_l_raw_fixed,2qbp_2qbp_conf0,1000,999,/mnt/weka/mbedrosian/codex_dir/nextmol_dmt_l/generations/casf16_core_nextmol_dmt_l_1k/generation/nextmol_dmt_l_raw_fixed/2qbp_2qbp_conf0.sdf,0fa7b027aeb59b4b047e63e0e81c6592dc2a152db77429282607e2ca5b36e2a4,0
fe8c4c314833184f23606a150e09dc358caa44aa865a1f0a1d58b57e6360d06b,nextmol_dmt_l_raw_fixed,2qbq_2qbq_conf0,1000,1000,/mnt/weka/mbedrosian/codex_dir/nextmol_dmt_l/generations/casf16_core_nextmol_dmt_l_1k/generation/nextmol_dmt_l_raw_fixed/2qbq_2qbq_conf0.sdf,d6a177a059c2ec02568acdd08fd8dad4453152ba1b720521ae3843963b2ca520,0
02813b63435cf1da6ff3b2546b049d5c4ff36c409f44f7ba51ea04ab11d0c8c1,nextmol_dmt_l_raw_fixed,2qbr_2qbr_conf0,1000,1000,/mnt/weka/mbedrosian/codex_dir/nextmol_dmt_l/generations/casf16_core_nextmol_dmt_l_1k/generation/nextmol_dmt_l_raw_fixed/2qbr_2qbr_conf0.sdf,0ae2f6645af7f5a1e8657edd8aab82a7bf30e0b0e6d32fd37f04e54cc170aaa7,0
0ab791d865f827fa09f0e1848af3499a7e1bf3ed5422eea010c4295c23f412d4,nextmol_dmt_l_raw_fixed,2v00_2v00_conf0,1000,1000,/mnt/weka/mbedrosian/codex_dir/nextmol_dmt_l/generations/casf16_core_nextmol_dmt_l_1k/generation/nextmol_dmt_l_raw_fixed/2v00_2v00_conf0.sdf,6d48e45e531f3877b18ca98cc33749e895d397a3723f3169a63823b4199aa3de,0
96a3deb024a24010e77e7ac0c4587e37cc769f74313fd6ecb7015323a715b626,nextmol_dmt_l_raw_fixed,2wn9_2wn9_conf0,1000,1000,/mnt/weka/mbedrosian/codex_dir/nextmol_dmt_l/generations/casf16_core_nextmol_dmt_l_1k/generation/nextmol_dmt_l_raw_fixed/2wn9_2wn9_conf0.sdf,b3e8091e2ce88a25a8fe94e747d23308dd4aca789e3b124890534f7d51939726,0
4c411cd06804630f56abdbd1098f52a1c4fc5bd64e8ffc5623477b0df3b2ef53,nextmol_dmt_l_raw_fixed,2wtv_2wtv_conf0,1000,999,/mnt/weka/mbedrosian/codex_dir/nextmol_dmt_l/generations/casf16_core_nextmol_dmt_l_1k/generation/nextmol_dmt_l_raw_fixed/2wtv_2wtv_conf0.sdf,a42bda461c343f6949589f03c58e5450f9b2965de50166a69f19b0e01ff4e70e,0
bd94483c612fde180b0a5ea5da1b0cf80d5c5ad9123f91118085aec7fa86eacd,nextmol_dmt_l_raw_fixed,2xdl_2xdl_conf0,1000,1000,/mnt/weka/mbedrosian/codex_dir/nextmol_dmt_l/generations/casf16_core_nextmol_dmt_l_1k/generation/nextmol_dmt_l_raw_fixed/2xdl_2xdl_conf0.sdf,d07b00e68b1d64a91c879b55a0d2420c69642de0bba4b3437f6e94a870f214a9,0
47cafc1979df037c55ac6b252a26c8c765265c4677b3c2f611ed91c642d1d272,nextmol_dmt_l_raw_fixed,2xnb_2xnb_conf0,1000,1000,/mnt/weka/mbedrosian/codex_dir/nextmol_dmt_l/generations/casf16_core_nextmol_dmt_l_1k/generation/nextmol_dmt_l_raw_fixed/2xnb_2xnb_conf0.sdf,1de8173357e93f0c2e5a85d364868a894cb8dabab3d13b1704d057e04cd9b2f7,0
957f3de1801df2599815994c811d9678d6479ec06f7efb33c55521211b2cef26,nextmol_dmt_l_raw_fixed,2yfe_2yfe_conf0,1000,999,/mnt/weka/mbedrosian/codex_dir/nextmol_dmt_l/generations/casf16_core_nextmol_dmt_l_1k/generation/nextmol_dmt_l_raw_fixed/2yfe_2yfe_conf0.sdf,59ff6f5622740bcf821c7544e1c4c39d9e950ceded3357facb723560e1899c1f,0
86e7273e806d2d1fb77029c2d1ada0fa59f2d630284098a02a12887aade17f14,nextmol_dmt_l_raw_fixed,2ymd_2ymd_conf0,1000,1000,/mnt/weka/mbedrosian/codex_dir/nextmol_dmt_l/generations/casf16_core_nextmol_dmt_l_1k/generation/nextmol_dmt_l_raw_fixed/2ymd_2ymd_conf0.sdf,d1d64d6c22746ed6c6740f0baafb37c11a4d54f02e7c47ea6ef4b9b64b11465c,0
50de724a953dcc0d61e6efa3892077e8e76e00d514d1449af0cb325f95629956,nextmol_dmt_l_raw_fixed,2zb1_2zb1_conf0,1000,1000,/mnt/weka/mbedrosian/codex_dir/nextmol_dmt_l/generations/casf16_core_nextmol_dmt_l_1k/generation/nextmol_dmt_l_raw_fixed/2zb1_2zb1_conf0.sdf,027ef1a7af8a531ffe8d5e0be7b93018ba9d4a456993d6cf8248c66213130fb1,0
69cdb1fef443d5f49b9a4144733baba849ee6d9708269112910968a0317ed2d6,nextmol_dmt_l_raw_fixed,2zcq_2zcq_conf0,1000,512,/mnt/weka/mbedrosian/codex_dir/nextmol_dmt_l/generations/casf16_core_nextmol_dmt_l_1k/generation/nextmol_dmt_l_raw_fixed/2zcq_2zcq_conf0.sdf,f026d631d8a9419b225371b44db0d7453bd25e735e40b9dfe670320471fc641a,0
ca2cb0bebaafc23c1514f70cc1f1266798e135ed4c2daa236ca8b7717a257cb0,nextmol_dmt_l_raw_fixed,2zcr_2zcr_conf0,1000,479,/mnt/weka/mbedrosian/codex_dir/nextmol_dmt_l/generations/casf16_core_nextmol_dmt_l_1k/generation/nextmol_dmt_l_raw_fixed/2zcr_2zcr_conf0.sdf,78a46a850f471685e73df0b29d26abb2a10e8d3fd33680457d40ec65db4fb187,0
198f14ba1da62f6b65251415905c478f51565637c63a3eb835029353a3dba1fd,nextmol_dmt_l_raw_fixed,2zy1_2zy1_conf0,1000,1000,/mnt/weka/mbedrosian/codex_dir/nextmol_dmt_l/generations/casf16_core_nextmol_dmt_l_1k/generation/nextmol_dmt_l_raw_fixed/2zy1_2zy1_conf0.sdf,32687f702cad710c3d8b0ef81bf41506532129ebe0bb1602852335d6c14cbc8a,0
1c22dd6b70e3e90992813b919ed419fa0023369b80015bc6f6a1284f806510a2,nextmol_dmt_l_raw_fixed,3aru_3aru_conf0,1000,1000,/mnt/weka/mbedrosian/codex_dir/nextmol_dmt_l/generations/casf16_core_nextmol_dmt_l_1k/generation/nextmol_dmt_l_raw_fixed/3aru_3aru_conf0.sdf,745c70952ccab5b82221b7d609d4f9552c683f4044a2eee9aeaa91b58a9ce7ba,0
e0e8d61728223b8a95dc8e2d029d479d6f10fad47d862ed87cb3d246b9ea1144,nextmol_dmt_l_raw_fixed,3ary_3ary_conf0,1000,1000,/mnt/weka/mbedrosian/codex_dir/nextmol_dmt_l/generations/casf16_core_nextmol_dmt_l_1k/generation/nextmol_dmt_l_raw_fixed/3ary_3ary_conf0.sdf,5bec35768dfc8369f2c5dcd87a96e33a56e8e7eaebdfe4bb5dff1a63da5799c5,0
fd879bc1ab999cfa1f183fd7909cce275efd3b55ae0e3097932ea0f81d60e7ae,nextmol_dmt_l_raw_fixed,3b27_3b27_conf0,1000,1000,/mnt/weka/mbedrosian/codex_dir/nextmol_dmt_l/generations/casf16_core_nextmol_dmt_l_1k/generation/nextmol_dmt_l_raw_fixed/3b27_3b27_conf0.sdf,f51b2962a4af867251e12873b4c31dc55afb8ae7bcdc5da0a51529edd10e06a0,0
06d5d578f7be368c6e55412bfcf1b4c5b0e40029d47afa80b47f1d3777072485,nextmol_dmt_l_raw_fixed,3b5r_3b5r_conf0,1000,496,/mnt/weka/mbedrosian/codex_dir/nextmol_dmt_l/generations/casf16_core_nextmol_dmt_l_1k/generation/nextmol_dmt_l_raw_fixed/3b5r_3b5r_conf0.sdf,eba5bd5754334534e1d4f5de096ec08773e3b755273617fc31ea8418d2dd66f8,0
7a6f1586d3df3d04fe9966d644d68f1dfe961c33963bd5c629d5b912fb1199ee,nextmol_dmt_l_raw_fixed,3b65_3b65_conf0,1000,497,/mnt/weka/mbedrosian/codex_dir/nextmol_dmt_l/generations/casf16_core_nextmol_dmt_l_1k/generation/nextmol_dmt_l_raw_fixed/3b65_3b65_conf0.sdf,64f9a12e2483824790f926a72da0dd5997ddf6ee5796efed48e1cb4f96ed265e,0
e188237d46c323fa1cafe23d5aa1b543929752f7ec1f4e4963c30e8684217f5a,nextmol_dmt_l_raw_fixed,3bgz_3bgz_conf0,1000,1000,/mnt/weka/mbedrosian/codex_dir/nextmol_dmt_l/generations/casf16_core_nextmol_dmt_l_1k/generation/nextmol_dmt_l_raw_fixed/3bgz_3bgz_conf0.sdf,df4ae2fe471db5d17a4fd0d052c571c67df4351cab7f0d9e08083a38e407bb3f,0
700b018e6e398e9085ce5190f1115476999d4c8ccfc14aa5dabb160d64de4657,nextmol_dmt_l_raw_fixed,3cj4_3cj4_conf0,1000,827,/mnt/weka/mbedrosian/codex_dir/nextmol_dmt_l/generations/casf16_core_nextmol_dmt_l_1k/generation/nextmol_dmt_l_raw_fixed/3cj4_3cj4_conf0.sdf,9cc44abc479c71a681cb9cc5056265a2a0f4604f0fe32bac9e14fe9bebb3231d,0
4405163195f13ad0dde07643676534df8ac6f25619c61ef9208f16dd4e7b48b2,nextmol_dmt_l_raw_fixed,3dd0_3dd0_conf0,1000,1000,/mnt/weka/mbedrosian/codex_dir/nextmol_dmt_l/generations/casf16_core_nextmol_dmt_l_1k/generation/nextmol_dmt_l_raw_fixed/3dd0_3dd0_conf0.sdf,3e54a20d4f551bd5fd621f829a7c404567637febfd4e1bb263daaece4ef2b18b,0
84c2c02aedd1f27cbdb405932f16d4a1798d59107474a3b390488183ca65438a,nextmol_dmt_l_raw_fixed,3e92_3e92_conf0,1000,1000,/mnt/weka/mbedrosian/codex_dir/nextmol_dmt_l/generations/casf16_core_nextmol_dmt_l_1k/generation/nextmol_dmt_l_raw_fixed/3e92_3e92_conf0.sdf,bf5ea339f6cbbf0873f5d97f57c58061476fec7969107a1f86ca3fa42186e2ea,0
0482cdce0a7be929a95bafb3053a4ab58675422a51de5555e42e1d9308b4461f,nextmol_dmt_l_raw_fixed,3e93_3e93_conf0,1000,280,/mnt/weka/mbedrosian/codex_dir/nextmol_dmt_l/generations/casf16_core_nextmol_dmt_l_1k/generation/nextmol_dmt_l_raw_fixed/3e93_3e93_conf0.sdf,76bd9302ad8518b437edc23bc968af5d7ee252391edf68a6e1046e33b8633d43,0
f61756082f3c30b4ae182ad401ff4b323d7908e37c05edff8573cade72c0c820,nextmol_dmt_l_raw_fixed,3ehy_3ehy_conf0,1000,507,/mnt/weka/mbedrosian/codex_dir/nextmol_dmt_l/generations/casf16_core_nextmol_dmt_l_1k/generation/nextmol_dmt_l_raw_fixed/3ehy_3ehy_conf0.sdf,7a57a30acac24c31b4c6a1b8ecc402b09ef60195a6a0c93599b4ff576e864663,0
118f0444833409c35d39bb48f809ede31e041961fa24fb325c7f00e12ae0d924,nextmol_dmt_l_raw_fixed,3fcq_3fcq_conf0,1000,529,/mnt/weka/mbedrosian/codex_dir/nextmol_dmt_l/generations/casf16_core_nextmol_dmt_l_1k/generation/nextmol_dmt_l_raw_fixed/3fcq_3fcq_conf0.sdf,c6d4d279fa4e6d069de964fa2c4f73fc2fc5bca6ced35efdebe8476490413b4c,0
4166d5ae5787158e9d452471f25ebabb12539cf88c318d1f19a5af067b722fe9,nextmol_dmt_l_raw_fixed,3fur_3fur_conf0,1000,1000,/mnt/weka/mbedrosian/codex_dir/nextmol_dmt_l/generations/casf16_core_nextmol_dmt_l_1k/generation/nextmol_dmt_l_raw_fixed/3fur_3fur_conf0.sdf,404583dada8538620351efda91dc5f65978bb7a533ad541d452bdbbb8598af36,0
d1e159af07171b94b46b2de336cb4016309014b2ac5c0e1a22af9ec968e0cbe4,nextmol_dmt_l_raw_fixed,3g2z_3g2z_conf0,1000,1000,/mnt/weka/mbedrosian/codex_dir/nextmol_dmt_l/generations/casf16_core_nextmol_dmt_l_1k/generation/nextmol_dmt_l_raw_fixed/3g2z_3g2z_conf0.sdf,efda62c10380743c8bcb6bac085f79d02cf2979824870b17729f99d8a6816cc5,0
5c8e54243449152dd41c09e38858b4687df4835ac1a066a639858647f732df0a,nextmol_dmt_l_raw_fixed,3g31_3g31_conf0,1000,0,/mnt/weka/mbedrosian/codex_dir/nextmol_dmt_l/generations/casf16_core_nextmol_dmt_l_1k/generation/nextmol_dmt_l_raw_fixed/3g31_3g31_conf0.sdf,e3b0c44298fc1c149afbf4c8996fb92427ae41e4649b934ca495991b7852b855,0
1ac06043b18db9ab00aa9d674e83f543f33a97b1707e505a84d052a321fffe0c,nextmol_dmt_l_raw_fixed,3gy4_3gy4_conf0,1000,1000,/mnt/weka/mbedrosian/codex_dir/nextmol_dmt_l/generations/casf16_core_nextmol_dmt_l_1k/generation/nextmol_dmt_l_raw_fixed/3gy4_3gy4_conf0.sdf,5f95507cdb3148279610fb9911a0d7735b16a68b659040b12571f11360973d7f,0
beba649f3f9bc4bd53c6a0935c2791cf502b14c5fb9290b95b12e5ee40d6c7d0,nextmol_dmt_l_raw_fixed,3jvs_3jvs_conf0,1000,444,/mnt/weka/mbedrosian/codex_dir/nextmol_dmt_l/generations/casf16_core_nextmol_dmt_l_1k/generation/nextmol_dmt_l_raw_fixed/3jvs_3jvs_conf0.sdf,48d741e9ca0f7133cfda53bf25c12bcf45109ba720f711d58644e8fbf2b6e3f8,0
78da06777aa129af5508cc07c68e4d5fc394e0f6b139b9ab9ca1450e7543721d,nextmol_dmt_l_raw_fixed,3k5v_3k5v_conf0,1000,998,/mnt/weka/mbedrosian/codex_dir/nextmol_dmt_l/generations/casf16_core_nextmol_dmt_l_1k/generation/nextmol_dmt_l_raw_fixed/3k5v_3k5v_conf0.sdf,a1767e2b98521a62b7051116eb9d2bc522c07ba0e4367e9b7951eaa51350e842,0
d86f8c75e9a67859bdf9ca6b4829917737dad0eebebbc85547a7319059ae59c9,nextmol_dmt_l_raw_fixed,3kgp_3kgp_conf0,1000,1000,/mnt/weka/mbedrosian/codex_dir/nextmol_dmt_l/generations/casf16_core_nextmol_dmt_l_1k/generation/nextmol_dmt_l_raw_fixed/3kgp_3kgp_conf0.sdf,d759eba341141d5871cde508123d68990c513bba457f7f345b9973e3f2ccbaf5,0
a4b056b93e59e97c67a9dc51c92a2b873412e4a981c7e16ef88698dd19a6475a,nextmol_dmt_l_raw_fixed,3lka_3lka_conf0,1000,1000,/mnt/weka/mbedrosian/codex_dir/nextmol_dmt_l/generations/casf16_core_nextmol_dmt_l_1k/generation/nextmol_dmt_l_raw_fixed/3lka_3lka_conf0.sdf,cc73378279a50c155a59ce62915b484da2879c4028dc9555e91430385dbb5315,0
02e1415a08785497ec1cfc6eb384c5951547992f1f9edd126d8f413e989aa5c1,nextmol_dmt_l_raw_fixed,3nx7_3nx7_conf0,1000,1000,/mnt/weka/mbedrosian/codex_dir/nextmol_dmt_l/generations/casf16_core_nextmol_dmt_l_1k/generation/nextmol_dmt_l_raw_fixed/3nx7_3nx7_conf0.sdf,a35570039af3edd0ea5de1106df25f30ecf5609e0abd13b613eec661bc8daf9d,0
c77f655ba5f8c327d4ee6b79c1246328b5d1cfe3b8a5fd8a665ac0b2d6aca3bd,nextmol_dmt_l_raw_fixed,3pxf_3pxf_conf0,1000,1000,/mnt/weka/mbedrosian/codex_dir/nextmol_dmt_l/generations/casf16_core_nextmol_dmt_l_1k/generation/nextmol_dmt_l_raw_fixed/3pxf_3pxf_conf0.sdf,39ca7b3e9a28f59788441f6cab0f9a786e5e5cfc2529451b396bfb9157cb564d,0
28d3cad5b187fb165c5441b8c73a22cb9230a0e6190ac13012a14d0ada93d933,nextmol_dmt_l_raw_fixed,3qqs_3qqs_conf0,1000,1000,/mnt/weka/mbedrosian/codex_dir/nextmol_dmt_l/generations/casf16_core_nextmol_dmt_l_1k/generation/nextmol_dmt_l_raw_fixed/3qqs_3qqs_conf0.sdf,9e271dbe203bd4233c62ee9d3b09f021d57fb2af9d69f98ee3dfe5705e9dcc97,0
75351908bbbde2488a4a3969c6e76ba577669c1e22ab6a77c464853cae1b7df1,nextmol_dmt_l_raw_fixed,3rlr_3rlr_conf0,1000,1000,/mnt/weka/mbedrosian/codex_dir/nextmol_dmt_l/generations/casf16_core_nextmol_dmt_l_1k/generation/nextmol_dmt_l_raw_fixed/3rlr_3rlr_conf0.sdf,e6425d629484ced1cd0d6b01a648e653cbfe564b7fc04988e0c856e500353580,0
fd2e198969335128bf97f8068fef4d5069f7bacb5d614d03c43e40b19c78f8d9,nextmol_dmt_l_raw_fixed,3rsx_3rsx_conf0,1000,1000,/mnt/weka/mbedrosian/codex_dir/nextmol_dmt_l/generations/casf16_core_nextmol_dmt_l_1k/generation/nextmol_dmt_l_raw_fixed/3rsx_3rsx_conf0.sdf,68d200860c0df9917412689b71314e2bbe8e31261d4aec02c0d8936c7ab55aee,0
6c44e1a3ddf101a770637be3e23b8e8b525f10439e77e103f16fef1547caf87d,nextmol_dmt_l_raw_fixed,3ryj_3ryj_conf0,1000,1000,/mnt/weka/mbedrosian/codex_dir/nextmol_dmt_l/generations/casf16_core_nextmol_dmt_l_1k/generation/nextmol_dmt_l_raw_fixed/3ryj_3ryj_conf0.sdf,5e94d5f8b14dbd87791e1282db419c72f015e880e60eabd48713ffa8851c250b,0
6b0f3fdf8b56a5d223dfaf15824cef09540336632598050a747b91b0b72e85a8,nextmol_dmt_l_raw_fixed,3syr_3syr_conf0,1000,295,/mnt/weka/mbedrosian/codex_dir/nextmol_dmt_l/generations/casf16_core_nextmol_dmt_l_1k/generation/nextmol_dmt_l_raw_fixed/3syr_3syr_conf0.sdf,314de843123be848ccb76d4ad04fcb94162486ae24bc65d78f55fbae3c69577d,0
46f5ca85bd29c073a9d29346710a9dd8abffb3bccc69f16cfa3813197c02276e,nextmol_dmt_l_raw_fixed,3twp_3twp_conf0,1000,1000,/mnt/weka/mbedrosian/codex_dir/nextmol_dmt_l/generations/casf16_core_nextmol_dmt_l_1k/generation/nextmol_dmt_l_raw_fixed/3twp_3twp_conf0.sdf,549360a2849ff11e933c3064f1e3292abd915461f8893fe69387c40b0594bfd9,0
cbf2fddc2df1b467c44686a7b89dc97cb83f20fbbcc50ad9ea5e3fccf251b401,nextmol_dmt_l_raw_fixed,3u5j_3u5j_conf0,1000,1000,/mnt/weka/mbedrosian/codex_dir/nextmol_dmt_l/generations/casf16_core_nextmol_dmt_l_1k/generation/nextmol_dmt_l_raw_fixed/3u5j_3u5j_conf0.sdf,6e7094ef36fe7abdde8fde4b33f00623089e6ca14f38eadbeab92fe14c6a2b25,0
8d06c2879386f2d16fcfdcf95079eec89d4e8660d71fb6bdfafab3298f94a1b4,nextmol_dmt_l_raw_fixed,3u8n_3u8n_conf0,1000,1000,/mnt/weka/mbedrosian/codex_dir/nextmol_dmt_l/generations/casf16_core_nextmol_dmt_l_1k/generation/nextmol_dmt_l_raw_fixed/3u8n_3u8n_conf0.sdf,b16fa2f4599674928622656bd22579780bc9f80f383b1c7b146570654ce6aad1,0
6409d5e03bec2d87db2559e1607fd70d1b5fbb301d887cfc7755b35466e0f2a9,nextmol_dmt_l_raw_fixed,3uo4_3uo4_conf0,1000,1000,/mnt/weka/mbedrosian/codex_dir/nextmol_dmt_l/generations/casf16_core_nextmol_dmt_l_1k/generation/nextmol_dmt_l_raw_fixed/3uo4_3uo4_conf0.sdf,c054a2529c5499619ff022b8c1eac0bc3ee8691bbed1c84440e91192bc7173e1,0
e1a548d907ccc466cc32678fbcb3ed85589cf628e6df4089c9eb95a7a30995c0,nextmol_dmt_l_raw_fixed,3up2_3up2_conf0,1000,1000,/mnt/weka/mbedrosian/codex_dir/nextmol_dmt_l/generations/casf16_core_nextmol_dmt_l_1k/generation/nextmol_dmt_l_raw_fixed/3up2_3up2_conf0.sdf,82ab9c36ded8b3752e9db73f2d06d289af36150302eb1b0694884e421a1d4559,0
c78e3378eeff35932329d08e6365a7d4cd1f8db612ae6ffe7565f7383fa734bc,nextmol_dmt_l_raw_fixed,3wtj_3wtj_conf0,1000,842,/mnt/weka/mbedrosian/codex_dir/nextmol_dmt_l/generations/casf16_core_nextmol_dmt_l_1k/generation/nextmol_dmt_l_raw_fixed/3wtj_3wtj_conf0.sdf,21d33456dd44f35cb65c52f766e3038f337a6dfeb722d47805de788b3b117d1a,0
aa65ef1d9e1da7f91aca5471bc64172a74df22bf5792de22f226e77654d4b042,nextmol_dmt_l_raw_fixed,3zdg_3zdg_conf0,1000,508,/mnt/weka/mbedrosian/codex_dir/nextmol_dmt_l/generations/casf16_core_nextmol_dmt_l_1k/generation/nextmol_dmt_l_raw_fixed/3zdg_3zdg_conf0.sdf,a2ca04e02b629c2368c192259ef312126b71fa4378313b1209b2d1124c416367,0
46cab391729f53e7f8fe30604f010a4f8ea65df957e054e1c72763582eea91d0,nextmol_dmt_l_raw_fixed,4ddh_4ddh_conf0,1000,1000,/mnt/weka/mbedrosian/codex_dir/nextmol_dmt_l/generations/casf16_core_nextmol_dmt_l_1k/generation/nextmol_dmt_l_raw_fixed/4ddh_4ddh_conf0.sdf,74ab345ce8ccc3fb16a7eafe1a2bc019bd0f072166f22f444c542f8f18fcc35d,0
2888efa30026cbee3bc02e272c1d58572dc6cdf9babaafcfdc80393f9c7882be,nextmol_dmt_l_raw_fixed,4ddk_4ddk_conf0,1000,1000,/mnt/weka/mbedrosian/codex_dir/nextmol_dmt_l/generations/casf16_core_nextmol_dmt_l_1k/generation/nextmol_dmt_l_raw_fixed/4ddk_4ddk_conf0.sdf,ab1cdee41bb94c9f7bcfbeff39cc732b4a46918daa286a7cf39f62f45866e222,0
52ed6b28e6486ab844f5b2424f779fcd15e077e4ec48046ae1b07c3997452edd,nextmol_dmt_l_raw_fixed,4eor_4eor_conf0,1000,999,/mnt/weka/mbedrosian/codex_dir/nextmol_dmt_l/generations/casf16_core_nextmol_dmt_l_1k/generation/nextmol_dmt_l_raw_fixed/4eor_4eor_conf0.sdf,69b8d591fa5d4616e30ad736674ab63bf0af8e9b214f741ef03b74d390a09b28,0
2be143acf665c90423a16049ed9daad5a951a4ad2cc635dfabe051495edab3a0,nextmol_dmt_l_raw_fixed,4f09_4f09_conf0,1000,1000,/mnt/weka/mbedrosian/codex_dir/nextmol_dmt_l/generations/casf16_core_nextmol_dmt_l_1k/generation/nextmol_dmt_l_raw_fixed/4f09_4f09_conf0.sdf,34e65e69232e13d4aff4169d9268443b0ff797ba13d6d8497d3924f9e53e91d5,0
a3b6ce7c239526a476ebc03814823e2e71941e1303afdd868631e82db593dd30,nextmol_dmt_l_raw_fixed,4f2w_4f2w_conf0,1000,449,/mnt/weka/mbedrosian/codex_dir/nextmol_dmt_l/generations/casf16_core_nextmol_dmt_l_1k/generation/nextmol_dmt_l_raw_fixed/4f2w_4f2w_conf0.sdf,20c5479cf50e79fbc549297b8a68989bc7cb6fc3aa2f5aec69a6720454561bb7,0
b98c6c94abe7d5d4c9fa55a5a3390cbbf9bee481c8a05e3e8f7fdce268bd6688,nextmol_dmt_l_raw_fixed,4f9w_4f9w_conf0,1000,1000,/mnt/weka/mbedrosian/codex_dir/nextmol_dmt_l/generations/casf16_core_nextmol_dmt_l_1k/generation/nextmol_dmt_l_raw_fixed/4f9w_4f9w_conf0.sdf,b13d9cf9003cd9da2f1499cffceee5bcde84e2aa171e604b42dff9313136389e,0
4af83ca8af4adfbb0cf02a27c46d05f8ce211b58b1968369574ea310db49f911,nextmol_dmt_l_raw_fixed,4hge_4hge_conf0,1000,780,/mnt/weka/mbedrosian/codex_dir/nextmol_dmt_l/generations/casf16_core_nextmol_dmt_l_1k/generation/nextmol_dmt_l_raw_fixed/4hge_4hge_conf0.sdf,6156cfda7cbdd52becd3a363027d58728cd72d33c83243a4526596ba9f91ccbd,0
78e6bbfb1f6b85a2b57df08b26ae05adfbb9a284fd0537d800dc5d5f4ac676f6,nextmol_dmt_l_raw_fixed,4j21_4j21_conf0,1000,1000,/mnt/weka/mbedrosian/codex_dir/nextmol_dmt_l/generations/casf16_core_nextmol_dmt_l_1k/generation/nextmol_dmt_l_raw_fixed/4j21_4j21_conf0.sdf,00a518b04e53cf46f14b0fdf796c66b1fdcb3ab2edbce8f6acceee98459fc0dd,0
7773f94ef8435e11f91085dba77ec8bef8eed6caac21c92edca5b799ef3d2ed3,nextmol_dmt_l_raw_fixed,4j3l_4j3l_conf0,1000,1000,/mnt/weka/mbedrosian/codex_dir/nextmol_dmt_l/generations/casf16_core_nextmol_dmt_l_1k/generation/nextmol_dmt_l_raw_fixed/4j3l_4j3l_conf0.sdf,adfbe5109ed4274f241598effbda93baf4fea860f6ab69ad17d5a10867acda61,0
4141996beb066248061aefba73fb4944ec188a2c4e61c6fa9b89e5ff7ac86384,nextmol_dmt_l_raw_fixed,4jsz_4jsz_conf0,1000,1000,/mnt/weka/mbedrosian/codex_dir/nextmol_dmt_l/generations/casf16_core_nextmol_dmt_l_1k/generation/nextmol_dmt_l_raw_fixed/4jsz_4jsz_conf0.sdf,98e56c1771c57578f1f5da3e548d9f113ba3c4963a578e29f9772e187cfb44cb,0
c65f38c02bf947abcfece8740d6474267257523bdcc4a021582042e091a599d5,nextmol_dmt_l_raw_fixed,4jxs_4jxs_conf0,1000,999,/mnt/weka/mbedrosian/codex_dir/nextmol_dmt_l/generations/casf16_core_nextmol_dmt_l_1k/generation/nextmol_dmt_l_raw_fixed/4jxs_4jxs_conf0.sdf,e2446603dd3f6f2e158643ed7fde1e2707d74d8235ca03edf4f46038f9e14bcd,0
23eb05a3d34d5dfb9e0383afb45c02b8349e76e0a6073a8769c696fa96fc688a,nextmol_dmt_l_raw_fixed,4k18_4k18_conf0,1000,974,/mnt/weka/mbedrosian/codex_dir/nextmol_dmt_l/generations/casf16_core_nextmol_dmt_l_1k/generation/nextmol_dmt_l_raw_fixed/4k18_4k18_conf0.sdf,ef9505bd20d070967264e325ca69e4fbc5b57cce126249a76d5936da91506c9d,0
17958cf51fc6f99bcd7f6a1fb23720b5397f526df575c4e027dd53f87573eaaa,nextmol_dmt_l_raw_fixed,4k77_4k77_conf0,1000,1000,/mnt/weka/mbedrosian/codex_dir/nextmol_dmt_l/generations/casf16_core_nextmol_dmt_l_1k/generation/nextmol_dmt_l_raw_fixed/4k77_4k77_conf0.sdf,d2328653483241cbfe86e2067244840a4c097d151522772baf911e314111ceb0,0
d89934fdd443eb8a27ec76b7a0979392526eb446f0b152f2de5d0385ccd95a12,nextmol_dmt_l_raw_fixed,4kzq_4kzq_conf0,1000,1000,/mnt/weka/mbedrosian/codex_dir/nextmol_dmt_l/generations/casf16_core_nextmol_dmt_l_1k/generation/nextmol_dmt_l_raw_fixed/4kzq_4kzq_conf0.sdf,4a70cb893108278ca3f1d078f570ca85e5f2ff95a1cbca3cbd898018d21a19ee,0
bcfc70ad901f879013f4fa5ff77bedbd813644e8054a5a81f875a7bc306e0368,nextmol_dmt_l_raw_fixed,4kzu_4kzu_conf0,1000,1000,/mnt/weka/mbedrosian/codex_dir/nextmol_dmt_l/generations/casf16_core_nextmol_dmt_l_1k/generation/nextmol_dmt_l_raw_fixed/4kzu_4kzu_conf0.sdf,ce16fc516409619d76b7b4f0f2b1ca6a2f8ae7b10e98b8781d73ccf15fe1a0d2,0
6ce56c8b1cd88cb51bdd58030f3e658ee306f07949d0195b35b3ad3f8bad90bb,nextmol_dmt_l_raw_fixed,4llx_4llx_conf0,1000,1000,/mnt/weka/mbedrosian/codex_dir/nextmol_dmt_l/generations/casf16_core_nextmol_dmt_l_1k/generation/nextmol_dmt_l_raw_fixed/4llx_4llx_conf0.sdf,cafbc0ac52ebeee35219c67c7597dabd9f70f0edbc875e7749d1dd2ae9c820a7,0
1aa6d4fea1da8d0017f8dce517f0764531139d1a422d7259b8cff6fc57c11e79,nextmol_dmt_l_raw_fixed,4lzs_4lzs_conf0,1000,1000,/mnt/weka/mbedrosian/codex_dir/nextmol_dmt_l/generations/casf16_core_nextmol_dmt_l_1k/generation/nextmol_dmt_l_raw_fixed/4lzs_4lzs_conf0.sdf,d92fced2a10ce8470a637a5fc462f61364fb24f29729fbed80ded58332b90bfa,0
7a17ebe9d8c1e91af5ab51ff8238a7c39318594eb2fba5cad390dc2d7379fd4a,nextmol_dmt_l_raw_fixed,4mgd_4mgd_conf0,1000,1000,/mnt/weka/mbedrosian/codex_dir/nextmol_dmt_l/generations/casf16_core_nextmol_dmt_l_1k/generation/nextmol_dmt_l_raw_fixed/4mgd_4mgd_conf0.sdf,ea17daca402e474ccc2c3502ac2215fdc46d0eb6bf6c2d80ee476268e5698810,0
78fa2e06b7063060bd3431a5bf11f3b8d01185d7574c25518547cc7c8beb028a,nextmol_dmt_l_raw_fixed,4ogj_4ogj_conf0,1000,999,/mnt/weka/mbedrosian/codex_dir/nextmol_dmt_l/generations/casf16_core_nextmol_dmt_l_1k/generation/nextmol_dmt_l_raw_fixed/4ogj_4ogj_conf0.sdf,0db2ce43ae6b931b34e1413a4dda5f2facfc2468f1546a297dd613becd2e8595,0
605ec7fdba77920dcf42f92be8de4bdfbcac69b88e21334e5cf91a8f9fc8b8a5,nextmol_dmt_l_raw_fixed,5c28_5c28_conf0,1000,1000,/mnt/weka/mbedrosian/codex_dir/nextmol_dmt_l/generations/casf16_core_nextmol_dmt_l_1k/generation/nextmol_dmt_l_raw_fixed/5c28_5c28_conf0.sdf,6a553b8304ab7b66a7d95b50e45964b32205e5fba465aa831ba8447a00c9f021,0
c18d3cec02e198079782ad62d82deca5a0a922540176f478835a67d16a09323f,nextmol_dmt_l_raw_fixed,5c2h_5c2h_conf0,1000,1000,/mnt/weka/mbedrosian/codex_dir/nextmol_dmt_l/generations/casf16_core_nextmol_dmt_l_1k/generation/nextmol_dmt_l_raw_fixed/5c2h_5c2h_conf0.sdf,7dfd69491589c624acb922889f9aa3d33b269e1e594f6b712c123b66b127617d,0
d64c02a47666018a10897c207812b3926c53bcdd4b9e12ac23a67cc84e513dae,flowr_raw_fixed,1bcu_1bcu_conf0,1000,952,/mnt/weka/vtarasov/code/flowr_root/casf_benchmark_runs/flowr_core/generation/flowr_raw_fixed/1bcu_1bcu_conf0.sdf,108861e6592a6ba43ed11a8a759dfa8a73b84acb94019bba9abdc965dc6ff23a,0
b55d79d659d2867c64a28a37470368d4006ae25bb6a6ac0ff5c230ff0fb0a43e,flowr_raw_fixed,1c5z_1c5z_conf0,1000,979,/mnt/weka/vtarasov/code/flowr_root/casf_benchmark_runs/flowr_core/generation/flowr_raw_fixed/1c5z_1c5z_conf0.sdf,5d0f650c01ba1bcfb16946cc8ce0585290803790ef19d21a6f502ee3eaa3c425,0
1d99d155caaca8942b38cde9a7376e508646279a674fb25003ce2e2d7d2c6698,flowr_raw_fixed,1lpg_1lpg_conf0,1000,525,/mnt/weka/vtarasov/code/flowr_root/casf_benchmark_runs/flowr_core/generation/flowr_raw_fixed/1lpg_1lpg_conf0.sdf,e0438dccb6cd6280e077b458edbc03cb1f709748c59a98e3f7e422d400e1d734,0
f8cfc75621757904b93cb21b0ef645008302a8507fdc4d02a1b48c14ac34c388,flowr_raw_fixed,1mq6_1mq6_conf0,1000,678,/mnt/weka/vtarasov/code/flowr_root/casf_benchmark_runs/flowr_core/generation/flowr_raw_fixed/1mq6_1mq6_conf0.sdf,65e7c3b2b385bb04ed0b310dcf4669bb086d516daa282d184bf4168b197ae105,0
ca21d8c2bf1db033a66247f36ac33e0ac672cd8b57a38cf92bd8acb4f25af686,flowr_raw_fixed,1nc3_1nc3_conf0,943,908,/mnt/weka/vtarasov/code/flowr_root/casf_benchmark_runs/flowr_core/generation/flowr_raw_fixed/1nc3_1nc3_conf0.sdf,2c1ac5a50b4955ae6aefa33c010370aa90ca77b6d5bc1ab78d9f0016eaf0e5ef,0
83b5388c2016abee640d6d5488aac68a8ad296cc139fcbdc9134bb72668cba20,flowr_raw_fixed,1o3f_1o3f_conf0,1000,900,/mnt/weka/vtarasov/code/flowr_root/casf_benchmark_runs/flowr_core/generation/flowr_raw_fixed/1o3f_1o3f_conf0.sdf,7893c06374cc0785c4a8a0b7e1f03fdbfecb20d488b2d37df13137debcd9e1c0,0
c6337bbd4be265170c8858e0d905e387c1bdc4c6b6e6c1966b25b09a7033b46e,flowr_raw_fixed,1o5b_1o5b_conf0,1000,966,/mnt/weka/vtarasov/code/flowr_root/casf_benchmark_runs/flowr_core/generation/flowr_raw_fixed/1o5b_1o5b_conf0.sdf,258e12214a57b3a31b17e2fc8daae550ee439a1d32d8e0529942c22d7153c3e8,0
a878a14b8378fe239ca5c78b3b7d249d967bb5fb0a05828556cce1da245eb582,flowr_raw_fixed,1owh_1owh_conf0,1000,896,/mnt/weka/vtarasov/code/flowr_root/casf_benchmark_runs/flowr_core/generation/flowr_raw_fixed/1owh_1owh_conf0.sdf,5bf5b672da9bb2acf3099925b5652eb4db65508d903bf5ceba77141c4f2c03d0,0
0bb58cc6148048bf57e2ebaed837522261bbd8102c592a4f5a764699b9731038,flowr_raw_fixed,1p1n_1p1n_conf0,999,988,/mnt/weka/vtarasov/code/flowr_root/casf_benchmark_runs/flowr_core/generation/flowr_raw_fixed/1p1n_1p1n_conf0.sdf,d6e8f6eb4e9c8292bb0d942c447271b75eb9a0649b6951785f4241c72038007a,0
d2ac3753242e6d502a6cb10e5227628678d4b08579a7e31dfa0a6ec512632530,flowr_raw_fixed,1pxn_1pxn_conf0,1000,944,/mnt/weka/vtarasov/code/flowr_root/casf_benchmark_runs/flowr_core/generation/flowr_raw_fixed/1pxn_1pxn_conf0.sdf,649551a1ce6cf1f79aa2e560463292f8f715110179a83306739f10d0cb8b0dd6,0
4aa80f7d08013527c974780d162f220a15784d9b020afbc2291829f143fe04e6,flowr_raw_fixed,1sqa_1sqa_conf0,1000,792,/mnt/weka/vtarasov/code/flowr_root/casf_benchmark_runs/flowr_core/generation/flowr_raw_fixed/1sqa_1sqa_conf0.sdf,95b7f897855be3b223613526a462698b303b7eede93fa886235b04a20ab0a7db,0
f5bbb5f41ac94088e409ea2b68b0d583432235bd7c13d80a84fe1433fba0ad05,flowr_raw_fixed,1uto_1uto_conf0,1000,990,/mnt/weka/vtarasov/code/flowr_root/casf_benchmark_runs/flowr_core/generation/flowr_raw_fixed/1uto_1uto_conf0.sdf,2fde447dc6635f90f418c7d2a731534f720e63e849427a63371d640af45a636f,0
c020c0cfd5038ccaa2ac8c558d8a8707ec12a8fb5f75e5bf963d99768eff254a,flowr_raw_fixed,1yc1_1yc1_conf0,1000,920,/mnt/weka/vtarasov/code/flowr_root/casf_benchmark_runs/flowr_core/generation/flowr_raw_fixed/1yc1_1yc1_conf0.sdf,8b44834b03e89162f6b56c65c6fffdce05dd821b56c72626b1d4fc12f2d5e654,0
ad8fd1c7def32a92931cc53eb4b0dd8232acdb5c932701afed885db1a390bde3,flowr_raw_fixed,1ydr_1ydr_conf0,1000,947,/mnt/weka/vtarasov/code/flowr_root/casf_benchmark_runs/flowr_core/generation/flowr_raw_fixed/1ydr_1ydr_conf0.sdf,dc989ec26ff2b4205ba6385289fc5f2708a58be8553d857820ad550901af568f,0
560febf43f964dabc3eeadb859501a4baee0bee3eebb4cb9e4372b85cd6e8a01,flowr_raw_fixed,1ydt_1ydt_conf0,1000,921,/mnt/weka/vtarasov/code/flowr_root/casf_benchmark_runs/flowr_core/generation/flowr_raw_fixed/1ydt_1ydt_conf0.sdf,3ddaf32dc1b7db61a70d7e943f5dbbead97679f1936861f2c36e04f0a3214c8d,0
7659faf8059ea4e0a82646cb060127f294845405deda6db42fa1ff13eb1c1664,flowr_raw_fixed,1z6e_1z6e_conf0,1000,801,/mnt/weka/vtarasov/code/flowr_root/casf_benchmark_runs/flowr_core/generation/flowr_raw_fixed/1z6e_1z6e_conf0.sdf,6ecc55d1f9c3bb5789d824f8553f87403196b036f945208a49da8c84c64a0217,0
358d75bd54032ffc803f463ea606569df3f04794de2866a2da99e2377d34c899,flowr_raw_fixed,1z95_1z95_conf0,1000,948,/mnt/weka/vtarasov/code/flowr_root/casf_benchmark_runs/flowr_core/generation/flowr_raw_fixed/1z95_1z95_conf0.sdf,1a6cb45e36d14f5fec598e14f339ac0466e633da6d692f480ab8872eec346d49,0
d3cda94e983af1bf779ae309e608dbae79445575dc24b164cc3199e965f1f6ef,flowr_raw_fixed,1z9g_1z9g_conf0,1000,985,/mnt/weka/vtarasov/code/flowr_root/casf_benchmark_runs/flowr_core/generation/flowr_raw_fixed/1z9g_1z9g_conf0.sdf,b85e31345d40310a061d6e8970744d72f7550feb096167639de60907fe9ca5f0,0
19a94be4620c7c060056125fcbe0ef23d133ac1655a50c232ef17572df90e645,flowr_raw_fixed,2br1_2br1_conf0,1000,868,/mnt/weka/vtarasov/code/flowr_root/casf_benchmark_runs/flowr_core/generation/flowr_raw_fixed/2br1_2br1_conf0.sdf,d101837f66c4a91a3faa9805aaf1c28c6194827f01e0bbcece70ccbfa4e00af2,0
85504f4581ab58912d968c0d91ffa46ee618b370d4f8e92b1676b7054073fe9b,flowr_raw_fixed,2brb_2brb_conf0,1000,909,/mnt/weka/vtarasov/code/flowr_root/casf_benchmark_runs/flowr_core/generation/flowr_raw_fixed/2brb_2brb_conf0.sdf,3fd0713b0de9a966adf53c60ca4e24a1d5ba51a03d7d6847b5f8e9546dd0484c,0
0a9a0c386bc238b6aa1f4d12edad5f4651df3a2aef64e7780df5cc244be14778,flowr_raw_fixed,2c3i_2c3i_conf0,1000,950,/mnt/weka/vtarasov/code/flowr_root/casf_benchmark_runs/flowr_core/generation/flowr_raw_fixed/2c3i_2c3i_conf0.sdf,78510a41a703a2e84a0e7c9bc1146c046fa5303650a86b7e4f5a05b8337c7ae4,0
f6f0f40b2bac8f11fdac7af6d3a0d9b0ae57f6a81f866d79f3d10307ac2625dd,flowr_raw_fixed,2fvd_2fvd_conf0,1000,920,/mnt/weka/vtarasov/code/flowr_root/casf_benchmark_runs/flowr_core/generation/flowr_raw_fixed/2fvd_2fvd_conf0.sdf,f04059847e9f91a76a61a9e0864e38c09f02f8bf7f5ea4536da97b52b0635142,0
a26930e3d7cf6c1307f8ee31b7ec7913798ed29ba4d1808d567fc13fa7e74d8c,flowr_raw_fixed,2hb1_2hb1_conf0,1000,995,/mnt/weka/vtarasov/code/flowr_root/casf_benchmark_runs/flowr_core/generation/flowr_raw_fixed/2hb1_2hb1_conf0.sdf,07d1d82ba87c4187ced5771057a6cb5792904340755a4b267eff52d273aabca0,0
a71f696ef5b7981c4fb41dba5cf7eb6cbb8befbcf0754ea9de9010c526373531,flowr_raw_fixed,2p4y_2p4y_conf0,1000,694,/mnt/weka/vtarasov/code/flowr_root/casf_benchmark_runs/flowr_core/generation/flowr_raw_fixed/2p4y_2p4y_conf0.sdf,35dceda85462e488cdcbbf3d0542d641669799deac9a69f34df324e55942ba9a,0
f2f2e5f8da1a8b58d08bda73866deb69a1b4c4f37f2b8a1b94096e37940c6b63,flowr_raw_fixed,2pog_2pog_conf0,1000,909,/mnt/weka/vtarasov/code/flowr_root/casf_benchmark_runs/flowr_core/generation/flowr_raw_fixed/2pog_2pog_conf0.sdf,c8c7451224cb7b5ce0039ca7518411bcadfffb7af3f10bb37e9b642a53e2119b,0
721891aacb1633b1f64eccdb33ac148339e6b219b81b70ee7defac9c50e7373c,flowr_raw_fixed,2qbp_2qbp_conf0,1000,723,/mnt/weka/vtarasov/code/flowr_root/casf_benchmark_runs/flowr_core/generation/flowr_raw_fixed/2qbp_2qbp_conf0.sdf,99b19702686f607ab5c1c9331c770ce9f0fa9b4f57652d6508c2bc49cc00564f,0
9f2a8ce1c9abef3b7444afa1e10de3bbfde2ca6d1654e826b344d193752c8334,flowr_raw_fixed,2qbq_2qbq_conf0,1000,781,/mnt/weka/vtarasov/code/flowr_root/casf_benchmark_runs/flowr_core/generation/flowr_raw_fixed/2qbq_2qbq_conf0.sdf,4147e31994bc6917807470f88d1f4e137c016f2aea9347019d5d709c247ad2da,0
650e21ad36d434fb2ac34d5506c5be14750b272785d1318038de3bb9fb563eac,flowr_raw_fixed,2qbr_2qbr_conf0,1000,883,/mnt/weka/vtarasov/code/flowr_root/casf_benchmark_runs/flowr_core/generation/flowr_raw_fixed/2qbr_2qbr_conf0.sdf,a681bfbb86bacc7dc2f3d8b40a8bb7e16c23036bab843af59fbd11b98545bf5d,0
9d8302970f22a56b42718808a982b71840a6be008a2b5e19336de52e7d881510,flowr_raw_fixed,2v00_2v00_conf0,1000,971,/mnt/weka/vtarasov/code/flowr_root/casf_benchmark_runs/flowr_core/generation/flowr_raw_fixed/2v00_2v00_conf0.sdf,7bdc8efc0674ae5c536948b8fac193d18acaa7b25b69b4032a8b2e4a064c937a,0
b1096bf38b6197a2c4fbaa7721c5216e3c0867761e4656a5d3ba316e20763f77,flowr_raw_fixed,2wn9_2wn9_conf0,1000,922,/mnt/weka/vtarasov/code/flowr_root/casf_benchmark_runs/flowr_core/generation/flowr_raw_fixed/2wn9_2wn9_conf0.sdf,e0fed288a83be644b67bfeb433872d19905c936467e8d14e20f801663e677d6a,0
6efddb92fbcf4c306fbaa253f1baae37edbd803cedcecc4ffadcb97aa53c1111,flowr_raw_fixed,2wtv_2wtv_conf0,1000,815,/mnt/weka/vtarasov/code/flowr_root/casf_benchmark_runs/flowr_core/generation/flowr_raw_fixed/2wtv_2wtv_conf0.sdf,f31de16fcd9db49b91eb19fc4c3c0f06ba10654aecc9374d1f905ec6f3c39bc8,0
510d6ab4afd21daa745a22da6f62f8de7208e1f1f91260c084c4a48184eb846c,flowr_raw_fixed,2xdl_2xdl_conf0,1000,977,/mnt/weka/vtarasov/code/flowr_root/casf_benchmark_runs/flowr_core/generation/flowr_raw_fixed/2xdl_2xdl_conf0.sdf,9d89918d04c74797c30c5f729c6f432cfe20e4d1099f40c1948e16bed3f70666,0
d59f579fa7d92111957e220d75d51ee60f6611647e861bffabdc0e35de84865e,flowr_raw_fixed,2xnb_2xnb_conf0,1000,912,/mnt/weka/vtarasov/code/flowr_root/casf_benchmark_runs/flowr_core/generation/flowr_raw_fixed/2xnb_2xnb_conf0.sdf,0b110034bd4da57c5d2ac9d93f820b2707b9c6854ac5d00ad4bec1f32127ea6c,0
2002cd71b52003bded06c8d80998a6b0352c7cde1ae40914b3bdaeee5e681f6d,flowr_raw_fixed,2yfe_2yfe_conf0,1000,917,/mnt/weka/vtarasov/code/flowr_root/casf_benchmark_runs/flowr_core/generation/flowr_raw_fixed/2yfe_2yfe_conf0.sdf,76e748565b5e6663f2ab2d2c9ca1b6e25678ce14a90671bd163ba4fd68a59af2,0
2483f5eb4873227aa85c8fbcc17e2d5adf6345b6734f7452e55d2f310782075d,flowr_raw_fixed,2ymd_2ymd_conf0,1000,990,/mnt/weka/vtarasov/code/flowr_root/casf_benchmark_runs/flowr_core/generation/flowr_raw_fixed/2ymd_2ymd_conf0.sdf,0acfe6c146e15a09a21c430cef26cd67f1e023475230da6f5a8e95b7f7578725,0
1c82eba3c2daf03937e2ea4417c9f4b06e50ed435c4a55f29c19af69db683c25,flowr_raw_fixed,2zb1_2zb1_conf0,1000,908,/mnt/weka/vtarasov/code/flowr_root/casf_benchmark_runs/flowr_core/generation/flowr_raw_fixed/2zb1_2zb1_conf0.sdf,de305bfebd8decf3b405c20dba553dab2e5810e391e1395d0f1cc78dcaa4fcd6,0
0496eb52e25eb4a6e1c695bbf7e449296ff45e679536f77eecd2acff5e645756,flowr_raw_fixed,2zcq_2zcq_conf0,1000,963,/mnt/weka/vtarasov/code/flowr_root/casf_benchmark_runs/flowr_core/generation/flowr_raw_fixed/2zcq_2zcq_conf0.sdf,01c6ea012dccbdb6e98d83becbd104b02b4992ed6a7eb1f8cc5b75ba1a231aff,0
35a9f7e2675e18431a7fdab99b36641c09f0f588a738ad371cedb9973a9e8e84,flowr_raw_fixed,2zcr_2zcr_conf0,1000,919,/mnt/weka/vtarasov/code/flowr_root/casf_benchmark_runs/flowr_core/generation/flowr_raw_fixed/2zcr_2zcr_conf0.sdf,d2d7e8b8b1eddbb1ad121967715eabf2664df6994e600ec78439c59b3d29bca9,0
a10ac76de0b528d45bf0521e69c616389915cc31cf9cfeccc52da26e8dc01184,flowr_raw_fixed,2zy1_2zy1_conf0,1000,947,/mnt/weka/vtarasov/code/flowr_root/casf_benchmark_runs/flowr_core/generation/flowr_raw_fixed/2zy1_2zy1_conf0.sdf,e652570b2c32542ddbb359d715a0a021b674ab929d575a0fb59720f931e99570,0
013144be2e5847d8a99a1b1d7385fd810d26127028c4dcc3997033dd3a91355f,flowr_raw_fixed,3aru_3aru_conf0,1000,972,/mnt/weka/vtarasov/code/flowr_root/casf_benchmark_runs/flowr_core/generation/flowr_raw_fixed/3aru_3aru_conf0.sdf,28185fe1a3b4bea860535ba31b072272465964541fa42574220e9560e42bd26c,0
52c8cb55bbb0ba35b401789fda11283364360f91be186410294b1ce68194fac1,flowr_raw_fixed,3ary_3ary_conf0,1000,982,/mnt/weka/vtarasov/code/flowr_root/casf_benchmark_runs/flowr_core/generation/flowr_raw_fixed/3ary_3ary_conf0.sdf,c43aec83d8748fe14fb0a39f9f1f1ffc5cd13713a038142844404d5950bfdfb0,0
e64a53c642b4ccfbf4a85edad3dacb29388920a8f1393fc5c2f14d1e42605cdb,flowr_raw_fixed,3b27_3b27_conf0,1000,969,/mnt/weka/vtarasov/code/flowr_root/casf_benchmark_runs/flowr_core/generation/flowr_raw_fixed/3b27_3b27_conf0.sdf,64c501d86b8c1ca09a9a52d57de999fd354df9df893a49794fa3bdd8e3388ab8,0
4a0ae4b27399ec01f8949ea047bce71ce9618b398a02442ea4c3dcda573edd37,flowr_raw_fixed,3b5r_3b5r_conf0,1000,951,/mnt/weka/vtarasov/code/flowr_root/casf_benchmark_runs/flowr_core/generation/flowr_raw_fixed/3b5r_3b5r_conf0.sdf,3ff985d504f879310e15bb0afa012f4133e0e45363eb0e2937182246986d54de,0
3e63c0f0c37aa1d9ebdbf2e3491c24cdcd7310a0ed6b5a6fde2f41ec828d5ce7,flowr_raw_fixed,3b65_3b65_conf0,1000,959,/mnt/weka/vtarasov/code/flowr_root/casf_benchmark_runs/flowr_core/generation/flowr_raw_fixed/3b65_3b65_conf0.sdf,f1e7a73c062cb9d6a9baf1a48582b042f137c56cca8ae011b7dd3a258aa6cdea,0
31e0b1dd8521e9bb46f014421558d7f6c7327e31b10bc7e5dfa1951bab937cc2,flowr_raw_fixed,3bgz_3bgz_conf0,1000,908,/mnt/weka/vtarasov/code/flowr_root/casf_benchmark_runs/flowr_core/generation/flowr_raw_fixed/3bgz_3bgz_conf0.sdf,be46c98e33164296e8932aa446f458624f66f571f0c73233f9dd2f0323ec45ab,0
f48c47d35ffe6674618e505dc5dbdecca4e03597abcbdb949ce93c8934e8090c,flowr_raw_fixed,3cj4_3cj4_conf0,1000,941,/mnt/weka/vtarasov/code/flowr_root/casf_benchmark_runs/flowr_core/generation/flowr_raw_fixed/3cj4_3cj4_conf0.sdf,60a3544317acd66c3e7453c6d8b72915da4c00e7378236f1bd16d9d4cbdec9d7,0
dbb37cd9267c0861d44ec53052535099cb79e0e04a389f75780f1e06bfd472cd,flowr_raw_fixed,3dd0_3dd0_conf0,1000,989,/mnt/weka/vtarasov/code/flowr_root/casf_benchmark_runs/flowr_core/generation/flowr_raw_fixed/3dd0_3dd0_conf0.sdf,5b10665daf670071aabbda62340d0f3c26444fd90df0d6ede526c1eac894375c,0
98d16f2c501fef666a162cc53a26ea50c3c531f7919df649337ba075335d113f,flowr_raw_fixed,3e92_3e92_conf0,1000,913,/mnt/weka/vtarasov/code/flowr_root/casf_benchmark_runs/flowr_core/generation/flowr_raw_fixed/3e92_3e92_conf0.sdf,0d9e75a1273a77d7051d047b885fe5d0f114c0dd0315873e97b6aa4a07d66aa9,0
dc5481440bc2578fa0a8a9d5ee63a1c27519e8d23835f8e313476f4dd5dbcf11,flowr_raw_fixed,3e93_3e93_conf0,1000,718,/mnt/weka/vtarasov/code/flowr_root/casf_benchmark_runs/flowr_core/generation/flowr_raw_fixed/3e93_3e93_conf0.sdf,5f7ca5703daa8a7b1ee179ed1aad59d562ba1b6695b541125c62d8f7c4a8b48a,0
414520593a3965df505895984ff72f4f1b004a4534bd5b8e9a7f412776e56203,flowr_raw_fixed,3ehy_3ehy_conf0,1000,990,/mnt/weka/vtarasov/code/flowr_root/casf_benchmark_runs/flowr_core/generation/flowr_raw_fixed/3ehy_3ehy_conf0.sdf,34b0b25c80c11321ab7dd5222f81d4ac04f052ca4848e887368b0cc959f15ec2,0
438d7217c3f67c6ec58a41a59f77ecbc12eea642230d428714cfbcdb620c7614,flowr_raw_fixed,3fcq_3fcq_conf0,1000,998,/mnt/weka/vtarasov/code/flowr_root/casf_benchmark_runs/flowr_core/generation/flowr_raw_fixed/3fcq_3fcq_conf0.sdf,4d6dfc1386454106445a91267ca2febfc29353a1123960ffac95d105a64f8046,0
31daca3416c22e31a90aa05e3d614fb2dc94b8821e87d17722bb5af51ba689f3,flowr_raw_fixed,3fur_3fur_conf0,1000,894,/mnt/weka/vtarasov/code/flowr_root/casf_benchmark_runs/flowr_core/generation/flowr_raw_fixed/3fur_3fur_conf0.sdf,58fc2613b16211ca93a174d97a3056b89bc4766f78b77b56b8faf088eb66b5c2,0
b651193b810f717638f6f356568aba763119ff6b1ea501c254dc47a9173922bd,flowr_raw_fixed,3g2z_3g2z_conf0,1000,961,/mnt/weka/vtarasov/code/flowr_root/casf_benchmark_runs/flowr_core/generation/flowr_raw_fixed/3g2z_3g2z_conf0.sdf,daa2754fea012e6a3a983faa53ecfd056a3b1245c73e03cf41b69d0fc831fd1c,0
1ddd732434760873a69cf64630a325d03fe5ba9c014ca32d37bbe78f164567cc,flowr_raw_fixed,3g31_3g31_conf0,1000,979,/mnt/weka/vtarasov/code/flowr_root/casf_benchmark_runs/flowr_core/generation/flowr_raw_fixed/3g31_3g31_conf0.sdf,9356c7d78b521d3ca69eb6d066b3c4fc280bc66b3b109654151625f7c788cb07,0
48f5da5773dc4dc3c5ddfe2d128ffafaebb89b1c64a25f380e46b67eea4d7f59,flowr_raw_fixed,3gy4_3gy4_conf0,1000,981,/mnt/weka/vtarasov/code/flowr_root/casf_benchmark_runs/flowr_core/generation/flowr_raw_fixed/3gy4_3gy4_conf0.sdf,d91f425574af305217a865dbda4b9f9c78f50dc83f8259f49d0110d8801ad673,0
58ebad7bcbec5239131502c12cc9ac2eba2c6eb48564e3386739325c6550734f,flowr_raw_fixed,3jvs_3jvs_conf0,1000,690,/mnt/weka/vtarasov/code/flowr_root/casf_benchmark_runs/flowr_core/generation/flowr_raw_fixed/3jvs_3jvs_conf0.sdf,1d3af6b844b06090a6e001ad48c15875d407d2a343ca7d8083cb8929a92462fe,0
9a39269b34a1bfe07a309471ed571b98c5858a654ff21c1b523f47319c36eab8,flowr_raw_fixed,3k5v_3k5v_conf0,1000,943,/mnt/weka/vtarasov/code/flowr_root/casf_benchmark_runs/flowr_core/generation/flowr_raw_fixed/3k5v_3k5v_conf0.sdf,ba068d446a02960fdf82e50a58bc5def55f4b08781d7e09c399b59fe14137efa,0
b3d426bf3491ad9b13e8b9d8d8f20a61408c03b1d97dfa01aba85d2519f89c23,flowr_raw_fixed,3kgp_3kgp_conf0,1000,979,/mnt/weka/vtarasov/code/flowr_root/casf_benchmark_runs/flowr_core/generation/flowr_raw_fixed/3kgp_3kgp_conf0.sdf,ede91a779cb2b6c0859fe56d998adb507c4808ffde88d03543a812609894998b,0
a3297b48a184570960ab99e2549c2d1224d154d64d38da04dcc97f850eb2a2a9,flowr_raw_fixed,3lka_3lka_conf0,1000,994,/mnt/weka/vtarasov/code/flowr_root/casf_benchmark_runs/flowr_core/generation/flowr_raw_fixed/3lka_3lka_conf0.sdf,8bd27b1b24711fddee2bd9c4170cfe7a0a0c5901c8369d8445190080587cdcde,0
1dc8c439e687ff5c577cd76359e76dcb47ad87e1a0837ec4e30b0a4c973d4a99,flowr_raw_fixed,3nx7_3nx7_conf0,1000,973,/mnt/weka/vtarasov/code/flowr_root/casf_benchmark_runs/flowr_core/generation/flowr_raw_fixed/3nx7_3nx7_conf0.sdf,3d693b07254e331be70e0be7790f4620835d0ddfce35e059bca5ed67be3074ab,0
c1be4062bd8e9d42b83434b4819dd59f453ab1f271d78af28511b0e072fe3b9d,flowr_raw_fixed,3pxf_3pxf_conf0,1000,929,/mnt/weka/vtarasov/code/flowr_root/casf_benchmark_runs/flowr_core/generation/flowr_raw_fixed/3pxf_3pxf_conf0.sdf,bfd5c7a870e531f04902115bf2dbe20653aed7efcd1e39d86f6dcf8ea987595b,0
ea5d12c59356abce4f6a61565e33cb68aa338e964d1a0c93d7b9ff4fff8d9e2a,flowr_raw_fixed,3qqs_3qqs_conf0,1000,962,/mnt/weka/vtarasov/code/flowr_root/casf_benchmark_runs/flowr_core/generation/flowr_raw_fixed/3qqs_3qqs_conf0.sdf,cfff7f518c204166bc94de0a58f26026e1823672326d671458e00c0582ae482e,0
df3cb3db48f58ac70333314e43a0289b08648528fe9a597227e3dee742c0cac3,flowr_raw_fixed,3rlr_3rlr_conf0,1000,929,/mnt/weka/vtarasov/code/flowr_root/casf_benchmark_runs/flowr_core/generation/flowr_raw_fixed/3rlr_3rlr_conf0.sdf,ef8486bb61f4c621670d897345014be2a9793161735d4b6a24e346393d021fc1,0
baa86e9919c0a71b3892374bab8597694eedd3b3408a4397517e63f1750997c2,flowr_raw_fixed,3rsx_3rsx_conf0,1000,964,/mnt/weka/vtarasov/code/flowr_root/casf_benchmark_runs/flowr_core/generation/flowr_raw_fixed/3rsx_3rsx_conf0.sdf,5ea0254e274827bdb19a5a5c8e08ca9c92a12f3b8633d06a8859747505e3c158,0
2145af4bad2a2bbe6507a1e0255e0f5ca08441617dea8099f1c6d83d5eabdfbc,flowr_raw_fixed,3ryj_3ryj_conf0,1000,978,/mnt/weka/vtarasov/code/flowr_root/casf_benchmark_runs/flowr_core/generation/flowr_raw_fixed/3ryj_3ryj_conf0.sdf,45acd28d7e590c0143a0fc7c5dee78b9ffb87238490b0cd0f55223d32e7aa9b3,0
d3cbacdc3b30703fbeb6cea2fe79e731898dfe0b6258990f43f41bad3176690c,flowr_raw_fixed,3syr_3syr_conf0,725,690,/mnt/weka/vtarasov/code/flowr_root/casf_benchmark_runs/flowr_core/generation/flowr_raw_fixed/3syr_3syr_conf0.sdf,6e2714ec921a2d6abb2b72d38b26ca10907f2fb9c890244fd588c00f75c3dbf8,0
f8c3255511564390b5fc0039c3306fd87c532d09730098fb8bca28837d859341,flowr_raw_fixed,3twp_3twp_conf0,1000,990,/mnt/weka/vtarasov/code/flowr_root/casf_benchmark_runs/flowr_core/generation/flowr_raw_fixed/3twp_3twp_conf0.sdf,0ed5ecb869cc5b1a65428c7d255fcc780cf2a7749c7f2526a031bd65816173a4,0
5dda9979c067fecc00aa92fbc383ce0748a423162c83e600a345685c5b37e5cf,flowr_raw_fixed,3u5j_3u5j_conf0,1000,868,/mnt/weka/vtarasov/code/flowr_root/casf_benchmark_runs/flowr_core/generation/flowr_raw_fixed/3u5j_3u5j_conf0.sdf,c37f6203509d4ef0edd3300edb9c1f09d0c51cfe47704e7cb33a8ee2ea14313e,0
73dfe80a624ca2111e6cea6f332e31f9fe76107b0545604e9869528c35c50ee7,flowr_raw_fixed,3u8n_3u8n_conf0,1000,958,/mnt/weka/vtarasov/code/flowr_root/casf_benchmark_runs/flowr_core/generation/flowr_raw_fixed/3u8n_3u8n_conf0.sdf,b4ebb4b9a106ad0983cee7316a3173009f65e017f46748ecd00a10e392d3d80c,0
b25780372c7d88534e84b00d4db1301a1050cac948bf073036c252d29da8934d,flowr_raw_fixed,3uo4_3uo4_conf0,1000,893,/mnt/weka/vtarasov/code/flowr_root/casf_benchmark_runs/flowr_core/generation/flowr_raw_fixed/3uo4_3uo4_conf0.sdf,b0de7d3630b81ad1270d6b6d0de6bda4676e08cf82a403f7962d434573f9631b,0
438ff06d5c5746a5f15b8e5d7ed8d309c280eccb237b14ebb320c66ecb49ff49,flowr_raw_fixed,3up2_3up2_conf0,1000,936,/mnt/weka/vtarasov/code/flowr_root/casf_benchmark_runs/flowr_core/generation/flowr_raw_fixed/3up2_3up2_conf0.sdf,0388cf2d201d0e8b32b590a901b9e13ecd5981776c456b643b69d7a790fdba41,0
d706e4089a859beee4ef6320e1a5ac50af303759031338e7ee9f6a787109dd90,flowr_raw_fixed,3wtj_3wtj_conf0,1000,979,/mnt/weka/vtarasov/code/flowr_root/casf_benchmark_runs/flowr_core/generation/flowr_raw_fixed/3wtj_3wtj_conf0.sdf,b981a2cf7141eb7e4a153f0cb5a4595999f0fe755e666df39f657002344576f0,0
b3385438c8bd8f3a5e5892814c2d7c55a63c3c48c53cb449bd379cd6f02061e9,flowr_raw_fixed,3zdg_3zdg_conf0,1000,1000,/mnt/weka/vtarasov/code/flowr_root/casf_benchmark_runs/flowr_core/generation/flowr_raw_fixed/3zdg_3zdg_conf0.sdf,611851cc17567ab7f31574b92005538dec665eae3dcada2599b2d13f16afd9b9,0
5e14ee7327370e72015c19bcd144ae2ee3a801696af374d4aa17cffe3b7aef87,flowr_raw_fixed,4ddh_4ddh_conf0,1000,991,/mnt/weka/vtarasov/code/flowr_root/casf_benchmark_runs/flowr_core/generation/flowr_raw_fixed/4ddh_4ddh_conf0.sdf,219b036c853f40ef8cee35646971c5f350521f87a77973d4039e0ff1154b2db9,0
d83d0f265f308240c2107cc8d4652d52a3a9feab2d85823fee3f2a46e7f87f50,flowr_raw_fixed,4ddk_4ddk_conf0,1000,993,/mnt/weka/vtarasov/code/flowr_root/casf_benchmark_runs/flowr_core/generation/flowr_raw_fixed/4ddk_4ddk_conf0.sdf,f0340c3ffc185e858316ba2f28c11bd00cc650b88e7118bd57cc835e44a0602c,0
e22e0cf92b3a5ac276c72695b76b7e18fde1d01cb1c66115678ca4443a246d42,flowr_raw_fixed,4eor_4eor_conf0,1000,932,/mnt/weka/vtarasov/code/flowr_root/casf_benchmark_runs/flowr_core/generation/flowr_raw_fixed/4eor_4eor_conf0.sdf,7aceaa44a6d1a092c8ad8bf76d94560cb3045ddb27a30073a2967d817219ef36,0
3860470aa11af8d3a5d1b3d713656a141b7701ff5da14560f5baf72a7ec83a1c,flowr_raw_fixed,4f09_4f09_conf0,1000,964,/mnt/weka/vtarasov/code/flowr_root/casf_benchmark_runs/flowr_core/generation/flowr_raw_fixed/4f09_4f09_conf0.sdf,3161fe4b1cbedf6debdc37c34b47ac7ba6a46df62c8052ebc67d7188ba2f0b8a,0
11e789ea24b941cfffeee98fa780559735f63008a26f568b8e295e4caea42cc2,flowr_raw_fixed,4f2w_4f2w_conf0,996,964,/mnt/weka/vtarasov/code/flowr_root/casf_benchmark_runs/flowr_core/generation/flowr_raw_fixed/4f2w_4f2w_conf0.sdf,4b36320c83d6b32465cf57c71945a591cf1d7af37f9aae81aecd16e0776e86a7,0
137dfe0b1bbd00413b3f50877df57e860ddde541030f813d3a2922d41b8e9ae4,flowr_raw_fixed,4f9w_4f9w_conf0,1000,878,/mnt/weka/vtarasov/code/flowr_root/casf_benchmark_runs/flowr_core/generation/flowr_raw_fixed/4f9w_4f9w_conf0.sdf,4812f87273e32473f142e73bea12d3d85c8b7850be798a54e78337938168358f,0
8da8df53613ed2cf2275765592a3d73cddbbdeee9138151f088b227b1f9b71a0,flowr_raw_fixed,4hge_4hge_conf0,1000,934,/mnt/weka/vtarasov/code/flowr_root/casf_benchmark_runs/flowr_core/generation/flowr_raw_fixed/4hge_4hge_conf0.sdf,1455661b112b7f2fcf72368a5e33c568d079f34dff78abbdaf4866f4c061911a,0
b7a28ae22843de3dbe0036dab73622d775f1389de233915dbe0d2ca52ce6abce,flowr_raw_fixed,4j21_4j21_conf0,1000,934,/mnt/weka/vtarasov/code/flowr_root/casf_benchmark_runs/flowr_core/generation/flowr_raw_fixed/4j21_4j21_conf0.sdf,60c50c1ce1e974cc08cbe630b35835dcfb54724e9d5fc3b047b76098545d84fc,0
c4aa173e752d1d99880e2755561f76b903192c1f22573f97a63ef38364258592,flowr_raw_fixed,4j3l_4j3l_conf0,1000,875,/mnt/weka/vtarasov/code/flowr_root/casf_benchmark_runs/flowr_core/generation/flowr_raw_fixed/4j3l_4j3l_conf0.sdf,e13b81a239760a2b092b4ee7c141248595b6afeebd5d9b6a100702d9b03df5b4,0
018ef639aa4806ece12d63bca3c5731b479e671ea344d33c5bd37e26594c211f,flowr_raw_fixed,4jsz_4jsz_conf0,1000,993,/mnt/weka/vtarasov/code/flowr_root/casf_benchmark_runs/flowr_core/generation/flowr_raw_fixed/4jsz_4jsz_conf0.sdf,80bd98b63d763dda9e419fc2608c1687e4512a98d26e1f34f682ea22b3887fd2,0
3a08788c8349435f707dbb2392145de267f89359c9cb0a1cef18c13f1c89b081,flowr_raw_fixed,4jxs_4jxs_conf0,1000,969,/mnt/weka/vtarasov/code/flowr_root/casf_benchmark_runs/flowr_core/generation/flowr_raw_fixed/4jxs_4jxs_conf0.sdf,3383f7770f0656b57a4ce2287b4b129b62dd8559e680324d84665db69679a221,0
48eb81d1e439232cd084eb12c2948448d0c0134fbbdd4f18db900f620006e50c,flowr_raw_fixed,4k18_4k18_conf0,1000,920,/mnt/weka/vtarasov/code/flowr_root/casf_benchmark_runs/flowr_core/generation/flowr_raw_fixed/4k18_4k18_conf0.sdf,78ae95a41ef89efaf9fadef37fa815809de4f6e675e594bca2dd65cd2f414525,0
81c6012a3ec366ae7a817cb58fe8e3bd64774bdffe289a0603a0cd15936af4c4,flowr_raw_fixed,4k77_4k77_conf0,1000,940,/mnt/weka/vtarasov/code/flowr_root/casf_benchmark_runs/flowr_core/generation/flowr_raw_fixed/4k77_4k77_conf0.sdf,6bb203c6fd0d9cb47e728477c12b231c3bc308550f02e3c096b9605bc5cbea3b,0
4d931cc1f93ca2f234d992349e239c995b50613b7bebac4497e16e5355365071,flowr_raw_fixed,4kzq_4kzq_conf0,1000,954,/mnt/weka/vtarasov/code/flowr_root/casf_benchmark_runs/flowr_core/generation/flowr_raw_fixed/4kzq_4kzq_conf0.sdf,b840fb730de139a6fbf53ac2453f993da2aaaad90b4971cbe19afa427c61e07a,0
c9c7ad594830ecdca2c1b2ed1254afa053d57b984bb48e78eeb330da0f1007a8,flowr_raw_fixed,4kzu_4kzu_conf0,1000,928,/mnt/weka/vtarasov/code/flowr_root/casf_benchmark_runs/flowr_core/generation/flowr_raw_fixed/4kzu_4kzu_conf0.sdf,402a83d99bb719675618e45e70d8883d754b714009a1d06bdcf80bc7a3259b33,0
d1726f94988400dc9e262fe520857e0c366a35cce9b8e8654ce994643655511e,flowr_raw_fixed,4llx_4llx_conf0,1000,1000,/mnt/weka/vtarasov/code/flowr_root/casf_benchmark_runs/flowr_core/generation/flowr_raw_fixed/4llx_4llx_conf0.sdf,87b2d0b734861a33b5986ff982a843ab12c05310c183a12de655de927566903c,0
7121a053c243ee8f5fcd957e283fc1c3f833af64d47180018331dfdfb40ca92f,flowr_raw_fixed,4lzs_4lzs_conf0,1000,991,/mnt/weka/vtarasov/code/flowr_root/casf_benchmark_runs/flowr_core/generation/flowr_raw_fixed/4lzs_4lzs_conf0.sdf,6e6a246909931b55053e79311bb92eccfce6be26b93fc45e2dd3a8b55f21e901,0
38ba90d5c2db86690540f8cef49de6a0d97bcbe3c6ff635ffb432858e141167d,flowr_raw_fixed,4mgd_4mgd_conf0,1000,976,/mnt/weka/vtarasov/code/flowr_root/casf_benchmark_runs/flowr_core/generation/flowr_raw_fixed/4mgd_4mgd_conf0.sdf,9edb1a85968fe34d4e64a5b0ccdb5832494d641c1268f9904b7d6e6dc2db5b4c,0
d83acc0034eb7a5e239db1948185a371c06454bef8b00afedfdd9076b6154b65,flowr_raw_fixed,4ogj_4ogj_conf0,1000,794,/mnt/weka/vtarasov/code/flowr_root/casf_benchmark_runs/flowr_core/generation/flowr_raw_fixed/4ogj_4ogj_conf0.sdf,897a9939802e19b7978e8b7da96e043d4f3a5e78d9e568e92ddd65cac213d31b,0
fd4edcb9f048d964fb27c300822d494bd16dc2174564f7ef6cc0fb6dad5339fa,flowr_raw_fixed,5c28_5c28_conf0,1000,999,/mnt/weka/vtarasov/code/flowr_root/casf_benchmark_runs/flowr_core/generation/flowr_raw_fixed/5c28_5c28_conf0.sdf,a277a4f60b7e441e01e16735e232f90f91602bc810fe61202353b4bea4746d1e,0
c635733249ee8c4275e0bfbd53e2e039ff5caf099e8d52d271e0083102d85ee9,flowr_raw_fixed,5c2h_5c2h_conf0,1000,880,/mnt/weka/vtarasov/code/flowr_root/casf_benchmark_runs/flowr_core/generation/flowr_raw_fixed/5c2h_5c2h_conf0.sdf,79721519f614cb73d307292c15fc88d866ce061b1caeb4112a34150fe577537a,0
5b1a6c4ced66336d4254982e463190f27e1cfeed33ad43ae7e903158810b6599,qwen_1p7b_fsq_bigdata_step47023_fixed,1bcu_1bcu_conf0,1000,1000,/mnt/weka/vtarasov/outputs/casf_benchmark_runs/qwen_1p7b_fsq_bigdata_step47023_core/generation/qwen_1p7b_fsq_bigdata_step47023_fixed/1bcu_1bcu_conf0.sdf,977ae6c79ab44accc8e6b1695cc25e9c188a84d41bff322265ae4c5bced588c6,0
7016b70e166ee1ddfcbabec1a25caecd64854fb1df4d9cac97442afb9f006a26,qwen_1p7b_fsq_bigdata_step47023_fixed,1c5z_1c5z_conf0,1000,1000,/mnt/weka/vtarasov/outputs/casf_benchmark_runs/qwen_1p7b_fsq_bigdata_step47023_core/generation/qwen_1p7b_fsq_bigdata_step47023_fixed/1c5z_1c5z_conf0.sdf,fd57c2ccb2c038e337afedc7a0e50508cc08dcd98883814801b48474bf6bd230,0
5ad3569ead336b20fab989361ec4e91ecab01ec0f077eef3d78d7c2d128c8df6,qwen_1p7b_fsq_bigdata_step47023_fixed,1lpg_1lpg_conf0,1000,924,/mnt/weka/vtarasov/outputs/casf_benchmark_runs/qwen_1p7b_fsq_bigdata_step47023_core/generation/qwen_1p7b_fsq_bigdata_step47023_fixed/1lpg_1lpg_conf0.sdf,e8270cc2a83eae082bcfa7d3f566f9ef918fe13ea6dce2d9862be56e9d63471c,0
bee489eb660a4a249cbeac5fc884544e606f570773fc4c66e9d3802d927a0506,qwen_1p7b_fsq_bigdata_step47023_fixed,1mq6_1mq6_conf0,997,802,/mnt/weka/vtarasov/outputs/casf_benchmark_runs/qwen_1p7b_fsq_bigdata_step47023_core/generation/qwen_1p7b_fsq_bigdata_step47023_fixed/1mq6_1mq6_conf0.sdf,0c3b0cb5f5a675a06cf6253754312d0358e414a27c970b86987bb0356233622c,0
3d8fa8cb7fb626d7af1faee8315289ffa5f4dc93048698c8fc18b2787e4cc60b,qwen_1p7b_fsq_bigdata_step47023_fixed,1nc3_1nc3_conf0,999,937,/mnt/weka/vtarasov/outputs/casf_benchmark_runs/qwen_1p7b_fsq_bigdata_step47023_core/generation/qwen_1p7b_fsq_bigdata_step47023_fixed/1nc3_1nc3_conf0.sdf,d02575f47bb695654f3f6dda6628056e8a134a5f319e52f9c8af82cc510a7ecd,0
f731df2c08bb29ea4297a60b3c82ac639e0e70e8e1a692edd00ac3aacfd4f510,qwen_1p7b_fsq_bigdata_step47023_fixed,1o3f_1o3f_conf0,1000,1000,/mnt/weka/vtarasov/outputs/casf_benchmark_runs/qwen_1p7b_fsq_bigdata_step47023_core/generation/qwen_1p7b_fsq_bigdata_step47023_fixed/1o3f_1o3f_conf0.sdf,9d650416289505d3a97cb20c3e29f61250e73cbe7fce8af12daf714fcde6e5eb,0
f94d1492aa92f93bc1f3197f8f836080440ff459e84690ac4d363973d17d2b58,qwen_1p7b_fsq_bigdata_step47023_fixed,1o5b_1o5b_conf0,1000,1000,/mnt/weka/vtarasov/outputs/casf_benchmark_runs/qwen_1p7b_fsq_bigdata_step47023_core/generation/qwen_1p7b_fsq_bigdata_step47023_fixed/1o5b_1o5b_conf0.sdf,97797e7abafae59c01b2fd01ad979f5fc17b36960dc0412050f47491e14c948a,0
65e4d3b0b73d120f28de32af0acbfe489f923aea7532cc897177d63ebcd4ae85,qwen_1p7b_fsq_bigdata_step47023_fixed,1owh_1owh_conf0,1000,999,/mnt/weka/vtarasov/outputs/casf_benchmark_runs/qwen_1p7b_fsq_bigdata_step47023_core/generation/qwen_1p7b_fsq_bigdata_step47023_fixed/1owh_1owh_conf0.sdf,fe58ee79a8f3cfe5fb72b68bbe46b3f985ab19cf58b0084801be130348ef4b3b,0
ea0a3ecba4b81c1adcec784e12032e2dcc7d2030d193e73dc3c86ae24c17e772,qwen_1p7b_fsq_bigdata_step47023_fixed,1p1n_1p1n_conf0,1000,762,/mnt/weka/vtarasov/outputs/casf_benchmark_runs/qwen_1p7b_fsq_bigdata_step47023_core/generation/qwen_1p7b_fsq_bigdata_step47023_fixed/1p1n_1p1n_conf0.sdf,7d425306dfd992642229756d9e42b533c204df5e1c4a0d27666098edc4442a10,0
5f5ef28e2f79cdde19537bce050fc249c8d89299957ae589f6ed1e8709804e1a,qwen_1p7b_fsq_bigdata_step47023_fixed,1pxn_1pxn_conf0,1000,1000,/mnt/weka/vtarasov/outputs/casf_benchmark_runs/qwen_1p7b_fsq_bigdata_step47023_core/generation/qwen_1p7b_fsq_bigdata_step47023_fixed/1pxn_1pxn_conf0.sdf,c9dd48edce4557c544b8f186f3d380a4cab3085b389a412e73b9bbffd8339d10,0
ed2c4ed43aa727dedea347b03800ba1290fe992ac4e3c42999103cc8b0d02721,qwen_1p7b_fsq_bigdata_step47023_fixed,1sqa_1sqa_conf0,1000,994,/mnt/weka/vtarasov/outputs/casf_benchmark_runs/qwen_1p7b_fsq_bigdata_step47023_core/generation/qwen_1p7b_fsq_bigdata_step47023_fixed/1sqa_1sqa_conf0.sdf,93185e77e618a0a8bb6a1b2d4ff67da25c9cbdb247337bf6de9840f605135d0c,0
d09ae3eb50e7131f86ca28adc0f1c89dde98ae1daf81c6b7ec5e337b196af6ec,qwen_1p7b_fsq_bigdata_step47023_fixed,1uto_1uto_conf0,1000,1000,/mnt/weka/vtarasov/outputs/casf_benchmark_runs/qwen_1p7b_fsq_bigdata_step47023_core/generation/qwen_1p7b_fsq_bigdata_step47023_fixed/1uto_1uto_conf0.sdf,d33f7e8ecfdf8748b7de89ccad14cfbb9e55b0604df06c364a607b99de426b48,0
19fe6bb93ab183daf86a13e0581bc2dcb037db84e297a0bbf8634ec336939edb,qwen_1p7b_fsq_bigdata_step47023_fixed,1yc1_1yc1_conf0,1000,962,/mnt/weka/vtarasov/outputs/casf_benchmark_runs/qwen_1p7b_fsq_bigdata_step47023_core/generation/qwen_1p7b_fsq_bigdata_step47023_fixed/1yc1_1yc1_conf0.sdf,b160bbee2a5d6f9fd09efecbb4040b5af9382f470fa09b5fcb9d300cd0681fb1,0
81d04fd06869b1ad7de6535590557680b99dac4be20ca4742e9abeed84e3177d,qwen_1p7b_fsq_bigdata_step47023_fixed,1ydr_1ydr_conf0,1000,995,/mnt/weka/vtarasov/outputs/casf_benchmark_runs/qwen_1p7b_fsq_bigdata_step47023_core/generation/qwen_1p7b_fsq_bigdata_step47023_fixed/1ydr_1ydr_conf0.sdf,eebce8e32b33e96c56bcf0b92a8a4ee3f425d98a0d3ccb23a624b9a7f857a711,0
2a794896a4fe6eb94039525cc5799eb7df07cb24d42bbac9a84e50c816a48bf4,qwen_1p7b_fsq_bigdata_step47023_fixed,1ydt_1ydt_conf0,998,965,/mnt/weka/vtarasov/outputs/casf_benchmark_runs/qwen_1p7b_fsq_bigdata_step47023_core/generation/qwen_1p7b_fsq_bigdata_step47023_fixed/1ydt_1ydt_conf0.sdf,ab424db295eb77c6933a464991c4b4ca927f80fc9ef797696db06c4abc7a1b92,0
d323a1a10357607f65865e191309cd616dfa64499c6075a96e0f5599af53be2c,qwen_1p7b_fsq_bigdata_step47023_fixed,1z6e_1z6e_conf0,1000,990,/mnt/weka/vtarasov/outputs/casf_benchmark_runs/qwen_1p7b_fsq_bigdata_step47023_core/generation/qwen_1p7b_fsq_bigdata_step47023_fixed/1z6e_1z6e_conf0.sdf,1ebc8a203a8a973f364b1f7eff208c09ec946cad54aa0f2831cd9a9be475f9a1,0
6797b8d3aaf4868394ed7d6923fa4e7280934952be6e7b10ae156634f86fb6d0,qwen_1p7b_fsq_bigdata_step47023_fixed,1z95_1z95_conf0,1000,871,/mnt/weka/vtarasov/outputs/casf_benchmark_runs/qwen_1p7b_fsq_bigdata_step47023_core/generation/qwen_1p7b_fsq_bigdata_step47023_fixed/1z95_1z95_conf0.sdf,dd4e2dae5da2935a6780fd6e1ff7e64a260dd37db0ca040053931073edcd1c8d,0
a7cc45a59064da510e874cc9cb7854cb1b1b99ff83e6e8c823e00ac74225aebd,qwen_1p7b_fsq_bigdata_step47023_fixed,1z9g_1z9g_conf0,1000,890,/mnt/weka/vtarasov/outputs/casf_benchmark_runs/qwen_1p7b_fsq_bigdata_step47023_core/generation/qwen_1p7b_fsq_bigdata_step47023_fixed/1z9g_1z9g_conf0.sdf,9bae8f5bb8d2fb1e84fbbb75ba925a2df32f5344cfaedf8b5f44d44164f475a3,0
00108bf9a987a3ba6a6cfe1c0daec004301c4f770e13d3124cb915303aa52423,qwen_1p7b_fsq_bigdata_step47023_fixed,2br1_2br1_conf0,1000,989,/mnt/weka/vtarasov/outputs/casf_benchmark_runs/qwen_1p7b_fsq_bigdata_step47023_core/generation/qwen_1p7b_fsq_bigdata_step47023_fixed/2br1_2br1_conf0.sdf,5b1647a1456d84f4f8afd01c427fb9a477078d6e8053db87bfc74f06cbd27382,0
5386e82cc46efa8c59b9079f50aa5ff6dc427f979058a36eb52d68ac9efc0d58,qwen_1p7b_fsq_bigdata_step47023_fixed,2brb_2brb_conf0,1000,998,/mnt/weka/vtarasov/outputs/casf_benchmark_runs/qwen_1p7b_fsq_bigdata_step47023_core/generation/qwen_1p7b_fsq_bigdata_step47023_fixed/2brb_2brb_conf0.sdf,bed3690c48b03d9edff581b506a291b5be43bd28fdb32def85b3760a8ebee5ba,0
7e810729beca8216921e6f70acea075eb7b9e1a08d231ebc427b54808d4e5072,qwen_1p7b_fsq_bigdata_step47023_fixed,2c3i_2c3i_conf0,1000,988,/mnt/weka/vtarasov/outputs/casf_benchmark_runs/qwen_1p7b_fsq_bigdata_step47023_core/generation/qwen_1p7b_fsq_bigdata_step47023_fixed/2c3i_2c3i_conf0.sdf,e6e6081987917bbece96f55de6487a5c85de27a081a5568b441aba6041ca1b0b,0
a15340f4a11f4d8a8bdaae470f1f364f3647cb4dba0c641ce522fa2524ea0350,qwen_1p7b_fsq_bigdata_step47023_fixed,2fvd_2fvd_conf0,1000,963,/mnt/weka/vtarasov/outputs/casf_benchmark_runs/qwen_1p7b_fsq_bigdata_step47023_core/generation/qwen_1p7b_fsq_bigdata_step47023_fixed/2fvd_2fvd_conf0.sdf,d3748050da2fc795cfdf09ef0cb7008a3755d9223e9a19026f5a42420bb94090,0
fe2fb466f08f494131e23af72bba4e264c70d1cea6783a20d1b118ab20b80c35,qwen_1p7b_fsq_bigdata_step47023_fixed,2hb1_2hb1_conf0,1000,910,/mnt/weka/vtarasov/outputs/casf_benchmark_runs/qwen_1p7b_fsq_bigdata_step47023_core/generation/qwen_1p7b_fsq_bigdata_step47023_fixed/2hb1_2hb1_conf0.sdf,d47feee5ae589ea2c20798b607ea2408cc10427a387053013932ab4e7df077e3,0
357c4ed321bedf6b5a219a9614e8bfa71e4b87ac6fa184ef7e8ecab036d2f197,qwen_1p7b_fsq_bigdata_step47023_fixed,2p4y_2p4y_conf0,998,868,/mnt/weka/vtarasov/outputs/casf_benchmark_runs/qwen_1p7b_fsq_bigdata_step47023_core/generation/qwen_1p7b_fsq_bigdata_step47023_fixed/2p4y_2p4y_conf0.sdf,3de2726328033758a53bef65002d38966e66d7bdf6b88060aa4336aeeade63e6,0
2b66510f3b357aed168ecbd078f6234e121c9590dfe5a492318ecca3afa997d3,qwen_1p7b_fsq_bigdata_step47023_fixed,2pog_2pog_conf0,1000,969,/mnt/weka/vtarasov/outputs/casf_benchmark_runs/qwen_1p7b_fsq_bigdata_step47023_core/generation/qwen_1p7b_fsq_bigdata_step47023_fixed/2pog_2pog_conf0.sdf,6d6953d89d0c381b70454acc8c74e1d9bce18cf81d67f60f84a0348dc492b863,0
25baf69e73f2f41d5aae18f637abc8ddaa9eeaf1cc66da728c7990d0a2a2061f,qwen_1p7b_fsq_bigdata_step47023_fixed,2qbp_2qbp_conf0,1000,983,/mnt/weka/vtarasov/outputs/casf_benchmark_runs/qwen_1p7b_fsq_bigdata_step47023_core/generation/qwen_1p7b_fsq_bigdata_step47023_fixed/2qbp_2qbp_conf0.sdf,5154fdb2b70ec1b07ddbfea1ec43b5c13b7b682755d8140d2ea419e52ce8dfeb,0
9dc018d59f0b813c38ce0018a91a0632a405bfdd69201f076672f8bbb5e24280,qwen_1p7b_fsq_bigdata_step47023_fixed,2qbq_2qbq_conf0,1000,965,/mnt/weka/vtarasov/outputs/casf_benchmark_runs/qwen_1p7b_fsq_bigdata_step47023_core/generation/qwen_1p7b_fsq_bigdata_step47023_fixed/2qbq_2qbq_conf0.sdf,52bdf42d386193f59da8106b33559e81d2468cef2c8f6336afa1a29418e7dced,0
ab37ef0bb49738ce459a91c49dd4594f248e5aaa312711af244c0a5354454032,qwen_1p7b_fsq_bigdata_step47023_fixed,2qbr_2qbr_conf0,1000,985,/mnt/weka/vtarasov/outputs/casf_benchmark_runs/qwen_1p7b_fsq_bigdata_step47023_core/generation/qwen_1p7b_fsq_bigdata_step47023_fixed/2qbr_2qbr_conf0.sdf,66e24f0ab22e8fb150d55141651bd851980ad638deb0a89c0279d5e79399d4fe,0
63302c7a4f08f4295a790d73c73793648c1165732d2c277b43dc5890231e4143,qwen_1p7b_fsq_bigdata_step47023_fixed,2v00_2v00_conf0,999,999,/mnt/weka/vtarasov/outputs/casf_benchmark_runs/qwen_1p7b_fsq_bigdata_step47023_core/generation/qwen_1p7b_fsq_bigdata_step47023_fixed/2v00_2v00_conf0.sdf,6115efa502c43e527b6567a4b3be2bef94838b52f9fa70b727bef6cd01cdaf65,0
0db8ea300ae87433001652960f6a6ebdd22e2229ebd57f45784c89e7fb16cb36,qwen_1p7b_fsq_bigdata_step47023_fixed,2wn9_2wn9_conf0,1000,994,/mnt/weka/vtarasov/outputs/casf_benchmark_runs/qwen_1p7b_fsq_bigdata_step47023_core/generation/qwen_1p7b_fsq_bigdata_step47023_fixed/2wn9_2wn9_conf0.sdf,046156d271d6193d0516997fd161f2dd2ffe8a4288c2fa5b64d748d85e866dcb,0
483e48b0544dc09fe09c76721d87997bd318dcf91ce651947ab1915cc5bafff6,qwen_1p7b_fsq_bigdata_step47023_fixed,2wtv_2wtv_conf0,1000,1000,/mnt/weka/vtarasov/outputs/casf_benchmark_runs/qwen_1p7b_fsq_bigdata_step47023_core/generation/qwen_1p7b_fsq_bigdata_step47023_fixed/2wtv_2wtv_conf0.sdf,0b9261429bbc7f7447d2d8672de65912fe452c5c3171f7b5a096dde45162b721,0
49afec78e75313448f9c209487c3ca3a953f84d593f3899e67dc1260efcda100,qwen_1p7b_fsq_bigdata_step47023_fixed,2xdl_2xdl_conf0,1000,1000,/mnt/weka/vtarasov/outputs/casf_benchmark_runs/qwen_1p7b_fsq_bigdata_step47023_core/generation/qwen_1p7b_fsq_bigdata_step47023_fixed/2xdl_2xdl_conf0.sdf,bc98da640dd54aba30fd9a1a78c072582ea6c11bf9498b1c0971cd7c867cb4bf,0
4945932567ef9383ba5d038f0afdb37d3ba05fc7f5d82911b363a6bcb1f5c3e4,qwen_1p7b_fsq_bigdata_step47023_fixed,2xnb_2xnb_conf0,1000,1000,/mnt/weka/vtarasov/outputs/casf_benchmark_runs/qwen_1p7b_fsq_bigdata_step47023_core/generation/qwen_1p7b_fsq_bigdata_step47023_fixed/2xnb_2xnb_conf0.sdf,064a76e5d3eccf1f408ad9550e292f0cfeaa331b4deb1eb345366226df45a236,0
79af021471c3447ba895509692cd91a3f980433a344a4af43e33eec9ad3729a7,qwen_1p7b_fsq_bigdata_step47023_fixed,2yfe_2yfe_conf0,999,989,/mnt/weka/vtarasov/outputs/casf_benchmark_runs/qwen_1p7b_fsq_bigdata_step47023_core/generation/qwen_1p7b_fsq_bigdata_step47023_fixed/2yfe_2yfe_conf0.sdf,c28a9206439bb9f7528a4fc8d283b381c6878c146252ed7de8a1816876ad98ef,0
a6b7ca5db1049e9dce4d71cb78a3e0472b50f5480c202c604d1a5c18600f1804,qwen_1p7b_fsq_bigdata_step47023_fixed,2ymd_2ymd_conf0,1000,1000,/mnt/weka/vtarasov/outputs/casf_benchmark_runs/qwen_1p7b_fsq_bigdata_step47023_core/generation/qwen_1p7b_fsq_bigdata_step47023_fixed/2ymd_2ymd_conf0.sdf,79fcacc388230d34e0503ee04000320d892b4aaa632444c6ac3ecfb9cc50b2bf,0
d02cb9c37aaa3ee6a9c6fec4a3ca8715f8ca74d5435411ede3904fd434172ae6,qwen_1p7b_fsq_bigdata_step47023_fixed,2zb1_2zb1_conf0,1000,998,/mnt/weka/vtarasov/outputs/casf_benchmark_runs/qwen_1p7b_fsq_bigdata_step47023_core/generation/qwen_1p7b_fsq_bigdata_step47023_fixed/2zb1_2zb1_conf0.sdf,51eba9f8a4221a56bfa5ecc044ee4ad40bd936c08cecf6ee5bc5178287db54d6,0
2604cc01eb852e2e2089804558242ed4938e36a87a05d1f1a87e518c9c46d87d,qwen_1p7b_fsq_bigdata_step47023_fixed,2zcq_2zcq_conf0,1000,953,/mnt/weka/vtarasov/outputs/casf_benchmark_runs/qwen_1p7b_fsq_bigdata_step47023_core/generation/qwen_1p7b_fsq_bigdata_step47023_fixed/2zcq_2zcq_conf0.sdf,64a344c411b1346b809ac8c6a4cae37951e09861bf8f11d96f73901869497020,0
d894fe71395ec72a1ad8c30c46100324d115b2a3add20b43449f7b6c7eb7d340,qwen_1p7b_fsq_bigdata_step47023_fixed,2zcr_2zcr_conf0,999,961,/mnt/weka/vtarasov/outputs/casf_benchmark_runs/qwen_1p7b_fsq_bigdata_step47023_core/generation/qwen_1p7b_fsq_bigdata_step47023_fixed/2zcr_2zcr_conf0.sdf,bbafb343331111b49fb0649c63c510d83b314aa2925a02909b6dca4c415165fb,0
14a59be042c02db50c70a3dd1be939aeb2cfc08b4f1194baca96da2cef48e20c,qwen_1p7b_fsq_bigdata_step47023_fixed,2zy1_2zy1_conf0,1000,989,/mnt/weka/vtarasov/outputs/casf_benchmark_runs/qwen_1p7b_fsq_bigdata_step47023_core/generation/qwen_1p7b_fsq_bigdata_step47023_fixed/2zy1_2zy1_conf0.sdf,1ebb3db11d6497ebb6c797c5f07d1eff1c81e595de1bcd4aa46bd25d3663bb2c,0
166a852900ad0dd917663676d60f11ce6ab8a42876b995d68cb53dd3f65eb445,qwen_1p7b_fsq_bigdata_step47023_fixed,3aru_3aru_conf0,999,971,/mnt/weka/vtarasov/outputs/casf_benchmark_runs/qwen_1p7b_fsq_bigdata_step47023_core/generation/qwen_1p7b_fsq_bigdata_step47023_fixed/3aru_3aru_conf0.sdf,240d7d9e4137ca5a558210e15b0228e0b30aa8c7c368e87ea3d432769a7a67e7,0
dfa9d7ff49efbbdc0720b494c55af547da96c95e3d1f5ff5d0d14ab62c492007,qwen_1p7b_fsq_bigdata_step47023_fixed,3ary_3ary_conf0,1000,1000,/mnt/weka/vtarasov/outputs/casf_benchmark_runs/qwen_1p7b_fsq_bigdata_step47023_core/generation/qwen_1p7b_fsq_bigdata_step47023_fixed/3ary_3ary_conf0.sdf,633fa5da370b46231c94638c0c739fdfd0ff62654b7b258502a4b07907d0132c,0
f49f3b4d222a5701aec44b497c884d4e8433a6e550988e4ae9e81560e85f99fe,qwen_1p7b_fsq_bigdata_step47023_fixed,3b27_3b27_conf0,1000,1000,/mnt/weka/vtarasov/outputs/casf_benchmark_runs/qwen_1p7b_fsq_bigdata_step47023_core/generation/qwen_1p7b_fsq_bigdata_step47023_fixed/3b27_3b27_conf0.sdf,f5e9a67b2c94458366447efbcf8e99b6be1376ee6675473c4a7bca17be4cf39d,0
a9d862bcd6e1ad3bf7f1a26bc1e005e67562e98a3ca92589694fb77fc556e674,qwen_1p7b_fsq_bigdata_step47023_fixed,3b5r_3b5r_conf0,999,965,/mnt/weka/vtarasov/outputs/casf_benchmark_runs/qwen_1p7b_fsq_bigdata_step47023_core/generation/qwen_1p7b_fsq_bigdata_step47023_fixed/3b5r_3b5r_conf0.sdf,b45dcbe550d7a8394613358da6c048788723d9afeaff5b5f2ec5e66b77bb9b7d,0
adda38e3937524eb0da72f083b2007d028ed48664c0e6d06a24443a719f48625,qwen_1p7b_fsq_bigdata_step47023_fixed,3b65_3b65_conf0,1000,968,/mnt/weka/vtarasov/outputs/casf_benchmark_runs/qwen_1p7b_fsq_bigdata_step47023_core/generation/qwen_1p7b_fsq_bigdata_step47023_fixed/3b65_3b65_conf0.sdf,fd14e4abc0a77daa7321fbeb202677747505f1afa8a251e4f5994f37a20aaf34,0
021c82511df777cdf93218da1ba4c74f2392bfbd95164a485ff9983fa6f392a2,qwen_1p7b_fsq_bigdata_step47023_fixed,3bgz_3bgz_conf0,1000,1000,/mnt/weka/vtarasov/outputs/casf_benchmark_runs/qwen_1p7b_fsq_bigdata_step47023_core/generation/qwen_1p7b_fsq_bigdata_step47023_fixed/3bgz_3bgz_conf0.sdf,1e0bc0e1f44ff6f5a6a573378358b430060ac9dcb78a66427d005c0b354fd192,0
7e37e928ea6d15582b5d80947574eeacf5bd871aa25def601ad1f697f913f857,qwen_1p7b_fsq_bigdata_step47023_fixed,3cj4_3cj4_conf0,999,791,/mnt/weka/vtarasov/outputs/casf_benchmark_runs/qwen_1p7b_fsq_bigdata_step47023_core/generation/qwen_1p7b_fsq_bigdata_step47023_fixed/3cj4_3cj4_conf0.sdf,d21dc886cddc6d53ebcfdf404c22a5d24015f0c18a9fc47a0e5d9ff8152a3e00,0
2b6d4d9b745510a98042e302176dd7a11a4730c50131693d36465be3d0d166a5,qwen_1p7b_fsq_bigdata_step47023_fixed,3dd0_3dd0_conf0,1000,1000,/mnt/weka/vtarasov/outputs/casf_benchmark_runs/qwen_1p7b_fsq_bigdata_step47023_core/generation/qwen_1p7b_fsq_bigdata_step47023_fixed/3dd0_3dd0_conf0.sdf,fc41f972b80e7aabb0365e2ead1035c70398a91f12bd36384dcd440d5a5e1a23,0
bb734952d02940bf81252ce2093a9735ab4a044ee1691a22e4ec788af2172d6d,qwen_1p7b_fsq_bigdata_step47023_fixed,3e92_3e92_conf0,1000,997,/mnt/weka/vtarasov/outputs/casf_benchmark_runs/qwen_1p7b_fsq_bigdata_step47023_core/generation/qwen_1p7b_fsq_bigdata_step47023_fixed/3e92_3e92_conf0.sdf,5c778fc14fd07e618c1983b55d73e21242f225a10bb5504ded8efe4dc665e366,0
c31b6446246c976dff742709d5328cb34e72cd9b5979410608b116154cd611f2,qwen_1p7b_fsq_bigdata_step47023_fixed,3e93_3e93_conf0,1000,1000,/mnt/weka/vtarasov/outputs/casf_benchmark_runs/qwen_1p7b_fsq_bigdata_step47023_core/generation/qwen_1p7b_fsq_bigdata_step47023_fixed/3e93_3e93_conf0.sdf,db7cdf33a6152cb44cc57de040f91c99ad076fe5c2769ebd1d65ebeec2163da0,0
7ac82b354933406537f1ec37642e3e72884ecfeaf63b314a9967c48196e7805d,qwen_1p7b_fsq_bigdata_step47023_fixed,3ehy_3ehy_conf0,1000,976,/mnt/weka/vtarasov/outputs/casf_benchmark_runs/qwen_1p7b_fsq_bigdata_step47023_core/generation/qwen_1p7b_fsq_bigdata_step47023_fixed/3ehy_3ehy_conf0.sdf,e4852fa829b1a065ab81b907208af361e46af419701128adfea3b1125b7f968b,0
e5803d879a3351c168c337b3036dd754952e4a534822cd04c1ef3e733cf127f6,qwen_1p7b_fsq_bigdata_step47023_fixed,3fcq_3fcq_conf0,1000,916,/mnt/weka/vtarasov/outputs/casf_benchmark_runs/qwen_1p7b_fsq_bigdata_step47023_core/generation/qwen_1p7b_fsq_bigdata_step47023_fixed/3fcq_3fcq_conf0.sdf,070d51139afb7b8e9844f0980c21a3b19ead0b20292d56d7e735e0f73d30be00,0
5e1f5bacf2162d302006486c3ea07a2258f92a02b1eb2b481b6c87587dab6cec,qwen_1p7b_fsq_bigdata_step47023_fixed,3fur_3fur_conf0,1000,977,/mnt/weka/vtarasov/outputs/casf_benchmark_runs/qwen_1p7b_fsq_bigdata_step47023_core/generation/qwen_1p7b_fsq_bigdata_step47023_fixed/3fur_3fur_conf0.sdf,c2c0e2656df16d52580ec05bc4b5600bec62f536bd766c10c5ab6f32c443683a,0
87475c4f67fae3bd79bcfa0c3ea15c415ca87c2fe746574a5d56ae765998bed3,qwen_1p7b_fsq_bigdata_step47023_fixed,3g2z_3g2z_conf0,1000,1000,/mnt/weka/vtarasov/outputs/casf_benchmark_runs/qwen_1p7b_fsq_bigdata_step47023_core/generation/qwen_1p7b_fsq_bigdata_step47023_fixed/3g2z_3g2z_conf0.sdf,f5b292b630b7821cb1110e1e97b63b39d792dd6da5772ef24cd28df99b03200e,0
e99e5e3b592c06b8560dc63bf12303cbb308ca87ce5a20ff9171f7a4efd0ebce,qwen_1p7b_fsq_bigdata_step47023_fixed,3g31_3g31_conf0,1000,960,/mnt/weka/vtarasov/outputs/casf_benchmark_runs/qwen_1p7b_fsq_bigdata_step47023_core/generation/qwen_1p7b_fsq_bigdata_step47023_fixed/3g31_3g31_conf0.sdf,5113a13488a0e35c804aa86fe7ea6b0420218efff7963501e40d8a66aee0642a,0
dda37b5b80dfb5c1ef38d32f16ec54a2b61dba3b9c6cdce29d6a72c17d4b05c8,qwen_1p7b_fsq_bigdata_step47023_fixed,3gy4_3gy4_conf0,1000,1000,/mnt/weka/vtarasov/outputs/casf_benchmark_runs/qwen_1p7b_fsq_bigdata_step47023_core/generation/qwen_1p7b_fsq_bigdata_step47023_fixed/3gy4_3gy4_conf0.sdf,1fe2bae9779d7075f0aea563edb56ce2073b66562dc2cad37693ea43f328de5e,0
6b181b892ef14d177d827b5251bcd008bd87319c1394d15739458b1e6ba0b2cf,qwen_1p7b_fsq_bigdata_step47023_fixed,3jvs_3jvs_conf0,1000,947,/mnt/weka/vtarasov/outputs/casf_benchmark_runs/qwen_1p7b_fsq_bigdata_step47023_core/generation/qwen_1p7b_fsq_bigdata_step47023_fixed/3jvs_3jvs_conf0.sdf,296856449a45a397b414742bdef35cba7246c63722df16d61a66569d58180752,0
2d5ee0104f3d354ad8807716b26950c1f599132924fba06c6e04ca1c74ce6b3d,qwen_1p7b_fsq_bigdata_step47023_fixed,3k5v_3k5v_conf0,1000,999,/mnt/weka/vtarasov/outputs/casf_benchmark_runs/qwen_1p7b_fsq_bigdata_step47023_core/generation/qwen_1p7b_fsq_bigdata_step47023_fixed/3k5v_3k5v_conf0.sdf,77df5107d800f327ffd27e76a2c52a0d20597b550e08469af5c82c1ab58fd235,0
1fd32cef5b23a0f19d8b3da0500d76303d35bbe87301118198d7023e101f0195,qwen_1p7b_fsq_bigdata_step47023_fixed,3kgp_3kgp_conf0,1000,1000,/mnt/weka/vtarasov/outputs/casf_benchmark_runs/qwen_1p7b_fsq_bigdata_step47023_core/generation/qwen_1p7b_fsq_bigdata_step47023_fixed/3kgp_3kgp_conf0.sdf,5cd8a1f7cfd04d459aab58d62d2bd516bd57ce6741bdfad33db1286a81669c72,0
38cc3f6896f875721165d4226e5378b99986bdc8d04efc8f66f9b4b75c9a076d,qwen_1p7b_fsq_bigdata_step47023_fixed,3lka_3lka_conf0,1000,1000,/mnt/weka/vtarasov/outputs/casf_benchmark_runs/qwen_1p7b_fsq_bigdata_step47023_core/generation/qwen_1p7b_fsq_bigdata_step47023_fixed/3lka_3lka_conf0.sdf,da67acb54e03b3bbebd7e90e5059d2e7cada2fb6e087346a356d2e3c789d07e6,0
c685840d95b24d98162480e1ed134a1edcdcdd4cbb59e4e68716ed9cd7fbb904,qwen_1p7b_fsq_bigdata_step47023_fixed,3nx7_3nx7_conf0,1000,949,/mnt/weka/vtarasov/outputs/casf_benchmark_runs/qwen_1p7b_fsq_bigdata_step47023_core/generation/qwen_1p7b_fsq_bigdata_step47023_fixed/3nx7_3nx7_conf0.sdf,eab51009e12856c4898c0b84e672097687cf8c9ad4e9f59c0ab79f1004d3b272,0
efe5300fbc1e164143eafade37dd278f5ec54480de46384b892f65a123407991,qwen_1p7b_fsq_bigdata_step47023_fixed,3pxf_3pxf_conf0,1000,976,/mnt/weka/vtarasov/outputs/casf_benchmark_runs/qwen_1p7b_fsq_bigdata_step47023_core/generation/qwen_1p7b_fsq_bigdata_step47023_fixed/3pxf_3pxf_conf0.sdf,e341fdd726c7d58a32dd54a8f6f70e40a7b9fa679c91fdb59a4321ee5dd19de2,0
6ff50828cb133fd3e74c92bfdb64a000c94e424010799f5482fe832cded45d2b,qwen_1p7b_fsq_bigdata_step47023_fixed,3qqs_3qqs_conf0,1000,985,/mnt/weka/vtarasov/outputs/casf_benchmark_runs/qwen_1p7b_fsq_bigdata_step47023_core/generation/qwen_1p7b_fsq_bigdata_step47023_fixed/3qqs_3qqs_conf0.sdf,671219242cf9b0b439bfe4959340dfd93b86a8f5d8c065c0c5a9a31452cd8a5e,0
7f826aebe1bfd049247e5825b9f651a55bf4395206d5e4ca864ca5aef0d1fc72,qwen_1p7b_fsq_bigdata_step47023_fixed,3rlr_3rlr_conf0,1000,979,/mnt/weka/vtarasov/outputs/casf_benchmark_runs/qwen_1p7b_fsq_bigdata_step47023_core/generation/qwen_1p7b_fsq_bigdata_step47023_fixed/3rlr_3rlr_conf0.sdf,3036f62f7eb1474bdf4692e434e50ec92ec9f6a0ad4e3f93b3af2e8a08afa46f,0
b73df2d43f88e09793346d227aea7f491f2cb6c60b6954b47e6c91481c5ca155,qwen_1p7b_fsq_bigdata_step47023_fixed,3rsx_3rsx_conf0,1000,1000,/mnt/weka/vtarasov/outputs/casf_benchmark_runs/qwen_1p7b_fsq_bigdata_step47023_core/generation/qwen_1p7b_fsq_bigdata_step47023_fixed/3rsx_3rsx_conf0.sdf,8c70ae0daee3dc7df8f649f1c4e58e3dcec659c3e49c410b5b70b2f0d0bf95ac,0
4abb7913aea375a470b653357e55c42887042e61a6deed8815a05122de576524,qwen_1p7b_fsq_bigdata_step47023_fixed,3ryj_3ryj_conf0,1000,998,/mnt/weka/vtarasov/outputs/casf_benchmark_runs/qwen_1p7b_fsq_bigdata_step47023_core/generation/qwen_1p7b_fsq_bigdata_step47023_fixed/3ryj_3ryj_conf0.sdf,97c44c6bfad513d7965f5ed7b630a8688e9b6c5e723aec63d9a1fef7f6e85b7a,0
da9d053e332e3438bf4934f13663df19d30e5e7341a4fe6f42e5d1984e8d954d,qwen_1p7b_fsq_bigdata_step47023_fixed,3syr_3syr_conf0,1000,871,/mnt/weka/vtarasov/outputs/casf_benchmark_runs/qwen_1p7b_fsq_bigdata_step47023_core/generation/qwen_1p7b_fsq_bigdata_step47023_fixed/3syr_3syr_conf0.sdf,0a01607a71947f1be6ecb5aad135a90502ef21f6848164b358fd37df712ca70e,0
2e832ef68eb0739fa4a04416e514fdf73a09b0f45d4482ee4958605f9595ff46,qwen_1p7b_fsq_bigdata_step47023_fixed,3twp_3twp_conf0,1000,1000,/mnt/weka/vtarasov/outputs/casf_benchmark_runs/qwen_1p7b_fsq_bigdata_step47023_core/generation/qwen_1p7b_fsq_bigdata_step47023_fixed/3twp_3twp_conf0.sdf,082e8498ec81c28ec185f22388d8ef9c5c55d06a71a8b5ccdac331f0db9352d0,0
c00f99c7c1d6cb8423cb02b14ba6a41c68ad42a37fde7ad5657c332850f92ba4,qwen_1p7b_fsq_bigdata_step47023_fixed,3u5j_3u5j_conf0,999,999,/mnt/weka/vtarasov/outputs/casf_benchmark_runs/qwen_1p7b_fsq_bigdata_step47023_core/generation/qwen_1p7b_fsq_bigdata_step47023_fixed/3u5j_3u5j_conf0.sdf,7b934ef2207b2e346d58fd321bbd0afddbc14ffb0bb0a4cacec8399080184f0b,0
ca72a4cd2d39c6d265d3b926f17466ffb43b2a371dda3895497d8702ec4d38d7,qwen_1p7b_fsq_bigdata_step47023_fixed,3u8n_3u8n_conf0,999,999,/mnt/weka/vtarasov/outputs/casf_benchmark_runs/qwen_1p7b_fsq_bigdata_step47023_core/generation/qwen_1p7b_fsq_bigdata_step47023_fixed/3u8n_3u8n_conf0.sdf,d6f6ac92a38173085181e01361140ccb272dc21af54ca090b580ee640997e802,0
5c887d8dd70e2b03c6057f673b96b236cc7593486a23ec4933db76de49b7e9e9,qwen_1p7b_fsq_bigdata_step47023_fixed,3uo4_3uo4_conf0,1000,995,/mnt/weka/vtarasov/outputs/casf_benchmark_runs/qwen_1p7b_fsq_bigdata_step47023_core/generation/qwen_1p7b_fsq_bigdata_step47023_fixed/3uo4_3uo4_conf0.sdf,feb3e3079a492eccc1925d0f448ac29228d93d6f311d71cb2a1d0b243c40788d,0
5a677a5d5ed094fb548a0639201bab3068d913e794a8a2238c55122ec0e9e923,qwen_1p7b_fsq_bigdata_step47023_fixed,3up2_3up2_conf0,1000,961,/mnt/weka/vtarasov/outputs/casf_benchmark_runs/qwen_1p7b_fsq_bigdata_step47023_core/generation/qwen_1p7b_fsq_bigdata_step47023_fixed/3up2_3up2_conf0.sdf,21835173f88a897a1612adcc394495f70879da13cd3565100e1c4e8173858c20,0
982b79a83512967a1562d66ebc52d2b6a44e2396dc53135c813e48a1f29412b4,qwen_1p7b_fsq_bigdata_step47023_fixed,3wtj_3wtj_conf0,999,997,/mnt/weka/vtarasov/outputs/casf_benchmark_runs/qwen_1p7b_fsq_bigdata_step47023_core/generation/qwen_1p7b_fsq_bigdata_step47023_fixed/3wtj_3wtj_conf0.sdf,da137c59accd651d4282e756f63a950157aac7e3cf6dc448af8d2b06fef2e490,0
6e891d13d291b717d2715b5054b30ef555198de8a101e518e343da10e281f46a,qwen_1p7b_fsq_bigdata_step47023_fixed,3zdg_3zdg_conf0,1000,961,/mnt/weka/vtarasov/outputs/casf_benchmark_runs/qwen_1p7b_fsq_bigdata_step47023_core/generation/qwen_1p7b_fsq_bigdata_step47023_fixed/3zdg_3zdg_conf0.sdf,fea232fc960a2e8a491e578dcf21a4e7373e1c5691eba9513e16cfbc350b4f60,0
337f79fbf88bd6b39bcf73f71e6c2637a46d3c8792e2287f9904eaa4086df46e,qwen_1p7b_fsq_bigdata_step47023_fixed,4ddh_4ddh_conf0,1000,1000,/mnt/weka/vtarasov/outputs/casf_benchmark_runs/qwen_1p7b_fsq_bigdata_step47023_core/generation/qwen_1p7b_fsq_bigdata_step47023_fixed/4ddh_4ddh_conf0.sdf,4a9756364de24bcf6db67f6fc736b1c5fe1a439c987cdb093a408fe38ca8b5dd,0
864717389a9871df10c3b5afd068887f185fbafcc7b7c3bad4e1f14c327fe157,qwen_1p7b_fsq_bigdata_step47023_fixed,4ddk_4ddk_conf0,1000,1000,/mnt/weka/vtarasov/outputs/casf_benchmark_runs/qwen_1p7b_fsq_bigdata_step47023_core/generation/qwen_1p7b_fsq_bigdata_step47023_fixed/4ddk_4ddk_conf0.sdf,d3de1458857d9cbed7ed69bbb07bed71025ae89f7083077ad15ac6e6182d766d,0
edd461679477e7a75dbd2d0f62dbdf42d5537abfb554a73b364d5ce8f6177abf,qwen_1p7b_fsq_bigdata_step47023_fixed,4eor_4eor_conf0,1000,998,/mnt/weka/vtarasov/outputs/casf_benchmark_runs/qwen_1p7b_fsq_bigdata_step47023_core/generation/qwen_1p7b_fsq_bigdata_step47023_fixed/4eor_4eor_conf0.sdf,c1ff1783a3164c91f89976a3d2a9090a31f0d88c64967d8bf737edce59e06577,0
13d27b6dad0aa47b314d6cb236d49b712bed1a70a053f33dd8e2069b8e69ccfe,qwen_1p7b_fsq_bigdata_step47023_fixed,4f09_4f09_conf0,1000,1000,/mnt/weka/vtarasov/outputs/casf_benchmark_runs/qwen_1p7b_fsq_bigdata_step47023_core/generation/qwen_1p7b_fsq_bigdata_step47023_fixed/4f09_4f09_conf0.sdf,37ad65ff4b967cd9d805d625234db1856da0053f2d8e310e16331403dec4eb97,0
41b3bed7c19965579c5a244975ea14409983c8a864866f90f103b900fe412aa5,qwen_1p7b_fsq_bigdata_step47023_fixed,4f2w_4f2w_conf0,1000,997,/mnt/weka/vtarasov/outputs/casf_benchmark_runs/qwen_1p7b_fsq_bigdata_step47023_core/generation/qwen_1p7b_fsq_bigdata_step47023_fixed/4f2w_4f2w_conf0.sdf,a1dc61c1f8149209edd920ed9383972262ec396c5fbc3927f4294d89387ca112,0
581173c00d979d7d7b77ce76e127d2d501ac79aa3c66987c6a38e3af5e3a46bd,qwen_1p7b_fsq_bigdata_step47023_fixed,4f9w_4f9w_conf0,1000,1000,/mnt/weka/vtarasov/outputs/casf_benchmark_runs/qwen_1p7b_fsq_bigdata_step47023_core/generation/qwen_1p7b_fsq_bigdata_step47023_fixed/4f9w_4f9w_conf0.sdf,80b04bba8c4d2a6d71cbc51f1de89254351bbd8f3647809fd2d376b9e6bf751f,0
85d1883c62c5ff2bbd190e1dc2d2977a05703a408f0caa42405213c8d1c58b24,qwen_1p7b_fsq_bigdata_step47023_fixed,4hge_4hge_conf0,1000,960,/mnt/weka/vtarasov/outputs/casf_benchmark_runs/qwen_1p7b_fsq_bigdata_step47023_core/generation/qwen_1p7b_fsq_bigdata_step47023_fixed/4hge_4hge_conf0.sdf,d0590a38aa37a02094355c2abefe4c7d11a5700b171f294afdaee74a77c2e10b,0
39d67bc38c3165b073c6e6e520e20ce0976e9042c88c3c27899a5ac47c4f73a8,qwen_1p7b_fsq_bigdata_step47023_fixed,4j21_4j21_conf0,1000,1000,/mnt/weka/vtarasov/outputs/casf_benchmark_runs/qwen_1p7b_fsq_bigdata_step47023_core/generation/qwen_1p7b_fsq_bigdata_step47023_fixed/4j21_4j21_conf0.sdf,266b63eead492fb7985a53d080b9a0a6bb2b98934d0f645db64dd41b47befa3b,0
e8474c125a6fc8ca12f53a8b17f957b32465aa5ae9489bcfd3676ecc2cbdef49,qwen_1p7b_fsq_bigdata_step47023_fixed,4j3l_4j3l_conf0,1000,1000,/mnt/weka/vtarasov/outputs/casf_benchmark_runs/qwen_1p7b_fsq_bigdata_step47023_core/generation/qwen_1p7b_fsq_bigdata_step47023_fixed/4j3l_4j3l_conf0.sdf,ff67f9d3f02be6d9fc0dff2805c3185d258b64568251e9b9e7e2c6857c1a61ee,0
d1b0a1181770404c57f0d4e37751cd07e264492a63975210003ba51d4a00909c,qwen_1p7b_fsq_bigdata_step47023_fixed,4jsz_4jsz_conf0,1000,1000,/mnt/weka/vtarasov/outputs/casf_benchmark_runs/qwen_1p7b_fsq_bigdata_step47023_core/generation/qwen_1p7b_fsq_bigdata_step47023_fixed/4jsz_4jsz_conf0.sdf,87fdbc22cc68c4bd00fc4614c86aaba73a5ea4012a32f32d9fe9bbf68b2fb9d7,0
af45760b5a9d81c251c85dde929c02dfd16e338ee5b26c669a4237e27945a22d,qwen_1p7b_fsq_bigdata_step47023_fixed,4jxs_4jxs_conf0,1000,935,/mnt/weka/vtarasov/outputs/casf_benchmark_runs/qwen_1p7b_fsq_bigdata_step47023_core/generation/qwen_1p7b_fsq_bigdata_step47023_fixed/4jxs_4jxs_conf0.sdf,2c191c4990bb36a148887290348dbde64122286bdee5420740d80c842b5b6b78,0
f1425ba814a26d1a6a0aa3c2a80715bd502449c67545feb38cb5488dead50ba2,qwen_1p7b_fsq_bigdata_step47023_fixed,4k18_4k18_conf0,1000,996,/mnt/weka/vtarasov/outputs/casf_benchmark_runs/qwen_1p7b_fsq_bigdata_step47023_core/generation/qwen_1p7b_fsq_bigdata_step47023_fixed/4k18_4k18_conf0.sdf,c9ae0a63b0fd3a88e3b12d8e9e87e481ef126c974581038ada351261576fd3fc,0
74e01427f372f96da35cc59e4792cb110eec3b993b531a10b41422d7cc253754,qwen_1p7b_fsq_bigdata_step47023_fixed,4k77_4k77_conf0,1000,1000,/mnt/weka/vtarasov/outputs/casf_benchmark_runs/qwen_1p7b_fsq_bigdata_step47023_core/generation/qwen_1p7b_fsq_bigdata_step47023_fixed/4k77_4k77_conf0.sdf,f9f5795e9fb30b628422cd11d8f8f2eb6afed06762759ef96a11613f4d590e93,0
b696b1c6f3dde5fdb8964d5a1b7223ce6f56ef663e3e0d84d7c4f75a573e0472,qwen_1p7b_fsq_bigdata_step47023_fixed,4kzq_4kzq_conf0,1000,1000,/mnt/weka/vtarasov/outputs/casf_benchmark_runs/qwen_1p7b_fsq_bigdata_step47023_core/generation/qwen_1p7b_fsq_bigdata_step47023_fixed/4kzq_4kzq_conf0.sdf,e500c52cf608b0a813d6350eeb1e1efeb4086ac2bf6807790659f89707268b5d,0
7f9fc59b096667de0b34a00dc2bc10776f87ce3c9c110280badf2a18c4d1e4a6,qwen_1p7b_fsq_bigdata_step47023_fixed,4kzu_4kzu_conf0,1000,1000,/mnt/weka/vtarasov/outputs/casf_benchmark_runs/qwen_1p7b_fsq_bigdata_step47023_core/generation/qwen_1p7b_fsq_bigdata_step47023_fixed/4kzu_4kzu_conf0.sdf,4fea8a8a9a9ffc2e9438b6c13a56b83be0a45dacd7430017212c580649146cad,0
fda6517e39814c5791e1c714d21424f19993959dd7cfcd4722fea174aabd4731,qwen_1p7b_fsq_bigdata_step47023_fixed,4llx_4llx_conf0,1000,1000,/mnt/weka/vtarasov/outputs/casf_benchmark_runs/qwen_1p7b_fsq_bigdata_step47023_core/generation/qwen_1p7b_fsq_bigdata_step47023_fixed/4llx_4llx_conf0.sdf,b6d6c96235cbb85ff251ee739cb1e0f5717d238145e8a1fd3bedba0eeeb17d1b,0
d0491983658d046b54acd0b5dc7f918696c74d6e04f1100f3016038ad11a952e,qwen_1p7b_fsq_bigdata_step47023_fixed,4lzs_4lzs_conf0,1000,1000,/mnt/weka/vtarasov/outputs/casf_benchmark_runs/qwen_1p7b_fsq_bigdata_step47023_core/generation/qwen_1p7b_fsq_bigdata_step47023_fixed/4lzs_4lzs_conf0.sdf,5bff78122c2072560584f0f435d14d4008ba586f1799511bf162b743dcf8e566,0
c5be7d56affc9141d7033483fa1a49470d8b9edac61c9b34f324d012221b721c,qwen_1p7b_fsq_bigdata_step47023_fixed,4mgd_4mgd_conf0,1000,999,/mnt/weka/vtarasov/outputs/casf_benchmark_runs/qwen_1p7b_fsq_bigdata_step47023_core/generation/qwen_1p7b_fsq_bigdata_step47023_fixed/4mgd_4mgd_conf0.sdf,9200c50b5e427eb793af79c0a1eff344510d7a9b904b6ee58d666bc86793863c,0
085f13146a8e01605686d1e123733ebde2e48b1822270f32d4b9bc900e9dd0c7,qwen_1p7b_fsq_bigdata_step47023_fixed,4ogj_4ogj_conf0,1000,850,/mnt/weka/vtarasov/outputs/casf_benchmark_runs/qwen_1p7b_fsq_bigdata_step47023_core/generation/qwen_1p7b_fsq_bigdata_step47023_fixed/4ogj_4ogj_conf0.sdf,c505b6cca88dbf727a91ba4ea13e38e65c2302ae847b82b9af3ba8e3a8fdc356,0
fd54cfad05939d99e944d6e5b690ca0b85a25782730d4ec092b96c6e750bb098,qwen_1p7b_fsq_bigdata_step47023_fixed,5c28_5c28_conf0,1000,1000,/mnt/weka/vtarasov/outputs/casf_benchmark_runs/qwen_1p7b_fsq_bigdata_step47023_core/generation/qwen_1p7b_fsq_bigdata_step47023_fixed/5c28_5c28_conf0.sdf,e0861af07629d4fd699fc9217519849ebd15aef6bac7286d88f996f2219920b8,0
1b24e9ae054fd0b4a4f814f0a95efe421c0a213ae6904eddcfd0d44a820f3c6c,qwen_1p7b_fsq_bigdata_step47023_fixed,5c2h_5c2h_conf0,1000,957,/mnt/weka/vtarasov/outputs/casf_benchmark_runs/qwen_1p7b_fsq_bigdata_step47023_core/generation/qwen_1p7b_fsq_bigdata_step47023_fixed/5c2h_5c2h_conf0.sdf,06a823ffe9720a00bdf1158eabe6dabf67b982d44853f6ec02ec9dcec25fc14a,0
