method,budget,threshold,recovery,ci_low,ci_high
rdkit_random_raw_fixed,10,0.5,0.3903649189415407,0.2989959575231047,0.4755583314309528
rdkit_random_raw_fixed,11,0.5,0.3989081603493453,0.3077500313191242,0.48480021089744657
rdkit_random_raw_fixed,12,0.5,0.4066061368991578,0.3148487191552677,0.4929254601266313
rdkit_random_raw_fixed,13,0.5,0.4135956495630089,0.32099573960338723,0.5001157147797961
rdkit_random_raw_fixed,14,0.5,0.4199841417030398,0.32723613633568793,0.5066921913662966
rdkit_random_raw_fixed,15,0.5,0.4258573940585199,0.3330503819208957,0.51341251332046
rdkit_random_raw_fixed,16,0.5,0.4312848181753472,0.3381026825558857,0.5195859847488032
rdkit_random_raw_fixed,17,0.5,0.4363232199111915,0.34240738075835203,0.5241527424254147
rdkit_random_raw_fixed,18,0.5,0.4410195497588427,0.3470996675533777,0.5288067531261497
rdkit_random_raw_fixed,20,0.5,0.4495363581025434,0.354859661621367,0.5370821717493213
rdkit_random_raw_fixed,22,0.5,0.45708057456683693,0.36303109009117956,0.5439989964271486
rdkit_random_raw_fixed,23,0.5,0.4605456287872472,0.366618373352666,0.547381305612665
rdkit_random_raw_fixed,25,0.5,0.4669505258461413,0.3729193071042875,0.5544003177800367
rdkit_random_raw_fixed,27,0.5,0.47274853517840015,0.37839578313401817,0.5604201609277266
rdkit_random_raw_fixed,29,0.5,0.47802973585506103,0.3828439006162548,0.5654100941704947
rdkit_random_raw_fixed,32,0.5,0.48513475439839043,0.3889263981408773,0.5739307337482602
rdkit_random_raw_fixed,34,0.5,0.48940704304608557,0.3929502499823829,0.5792660932920631
rdkit_random_raw_fixed,37,0.5,0.4952271404056541,0.39790736368547275,0.5851979781769572
rdkit_random_raw_fixed,40,0.5,0.5004435069382653,0.4033182552639017,0.5902411717963042
rdkit_random_raw_fixed,43,0.5,0.5051487124733336,0.4074150836461943,0.5961755805106731
rdkit_random_raw_fixed,46,0.5,0.5094170031154115,0.41175904053276824,0.6007082647838197
rdkit_random_raw_fixed,50,0.5,0.5145314035100631,0.41660540089973747,0.6049375322485488
rdkit_random_raw_fixed,54,0.5,0.5190906342901557,0.4204590198354966,0.6100442180342088
rdkit_random_raw_fixed,58,0.5,0.5231854567822611,0.4246015964037478,0.6140739483141631
rdkit_random_raw_fixed,63,0.5,0.5277600534206331,0.42981177619712446,0.6188361904735303
rdkit_random_raw_fixed,68,0.5,0.5318334475410982,0.433889021064141,0.6234128343665857
rdkit_random_raw_fixed,74,0.5,0.5361814904625374,0.4384240524107814,0.6282227662830039
rdkit_random_raw_fixed,79,0.5,0.5394339017677859,0.4419556724061043,0.6318934095959147
rdkit_random_raw_fixed,86,0.5,0.5435258458480787,0.446052032388893,0.6359926121296821
rdkit_random_raw_fixed,93,0.5,0.5471787597993447,0.44942322944348906,0.6396696500198786
rdkit_random_raw_fixed,100,0.5,0.5504770848002913,0.45229551059917206,0.6429310545761735
rdkit_random_raw_fixed,108,0.5,0.5538942940329372,0.4557058538129757,0.646433382786856
rdkit_random_raw_fixed,117,0.5,0.5573752542337097,0.45974990697429535,0.6495904555821499
rdkit_random_raw_fixed,126,0.5,0.560545296543414,0.4631531680610272,0.6526680540632728
rdkit_random_raw_fixed,136,0.5,0.5637721934356483,0.4664520819075077,0.6555502979887289
rdkit_random_raw_fixed,147,0.5,0.5670292282526815,0.4695341914692842,0.6581868926981567
rdkit_random_raw_fixed,158,0.5,0.570034795521434,0.4727275051769897,0.660815303507843
rdkit_random_raw_fixed,171,0.5,0.57331954824649,0.4758395165450567,0.6635416827964676
rdkit_random_raw_fixed,185,0.5,0.5765879352093319,0.47923767586187216,0.666490540805098
rdkit_random_raw_fixed,200,0.5,0.579831279459877,0.4822229450724781,0.6701561762292204
rdkit_random_raw_fixed,215,0.5,0.5828481033489961,0.48499830713594644,0.6733325186221207
rdkit_random_raw_fixed,233,0.5,0.5862131906536984,0.4881856926289458,0.6773446571002045
rdkit_random_raw_fixed,250,0.5,0.5891707305792325,0.4909098452806057,0.6800129026253183
rdkit_random_raw_fixed,251,0.5,0.5893386569368365,0.49106765165376853,0.6802102425165292
rdkit_random_raw_fixed,271,0.5,0.5925689114322865,0.49406131264274333,0.6835366437754395
rdkit_random_raw_fixed,293,0.5,0.5958667794900229,0.49743651293371993,0.686760298682244
rdkit_random_raw_fixed,316,0.5,0.5990667240714734,0.5011351854950794,0.6896372226482199
rdkit_random_raw_fixed,341,0.5,0.6022962615503203,0.5041498205014328,0.6924015815791924
rdkit_random_raw_fixed,369,0.5,0.6056481083784874,0.5080812214982601,0.6965951713950618
rdkit_random_raw_fixed,398,0.5,0.6088657717116277,0.5117018425686658,0.6994802671279499
rdkit_random_raw_fixed,430,0.5,0.6121599058970195,0.5153897688652931,0.7031952739293204
rdkit_random_raw_fixed,464,0.5,0.6154084264121111,0.5183106000280555,0.7070564721770349
rdkit_random_raw_fixed,500,0.5,0.6186077341734002,0.5211844242907776,0.7109419619908065
rdkit_random_raw_fixed,501,0.5,0.6186934401724341,0.5212384542055343,0.7110698646539625
rdkit_random_raw_fixed,541,0.5,0.6219961829795047,0.5245321963549254,0.7146267156390674
rdkit_random_raw_fixed,584,0.5,0.6253026241927311,0.5272781595945741,0.717421547955255
rdkit_random_raw_fixed,631,0.5,0.6286712253405639,0.5316781844730876,0.7201833306639717
rdkit_random_raw_fixed,681,0.5,0.6320142320314485,0.5356921890382141,0.7225778213325174
rdkit_random_raw_fixed,736,0.5,0.6354432880073585,0.5391103998101301,0.7261397052359426
rdkit_random_raw_fixed,794,0.5,0.6388095542844623,0.5420766695994317,0.7296575574555153
rdkit_random_raw_fixed,858,0.5,0.6422522331759423,0.545200040512352,0.7334932062868726
rdkit_random_raw_fixed,926,0.5,0.6456145947977306,0.5491373495824546,0.7390144179829321
rdkit_random_raw_fixed,1000,0.5,0.648936170212766,0.5531914893617019,0.7446808510638292
rdkit_random_raw_fixed,10,0.75,0.5470779460631915,0.4528164563729351,0.6328658030787986
rdkit_random_raw_fixed,11,0.75,0.556289173998438,0.46276449408956627,0.6419900539784001
rdkit_random_raw_fixed,12,0.75,0.5645203935927398,0.47175466935007687,0.6502316783803049
rdkit_random_raw_fixed,13,0.75,0.5719497137526453,0.4797615140145372,0.6580815280712137
rdkit_random_raw_fixed,14,0.75,0.5787122191092245,0.4875641480308689,0.6646378701771963
rdkit_random_raw_fixed,15,0.75,0.5849123408967687,0.4945523830649148,0.6711673092617284
rdkit_random_raw_fixed,16,0.75,0.5906321556596402,0.49996747890958093,0.6764170353278689
rdkit_random_raw_fixed,17,0.75,0.5959371174283705,0.5054785955369965,0.6814717423007067
rdkit_random_raw_fixed,18,0.75,0.6008801158677887,0.5114305606251204,0.6861794874038694
rdkit_random_raw_fixed,20,0.75,0.609845777128769,0.5194741040337122,0.6956917971734207
rdkit_random_raw_fixed,22,0.75,0.6177947297437232,0.5286828062729031,0.7036963073224675
rdkit_random_raw_fixed,23,0.75,0.6214490915462308,0.532960643568548,0.7075363962883401
rdkit_random_raw_fixed,25,0.75,0.6282106601214301,0.5401930523935027,0.7139470986113408
rdkit_random_raw_fixed,27,0.75,0.6343398049261448,0.5461704705828903,0.7207110208459327
rdkit_random_raw_fixed,29,0.75,0.6399299297871284,0.5521296653951608,0.7261424897294233
rdkit_random_raw_fixed,32,0.75,0.6474622615845861,0.5594118232034657,0.7342631927389566
rdkit_random_raw_fixed,34,0.75,0.651998452499277,0.5644499964108467,0.7389110988183252
rdkit_random_raw_fixed,37,0.75,0.6581873926739615,0.5706046851733425,0.7455752574162573
rdkit_random_raw_fixed,40,0.75,0.6637446750804122,0.5760743095869328,0.7505439374256415
rdkit_random_raw_fixed,43,0.75,0.6687671108731402,0.5810771305379018,0.7556738913658672
rdkit_random_raw_fixed,46,0.75,0.6733324403662627,0.5857197400716223,0.7605415589100114
rdkit_random_raw_fixed,50,0.75,0.6788163735935779,0.5911168939154416,0.7660940277955421
rdkit_random_raw_fixed,54,0.75,0.6837197300183082,0.595149723348228,0.7702260352338606
rdkit_random_raw_fixed,58,0.75,0.6881374707674146,0.6000631238720191,0.7739473608588731
rdkit_random_raw_fixed,63,0.75,0.6930907733304763,0.604383795613364,0.7782582087427474
rdkit_random_raw_fixed,68,0.75,0.697519556980742,0.6094163552360419,0.7830454874417857
rdkit_random_raw_fixed,74,0.75,0.7022681363381583,0.6137377679058322,0.7873433173792543
rdkit_random_raw_fixed,79,0.75,0.7058356160003117,0.6171895429965656,0.7908084139683766
rdkit_random_raw_fixed,86,0.75,0.7103435479496253,0.6213731227210817,0.7948766364512713
rdkit_random_raw_fixed,93,0.75,0.7143860659532468,0.6245585510933386,0.7984401191144684
rdkit_random_raw_fixed,100,0.75,0.7180498139558793,0.6279498064057057,0.802217692988709
rdkit_random_raw_fixed,108,0.75,0.7218569841684621,0.6321300837826896,0.8055477492362533
rdkit_random_raw_fixed,117,0.75,0.7257433687191822,0.6355797795397402,0.8099307840763815
rdkit_random_raw_fixed,126,0.75,0.7292854602582198,0.6399224304570995,0.812955641011506
rdkit_random_raw_fixed,136,0.75,0.7328887338633563,0.6440708773433592,0.8162344947647825
rdkit_random_raw_fixed,147,0.75,0.736517498824038,0.6480666243101426,0.8194154630533543
rdkit_random_raw_fixed,158,0.75,0.7398535541583058,0.6512518149537522,0.8219776253616475
rdkit_random_raw_fixed,171,0.75,0.7434800408198028,0.6543615385005275,0.8251123464624229
rdkit_random_raw_fixed,185,0.75,0.7470628621634244,0.656747863982829,0.8283117892483788
rdkit_random_raw_fixed,200,0.75,0.7505881762521824,0.6610730505804718,0.8312701160486575
rdkit_random_raw_fixed,215,0.75,0.7538368252702019,0.6643133811192465,0.8342346586938573
rdkit_random_raw_fixed,233,0.75,0.757422323106687,0.6678765753567036,0.837827684238166
rdkit_random_raw_fixed,250,0.75,0.7605375534558115,0.6701364526339989,0.8405415704767712
rdkit_random_raw_fixed,251,0.75,0.7607133671673939,0.6702648825239871,0.8406788120979759
rdkit_random_raw_fixed,271,0.75,0.7640718144310882,0.6737658854025924,0.84326431916938
rdkit_random_raw_fixed,293,0.75,0.767451458861018,0.6778155684731442,0.8460589881508243
rdkit_random_raw_fixed,316,0.75,0.7706783527591353,0.6805098051155176,0.848977247809706
rdkit_random_raw_fixed,341,0.75,0.7738764334335492,0.6848768187722559,0.8518762426166465
rdkit_random_raw_fixed,369,0.75,0.7771248849704891,0.687709101061121,0.8558852066754596
rdkit_random_raw_fixed,398,0.75,0.7801658200639531,0.6909366273132578,0.8588186592804263
rdkit_random_raw_fixed,430,0.75,0.7831891579633217,0.6938223939365602,0.8612976632454037
rdkit_random_raw_fixed,464,0.75,0.786069748478839,0.6976531695771273,0.8638292502677442
rdkit_random_raw_fixed,500,0.75,0.7887972892103609,0.6993343165548733,0.8662407895951872
rdkit_random_raw_fixed,501,0.75,0.788868763504417,0.6993487925762991,0.8663107125330224
rdkit_random_raw_fixed,541,0.75,0.7915561439014396,0.7024245412295278,0.8691112538977448
rdkit_random_raw_fixed,584,0.75,0.7941100511886526,0.7057890644262664,0.8715557572176935
rdkit_random_raw_fixed,631,0.75,0.7965654906213884,0.708574358479724,0.8739343007272187
rdkit_random_raw_fixed,681,0.75,0.7988546247070465,0.710394654029756,0.875911048982823
rdkit_random_raw_fixed,736,0.75,0.8010539216981726,0.7130991727952403,0.8777542903955388
rdkit_random_raw_fixed,794,0.75,0.8030761947183339,0.7157620401866128,0.8795656403461791
rdkit_random_raw_fixed,858,0.75,0.805019925616059,0.7183987729432454,0.8809428576109686
rdkit_random_raw_fixed,926,0.75,0.8068160613298659,0.7209220805569773,0.8820635058906304
rdkit_random_raw_fixed,1000,0.75,0.8085106382978723,0.7234042553191484,0.882978723404255
rdkit_random_raw_fixed,10,1.0,0.7129080835751115,0.6358612397477283,0.7870613955550108
rdkit_random_raw_fixed,11,1.0,0.7225500756480916,0.6460171838399577,0.7962841840176114
rdkit_random_raw_fixed,12,1.0,0.7310856278181207,0.6546583528491193,0.8052186201191037
rdkit_random_raw_fixed,13,1.0,0.7387092652343275,0.662909980902372,0.8123919154967968
rdkit_random_raw_fixed,14,1.0,0.7455698490647193,0.6703803956749108,0.8194041037215667
rdkit_random_raw_fixed,15,1.0,0.7517840678029476,0.6771691545976473,0.8250779033570829
rdkit_random_raw_fixed,16,1.0,0.7574451731287343,0.6829179294790649,0.830564366654089
rdkit_random_raw_fixed,17,1.0,0.7626288640644356,0.6887717274898916,0.8352656768379387
rdkit_random_raw_fixed,18,1.0,0.7673973901899103,0.6935374665851829,0.8397203578587509
rdkit_random_raw_fixed,20,1.0,0.7758876114514769,0.7029673037124651,0.8468659713049984
rdkit_random_raw_fixed,22,1.0,0.7832393023622681,0.7111165025320033,0.8529868648765276
rdkit_random_raw_fixed,23,1.0,0.7865639856467888,0.7148362954050821,0.8561932101092027
rdkit_random_raw_fixed,25,1.0,0.792627258201574,0.7211102290961444,0.862077470574636
rdkit_random_raw_fixed,27,1.0,0.798030133377452,0.727476795963526,0.8674526030207171
rdkit_random_raw_fixed,29,1.0,0.8028878921265263,0.7323201145329636,0.8716785774926471
rdkit_random_raw_fixed,32,1.0,0.809342906380289,0.7386265192303115,0.8778478385274089
rdkit_random_raw_fixed,34,1.0,0.8131892200737099,0.7422219719747093,0.8814356886356915
rdkit_random_raw_fixed,37,1.0,0.8183998138569176,0.7477698744309481,0.8862488685959197
rdkit_random_raw_fixed,40,1.0,0.8230540064985029,0.7525457052449762,0.8899313325260838
rdkit_random_raw_fixed,43,1.0,0.8272503766546515,0.7574795003520486,0.8931655240471421
rdkit_random_raw_fixed,46,1.0,0.8310639511558945,0.7625275797746474,0.8965848254584987
rdkit_random_raw_fixed,50,1.0,0.8356519648257801,0.7676340511825491,0.9003027693032223
rdkit_random_raw_fixed,54,1.0,0.8397668588618183,0.7716856697654767,0.9038448591077501
rdkit_random_raw_fixed,58,1.0,0.8434875342283685,0.7763296009554738,0.9069914854412615
rdkit_random_raw_fixed,63,1.0,0.8476750140422599,0.7807606685384656,0.9111384095589374
rdkit_random_raw_fixed,68,1.0,0.8514310363042977,0.7856067803652382,0.9136713979188263
rdkit_random_raw_fixed,74,1.0,0.8554650527367208,0.7908418244636195,0.9172675440647664
rdkit_random_raw_fixed,79,1.0,0.8584945761234157,0.7946772530426989,0.919848684859615
rdkit_random_raw_fixed,86,1.0,0.8623117452560037,0.7993153306377198,0.9227931569863177
rdkit_random_raw_fixed,93,1.0,0.8657139837611811,0.8033521042977608,0.9253584278972076
rdkit_random_raw_fixed,100,1.0,0.868771113978373,0.8068305699865939,0.9280655253811625
rdkit_random_raw_fixed,108,1.0,0.871912616109071,0.8100351466436411,0.9303254100184895
rdkit_random_raw_fixed,117,1.0,0.8750742645835159,0.813876301243353,0.9327477748083969
rdkit_random_raw_fixed,126,1.0,0.8779105469276415,0.8171648654711492,0.9352273996872897
rdkit_random_raw_fixed,136,1.0,0.8807483017979589,0.8202797409131203,0.9370038523750089
rdkit_random_raw_fixed,147,1.0,0.8835568451227565,0.8232416469212116,0.9388624955819825
rdkit_random_raw_fixed,158,1.0,0.8860964883081603,0.8264916694423341,0.9405485932207512
rdkit_random_raw_fixed,171,1.0,0.888814692089386,0.829019951970427,0.9430332335893999
rdkit_random_raw_fixed,185,1.0,0.8914620614063334,0.8314702391133794,0.945050582916992
rdkit_random_raw_fixed,200,1.0,0.8940368101789501,0.8341358541588076,0.9470598596509979
rdkit_random_raw_fixed,215,1.0,0.8963898418112558,0.8367383614151482,0.948686337858601
rdkit_random_raw_fixed,233,1.0,0.8989734604171008,0.8393140915704119,0.9506240419225581
rdkit_random_raw_fixed,250,1.0,0.9012143664739818,0.8419865614535065,0.9514482518630785
rdkit_random_raw_fixed,251,1.0,0.9013408828220854,0.84219086870339,0.951492195387447
rdkit_random_raw_fixed,271,1.0,0.9037618185728068,0.8457317053798037,0.9526368460446083
rdkit_random_raw_fixed,293,1.0,0.9062128850598196,0.8496163662979708,0.9544349913707637
rdkit_random_raw_fixed,316,1.0,0.9085769370434416,0.8521255406245435,0.9563734582136969
rdkit_random_raw_fixed,341,1.0,0.910953152645126,0.8556236987238035,0.9581224650303837
rdkit_random_raw_fixed,369,1.0,0.9134125261622827,0.8584439973824888,0.9601389498007621
rdkit_random_raw_fixed,398,1.0,0.9157689168420876,0.8614797113057476,0.9618321002208836
rdkit_random_raw_fixed,430,1.0,0.9181776473688685,0.8642543002379038,0.9639534836372419
rdkit_random_raw_fixed,464,1.0,0.9205496858242689,0.8670598613742193,0.9652122874419513
rdkit_random_raw_fixed,500,1.0,0.9228829785077198,0.8700244536939589,0.9667610413320711
rdkit_random_raw_fixed,501,1.0,0.9229454568376695,0.8700827740043287,0.9667871453400954
rdkit_random_raw_fixed,541,1.0,0.9253529115243646,0.8728423725623669,0.9682831564022154
rdkit_random_raw_fixed,584,1.0,0.927766081028034,0.8757283167184793,0.970324280138395
rdkit_random_raw_fixed,631,1.0,0.9302362508301439,0.8794368012077647,0.9727943616017007
rdkit_random_raw_fixed,681,1.0,0.9327133590264405,0.8831495798473317,0.9751531018385203
rdkit_random_raw_fixed,736,1.0,0.9353030184090774,0.8868706807568962,0.9758650172152584
rdkit_random_raw_fixed,794,1.0,0.9379243209097274,0.8890133389444487,0.9782900971611295
rdkit_random_raw_fixed,858,1.0,0.9407307222938164,0.8936356390060523,0.9817732899298979
rdkit_random_raw_fixed,926,1.0,0.9436550872342071,0.8987394740815589,0.9854210452002997
rdkit_random_raw_fixed,1000,1.0,0.9468085106382979,0.9042553191489354,0.9893617021276591
rdkit_random_minimized_fixed,10,0.5,0.41496844651288395,0.3283907653507416,0.503133988718501
rdkit_random_minimized_fixed,11,0.5,0.42204239988096287,0.33530537854494785,0.510314608984043
rdkit_random_minimized_fixed,12,0.5,0.428380092940942,0.34142639780418765,0.5170705919560977
rdkit_random_minimized_fixed,13,0.5,0.43411054288880635,0.3465057025577894,0.522749351284472
rdkit_random_minimized_fixed,14,0.5,0.4393315368167709,0.3510646034691308,0.5286786427873688
rdkit_random_minimized_fixed,15,0.5,0.4441190023744016,0.3552529626394706,0.5322822767267003
rdkit_random_minimized_fixed,16,0.5,0.4485330984240076,0.3591724669492502,0.5376787048435367
rdkit_random_minimized_fixed,17,0.5,0.45262230988980273,0.36311212171034424,0.5421001305685587
rdkit_random_minimized_fixed,18,0.5,0.4564262863487746,0.36682032400073816,0.5465191472618499
rdkit_random_minimized_fixed,20,0.5,0.4633045373694612,0.37323468024951784,0.5532194832831361
rdkit_random_minimized_fixed,22,0.5,0.4693727675041793,0.3793045348052513,0.5602543034028052
rdkit_random_minimized_fixed,23,0.5,0.4721512214640204,0.3822158575124277,0.5630507203665039
rdkit_random_minimized_fixed,25,0.5,0.47727109127476736,0.38637934434377047,0.5691093853908321
rdkit_random_minimized_fixed,27,0.5,0.48188650949193534,0.3905574821108159,0.5744977812396973
rdkit_random_minimized_fixed,29,0.5,0.4860731418002724,0.3944541081162595,0.579395270688596
rdkit_random_minimized_fixed,32,0.5,0.4916771561830687,0.3990068439649682,0.5850530900168154
rdkit_random_minimized_fixed,34,0.5,0.49502986965932233,0.4018314509720568,0.5886262950472136
rdkit_random_minimized_fixed,37,0.5,0.4995746212685341,0.4057637730440356,0.593102909777828
rdkit_random_minimized_fixed,40,0.5,0.5036233078287604,0.40907770457118703,0.5979921190772628
rdkit_random_minimized_fixed,43,0.5,0.5072524631068329,0.41207648580397305,0.6018442360917153
rdkit_random_minimized_fixed,46,0.5,0.5105230458800428,0.41519361867307736,0.6053122778535234
rdkit_random_minimized_fixed,50,0.5,0.5144100955041139,0.41851397688123354,0.6096753647261587
rdkit_random_minimized_fixed,54,0.5,0.5178401434575455,0.4214309843859468,0.6137624318991347
rdkit_random_minimized_fixed,58,0.5,0.5208867891531509,0.4234672458999151,0.6171326161632238
rdkit_random_minimized_fixed,63,0.5,0.5242444676390506,0.42547077018585044,0.6214512371545834
rdkit_random_minimized_fixed,68,0.5,0.5271853479692292,0.42819798073692805,0.6247842014315271
rdkit_random_minimized_fixed,74,0.5,0.5302635429353377,0.43124822525403134,0.6289926797424403
rdkit_random_minimized_fixed,79,0.5,0.5325179667831212,0.4331442780949551,0.6314389624506872
rdkit_random_minimized_fixed,86,0.5,0.5352865651773386,0.4356940834272049,0.6340029767395045
rdkit_random_minimized_fixed,93,0.5,0.5376857685754864,0.43754723396444756,0.6368225065380199
rdkit_random_minimized_fixed,100,0.5,0.5397865275612288,0.4397512799379531,0.6393098504470405
rdkit_random_minimized_fixed,108,0.5,0.5418913425638533,0.4415872130757298,0.6422819026797896
rdkit_random_minimized_fixed,117,0.5,0.5439551302970509,0.44306334916313406,0.6440488676213737
rdkit_random_minimized_fixed,126,0.5,0.5457606072276799,0.4442324402070991,0.6459961162512406
rdkit_random_minimized_fixed,136,0.5,0.5475240460295956,0.446268887063147,0.647543440818179
rdkit_random_minimized_fixed,147,0.5,0.5492272588436138,0.4483424777779565,0.6493113504188291
rdkit_random_minimized_fixed,158,0.5,0.5507312754903791,0.4502429719761469,0.6506103060020776
rdkit_random_minimized_fixed,171,0.5,0.552302484565376,0.45217822957641585,0.6518748500021895
rdkit_random_minimized_fixed,185,0.5,0.5537933202110562,0.4541294789257761,0.652870492574236
rdkit_random_minimized_fixed,200,0.5,0.5552042211541335,0.45568822096532374,0.6541207732389791
rdkit_random_minimized_fixed,215,0.5,0.5564579629389335,0.4567743242919775,0.6555183673529115
rdkit_random_minimized_fixed,233,0.5,0.5577925728507503,0.4575346197655272,0.6570908185960155
rdkit_random_minimized_fixed,250,0.5,0.5589119929078548,0.4582319894832486,0.6583007704820004
rdkit_random_minimized_fixed,251,0.5,0.5589740848119134,0.4582721963961689,0.6583513648267769
rdkit_random_minimized_fixed,271,0.5,0.560138444406097,0.4590310565367842,0.6592834726765558
rdkit_random_minimized_fixed,293,0.5,0.5612694991460698,0.459912900806322,0.660164486619857
rdkit_random_minimized_fixed,316,0.5,0.5623130574646181,0.46075054289515066,0.6609954961629921
rdkit_random_minimized_fixed,341,0.5,0.5633144634805375,0.4616476477381218,0.662099068780284
rdkit_random_minimized_fixed,369,0.5,0.5643014594825689,0.4629492157212494,0.6627278810355632
rdkit_random_minimized_fixed,398,0.5,0.5652020616448117,0.46461839046860093,0.6641088875545534
rdkit_random_minimized_fixed,430,0.5,0.5660805808122634,0.46593765254463115,0.6656814374295124
rdkit_random_minimized_fixed,464,0.5,0.5669084938382373,0.46637988888387655,0.6665685589153088
rdkit_random_minimized_fixed,500,0.5,0.5676914388763915,0.466738941677846,0.6673381696277585
rdkit_random_minimized_fixed,501,0.5,0.5677120162334176,0.4667472998708803,0.6673574014168052
rdkit_random_minimized_fixed,541,0.5,0.5684909986623505,0.46783917484879944,0.6680448236422429
rdkit_random_minimized_fixed,584,0.5,0.5692469311814298,0.46801872048636994,0.6686306925766764
rdkit_random_minimized_fixed,631,0.5,0.5699972903321264,0.46806204709977484,0.6691257243614837
rdkit_random_minimized_fixed,681,0.5,0.5707267453012708,0.46807719402061726,0.6695251542816347
rdkit_random_minimized_fixed,736,0.5,0.5714643257535382,0.4680830816438637,0.6698242836638783
rdkit_random_minimized_fixed,794,0.5,0.5721844856358073,0.4680847668528718,0.6700288848159716
rdkit_random_minimized_fixed,858,0.5,0.5729275247484433,0.4680850831339423,0.6701529450965157
rdkit_random_minimized_fixed,926,0.5,0.5736767008143516,0.46808510617924876,0.6702044656623574
rdkit_random_minimized_fixed,1000,0.5,0.574468085106383,0.46808510638297873,0.6702127659574467
rdkit_random_minimized_fixed,10,0.75,0.578430748686733,0.49111639633002574,0.6611500068841114
rdkit_random_minimized_fixed,11,0.75,0.5876506399931465,0.5007299615917703,0.6699435389210812
rdkit_random_minimized_fixed,12,0.75,0.5959140576579959,0.5088212326937808,0.6783899581411603
rdkit_random_minimized_fixed,13,0.75,0.603389855526378,0.5160967379966902,0.6852277651336366
rdkit_random_minimized_fixed,14,0.75,0.6102058640642822,0.5223598487171203,0.6921902922663594
rdkit_random_minimized_fixed,15,0.75,0.6164611091122956,0.5280011258262691,0.6984437834146083
rdkit_random_minimized_fixed,16,0.75,0.6222338003300356,0.5335660452737312,0.7042585876658984
rdkit_random_minimized_fixed,17,0.75,0.6275867383835791,0.539975683606681,0.7093101928654008
rdkit_random_minimized_fixed,18,0.75,0.6325710863161926,0.5454566136858844,0.7139038666842482
rdkit_random_minimized_fixed,20,0.75,0.6415959341203773,0.5542426626242745,0.7230622984420181
rdkit_random_minimized_fixed,22,0.75,0.6495709185354195,0.5618467222576815,0.7313559185989119
rdkit_random_minimized_fixed,23,0.75,0.6532261746138688,0.5652737704777382,0.7350699085885921
rdkit_random_minimized_fixed,25,0.75,0.6599671579263235,0.5717821449956859,0.7424004935292561
rdkit_random_minimized_fixed,27,0.75,0.6660490691002791,0.5768889678937446,0.7482446912257655
rdkit_random_minimized_fixed,29,0.75,0.6715693082590777,0.5823245334749183,0.7539486603285531
rdkit_random_minimized_fixed,32,0.75,0.6789625394106809,0.5899342044047681,0.7614840653865563
rdkit_random_minimized_fixed,34,0.75,0.6833879092896583,0.5947893709616431,0.7662571459313267
rdkit_random_minimized_fixed,37,0.75,0.6893901221841799,0.6009489812755788,0.7723292807951113
rdkit_random_minimized_fixed,40,0.75,0.6947421487618626,0.6064859334300694,0.7774879003129263
rdkit_random_minimized_fixed,43,0.75,0.6995458204593251,0.610803015090046,0.7825255361054165
rdkit_random_minimized_fixed,46,0.75,0.703882329611022,0.6155345286325398,0.7862508004911226
rdkit_random_minimized_fixed,50,0.75,0.7090493324711535,0.6212551102171817,0.7913736576990589
rdkit_random_minimized_fixed,54,0.75,0.7136249961893893,0.6254710107910578,0.7959378206455984
rdkit_random_minimized_fixed,58,0.75,0.7177057783933467,0.629911392547144,0.800007539290142
rdkit_random_minimized_fixed,63,0.75,0.7222256340523587,0.6336995345742303,0.8045137019431637
rdkit_random_minimized_fixed,68,0.75,0.7262074113791345,0.6380377164559669,0.8088300845621637
rdkit_random_minimized_fixed,74,0.75,0.7304013491173871,0.6432346024509461,0.813233158599903
rdkit_random_minimized_fixed,79,0.75,0.7334912976486451,0.6471115673902124,0.8162894239766021
rdkit_random_minimized_fixed,86,0.75,0.737307736872265,0.6502710399339159,0.820571757368623
rdkit_random_minimized_fixed,93,0.75,0.740633568403973,0.654011394462605,0.8229538615036746
rdkit_random_minimized_fixed,100,0.75,0.7435581393006194,0.6569065850968798,0.8249937800499929
rdkit_random_minimized_fixed,108,0.75,0.746497376065771,0.6604286814724365,0.8269792740969536
rdkit_random_minimized_fixed,117,0.75,0.7493845375385149,0.6634165958476945,0.8292265022767566
rdkit_random_minimized_fixed,126,0.75,0.751911054129702,0.665439150187597,0.8318493288014155
rdkit_random_minimized_fixed,136,0.75,0.7543759646840618,0.6681287752380032,0.8348495559194947
rdkit_random_minimized_fixed,147,0.75,0.756751025147776,0.6707695612072452,0.8373797511428897
rdkit_random_minimized_fixed,158,0.75,0.7588416635088799,0.6730503619905317,0.8392292642015874
rdkit_random_minimized_fixed,171,0.75,0.7610178723915226,0.6752598161699789,0.841562680174093
rdkit_random_minimized_fixed,185,0.75,0.7630754685608824,0.6773201316901643,0.8437538389902195
rdkit_random_minimized_fixed,200,0.75,0.7650176778813632,0.6792392189231482,0.8457559225982397
rdkit_random_minimized_fixed,215,0.75,0.7667417681028869,0.6807994351795671,0.846388217415485
rdkit_random_minimized_fixed,233,0.75,0.7685788309616353,0.6826128205900208,0.8473207697444324
rdkit_random_minimized_fixed,250,0.75,0.7701245095898561,0.683627751684255,0.849651853290913
rdkit_random_minimized_fixed,251,0.75,0.7702104424988998,0.683682732125923,0.8496743287286066
rdkit_random_minimized_fixed,271,0.75,0.7718269641572073,0.684984416249665,0.8500640118417121
rdkit_random_minimized_fixed,293,0.75,0.7734084631589088,0.6862792120459486,0.8513196166170394
rdkit_random_minimized_fixed,316,0.75,0.7748788546901749,0.6878339564465219,0.8534742845501548
rdkit_random_minimized_fixed,341,0.75,0.7762991618910858,0.6894743578402519,0.8553387710656367
rdkit_random_minimized_fixed,369,0.75,0.7777039373252017,0.6911626846036332,0.8567729506920202
rdkit_random_minimized_fixed,398,0.75,0.7789826893647392,0.6926960162582904,0.8573416608178628
rdkit_random_minimized_fixed,430,0.75,0.7802161354177435,0.6940830659759084,0.8585091443517222
rdkit_random_minimized_fixed,464,0.75,0.7813517585561492,0.6951417308214709,0.8591314403537489
rdkit_random_minimized_fixed,500,0.75,0.7823858288844346,0.6964084242316975,0.8599697909318449
rdkit_random_minimized_fixed,501,0.75,0.7824123244181473,0.6964427411292872,0.8599842886454908
rdkit_random_minimized_fixed,541,0.75,0.7833833084837871,0.6976821739158888,0.8604698563021902
rdkit_random_minimized_fixed,584,0.75,0.7842538783853132,0.6987604425585211,0.8608340109107787
rdkit_random_minimized_fixed,631,0.75,0.7850313711033751,0.6996931960676518,0.8611251713301415
rdkit_random_minimized_fixed,681,0.75,0.7856899838379252,0.7004576561763632,0.8613440478356974
rdkit_random_minimized_fixed,736,0.75,0.7862460610452265,0.7010817813933398,0.8615056034731035
rdkit_random_minimized_fixed,794,0.75,0.7866728994611049,0.7015452117991658,0.8616109273150027
rdkit_random_minimized_fixed,858,0.75,0.7869866686856489,0.7018753952804673,0.8616728057323654
rdkit_random_minimized_fixed,926,0.75,0.787172069804256,0.7020652935389935,0.861698078411113
rdkit_random_minimized_fixed,1000,0.75,0.7872340425531915,0.7021276595744679,0.8617021276595744
rdkit_random_minimized_fixed,10,1.0,0.7332504221174662,0.655009932895036,0.8052782916822216
rdkit_random_minimized_fixed,11,1.0,0.7419580723571262,0.6639984610420712,0.8134326831379961
rdkit_random_minimized_fixed,12,1.0,0.7495891012857953,0.6718400307239452,0.8213722824790364
rdkit_random_minimized_fixed,13,1.0,0.7563494357632847,0.6794713986868169,0.827638992341377
rdkit_random_minimized_fixed,14,1.0,0.7623921279090973,0.686592791683817,0.8329851515517827
rdkit_random_minimized_fixed,15,1.0,0.7678338962864468,0.6922631740059616,0.839042509682977
rdkit_random_minimized_fixed,16,1.0,0.7727657556880557,0.6973088438068294,0.8439064973406905
rdkit_random_minimized_fixed,17,1.0,0.7772600547980463,0.7016955412770303,0.848016838051475
rdkit_random_minimized_fixed,18,1.0,0.7813752673562024,0.7057733573782592,0.852290430472358
rdkit_random_minimized_fixed,20,1.0,0.7886520778480018,0.7132423822800832,0.8592139815666082
rdkit_random_minimized_fixed,22,1.0,0.7948921481471563,0.7196290446367779,0.8656777168532287
rdkit_random_minimized_fixed,23,1.0,0.7976920296412863,0.7226004315021094,0.868319118537679
rdkit_random_minimized_fixed,25,1.0,0.8027564124295758,0.7269629936715729,0.8720553123283299
rdkit_random_minimized_fixed,27,1.0,0.807216488824898,0.7312771900396532,0.8758048633801792
rdkit_random_minimized_fixed,29,1.0,0.8111771696744589,0.7354547843512734,0.8794723325663348
rdkit_random_minimized_fixed,32,1.0,0.8163570166160401,0.7404081905929718,0.8840331293766452
rdkit_random_minimized_fixed,34,1.0,0.8193935133025446,0.742962311281377,0.8867732021605746
rdkit_random_minimized_fixed,37,1.0,0.8234428495454723,0.7484813070792092,0.8903125167373688
rdkit_random_minimized_fixed,40,1.0,0.8269952327419707,0.7523259408372306,0.8933266699377734
rdkit_random_minimized_fixed,43,1.0,0.8301462576626336,0.7556678622165927,0.8963859756034317
rdkit_random_minimized_fixed,46,1.0,0.8329692780937684,0.7587399664689611,0.8988634313863088
rdkit_random_minimized_fixed,50,1.0,0.8363198144044021,0.7621494779872217,0.9012176798232504
rdkit_random_minimized_fixed,54,1.0,0.8392900153312097,0.7653968351227638,0.9039492855030541
rdkit_random_minimized_fixed,58,1.0,0.8419556869880723,0.7684523874276334,0.905778547706927
rdkit_random_minimized_fixed,63,1.0,0.8449446135849469,0.7717268919064436,0.9087935965926581
rdkit_random_minimized_fixed,68,1.0,0.8476271757455331,0.7748214642595895,0.9110582420216907
rdkit_random_minimized_fixed,74,1.0,0.8505238353699881,0.7781734857240274,0.9133301087802213
rdkit_random_minimized_fixed,79,1.0,0.8527186497859807,0.7810979932656025,0.9152396685142278
rdkit_random_minimized_fixed,86,1.0,0.8555184225423527,0.7845791659128394,0.9173523676914431
rdkit_random_minimized_fixed,93,1.0,0.8580545492031595,0.7874088345609974,0.9196734170217413
rdkit_random_minimized_fixed,100,1.0,0.8603716137423988,0.7909545361516747,0.9215436061271431
rdkit_random_minimized_fixed,108,1.0,0.8627934904581372,0.7934705522567754,0.9234733987075996
rdkit_random_minimized_fixed,117,1.0,0.8652735482689756,0.7958792615620565,0.9247503289607168
rdkit_random_minimized_fixed,126,1.0,0.8675331693923268,0.7983608084914136,0.9267347257526806
rdkit_random_minimized_fixed,136,1.0,0.869823066737342,0.8008781385044098,0.9280291531205528
rdkit_random_minimized_fixed,147,1.0,0.8721122357550679,0.8033213715743883,0.9299544922123432
rdkit_random_minimized_fixed,158,1.0,0.8741954133396506,0.8062806181961149,0.931652084766771
rdkit_random_minimized_fixed,171,1.0,0.8764310679775225,0.8088190228236208,0.9334536833057033
rdkit_random_minimized_fixed,185,1.0,0.8786061434870042,0.8112518181437888,0.9349208407494144
rdkit_random_minimized_fixed,200,1.0,0.8807115093325899,0.8135034482688738,0.936273008241705
rdkit_random_minimized_fixed,215,1.0,0.8826210053603172,0.8155464092316268,0.9379068542115527
rdkit_random_minimized_fixed,233,1.0,0.8846962441692156,0.8179013366853961,0.9396363893058884
rdkit_random_minimized_fixed,250,1.0,0.8864748838310976,0.8204229771220756,0.9409303085151703
rdkit_random_minimized_fixed,251,1.0,0.8865746679979895,0.8205425916034135,0.9409918642757893
rdkit_random_minimized_fixed,271,1.0,0.888470544051271,0.8226715088109812,0.9427969877566866
rdkit_random_minimized_fixed,293,1.0,0.8903635421173575,0.8249834258177028,0.9445314415148226
rdkit_random_minimized_fixed,316,1.0,0.892164549019519,0.8268568539057748,0.9459769805644273
rdkit_random_minimized_fixed,341,1.0,0.893951489193727,0.8286314294312059,0.9474499377529594
rdkit_random_minimized_fixed,369,1.0,0.8957778462821006,0.830745841399386,0.94891625598421
rdkit_random_minimized_fixed,398,1.0,0.8975066944279998,0.8329694138452537,0.9506600762027482
rdkit_random_minimized_fixed,430,1.0,0.8992525012012097,0.83482814577064,0.9523244752735883
rdkit_random_minimized_fixed,464,1.0,0.9009483518492652,0.8365626371015996,0.9538999948808548
rdkit_random_minimized_fixed,500,1.0,0.9025890918948876,0.8380955163828865,0.9547541693710743
rdkit_random_minimized_fixed,501,1.0,0.9026325859516053,0.8381455122477925,0.9547761960849636
rdkit_random_minimized_fixed,541,1.0,0.9042874075082595,0.840242369857957,0.9562001134325311
rdkit_random_minimized_fixed,584,1.0,0.9058955651068997,0.842740963448178,0.957879310204631
rdkit_random_minimized_fixed,631,1.0,0.9074720454934345,0.8442404024534941,0.9596781529978744
rdkit_random_minimized_fixed,681,1.0,0.9089618359882786,0.8462313579827103,0.9614519033466333
rdkit_random_minimized_fixed,736,1.0,0.9103989615234147,0.8473528467648606,0.9632163048347203
rdkit_random_minimized_fixed,794,1.0,0.9117069965097931,0.8487804167340531,0.964722935957302
rdkit_random_minimized_fixed,858,1.0,0.9129260648326222,0.8495232818198989,0.9660597936627415
rdkit_random_minimized_fixed,926,1.0,0.913987160841631,0.8502724456004207,0.9671705776741095
rdkit_random_minimized_fixed,1000,1.0,0.9148936170212766,0.8510638297872337,0.9680851063829783
torsion_raw_fixed,10,0.5,0.32878851230267253,0.2468309559145257,0.41304381585977373
torsion_raw_fixed,11,0.5,0.3365786016250969,0.2545852260546701,0.4215341525780994
torsion_raw_fixed,12,0.5,0.3435716100358941,0.2609787418170335,0.4303442266265525
torsion_raw_fixed,13,0.5,0.3498917415079892,0.2668809136234115,0.4365948092625811
torsion_raw_fixed,14,0.5,0.35563827046229546,0.2723418755993407,0.4436443169335859
torsion_raw_fixed,15,0.5,0.3608916730437299,0.2774108348702155,0.450276064815363
torsion_raw_fixed,16,0.5,0.3657179628742063,0.2811823119500341,0.45598303166483967
torsion_raw_fixed,17,0.5,0.3701718454446607,0.2855277685515416,0.4609800675708279
torsion_raw_fixed,18,0.5,0.3742990635101714,0.28981871072131865,0.465266900025984
torsion_raw_fixed,20,0.5,0.3817219006687551,0.2968483050623496,0.47359517106830734
torsion_raw_fixed,22,0.5,0.38823115328411867,0.302064033429279,0.4801209950678771
torsion_raw_fixed,23,0.5,0.3912014843520021,0.30471015604019086,0.4829051624276287
torsion_raw_fixed,25,0.5,0.39666417813262167,0.3098275426685728,0.4897239311273668
torsion_raw_fixed,27,0.5,0.40158503770190407,0.31443201035624563,0.4947380847166157
torsion_raw_fixed,29,0.5,0.40605584663350647,0.31850647418055217,0.4990220273669493
torsion_raw_fixed,32,0.5,0.41207154011540315,0.32414032047213737,0.5047981737561613
torsion_raw_fixed,34,0.5,0.41570082099203043,0.3275715884865907,0.5084115965812718
torsion_raw_fixed,37,0.5,0.4206769159495966,0.3323557258013535,0.5133058429048282
torsion_raw_fixed,40,0.5,0.42518622351082813,0.3365070217153946,0.5177609552093736
torsion_raw_fixed,43,0.5,0.4293109713774748,0.34130133475203334,0.521846188391248
torsion_raw_fixed,46,0.5,0.43311413881044325,0.34517581711995343,0.5257798895052384
torsion_raw_fixed,50,0.5,0.43776801697009327,0.3497221952198685,0.530293358312123
torsion_raw_fixed,54,0.5,0.44202522315099896,0.3539430065341499,0.5344282791111228
torsion_raw_fixed,58,0.5,0.4459523313891528,0.35732841988009256,0.5389482669505553
torsion_raw_fixed,63,0.5,0.45047340102504824,0.3627464162624346,0.54331930915697
torsion_raw_fixed,68,0.5,0.4546328959775542,0.3671840929029931,0.5468366585322844
torsion_raw_fixed,74,0.5,0.45922597240942165,0.3705275836527501,0.550703633462797
torsion_raw_fixed,79,0.5,0.46277172482748485,0.3739818551923869,0.5544343463520882
torsion_raw_fixed,86,0.5,0.4673711342974131,0.3782596601330322,0.5586979750401065
torsion_raw_fixed,93,0.5,0.47160721871888445,0.3825680395206899,0.5629689778738743
torsion_raw_fixed,100,0.5,0.475533465913712,0.3859130812959045,0.5668791237180417
torsion_raw_fixed,108,0.5,0.47969454552921087,0.38966216611518445,0.570524101962977
torsion_raw_fixed,117,0.5,0.4840182957866334,0.39251247666385336,0.5751560048487944
torsion_raw_fixed,126,0.5,0.4880165198513882,0.3956841893025805,0.5796862817917748
torsion_raw_fixed,136,0.5,0.4921303260125134,0.39955512644452645,0.584294829593525
torsion_raw_fixed,147,0.5,0.4963110461085643,0.403367708135429,0.5886172954121195
torsion_raw_fixed,158,0.5,0.5001803569398358,0.4076058194030446,0.5916812398427197
torsion_raw_fixed,171,0.5,0.5044075587339102,0.4124423805556968,0.5960064663063058
torsion_raw_fixed,185,0.5,0.508599974651624,0.41660590567138783,0.6000003434556671
torsion_raw_fixed,200,0.5,0.5127373794326952,0.41995799797850797,0.6037029237458168
torsion_raw_fixed,215,0.5,0.5165598437858164,0.4239205169903152,0.6072171538565239
torsion_raw_fixed,233,0.5,0.5207905232480128,0.4284737712843655,0.6115977599729372
torsion_raw_fixed,250,0.5,0.524479049850566,0.43199048402047646,0.6159982582309216
torsion_raw_fixed,251,0.5,0.5246876499150886,0.4321396070030606,0.6162477869531596
torsion_raw_fixed,271,0.5,0.5286834161170895,0.4363848328837338,0.6207234926133872
torsion_raw_fixed,293,0.5,0.5327312808619511,0.44034927529073303,0.6238929078428804
torsion_raw_fixed,316,0.5,0.5366312989765591,0.44418281886538724,0.6272100513039204
torsion_raw_fixed,341,0.5,0.5405430003508638,0.4472655283350959,0.6311487302504627
torsion_raw_fixed,369,0.5,0.5445804957492021,0.4510866834298749,0.6356505721135538
torsion_raw_fixed,398,0.5,0.54843814946806,0.45386597485365865,0.6404807764359194
torsion_raw_fixed,430,0.5,0.5523717676113842,0.45759041590610133,0.645357821225625
torsion_raw_fixed,464,0.5,0.5562372529767144,0.4610983743040096,0.649959324328782
torsion_raw_fixed,500,0.5,0.5600317545891605,0.4649871779561786,0.6535852370189076
torsion_raw_fixed,501,0.5,0.5601332354621914,0.465103265225715,0.6536738998188577
torsion_raw_fixed,541,0.5,0.5640368212215378,0.4688282089770448,0.6569545362922224
torsion_raw_fixed,584,0.5,0.5679299726932772,0.4725315414682814,0.6601596898346611
torsion_raw_fixed,631,0.5,0.571879437165268,0.4764358085827529,0.6651528166749374
torsion_raw_fixed,681,0.5,0.5757816553142273,0.47992448082794276,0.6703975114470471
torsion_raw_fixed,736,0.5,0.5797698646132329,0.4827967823009142,0.6743493163570662
torsion_raw_fixed,794,0.5,0.5836812702110283,0.48661153055223993,0.6782331131694662
torsion_raw_fixed,858,0.5,0.5877004832607369,0.49059822135310727,0.682608222998744
torsion_raw_fixed,926,0.5,0.5916848427044036,0.4951882963356721,0.6872037287596495
torsion_raw_fixed,1000,0.5,0.5957446808510638,0.49999999999999983,0.6914893617021275
torsion_raw_fixed,10,0.75,0.4849051434453574,0.3991708429844521,0.5723655728816979
torsion_raw_fixed,11,0.75,0.4929684640352669,0.4076256508998256,0.5799237071727947
torsion_raw_fixed,12,0.75,0.5002921970435527,0.4145723828569835,0.5873467865140719
torsion_raw_fixed,13,0.75,0.5070138932300815,0.42145827706757116,0.5940904440459912
torsion_raw_fixed,14,0.75,0.5132341678035297,0.42727969561331935,0.6004975152383691
torsion_raw_fixed,15,0.75,0.5190285245854659,0.4331747418063057,0.606586711699256
torsion_raw_fixed,16,0.75,0.5244550298361531,0.4384480415780956,0.6121692742287711
torsion_raw_fixed,17,0.75,0.5295593810094819,0.4437816990481453,0.6170071208019583
torsion_raw_fixed,18,0.75,0.5343783130767175,0.44911626160983537,0.621330325136616
torsion_raw_fixed,20,0.75,0.5432753134929657,0.4571887276779997,0.6290017219310774
torsion_raw_fixed,22,0.75,0.5513332599335056,0.46544926670873876,0.6375931925984016
torsion_raw_fixed,23,0.75,0.5550917678155792,0.4692899312860195,0.641018537810663
torsion_raw_fixed,25,0.75,0.5621371296752915,0.4761315266990228,0.6474656941836595
torsion_raw_fixed,27,0.75,0.5686280925825008,0.48224589470869217,0.6530112892672417
torsion_raw_fixed,29,0.75,0.5746382451845624,0.4879607137343763,0.65953333714788
torsion_raw_fixed,32,0.75,0.5828800357643142,0.4958360593869442,0.6673945514607621
torsion_raw_fixed,34,0.75,0.5879281040457565,0.5005387233638928,0.6722248505442175
torsion_raw_fixed,37,0.75,0.5949260909934387,0.5082491745121244,0.6789144174756265
torsion_raw_fixed,40,0.75,0.6013271358012049,0.5144503810305462,0.6850702355781684
torsion_raw_fixed,43,0.75,0.607215609377167,0.5210419347793891,0.6909590667265073
torsion_raw_fixed,46,0.75,0.6126598846334913,0.5259775834193754,0.6959626385277295
torsion_raw_fixed,50,0.75,0.6193235283451403,0.5319839425482227,0.702447542507545
torsion_raw_fixed,54,0.75,0.6254037282410939,0.5382985164588728,0.7082519208478647
torsion_raw_fixed,58,0.75,0.6309857381903188,0.5443063760809004,0.71366530742259
torsion_raw_fixed,63,0.75,0.6373658520785276,0.550572242565495,0.7200144423374845
torsion_raw_fixed,68,0.75,0.6431804664249227,0.5566114392583257,0.7249658019379095
torsion_raw_fixed,74,0.75,0.6495285277768075,0.5625871338045205,0.7310287645578908
torsion_raw_fixed,79,0.75,0.654371128314659,0.5674529515586042,0.735597754069949
torsion_raw_fixed,86,0.75,0.660571757048259,0.5739448087208561,0.7401943404205346
torsion_raw_fixed,93,0.75,0.6661977944084406,0.5796122498068832,0.7465407489044212
torsion_raw_fixed,100,0.75,0.671337524228222,0.585283226930694,0.7513505617181091
torsion_raw_fixed,108,0.75,0.6767047861893336,0.5907311076917547,0.7561301341265055
torsion_raw_fixed,117,0.75,0.6821939294063953,0.5977699114367707,0.7613952635790716
torsion_raw_fixed,126,0.75,0.6871894581347546,0.6025295856711795,0.7656875298108157
torsion_raw_fixed,136,0.75,0.6922481091323855,0.6069405658462474,0.7710942343882681
torsion_raw_fixed,147,0.75,0.6973034346194154,0.6113491480455648,0.775469552538153
torsion_raw_fixed,158,0.75,0.7019037422758301,0.6153641199683472,0.7805466370901502
torsion_raw_fixed,171,0.75,0.7068408312170384,0.6203609965177628,0.785188911298678
torsion_raw_fixed,185,0.75,0.7116423398641695,0.6247064163992007,0.789608862812372
torsion_raw_fixed,200,0.75,0.7162839003915462,0.6301702651513831,0.7949322965519184
torsion_raw_fixed,215,0.75,0.7204824069567299,0.6343680264446439,0.7995274274710445
torsion_raw_fixed,233,0.75,0.7250238358217889,0.6391392861973663,0.8042734634954884
torsion_raw_fixed,250,0.75,0.7288888394376011,0.6433578586386446,0.8086762020222269
torsion_raw_fixed,251,0.75,0.7291047185255954,0.6436413741894089,0.8089202764321626
torsion_raw_fixed,271,0.75,0.7331828244290292,0.6490017352530558,0.812489090598034
torsion_raw_fixed,293,0.75,0.7372014682884352,0.6531888430786695,0.8157924718095333
torsion_raw_fixed,316,0.75,0.7409644226659352,0.6568748490613651,0.8191410833575062
torsion_raw_fixed,341,0.75,0.7446312456906582,0.6606216466011127,0.8227422361756046
torsion_raw_fixed,369,0.75,0.748305056354865,0.6637425528091768,0.8256315232276282
torsion_raw_fixed,398,0.75,0.7517135697500141,0.6672102884538693,0.8290461160593557
torsion_raw_fixed,430,0.75,0.7550922623138021,0.6707550827556561,0.8324200376875658
torsion_raw_fixed,464,0.75,0.7583235765642775,0.6735889046324367,0.8354523634045757
torsion_raw_fixed,500,0.75,0.7614168750072435,0.6769867885018918,0.8380058280579863
torsion_raw_fixed,501,0.75,0.7614985982156551,0.6770833978679461,0.83808489392911
torsion_raw_fixed,541,0.75,0.764604998353316,0.6808289659708956,0.8417988472635589
torsion_raw_fixed,584,0.75,0.7676354393678662,0.6837751238831968,0.8445188926875857
torsion_raw_fixed,631,0.75,0.7706462828820214,0.6868211092920827,0.8474908611090396
torsion_raw_fixed,681,0.75,0.7735613438225282,0.6903440235369229,0.8503556966849063
torsion_raw_fixed,736,0.75,0.7764782212621045,0.6936226577005975,0.8530200428243443
torsion_raw_fixed,794,0.75,0.779270709349733,0.6967658213288339,0.8555220481007347
torsion_raw_fixed,858,0.75,0.7820539089737294,0.6986567022408803,0.8582809777973485
torsion_raw_fixed,926,0.75,0.7846991681773613,0.700434375833791,0.8600293864347939
torsion_raw_fixed,1000,0.75,0.7872340425531915,0.7021276595744678,0.8617021276595743
torsion_raw_fixed,10,1.0,0.639786972388162,0.5610475878070578,0.7164328065105182
torsion_raw_fixed,11,1.0,0.6501535348894928,0.5700738765251419,0.7262495417718448
torsion_raw_fixed,12,1.0,0.6594590712914488,0.5799400169119137,0.7345040093984974
torsion_raw_fixed,13,1.0,0.6678718178350674,0.5886289939632422,0.7417093459766277
torsion_raw_fixed,14,1.0,0.67552422451746,0.5958512171882254,0.7488388012696332
torsion_raw_fixed,15,1.0,0.6825226804884602,0.6029591722578879,0.7554547695580125
torsion_raw_fixed,16,1.0,0.6889540100897782,0.6096588406745079,0.7617172203608165
torsion_raw_fixed,17,1.0,0.6948899865978994,0.6148489525549317,0.767996419371836
torsion_raw_fixed,18,1.0,0.7003905743006238,0.620402065305675,0.7732453022297356
torsion_raw_fixed,20,1.0,0.7102801717979027,0.6310244586476476,0.7823648598671623
torsion_raw_fixed,22,1.0,0.7189439526237285,0.6401194982081345,0.7909862613701275
torsion_raw_fixed,23,1.0,0.7228928158746074,0.644577487384043,0.7947305262714562
torsion_raw_fixed,25,1.0,0.7301438487969639,0.652694318546535,0.8012409706466863
torsion_raw_fixed,27,1.0,0.7366585315280779,0.6596112252629651,0.8057134475954586
torsion_raw_fixed,29,1.0,0.742558059007623,0.6657656845354,0.811906569275454
torsion_raw_fixed,32,1.0,0.7504566154338501,0.6737423393826328,0.8202755604989984
torsion_raw_fixed,34,1.0,0.7551932549496626,0.6782603419912566,0.8255730263115489
torsion_raw_fixed,37,1.0,0.7616423754705279,0.6859235763469436,0.8308958195589249
torsion_raw_fixed,40,1.0,0.7674302028178512,0.6920922759213846,0.8364926139167084
torsion_raw_fixed,43,1.0,0.7726664727958478,0.6976238808681434,0.8406293754927947
torsion_raw_fixed,46,1.0,0.7774358270476995,0.7029399310338618,0.8452985025693807
torsion_raw_fixed,50,1.0,0.7831817033723184,0.7091036725657379,0.8509904983811858
torsion_raw_fixed,54,1.0,0.788336903626707,0.7145403036286644,0.8558102964469315
torsion_raw_fixed,58,1.0,0.7929950629039006,0.7190554779925806,0.8596770784482933
torsion_raw_fixed,63,1.0,0.7982290471170242,0.7238647407030768,0.864415898970521
torsion_raw_fixed,68,1.0,0.8029119732574352,0.7288428226945414,0.868150926345736
torsion_raw_fixed,74,1.0,0.8079254023760613,0.734331335179244,0.872010057131059
torsion_raw_fixed,79,1.0,0.8116777626723624,0.7383361079752937,0.875876343763538
torsion_raw_fixed,86,1.0,0.8163888414630482,0.7432913906089551,0.8797052049042183
torsion_raw_fixed,93,1.0,0.8205715306948922,0.7473688208245108,0.8834133284804583
torsion_raw_fixed,100,1.0,0.8243170644006512,0.7511297005360961,0.8874754116903446
torsion_raw_fixed,108,1.0,0.828153965662904,0.75477460265279,0.8916691602672782
torsion_raw_fixed,117,1.0,0.8320042876842196,0.7588689429032104,0.8956947107880467
torsion_raw_fixed,126,1.0,0.8354499687251445,0.7627222119299799,0.8981653039044246
torsion_raw_fixed,136,1.0,0.8388906367139521,0.765874876853096,0.9013245813580354
torsion_raw_fixed,147,1.0,0.8422902649105264,0.7697260022821253,0.9034577372149891
torsion_raw_fixed,158,1.0,0.8453603801930716,0.7735886391788603,0.9058981174063455
torsion_raw_fixed,171,1.0,0.848642765895591,0.7766773696822333,0.9086147437608004
torsion_raw_fixed,185,1.0,0.8518364327741422,0.7813993334515107,0.9121506946931157
torsion_raw_fixed,200,1.0,0.8549395789354611,0.78559353434624,0.9148069116233697
torsion_raw_fixed,215,1.0,0.8577728589225974,0.7896025902940152,0.9177965156812735
torsion_raw_fixed,233,1.0,0.8608805591085713,0.7939896737192434,0.920722690382924
torsion_raw_fixed,250,1.0,0.8635730073456086,0.797133008484435,0.9234314112821482
torsion_raw_fixed,251,1.0,0.8637249290503762,0.7972809620440588,0.9235296533555509
torsion_raw_fixed,271,1.0,0.8666301973625327,0.8019668103679448,0.9259814048551162
torsion_raw_fixed,293,1.0,0.8695683719659437,0.8058385845547685,0.928548362537591
torsion_raw_fixed,316,1.0,0.8723999637326381,0.8083150333094287,0.9308170118725572
torsion_raw_fixed,341,1.0,0.8752453887268583,0.8124840634170387,0.9326935270116709
torsion_raw_fixed,369,1.0,0.8781918977666605,0.8159877272800301,0.934914863890177
torsion_raw_fixed,398,1.0,0.8810189309156539,0.8195656864228216,0.9373101037557071
torsion_raw_fixed,430,1.0,0.8839147922911683,0.8232446703804206,0.9392213929659401
torsion_raw_fixed,464,1.0,0.886773043731645,0.8261482011191159,0.9417456184895038
torsion_raw_fixed,500,1.0,0.8895886739744139,0.82911706970459,0.944117282591402
torsion_raw_fixed,501,1.0,0.8896640757047037,0.8292344643604492,0.9441820668497637
torsion_raw_fixed,541,1.0,0.8925665130885325,0.8330070623725983,0.9467109922149883
torsion_raw_fixed,584,1.0,0.8954601558251897,0.8363208848740324,0.9491849803057798
torsion_raw_fixed,631,1.0,0.8983853121298409,0.8399043444123622,0.951684268203424
torsion_raw_fixed,681,1.0,0.9012536950788137,0.8421156377992132,0.9535190384899204
torsion_raw_fixed,736,1.0,0.9041481852329365,0.8445897291474956,0.9565025588120578
torsion_raw_fixed,794,1.0,0.9069325867399473,0.8466504115050807,0.9596383491142169
torsion_raw_fixed,858,1.0,0.9097137221500909,0.8489539058839419,0.9626839713668007
torsion_raw_fixed,926,1.0,0.9123587469667839,0.8501609386520095,0.9654921417904913
torsion_raw_fixed,1000,1.0,0.9148936170212766,0.8510638297872338,0.9680851063829783
torsion_minimized_fixed,10,0.5,0.37196109115545345,0.28411794750960706,0.46001091929994076
torsion_minimized_fixed,11,0.5,0.37741097981006505,0.2887018507277345,0.4649615456089824
torsion_minimized_fixed,12,0.5,0.38232769018463303,0.29338814342828146,0.47014804861119436
torsion_minimized_fixed,13,0.5,0.3868063419533132,0.29806827497382105,0.47422678519220657
torsion_minimized_fixed,14,0.5,0.39091894771177416,0.3025333396809711,0.47922355516785187
torsion_minimized_fixed,15,0.5,0.39472118319258204,0.305694644837327,0.483526457597742
torsion_minimized_fixed,16,0.5,0.39825687803981613,0.3092792272538309,0.4877878136555183
torsion_minimized_fixed,17,0.5,0.40156108428866333,0.31233152645313095,0.4909395943350473
torsion_minimized_fixed,18,0.5,0.404662228078102,0.3150127676104945,0.49317050706115506
torsion_minimized_fixed,20,0.5,0.41034474892563,0.3205359088451914,0.49813703533185666
torsion_minimized_fixed,22,0.5,0.41544857875825403,0.3252648502452606,0.5027553792855399
torsion_minimized_fixed,23,0.5,0.41781691071611604,0.32749161481761113,0.5051970051407987
torsion_minimized_fixed,25,0.5,0.4222376097935046,0.3317321580737734,0.5105104233965247
torsion_minimized_fixed,27,0.5,0.42629075211393935,0.33530264249624575,0.5144892188347802
torsion_minimized_fixed,29,0.5,0.4300282892660071,0.33857704777171665,0.51827686894329
torsion_minimized_fixed,32,0.5,0.4351312120762249,0.34395674179540353,0.5234241311485386
torsion_minimized_fixed,34,0.5,0.43824450275188476,0.3476029360731455,0.5268985123932673
torsion_minimized_fixed,37,0.5,0.44254552831306154,0.3511406089112542,0.5311279067599773
torsion_minimized_fixed,40,0.5,0.44646508343404173,0.35442216809508975,0.5353245415911613
torsion_minimized_fixed,43,0.5,0.45005911240664487,0.35750629526623684,0.5392630134828962
torsion_minimized_fixed,46,0.5,0.4533728511341981,0.3609410992980688,0.5428363331241753
torsion_minimized_fixed,50,0.5,0.45741826206972835,0.36523980634434267,0.54758692346099
torsion_minimized_fixed,54,0.5,0.4611012932192437,0.3685771737741147,0.5518894611124293
torsion_minimized_fixed,58,0.5,0.46447767068421925,0.3715111832372783,0.5556394831486909
torsion_minimized_fixed,63,0.5,0.46833367701175904,0.3743431628513025,0.5605208829805625
torsion_minimized_fixed,68,0.5,0.47184743807341084,0.3775889706713181,0.5644372382896571
torsion_minimized_fixed,74,0.5,0.47568548940295424,0.3813846202377835,0.5690649431867438
torsion_minimized_fixed,79,0.5,0.47861577494207175,0.38431839207005075,0.5725262715395708
torsion_minimized_fixed,86,0.5,0.48237122159595397,0.3873692850585844,0.5769369398730593
torsion_minimized_fixed,93,0.5,0.4857808419421725,0.39047467741460795,0.5799516826091419
torsion_minimized_fixed,100,0.5,0.4888950727651478,0.39346859859052585,0.5826601375539014
torsion_minimized_fixed,108,0.5,0.4921422629423363,0.3965900745633658,0.5852011945960454
torsion_minimized_fixed,117,0.5,0.49545146051080113,0.39884399497601825,0.5886044362128056
torsion_minimized_fixed,126,0.5,0.498445142810484,0.4011367856538258,0.5921241035166729
torsion_minimized_fixed,136,0.5,0.5014501448349625,0.4044450368945582,0.5954457757911356
torsion_minimized_fixed,147,0.5,0.5044159831132347,0.4062181817966406,0.5995768765830112
torsion_minimized_fixed,158,0.5,0.5070725007358896,0.4090967097185879,0.6021729729301488
torsion_minimized_fixed,171,0.5,0.5098670972216817,0.4121482154207413,0.6051227967681472
torsion_minimized_fixed,185,0.5,0.5125172455879221,0.4141905427675093,0.6080760754290623
torsion_minimized_fixed,200,0.5,0.5150046124393481,0.41616963436464977,0.6106006676773641
torsion_minimized_fixed,215,0.5,0.5171829147823979,0.4179515106381405,0.6125397833606306
torsion_minimized_fixed,233,0.5,0.5194542689619502,0.4198989970185914,0.6150198365411736
torsion_minimized_fixed,250,0.5,0.5213122994188123,0.4219336074488229,0.6167659578442901
torsion_minimized_fixed,251,0.5,0.5214139573388461,0.4220085323443447,0.6169374622808925
torsion_minimized_fixed,271,0.5,0.5232908590429438,0.42338984083129755,0.6199353684571083
torsion_minimized_fixed,293,0.5,0.5250578979836723,0.42510661984839193,0.6218455002146219
torsion_minimized_fixed,316,0.5,0.5266373007781809,0.4267293737826621,0.6242584120960362
torsion_minimized_fixed,341,0.5,0.5281071863951605,0.4279066280077171,0.6254444277241884
torsion_minimized_fixed,369,0.5,0.5295140883620203,0.42933803135335946,0.6270887206587767
torsion_minimized_fixed,398,0.5,0.5307647012902774,0.4310587513382912,0.6279026916588065
torsion_minimized_fixed,430,0.5,0.531958150825171,0.4326290557795734,0.6300178209153788
torsion_minimized_fixed,464,0.5,0.5330632170303714,0.4341433649217436,0.6310997793116518
torsion_minimized_fixed,500,0.5,0.5340949703633602,0.43537041180795993,0.6320005761608062
torsion_minimized_fixed,501,0.5,0.5341219509114585,0.4353795346915866,0.6320229212879963
torsion_minimized_fixed,541,0.5,0.5351395837480796,0.43569191550547287,0.6329101770697003
torsion_minimized_fixed,584,0.5,0.5361223571976957,0.43600438679722786,0.6337123318366621
torsion_minimized_fixed,631,0.5,0.5370956381592191,0.4361633078067799,0.6343212295017279
torsion_minimized_fixed,681,0.5,0.5380401188755228,0.43782546666804817,0.6361107524325603
torsion_minimized_fixed,736,0.5,0.5389908640001878,0.4396782111195909,0.6368236015286275
torsion_minimized_fixed,794,0.5,0.5399080122609882,0.44149356217170643,0.6378402110260059
torsion_minimized_fixed,858,0.5,0.5408287497690335,0.44333367640900656,0.63808347939724
torsion_minimized_fixed,926,0.5,0.5417084109594481,0.4451021861383109,0.6382403049816311
torsion_minimized_fixed,1000,0.5,0.5425531914893617,0.44680851063829774,0.6382978723404255
torsion_minimized_fixed,10,0.75,0.5508374851092854,0.46186009861110017,0.63837795190524
torsion_minimized_fixed,11,0.75,0.5589876535410945,0.46949248890089584,0.646781691172048
torsion_minimized_fixed,12,0.75,0.5662629122746254,0.4772525575864345,0.6545918919455416
torsion_minimized_fixed,13,0.75,0.5728237397008644,0.48328106537783566,0.6615141823681884
torsion_minimized_fixed,14,0.75,0.5787922915598422,0.48950556912804605,0.6677387189930669
torsion_minimized_fixed,15,0.75,0.5842632933256959,0.4948795021493886,0.6733778569147509
torsion_minimized_fixed,16,0.75,0.5893114245589807,0.5001992383262823,0.6779564365189557
torsion_minimized_fixed,17,0.75,0.593996431798837,0.5045655250806091,0.682579567624895
torsion_minimized_fixed,18,0.75,0.5983667400478081,0.5089282093216027,0.686950961887539
torsion_minimized_fixed,20,0.75,0.6063152566378641,0.5169124542914852,0.6941614624859714
torsion_minimized_fixed,22,0.75,0.6134009829052233,0.5242909396377622,0.7003185306289673
torsion_minimized_fixed,23,0.75,0.6166763505555309,0.5275432644867293,0.7038764173019126
torsion_minimized_fixed,25,0.75,0.6227767084482884,0.5336699733140075,0.7102283679108727
torsion_minimized_fixed,27,0.75,0.6283636403031796,0.5392272221084825,0.7151040715509169
torsion_minimized_fixed,29,0.75,0.6335193747455485,0.544499453062345,0.7200834917842361
torsion_minimized_fixed,32,0.75,0.6405795439641443,0.5516755473021039,0.7272937595389032
torsion_minimized_fixed,34,0.75,0.6449063962496445,0.5563250528347434,0.731669760716696
torsion_minimized_fixed,37,0.75,0.6509170918157098,0.5625288572643866,0.7375882651114157
torsion_minimized_fixed,40,0.75,0.656434834721476,0.5686524584226693,0.7426970954617719
torsion_minimized_fixed,43,0.75,0.6615322333149906,0.5736629512207685,0.7473376927128241
torsion_minimized_fixed,46,0.75,0.6662660233414032,0.5781161037968539,0.7513117981488325
torsion_minimized_fixed,50,0.75,0.6720892078079878,0.5841422992828861,0.7566149472354371
torsion_minimized_fixed,54,0.75,0.6774306632196851,0.5894760985763909,0.7612072425735764
torsion_minimized_fixed,58,0.75,0.682356791329644,0.5949454214624604,0.7661086356357476
torsion_minimized_fixed,63,0.75,0.6880101827809837,0.6012090572447528,0.7709893685632743
torsion_minimized_fixed,68,0.75,0.6931792254146469,0.6059593678763091,0.7758550503590894
torsion_minimized_fixed,74,0.75,0.698833621785157,0.6112659120732014,0.7809177854533839
torsion_minimized_fixed,79,0.75,0.7031490941085867,0.6154411106453258,0.7848932649950836
torsion_minimized_fixed,86,0.75,0.7086682857644707,0.6214100711065333,0.7899706706140327
torsion_minimized_fixed,93,0.75,0.7136598592787605,0.6269042176622373,0.794735732720955
torsion_minimized_fixed,100,0.75,0.7181970648498542,0.6316946909028203,0.7986637027594803
torsion_minimized_fixed,108,0.75,0.722901657596838,0.6368795648395926,0.8029393528991677
torsion_minimized_fixed,117,0.75,0.7276663215492712,0.6424177864542288,0.8067455286524607
torsion_minimized_fixed,126,0.75,0.7319510837908084,0.6462692054632514,0.8107537403804849
torsion_minimized_fixed,136,0.75,0.73623010305903,0.6503636283898557,0.8155701862985372
torsion_minimized_fixed,147,0.75,0.7404366572083484,0.6550907508267728,0.8198042758224033
torsion_minimized_fixed,158,0.75,0.744196601591636,0.6596993625067956,0.8234295562164398
torsion_minimized_fixed,171,0.75,0.7481527466847163,0.664157931261835,0.8272993460159447
torsion_minimized_fixed,185,0.75,0.7519160613475326,0.6675922466751806,0.8314232059706974
torsion_minimized_fixed,200,0.75,0.7554710320583603,0.6712182235200609,0.8353335499196349
torsion_minimized_fixed,215,0.75,0.7586142461260161,0.6747154008748188,0.8388513992534515
torsion_minimized_fixed,233,0.75,0.7619356442746887,0.6776382968142574,0.8425355593887293
torsion_minimized_fixed,250,0.75,0.7646979833156318,0.6806908208987175,0.8452854844620893
torsion_minimized_fixed,251,0.75,0.76485053656123,0.6808321570600304,0.845472799574694
torsion_minimized_fixed,271,0.75,0.767698127761881,0.6837958996225891,0.8485277474871968
torsion_minimized_fixed,293,0.75,0.7704411761354985,0.6862929986940138,0.8513467486388807
torsion_minimized_fixed,316,0.75,0.772953655461192,0.6882768943331117,0.853316806423189
torsion_minimized_fixed,341,0.75,0.775349977056177,0.6908118865865368,0.8546568612595865
torsion_minimized_fixed,369,0.75,0.7776987466730297,0.693303224391409,0.8567790779120412
torsion_minimized_fixed,398,0.75,0.7798296081125609,0.6959827896912837,0.8590845231746265
torsion_minimized_fixed,430,0.75,0.7818931879657527,0.6979788688104164,0.8606521784523362
torsion_minimized_fixed,464,0.75,0.7838177672629686,0.6991916473112038,0.8622562061447416
torsion_minimized_fixed,500,0.75,0.7856109662546882,0.7013879212802235,0.8648192627464417
torsion_minimized_fixed,501,0.75,0.7856576454470795,0.7014471737666376,0.8649361017305564
torsion_minimized_fixed,541,0.75,0.7874035843676803,0.7031214702361054,0.867320414566267
torsion_minimized_fixed,584,0.75,0.7890498714385799,0.7059993406210956,0.8687385422655646
torsion_minimized_fixed,631,0.75,0.7906243211515134,0.7070984432500615,0.8708879491256667
torsion_minimized_fixed,681,0.75,0.7920852064510965,0.7081725904452036,0.8726916165244345
torsion_minimized_fixed,736,0.75,0.7934788440560196,0.709212973424645,0.8750292296368161
torsion_minimized_fixed,794,0.75,0.7947430541001795,0.7101234868314529,0.8772065811873917
torsion_minimized_fixed,858,0.75,0.795926843846489,0.7110419212337302,0.8793092535390586
torsion_minimized_fixed,926,0.75,0.7969694625221316,0.7119211889874826,0.8812310890470946
torsion_minimized_fixed,1000,0.75,0.7978723404255319,0.7127659574468083,0.8829787234042549
torsion_minimized_fixed,10,1.0,0.7098566962408773,0.6308655035530182,0.7830010514542483
torsion_minimized_fixed,11,1.0,0.7189388862138631,0.6394845498575997,0.7926168990313012
torsion_minimized_fixed,12,1.0,0.7269070541148465,0.6480371901185692,0.7998935392102321
torsion_minimized_fixed,13,1.0,0.7339721425044823,0.6554667725687374,0.8058669432155394
torsion_minimized_fixed,14,1.0,0.740296026928105,0.661960745736924,0.8119598002354265
torsion_minimized_fixed,15,1.0,0.7460044970755005,0.6678430256707325,0.8172243742650992
torsion_minimized_fixed,16,1.0,0.7511963767624615,0.6736789056181859,0.822038747713856
torsion_minimized_fixed,17,1.0,0.755950081126761,0.6790074543203892,0.8264752948941966
torsion_minimized_fixed,18,1.0,0.7603284157966346,0.6833052949288585,0.8305575515770652
torsion_minimized_fixed,20,1.0,0.7681526333483768,0.6911615956571969,0.8370357438430223
torsion_minimized_fixed,22,1.0,0.7749742720563301,0.6984698435615243,0.8439142256183131
torsion_minimized_fixed,23,1.0,0.7780772651084827,0.7017538784118778,0.8466305937455875
torsion_minimized_fixed,25,1.0,0.7837679351443521,0.7073385667530088,0.8520546327379442
torsion_minimized_fixed,27,1.0,0.7888728555225117,0.7126350028119319,0.8570894667819283
torsion_minimized_fixed,29,1.0,0.793486597247961,0.7169714169960838,0.8616247008994268
torsion_minimized_fixed,32,1.0,0.7996406519710699,0.7233292039001061,0.8675888716061845
torsion_minimized_fixed,34,1.0,0.8033114639657163,0.726739454214952,0.871254963115877
torsion_minimized_fixed,37,1.0,0.8082745606222125,0.7318346832590694,0.8760845384508609
torsion_minimized_fixed,40,1.0,0.8126833504189406,0.7364310460017033,0.8803383646002442
torsion_minimized_fixed,43,1.0,0.816625223869724,0.7405954125489884,0.8840671554952539
torsion_minimized_fixed,46,1.0,0.8201698497930754,0.7440607078290434,0.8874293932404805
torsion_minimized_fixed,50,1.0,0.8243743538143039,0.748709583398561,0.8913875183055491
torsion_minimized_fixed,54,1.0,0.8280794782873896,0.7523199293162407,0.8948417058870946
torsion_minimized_fixed,58,1.0,0.8313695468938872,0.7563546477263423,0.8978905487680289
torsion_minimized_fixed,63,1.0,0.8349993855223657,0.7598547704240124,0.9012331206529459
torsion_minimized_fixed,68,1.0,0.8381876067634915,0.763715259800655,0.9040334763594545
torsion_minimized_fixed,74,1.0,0.8415411723649555,0.7675098552541694,0.9067009882618482
torsion_minimized_fixed,79,1.0,0.8440133692460228,0.770247652836115,0.9088322194498093
torsion_minimized_fixed,86,1.0,0.8470753014269782,0.7736295895240514,0.9115519234138454
torsion_minimized_fixed,93,1.0,0.8497584186477772,0.7760956133555609,0.9142755400653693
torsion_minimized_fixed,100,1.0,0.8521355283616487,0.7793080485900872,0.9165747652877515
torsion_minimized_fixed,108,1.0,0.8545471934605623,0.7819784903940731,0.9188224565217962
torsion_minimized_fixed,117,1.0,0.8569436912232776,0.7843558386514846,0.920765761282901
torsion_minimized_fixed,126,1.0,0.8590669026756867,0.7868584356048188,0.9223788797155584
torsion_minimized_fixed,136,1.0,0.8611637813491739,0.7893584417103416,0.9241524161578581
torsion_minimized_fixed,147,1.0,0.8632081285282223,0.7909530106294927,0.9265422640082376
torsion_minimized_fixed,158,1.0,0.8650255148535054,0.7932049725253341,0.9281442554795006
torsion_minimized_fixed,171,1.0,0.8669315959866396,0.7950460299073849,0.9296800308900564
torsion_minimized_fixed,185,1.0,0.8687422131121414,0.7974550400341629,0.9313284069764876
torsion_minimized_fixed,200,1.0,0.8704529106030253,0.7996453757190777,0.9328602652729533
torsion_minimized_fixed,215,1.0,0.8719675080923363,0.8006924921393499,0.9340575962226803
torsion_minimized_fixed,233,1.0,0.873571668246636,0.8027626506065314,0.9352865404979361
torsion_minimized_fixed,250,1.0,0.8749098376732544,0.8039935276745945,0.9365711648087418
torsion_minimized_fixed,251,1.0,0.8749838661513257,0.8040354946616379,0.9366419766597557
torsion_minimized_fixed,271,1.0,0.8763685044724087,0.8053746638385512,0.9373892362323236
torsion_minimized_fixed,293,1.0,0.8777080980520479,0.8066085296414293,0.9388341146154997
torsion_minimized_fixed,316,1.0,0.8789411889017312,0.8077226378087651,0.9397766090482286
torsion_minimized_fixed,341,1.0,0.8801240703068491,0.8087774577550696,0.94152839577336
torsion_minimized_fixed,369,1.0,0.8812919245695203,0.8103098786956063,0.9423095537468146
torsion_minimized_fixed,398,1.0,0.882361422866207,0.8116292803096998,0.9436288142781118
torsion_minimized_fixed,430,1.0,0.8834102283741483,0.8123625880090936,0.9446427765236618
torsion_minimized_fixed,464,1.0,0.8844053850827875,0.8131017291497703,0.9455905436021235
torsion_minimized_fixed,500,1.0,0.885354155739497,0.8136723627894636,0.9464825959941486
torsion_minimized_fixed,501,1.0,0.8853792067170105,0.8137117862310489,0.9464877949238737
torsion_minimized_fixed,541,1.0,0.8863324484796617,0.8166459701364668,0.9478281526939778
torsion_minimized_fixed,584,1.0,0.8872675297508931,0.8172542236406852,0.9492061233899916
torsion_minimized_fixed,631,1.0,0.8882062132673011,0.817958769972214,0.9505943637379662
torsion_minimized_fixed,681,1.0,0.8891278044343159,0.8191378104561733,0.9519030321552795
torsion_minimized_fixed,736,1.0,0.8900645517392863,0.819147785607587,0.9531731335216671
torsion_minimized_fixed,794,1.0,0.8909748748518571,0.8191487471029733,0.9543661503789236
torsion_minimized_fixed,858,1.0,0.891893077849874,0.81914892353405,0.9555149787695592
torsion_minimized_fixed,926,1.0,0.89277226007771,0.81914893606256,0.9565459597988099
torsion_minimized_fixed,1000,1.0,0.8936170212765957,0.8191489361702126,0.9574468085106378
loqi_raw_fixed,10,0.5,0.5174057676087249,0.4291386985297812,0.6027142019882854
loqi_raw_fixed,11,0.5,0.5286258992631688,0.43911428411272607,0.614761820170339
loqi_raw_fixed,12,0.5,0.5386476882426331,0.44847449369037246,0.6241896019422477
loqi_raw_fixed,13,0.5,0.5476638077492546,0.45724370257092944,0.6328349421894421
loqi_raw_fixed,14,0.5,0.5558252380521619,0.4657046887844382,0.6409256480997765
loqi_raw_fixed,15,0.5,0.5632528753734382,0.47299376938728144,0.6477675862993758
loqi_raw_fixed,16,0.5,0.5700452466087034,0.48004819063230136,0.6547136280912238
loqi_raw_fixed,17,0.5,0.5762838061611952,0.48622576953384616,0.6614311024382786
loqi_raw_fixed,18,0.5,0.5820366861248684,0.4913937508323389,0.6671784331094719
loqi_raw_fixed,20,0.5,0.5923070167308656,0.5026064740985597,0.6783580349902995
loqi_raw_fixed,22,0.5,0.6012229203802932,0.5116024970686404,0.6875081086451752
loqi_raw_fixed,23,0.5,0.6052608135194716,0.5157820931584481,0.6914293481837099
loqi_raw_fixed,25,0.5,0.6126336613719582,0.523177621468869,0.6992926410161824
loqi_raw_fixed,27,0.5,0.6192141546006554,0.5297103236867075,0.7060672466407821
loqi_raw_fixed,29,0.5,0.6251417233376048,0.5354505650203233,0.7126660286091977
loqi_raw_fixed,32,0.5,0.6330413697229451,0.5431840680860209,0.7211807773360542
loqi_raw_fixed,34,0.5,0.6377661836481715,0.5480246144466674,0.7257952477599519
loqi_raw_fixed,37,0.5,0.6441966984542493,0.5540475723937591,0.7316849799772888
loqi_raw_fixed,40,0.5,0.6499793171648525,0.5599214636140166,0.7362405190479089
loqi_raw_fixed,43,0.5,0.6552342967470884,0.5650877589692801,0.7406904772150594
loqi_raw_fixed,46,0.5,0.660052345136221,0.5701025979582145,0.7447535682534913
loqi_raw_fixed,50,0.5,0.6659146396688169,0.5758323700845391,0.7503126314364145
loqi_raw_fixed,54,0.5,0.6712462312981577,0.5807540985672915,0.7553838812758421
loqi_raw_fixed,58,0.5,0.6761383748292087,0.5856011770109371,0.7595844193275881
loqi_raw_fixed,63,0.5,0.6817387169604453,0.5911248226353001,0.7641872110517175
loqi_raw_fixed,68,0.5,0.6868595375168954,0.5968230412442339,0.768770656181219
loqi_raw_fixed,74,0.5,0.6924760657350432,0.602645938001927,0.7735577979958725
loqi_raw_fixed,79,0.5,0.6967821987915942,0.607248021223988,0.7777293118260598
loqi_raw_fixed,86,0.5,0.7023258182954932,0.613267189595136,0.7828636135501214
loqi_raw_fixed,93,0.5,0.7073858228619208,0.6180908018675465,0.787400387542864
loqi_raw_fixed,100,0.5,0.7120334532936966,0.6237767122201583,0.7919928782906173
loqi_raw_fixed,108,0.5,0.7169117120493929,0.6286305679783719,0.7964482914983182
loqi_raw_fixed,117,0.5,0.7219262190191296,0.6335963358107053,0.8011819252030273
loqi_raw_fixed,126,0.5,0.7265117067693802,0.6379627729041658,0.8057816952324971
loqi_raw_fixed,136,0.5,0.7311766191630092,0.6423139207336027,0.8102106519670801
loqi_raw_fixed,147,0.5,0.7358613368105321,0.646454936111852,0.8146649724929383
loqi_raw_fixed,158,0.5,0.7401465658779395,0.6502710900137599,0.8190386136267357
loqi_raw_fixed,171,0.5,0.7447730497742874,0.6551160502790426,0.8222570110321735
loqi_raw_fixed,185,0.5,0.7493055854953874,0.6604350626887227,0.826759109370549
loqi_raw_fixed,200,0.5,0.7537253804825245,0.6645470164334553,0.8297376729831262
loqi_raw_fixed,215,0.5,0.7577629023666511,0.6698433257522173,0.8329354313873576
loqi_raw_fixed,233,0.5,0.7621814589606323,0.6731192427834236,0.8371624225518215
loqi_raw_fixed,250,0.5,0.7659914334789525,0.6774433748624507,0.8405941138382051
loqi_raw_fixed,251,0.5,0.7662057283062483,0.6777273471141536,0.8407472117351403
loqi_raw_fixed,271,0.5,0.7702862390448459,0.6830040394254677,0.8460558666955802
loqi_raw_fixed,293,0.5,0.7743721473277669,0.6870749203094325,0.8494914221660931
loqi_raw_fixed,316,0.5,0.7782617149022513,0.6919162549069818,0.8526008999799795
loqi_raw_fixed,341,0.5,0.7821139580555803,0.6960536738141205,0.85635161899626
loqi_raw_fixed,369,0.5,0.7860349408257646,0.6998634014552484,0.8601927859108228
loqi_raw_fixed,398,0.5,0.7897245805541719,0.7037406002137714,0.8644113901081628
loqi_raw_fixed,430,0.5,0.7934248000705315,0.707847265402415,0.8681253315907054
loqi_raw_fixed,464,0.5,0.7969947681425054,0.7124354195214398,0.870702465251821
loqi_raw_fixed,500,0.5,0.8004307958368057,0.7163731855757522,0.8739202721934967
loqi_raw_fixed,501,0.5,0.8005217229784328,0.7164419822533231,0.8740356817635648
loqi_raw_fixed,541,0.5,0.8039800392575884,0.7203586051446715,0.8770715245371266
loqi_raw_fixed,584,0.5,0.8073517027296568,0.7244497813500749,0.8807735088970102
loqi_raw_fixed,631,0.5,0.8106935814472703,0.7280699837206831,0.8838866377746188
loqi_raw_fixed,681,0.5,0.8139215962020805,0.7305719161713093,0.8875002988546021
loqi_raw_fixed,736,0.5,0.8171531642794301,0.7345020804177373,0.8905456992010254
loqi_raw_fixed,794,0.5,0.8202693288450534,0.7375750984809671,0.8941287588510792
loqi_raw_fixed,858,0.5,0.8234364020055931,0.741280422232458,0.8976401295530887
loqi_raw_fixed,926,0.5,0.8265679846401828,0.7430249559056631,0.9009719408540275
loqi_raw_fixed,1000,0.5,0.8297872340425532,0.7446808510638295,0.9042553191489358
loqi_raw_fixed,10,0.75,0.6539161602468199,0.570871515138093,0.7358862203552821
loqi_raw_fixed,11,0.75,0.6639565531628813,0.5806244606609118,0.746462950833998
loqi_raw_fixed,12,0.75,0.6727038569403709,0.5883764561118421,0.7547350541706425
loqi_raw_fixed,13,0.75,0.6803945342542744,0.5956575844251656,0.7616708381718816
loqi_raw_fixed,14,0.75,0.6872116006140939,0.6022647457052588,0.7690311936527272
loqi_raw_fixed,15,0.75,0.6932991294202048,0.6082945353345803,0.7750576611500887
loqi_raw_fixed,16,0.75,0.6987721145009265,0.6137265097049607,0.7807226480794925
loqi_raw_fixed,17,0.75,0.7037233937284015,0.618821002376553,0.7853397265210105
loqi_raw_fixed,18,0.75,0.7082286443204102,0.6234263260511074,0.7900488417563629
loqi_raw_fixed,20,0.75,0.7161391810028092,0.6311622762760182,0.7972851421599211
loqi_raw_fixed,22,0.75,0.7228852552265218,0.6380425760900372,0.8040112683420987
loqi_raw_fixed,23,0.75,0.7259085859673681,0.6411170460617344,0.8070576527600858
loqi_raw_fixed,25,0.75,0.7313853586517909,0.6469171074329758,0.812359569035245
loqi_raw_fixed,27,0.75,0.7362332671876889,0.6524891314878889,0.8166020271754061
loqi_raw_fixed,29,0.75,0.7405735411152633,0.6571675733685168,0.8205920070693096
loqi_raw_fixed,32,0.75,0.7463255938979025,0.661830211628207,0.8258672874687288
loqi_raw_fixed,34,0.75,0.7497505376631278,0.6655101717222162,0.8289724692778645
loqi_raw_fixed,37,0.75,0.7543942041801924,0.6708524912804357,0.8331335909189309
loqi_raw_fixed,40,0.75,0.7585514461173446,0.675865026768214,0.836768683829653
loqi_raw_fixed,43,0.75,0.7623118926690294,0.6799099042674877,0.8400024887363297
loqi_raw_fixed,46,0.75,0.7657426041354572,0.6835567871854102,0.8429482300993182
loqi_raw_fixed,50,0.75,0.7698911070290204,0.6880499030992889,0.8462389119286482
loqi_raw_fixed,54,0.75,0.7736357929427672,0.6921072874349363,0.8491553321761506
loqi_raw_fixed,58,0.75,0.7770452576439418,0.6956618805263789,0.8524663372501153
loqi_raw_fixed,63,0.75,0.7809142814806315,0.6997295778913781,0.856012774214175
loqi_raw_fixed,68,0.75,0.7844182936077903,0.7039940853467606,0.8593727874417063
loqi_raw_fixed,74,0.75,0.7882228480087756,0.7081933161537556,0.8630921683031566
loqi_raw_fixed,79,0.75,0.7911116112180506,0.7109996240016361,0.8659022961735843
loqi_raw_fixed,86,0.75,0.7947936546363028,0.7156253790772104,0.8694142168221306
loqi_raw_fixed,93,0.75,0.798117122266736,0.719720397817919,0.8720350641097798
loqi_raw_fixed,100,0.75,0.8011368650279105,0.7228705810857187,0.8745778585628243
loqi_raw_fixed,108,0.75,0.8042703797979943,0.7263714184194362,0.8770031277082547
loqi_raw_fixed,117,0.75,0.8074494665849854,0.7296511565761946,0.8798780026539139
loqi_raw_fixed,126,0.75,0.8103152240154134,0.7319309401321031,0.8824358074066594
loqi_raw_fixed,136,0.75,0.8131850030271484,0.7346092069845654,0.8850403130956841
loqi_raw_fixed,147,0.75,0.8160145756433524,0.7381455435230369,0.8875094185545522
loqi_raw_fixed,158,0.75,0.8185509485162031,0.7412570960430345,0.889529551763104
loqi_raw_fixed,171,0.75,0.8212268376288764,0.7442505901692267,0.8921036141221172
loqi_raw_fixed,185,0.75,0.8237787420169964,0.7473011556536573,0.8947340876537874
loqi_raw_fixed,200,0.75,0.8261948559423155,0.7495322159450571,0.8972860802884429
loqi_raw_fixed,215,0.75,0.8283356593154955,0.7514495074060672,0.8992839113868843
loqi_raw_fixed,233,0.75,0.8306032678672584,0.7541770092024125,0.9016241877831717
loqi_raw_fixed,250,0.75,0.8324949701443305,0.7562423673734036,0.9035407235312566
loqi_raw_fixed,251,0.75,0.8325996401516056,0.7563548821686312,0.9036444528473846
loqi_raw_fixed,271,0.75,0.8345585264456966,0.758548948242241,0.9054255599422214
loqi_raw_fixed,293,0.75,0.8364580148668918,0.7604888186833633,0.9072507032290357
loqi_raw_fixed,316,0.75,0.8382144347441413,0.7618423293737536,0.9086799123547216
loqi_raw_fixed,341,0.75,0.8399117038883375,0.7644671517267102,0.9103207429974501
loqi_raw_fixed,369,0.75,0.8416054120305122,0.7663033020446762,0.9120079306178918
loqi_raw_fixed,398,0.75,0.8431778833920325,0.7681352754521963,0.9133402884160036
loqi_raw_fixed,430,0.75,0.844744665658157,0.7700660741727716,0.9145951409291135
loqi_raw_fixed,464,0.75,0.8462570382933953,0.7719045846495661,0.9157688719184166
loqi_raw_fixed,500,0.75,0.8477232569049219,0.773881335054791,0.9168767755834719
loqi_raw_fixed,501,0.75,0.8477622879941527,0.7739340743559334,0.916910810725997
loqi_raw_fixed,541,0.75,0.8492590612576006,0.7758654614125167,0.9179867777183269
loqi_raw_fixed,584,0.75,0.8507477630023619,0.7778414807240271,0.9192165431120367
loqi_raw_fixed,631,0.75,0.8522609757846661,0.7795723742414603,0.9213589008532964
loqi_raw_fixed,681,0.75,0.8537656479788295,0.7815881991076534,0.9220347739387393
loqi_raw_fixed,736,0.75,0.8553191720407465,0.7836411135159348,0.9226839136674428
loqi_raw_fixed,794,0.75,0.8568618500582027,0.7845837335208855,0.9233328290086213
loqi_raw_fixed,858,0.75,0.8584664822836637,0.7857163694519257,0.9240201209722174
loqi_raw_fixed,926,0.75,0.8600700924209816,0.7864453090947721,0.9247446393082351
loqi_raw_fixed,1000,0.75,0.8617021276595744,0.7872340425531914,0.9255319148936167
loqi_raw_fixed,10,1.0,0.7511026683980287,0.6722364902499008,0.8231918504575801
loqi_raw_fixed,11,1.0,0.7584182143725802,0.6803218662256164,0.8300659732880856
loqi_raw_fixed,12,1.0,0.7648150841380047,0.6866738619890149,0.8364575211594404
loqi_raw_fixed,13,1.0,0.7704790091099625,0.692911107711352,0.8414868150448408
loqi_raw_fixed,14,1.0,0.7755456620252702,0.69794047621467,0.846070935086685
loqi_raw_fixed,15,1.0,0.7801168312180291,0.7026706993647363,0.8503305334855108
loqi_raw_fixed,16,1.0,0.7842706934964191,0.7063549961294027,0.8537791062220841
loqi_raw_fixed,17,1.0,0.7880685321438872,0.7107024050415804,0.8569215200674312
loqi_raw_fixed,18,1.0,0.7915592525986024,0.7146030567283178,0.8600421614583037
loqi_raw_fixed,20,1.0,0.7977708395610164,0.720873580866399,0.8659085967883479
loqi_raw_fixed,22,1.0,0.8031468942018739,0.7264499437102673,0.8708969609761497
loqi_raw_fixed,23,1.0,0.8055767276957261,0.7292103551737485,0.8734380168351868
loqi_raw_fixed,25,1.0,0.810003321876601,0.7348064176425765,0.8773222473719278
loqi_raw_fixed,27,1.0,0.8139387308228737,0.7387617536683124,0.8818857228190501
loqi_raw_fixed,29,1.0,0.8174651168833791,0.742126401347469,0.885118472111169
loqi_raw_fixed,32,1.0,0.8221245515006576,0.7474185458104101,0.889169286470549
loqi_raw_fixed,34,1.0,0.8248816150323521,0.7507109409355845,0.8915522986510184
loqi_raw_fixed,37,1.0,0.8285873197701156,0.7548130491042051,0.8951132323161403
loqi_raw_fixed,40,1.0,0.8318639092550392,0.7579388507315024,0.8984009432517331
loqi_raw_fixed,43,1.0,0.8347880070680114,0.7610191641851213,0.9013567735237146
loqi_raw_fixed,46,1.0,0.8374193409449785,0.7642510414531911,0.903255213609259
loqi_raw_fixed,50,1.0,0.840552647013791,0.7680023537169507,0.9058884906954273
loqi_raw_fixed,54,1.0,0.8433354340631788,0.7713017427662414,0.9086596426241701
loqi_raw_fixed,58,1.0,0.8458335735183323,0.7741781198915667,0.9105068411037961
loqi_raw_fixed,63,1.0,0.848631990753376,0.7772554932454699,0.9132033621013865
loqi_raw_fixed,68,1.0,0.8511390443868603,0.7806195772255592,0.9150200471604634
loqi_raw_fixed,74,1.0,0.8538406211112581,0.784294066058743,0.9170795615733275
loqi_raw_fixed,79,1.0,0.8558845666625606,0.7867000002607865,0.9189434339438117
loqi_raw_fixed,86,1.0,0.8584909196472034,0.7895039575740914,0.9211030506194875
loqi_raw_fixed,93,1.0,0.8608552407282153,0.7919021224400921,0.9228475093442235
loqi_raw_fixed,100,1.0,0.8630230340732568,0.7941287695141788,0.9245633304391871
loqi_raw_fixed,108,1.0,0.8653023854235566,0.7972550642353196,0.9264855819109213
loqi_raw_fixed,117,1.0,0.8676572802407173,0.8011891165962359,0.9284916974319425
loqi_raw_fixed,126,1.0,0.869826968800005,0.8035409063234121,0.9302931144477821
loqi_raw_fixed,136,1.0,0.8720544987446129,0.8069198879341319,0.9320470735240253
loqi_raw_fixed,147,1.0,0.874314979404556,0.8100002568771633,0.9339604165847113
loqi_raw_fixed,158,1.0,0.8764046769645393,0.8123533503332948,0.9356660989183689
loqi_raw_fixed,171,1.0,0.8786846525096379,0.8151144290334315,0.9377701304847358
loqi_raw_fixed,185,1.0,0.8809416857179718,0.8184588380770703,0.9394442639689513
loqi_raw_fixed,200,1.0,0.8831635801770967,0.8211240248484737,0.9415023575316779
loqi_raw_fixed,215,1.0,0.8852102039674513,0.8241074122588427,0.9430310679779426
loqi_raw_fixed,233,1.0,0.8874673516130839,0.8268738338429358,0.9449388076413083
loqi_raw_fixed,250,1.0,0.8894277674406578,0.8295103696199144,0.946204825700581
loqi_raw_fixed,251,1.0,0.8895384236425994,0.8297002634358082,0.9462702129589601
loqi_raw_fixed,271,1.0,0.8916537301609879,0.8323140745730285,0.9475157109338591
loqi_raw_fixed,293,1.0,0.8937886636273358,0.8353905546829649,0.9488823472927107
loqi_raw_fixed,316,1.0,0.8958390369914765,0.8384333758183392,0.9504234594740374
loqi_raw_fixed,341,1.0,0.8978904159682395,0.8410503652493054,0.951931702767611
loqi_raw_fixed,369,1.0,0.900003995327693,0.8440060062612578,0.9534557510969676
loqi_raw_fixed,398,1.0,0.9020213495704918,0.8461786946198415,0.955066561300505
loqi_raw_fixed,430,1.0,0.9040775233696474,0.8482729366517968,0.956682101290021
loqi_raw_fixed,464,1.0,0.9060977284762276,0.8509573428288444,0.9587934354327569
loqi_raw_fixed,500,1.0,0.9080801073890729,0.8535447477060603,0.9600266183547362
loqi_raw_fixed,501,1.0,0.9081331028981797,0.8535730637901584,0.9600493200049174
loqi_raw_fixed,541,1.0,0.9101699067719179,0.8548208205155979,0.9617385831278312
loqi_raw_fixed,584,1.0,0.9121951593292787,0.8574722377405578,0.9635608227175047
loqi_raw_fixed,631,1.0,0.9142374095844613,0.8613207889388032,0.9651803796299662
loqi_raw_fixed,681,1.0,0.9162341099512086,0.8633922203201146,0.966664496959087
loqi_raw_fixed,736,1.0,0.9182402250381958,0.8652445506200671,0.9681007366432409
loqi_raw_fixed,794,1.0,0.9201572926339999,0.8670955528714869,0.9708102961229952
loqi_raw_fixed,858,1.0,0.922054280406744,0.8690422708717898,0.973557125902876
loqi_raw_fixed,926,1.0,0.9238382452457067,0.870698900818381,0.9761905629455382
loqi_raw_fixed,1000,1.0,0.925531914893617,0.8723404255319144,0.9787234042553186
torsional_diffusion_raw_fixed,10,0.5,0.4194495547301445,0.3343129952566968,0.5028957876730026
torsional_diffusion_raw_fixed,11,0.5,0.4290965960212348,0.34324652598806127,0.5129435615785202
torsional_diffusion_raw_fixed,12,0.5,0.4378451412960946,0.35117540855739454,0.5224793016021915
torsional_diffusion_raw_fixed,13,0.5,0.4458564158379648,0.3583285826264915,0.5296334904313007
torsional_diffusion_raw_fixed,14,0.5,0.4532521668183744,0.36548047756879665,0.5377684451056829
torsional_diffusion_raw_fixed,15,0.5,0.4601259945793608,0.3725740894017854,0.5443211306841043
torsional_diffusion_raw_fixed,16,0.5,0.46655109319013627,0.3783839296465938,0.550430925534832
torsional_diffusion_raw_fixed,17,0.5,0.4725856256183045,0.3844020449350738,0.5561612569904231
torsional_diffusion_raw_fixed,18,0.5,0.4782765141785693,0.39023897493716686,0.5615183323406957
torsional_diffusion_raw_fixed,20,0.5,0.4887743726431276,0.40108922841721406,0.5711649275398364
torsional_diffusion_raw_fixed,22,0.5,0.498281382468744,0.4102385940899617,0.5811782501444285
torsional_diffusion_raw_fixed,23,0.5,0.5027182932401042,0.414986427129626,0.5855088840295115
torsional_diffusion_raw_fixed,25,0.5,0.5110435614269433,0.4227244142416274,0.5934252276212596
torsional_diffusion_raw_fixed,27,0.5,0.518726835067608,0.42993339340286185,0.6019524461713369
torsional_diffusion_raw_fixed,29,0.5,0.5258551449306053,0.43708526523887703,0.6103800700306008
torsional_diffusion_raw_fixed,32,0.5,0.5356561821679847,0.4473297377505234,0.6216904725966806
torsional_diffusion_raw_fixed,34,0.5,0.5416755166963846,0.4534133377391312,0.6279663083399482
torsional_diffusion_raw_fixed,37,0.5,0.5500414832225116,0.461493078207706,0.6363027610420873
torsional_diffusion_raw_fixed,40,0.5,0.5577160770424905,0.4695468649677544,0.6444855749840588
torsional_diffusion_raw_fixed,43,0.5,0.5647946149278115,0.47710384986154214,0.650726684238286
torsional_diffusion_raw_fixed,46,0.5,0.5713542501481288,0.4841244054470672,0.6572562673375725
torsional_diffusion_raw_fixed,50,0.5,0.5794012234360875,0.4921453155120571,0.6643159192837427
torsional_diffusion_raw_fixed,54,0.5,0.586759031394015,0.49934355114582374,0.6710489227880329
torsional_diffusion_raw_fixed,58,0.5,0.593524802797444,0.5060991713100792,0.677797515001212
torsional_diffusion_raw_fixed,63,0.5,0.6012679274178057,0.5143419848513284,0.6851898881149734
torsional_diffusion_raw_fixed,68,0.5,0.6083315072406639,0.5213976327634817,0.692219762914484
torsional_diffusion_raw_fixed,74,0.5,0.6160478459704708,0.5294635034212769,0.6993830357224287
torsional_diffusion_raw_fixed,79,0.5,0.6219361809960869,0.5357882410044781,0.7053541173446802
torsional_diffusion_raw_fixed,86,0.5,0.6294771456113533,0.5428758777499701,0.7121520838131484
torsional_diffusion_raw_fixed,93,0.5,0.636320361655343,0.549075759942417,0.7191154051156511
torsional_diffusion_raw_fixed,100,0.5,0.642573451954671,0.5560584866483662,0.7250768626390339
torsional_diffusion_raw_fixed,108,0.5,0.649106094181827,0.5625700708809843,0.7314526515011455
torsional_diffusion_raw_fixed,117,0.5,0.65579220871208,0.5696534329951428,0.7380136924914338
torsional_diffusion_raw_fixed,126,0.5,0.6618842887640747,0.5756210860390266,0.7446506501692353
torsional_diffusion_raw_fixed,136,0.5,0.6680636933203448,0.5816356277307301,0.750365311662336
torsional_diffusion_raw_fixed,147,0.5,0.6742534756162822,0.5870615139944186,0.755591520449458
torsional_diffusion_raw_fixed,158,0.5,0.679902783677195,0.5918244819728096,0.761067152265469
torsional_diffusion_raw_fixed,171,0.5,0.6859884523673268,0.5986159161834059,0.7660991341726802
torsional_diffusion_raw_fixed,185,0.5,0.6919355041851752,0.60474175799858,0.7719720011859723
torsional_diffusion_raw_fixed,200,0.5,0.6977175709415032,0.6102282072758665,0.7785862480477266
torsional_diffusion_raw_fixed,215,0.5,0.7029816150533584,0.6157510339097697,0.7840378417706104
torsional_diffusion_raw_fixed,233,0.5,0.7087186377737809,0.6210024116647083,0.7899470607220935
torsional_diffusion_raw_fixed,250,0.5,0.7136418858831662,0.6256907831622636,0.7946622868268676
torsional_diffusion_raw_fixed,251,0.5,0.7139180795750504,0.6259465662412781,0.794926881221263
torsional_diffusion_raw_fixed,271,0.5,0.7191613564683359,0.6317681248637109,0.7998779195983017
torsional_diffusion_raw_fixed,293,0.5,0.7243789588081745,0.6386012496724057,0.8051535870770038
torsional_diffusion_raw_fixed,316,0.5,0.7293126594262033,0.6435150776912055,0.8103279805151016
torsional_diffusion_raw_fixed,341,0.5,0.7341647553806827,0.6481521595947226,0.8149656233471917
torsional_diffusion_raw_fixed,369,0.5,0.7390661943354866,0.6530588274303794,0.8197574489878189
torsional_diffusion_raw_fixed,398,0.5,0.7436419158732376,0.6579173450334357,0.8244531396034137
torsional_diffusion_raw_fixed,430,0.5,0.7481923150710698,0.661647526714155,0.8290189319334103
torsional_diffusion_raw_fixed,464,0.5,0.7525419587743237,0.6661491288652047,0.8333027958835029
torsional_diffusion_raw_fixed,500,0.5,0.7566848039819801,0.6700939956629501,0.8378828072763845
torsional_diffusion_raw_fixed,501,0.5,0.7567937797545554,0.6702232248350019,0.8380629480834116
torsional_diffusion_raw_fixed,541,0.5,0.7609094823805358,0.6742247017278086,0.8427871140040403
torsional_diffusion_raw_fixed,584,0.5,0.7648572816569089,0.6779094671969429,0.8463187446836492
torsional_diffusion_raw_fixed,631,0.5,0.7686872505674727,0.6821170944938422,0.8501435198933825
torsional_diffusion_raw_fixed,681,0.5,0.7722824283387196,0.6857866506211737,0.8540592848819674
torsional_diffusion_raw_fixed,736,0.5,0.7757457211905561,0.6890922672173716,0.8581092111265368
torsional_diffusion_raw_fixed,794,0.5,0.7789193987070308,0.6924888856183704,0.8607000903302712
torsional_diffusion_raw_fixed,858,0.5,0.7819380183135883,0.6957380428545773,0.8650269147626155
torsional_diffusion_raw_fixed,926,0.5,0.7846828452425962,0.6989026283651028,0.8688763729689605
torsional_diffusion_raw_fixed,1000,0.5,0.7872340425531915,0.7021276595744677,0.8723404255319145
torsional_diffusion_raw_fixed,10,0.75,0.5732169563283406,0.4877777440513532,0.6561559037606558
torsional_diffusion_raw_fixed,11,0.75,0.5847882194826672,0.5000085207742057,0.6672869072108621
torsional_diffusion_raw_fixed,12,0.75,0.5951405556100746,0.5092150417786574,0.6785241884504972
torsional_diffusion_raw_fixed,13,0.75,0.6044770671788691,0.5185158558971256,0.68729990002445
torsional_diffusion_raw_fixed,14,0.75,0.6129557306356701,0.5274942524223886,0.6954611618185591
torsional_diffusion_raw_fixed,15,0.75,0.6207016726543341,0.5362844677275118,0.703253352714617
torsional_diffusion_raw_fixed,16,0.75,0.6278155474149475,0.5435133209021623,0.7106741990818594
torsional_diffusion_raw_fixed,17,0.75,0.6343794180950107,0.5505432373606568,0.7165359840786661
torsional_diffusion_raw_fixed,18,0.75,0.6404609876383162,0.5570203070365167,0.72208906629476
torsional_diffusion_raw_fixed,20,0.75,0.6513940897972063,0.5687119135713774,0.732064461769248
torsional_diffusion_raw_fixed,22,0.75,0.660969433692692,0.5775013730748875,0.7409417165659471
torsional_diffusion_raw_fixed,23,0.75,0.6653316957153572,0.5819201649867615,0.7448809241055803
torsional_diffusion_raw_fixed,25,0.75,0.6733352344388306,0.5897162385303923,0.7526721359145331
torsional_diffusion_raw_fixed,27,0.75,0.6805145139470141,0.5962133698638825,0.7600085819255649
torsional_diffusion_raw_fixed,29,0.75,0.6870020814721782,0.6029201369529453,0.7660817282331386
torsional_diffusion_raw_fixed,32,0.75,0.6956603969232743,0.6116909758344998,0.7737777909814563
torsional_diffusion_raw_fixed,34,0.75,0.700834515774256,0.6172155863860996,0.7782492729108544
torsional_diffusion_raw_fixed,37,0.75,0.7078552230993989,0.6243885817381094,0.7844534400079068
torsional_diffusion_raw_fixed,40,0.75,0.7141327697428166,0.6305875843831286,0.7902797785354992
torsional_diffusion_raw_fixed,43,0.75,0.7197958945827566,0.6367807305870278,0.7951359013022109
torsional_diffusion_raw_fixed,46,0.75,0.7249450429816607,0.6423477998680887,0.800640991921165
torsional_diffusion_raw_fixed,50,0.75,0.7311460402677307,0.6493732576672869,0.8069827242218448
torsional_diffusion_raw_fixed,54,0.75,0.736719051834265,0.6551047775005526,0.8125054857376511
torsional_diffusion_raw_fixed,58,0.75,0.7417748412064837,0.6607414397378358,0.8175771542735992
torsional_diffusion_raw_fixed,63,0.75,0.7474952982065274,0.6667037436735945,0.8216556104622587
torsional_diffusion_raw_fixed,68,0.75,0.7526664640041667,0.6723828088899675,0.8272398155233885
torsional_diffusion_raw_fixed,74,0.75,0.7582792809194587,0.6785485669800232,0.8328743080184643
torsional_diffusion_raw_fixed,79,0.75,0.7625463010665142,0.6841084612947633,0.8367071292456828
torsional_diffusion_raw_fixed,86,0.75,0.7680016395492689,0.6899854482319117,0.841634765695923
torsional_diffusion_raw_fixed,93,0.75,0.7729524791216866,0.6951623587024716,0.8459754604056707
torsional_diffusion_raw_fixed,100,0.75,0.7774835455437006,0.7004801050390752,0.8499761160782066
torsional_diffusion_raw_fixed,108,0.75,0.7822303257602449,0.7066907426981939,0.8546411130274696
torsional_diffusion_raw_fixed,117,0.75,0.7871079039788369,0.7120355373659788,0.8593884054717447
torsional_diffusion_raw_fixed,126,0.75,0.7915733641507189,0.7163154931334027,0.8634296941034384
torsional_diffusion_raw_fixed,136,0.75,0.7961274307021858,0.7215882140369132,0.8676011071885207
torsional_diffusion_raw_fixed,147,0.75,0.800717963362349,0.7262153540209071,0.8719317952612617
torsional_diffusion_raw_fixed,158,0.75,0.8049365512753864,0.7320091925206164,0.8755863407635734
torsional_diffusion_raw_fixed,171,0.75,0.8095162490394454,0.7375474050313847,0.8793465769249732
torsional_diffusion_raw_fixed,185,0.75,0.8140317720990433,0.7421771860010461,0.8834923739130124
torsional_diffusion_raw_fixed,200,0.75,0.8184648608853856,0.747823950499519,0.8877779418904237
torsional_diffusion_raw_fixed,215,0.75,0.8225412388026478,0.7516188785061855,0.8917142396787222
torsional_diffusion_raw_fixed,233,0.75,0.8270309748787967,0.757035213350219,0.8954361328144409
torsional_diffusion_raw_fixed,250,0.75,0.8309243189409906,0.7616106015106378,0.8981448874615587
torsional_diffusion_raw_fixed,251,0.75,0.8311438417066547,0.7618738801019926,0.8983628585756506
torsional_diffusion_raw_fixed,271,0.75,0.8353329256439365,0.7663603726895574,0.9017346625019814
torsional_diffusion_raw_fixed,293,0.75,0.8395395757302001,0.7713338414644387,0.9054822007255675
torsional_diffusion_raw_fixed,316,0.75,0.8435463728689027,0.775413679161692,0.9089796498369
torsional_diffusion_raw_fixed,341,0.75,0.847506072134048,0.7792091204192036,0.9124837493697058
torsional_diffusion_raw_fixed,369,0.75,0.8515144402152338,0.783702650187826,0.9161605738954302
torsional_diffusion_raw_fixed,398,0.75,0.8552528007206107,0.7877697615911912,0.9192081528342355
torsional_diffusion_raw_fixed,430,0.75,0.8589563077172931,0.7913593001109974,0.9224876005008461
torsional_diffusion_raw_fixed,464,0.75,0.8624755586934586,0.7950857834943361,0.9257662349466942
torsional_diffusion_raw_fixed,500,0.75,0.8658059950753587,0.7993894240347501,0.9285681200739859
torsional_diffusion_raw_fixed,501,0.75,0.865893341363398,0.7994552836945076,0.92864252192776
torsional_diffusion_raw_fixed,541,0.75,0.8691857657186667,0.8024229559468427,0.931379730206176
torsional_diffusion_raw_fixed,584,0.75,0.8723443891253504,0.805950259684473,0.9338659539885997
torsional_diffusion_raw_fixed,631,0.75,0.8754376467367663,0.8091920429266838,0.9365329757123781
torsional_diffusion_raw_fixed,681,0.75,0.8784098260785071,0.8129961641677952,0.9385372215219814
torsional_diffusion_raw_fixed,736,0.75,0.8813962022037372,0.8161610177490592,0.9408889593112415
torsional_diffusion_raw_fixed,794,0.75,0.8843141832204406,0.81876114515892,0.943795643185142
torsional_diffusion_raw_fixed,858,0.75,0.8873427513264,0.8222196496224635,0.9481419018667555
torsional_diffusion_raw_fixed,926,0.75,0.8904093134550648,0.8258501070561919,0.9526640034490524
torsional_diffusion_raw_fixed,1000,0.75,0.8936170212765957,0.8297872340425526,0.9574468085106377
torsional_diffusion_raw_fixed,10,1.0,0.6924543409171822,0.615438349389496,0.7651828132431089
torsional_diffusion_raw_fixed,11,1.0,0.70347837776019,0.6282151593159286,0.77593229932965
torsional_diffusion_raw_fixed,12,1.0,0.713201620870245,0.6372542959921954,0.7844558206080936
torsional_diffusion_raw_fixed,13,1.0,0.7218538780190074,0.6470735771103274,0.7931707963039268
torsional_diffusion_raw_fixed,14,1.0,0.7296124372599129,0.6549360666193008,0.8000846107532852
torsional_diffusion_raw_fixed,15,1.0,0.7366167376567353,0.6617745956060902,0.8063703579610735
torsional_diffusion_raw_fixed,16,1.0,0.7429782265646081,0.6675654119543983,0.8121922181522173
torsional_diffusion_raw_fixed,17,1.0,0.7487871927390464,0.6734251802669994,0.818087196056905
torsional_diffusion_raw_fixed,18,1.0,0.7541176338605149,0.6790541133184623,0.8234558268128954
torsional_diffusion_raw_fixed,20,1.0,0.7635778672709527,0.6878726426364296,0.8327031399995626
torsional_diffusion_raw_fixed,22,1.0,0.7717393245787008,0.697449391493992,0.840439757091702
torsional_diffusion_raw_fixed,23,1.0,0.7754213508823247,0.7007542300002688,0.8441775734787167
torsional_diffusion_raw_fixed,25,1.0,0.782122317657129,0.7084011191318728,0.8505020195143321
torsional_diffusion_raw_fixed,27,1.0,0.7880779687293455,0.7152766409032326,0.8558724490533591
torsional_diffusion_raw_fixed,29,1.0,0.7934195575033446,0.7212608941851798,0.8618035709449556
torsional_diffusion_raw_fixed,32,1.0,0.8004958020091388,0.7291519385752545,0.868453081247622
torsional_diffusion_raw_fixed,34,1.0,0.8046986177666006,0.7338215457445262,0.8723321575172799
torsional_diffusion_raw_fixed,37,1.0,0.8103725601640407,0.7393632067951649,0.878096179352955
torsional_diffusion_raw_fixed,40,1.0,0.8154178138266368,0.7446598056474834,0.882285899986432
torsional_diffusion_raw_fixed,43,1.0,0.8199446648419892,0.7498152857508134,0.8865763083448135
torsional_diffusion_raw_fixed,46,1.0,0.8240373985432556,0.7535250394629173,0.8903961817788861
torsional_diffusion_raw_fixed,50,1.0,0.828930729053684,0.7587513079053481,0.894590589280195
torsional_diffusion_raw_fixed,54,1.0,0.8332878298168551,0.7638404190675362,0.8986920831472188
torsional_diffusion_raw_fixed,58,1.0,0.8371996042105673,0.7682920129374944,0.9022254299209141
torsional_diffusion_raw_fixed,63,1.0,0.8415689456755594,0.7733276298382449,0.9058927303925767
torsional_diffusion_raw_fixed,68,1.0,0.845457794077899,0.7778306592977086,0.9093858556425486
torsional_diffusion_raw_fixed,74,1.0,0.8496033798732016,0.7823289687030004,0.913147208815642
torsional_diffusion_raw_fixed,79,1.0,0.8526968157052904,0.7859364010348975,0.915970054630861
torsional_diffusion_raw_fixed,86,1.0,0.8565727720952727,0.7904679453331056,0.9197437783725835
torsional_diffusion_raw_fixed,93,1.0,0.8600099423536647,0.794836179085918,0.9228604542778857
torsional_diffusion_raw_fixed,100,1.0,0.8630872107830706,0.7983914337511389,0.9252137305671456
torsional_diffusion_raw_fixed,108,1.0,0.866241030617909,0.8019582649415518,0.927767910430296
torsional_diffusion_raw_fixed,117,1.0,0.8694090289233162,0.8058540014326936,0.9295960039865269
torsional_diffusion_raw_fixed,126,1.0,0.8722474624451292,0.8090822016083484,0.9315273566133371
torsional_diffusion_raw_fixed,136,1.0,0.8750846797018268,0.8122449072372713,0.9339583460638653
torsional_diffusion_raw_fixed,147,1.0,0.87788952714326,0.8153308073748508,0.935955565893575
torsional_diffusion_raw_fixed,158,1.0,0.880421484468259,0.8183225951810963,0.9381248660741036
torsional_diffusion_raw_fixed,171,1.0,0.8831236679286272,0.8209605257872468,0.9410920730222057
torsional_diffusion_raw_fixed,185,1.0,0.8857428749011977,0.823713373705826,0.9435759155681943
torsional_diffusion_raw_fixed,200,1.0,0.8882721159692851,0.8266265659119586,0.9457340813316465
torsional_diffusion_raw_fixed,215,1.0,0.8905614912257361,0.828948985627992,0.9476095640945346
torsional_diffusion_raw_fixed,233,1.0,0.8930426312548869,0.8313616942704748,0.9499564196259603
torsional_diffusion_raw_fixed,250,1.0,0.8951594947286059,0.8341645771412589,0.9514147710226659
torsional_diffusion_raw_fixed,251,1.0,0.8952778813571045,0.8343267600402205,0.9514797541535094
torsional_diffusion_raw_fixed,271,1.0,0.8975169217873024,0.8369437512967367,0.9529104773347187
torsional_diffusion_raw_fixed,293,1.0,0.8997264975004681,0.8386378335350707,0.9551065543315245
torsional_diffusion_raw_fixed,316,1.0,0.9017944646790841,0.8403154255345039,0.9573287408520406
torsional_diffusion_raw_fixed,341,1.0,0.9038028566541327,0.8427176799799956,0.9582600722087903
torsional_diffusion_raw_fixed,369,1.0,0.9058003995560262,0.8452095018694246,0.9598392229574313
torsional_diffusion_raw_fixed,398,1.0,0.9076316585193338,0.848042741169584,0.9615064561892869
torsional_diffusion_raw_fixed,430,1.0,0.9094164882231653,0.8494618320531762,0.9632045762912286
torsional_diffusion_raw_fixed,464,1.0,0.9110866139534223,0.8516872566819359,0.9645717609962847
torsional_diffusion_raw_fixed,500,1.0,0.9126453938275756,0.8537363191706255,0.9658982351975378
torsional_diffusion_raw_fixed,501,1.0,0.9126860082882363,0.8537686980201988,0.9659168085286367
torsional_diffusion_raw_fixed,541,1.0,0.9142078053230692,0.8553373905947689,0.9666168864038571
torsional_diffusion_raw_fixed,584,1.0,0.9156530631174052,0.8566215571851384,0.9673773383590127
torsional_diffusion_raw_fixed,631,1.0,0.9170582217119222,0.857376618025826,0.9676591247814823
torsional_diffusion_raw_fixed,681,1.0,0.9184038096994791,0.8581728282419162,0.9680901870900029
torsional_diffusion_raw_fixed,736,1.0,0.9197580430588588,0.8588357583601323,0.9700894772960641
torsional_diffusion_raw_fixed,794,1.0,0.9210918589226169,0.8594903876944773,0.9720730168685545
torsional_diffusion_raw_fixed,858,1.0,0.9224980378005172,0.8601871602947876,0.9741747104769418
torsional_diffusion_raw_fixed,926,1.0,0.9239565586284524,0.8609145951892629,0.9763605183410717
torsional_diffusion_raw_fixed,1000,1.0,0.925531914893617,0.8617021276595742,0.9787234042553185
mcf_drugs_l_raw_fixed,10,0.5,0.43301334313533163,0.3481848301369466,0.517990324126137
mcf_drugs_l_raw_fixed,11,0.5,0.44293197021663827,0.357494420579266,0.5293419525422571
mcf_drugs_l_raw_fixed,12,0.5,0.4518749298375057,0.36594975830487697,0.5371231505717363
mcf_drugs_l_raw_fixed,13,0.5,0.4600111878882065,0.37416727080754514,0.5461463087397403
mcf_drugs_l_raw_fixed,14,0.5,0.46746937839862923,0.3805425667148236,0.5529395300441959
mcf_drugs_l_raw_fixed,15,0.5,0.4743493440598492,0.38649900985281993,0.5603204496646762
mcf_drugs_l_raw_fixed,16,0.5,0.480729977374465,0.39325350007112425,0.5661272599337763
mcf_drugs_l_raw_fixed,17,0.5,0.4866746459703655,0.3993471481999662,0.5722486740775685
mcf_drugs_l_raw_fixed,18,0.5,0.492235013539182,0.403877419309402,0.5782381073250877
mcf_drugs_l_raw_fixed,20,0.5,0.502366661597305,0.4136064734411892,0.5878514183162262
mcf_drugs_l_raw_fixed,22,0.5,0.5113913026089926,0.4223123501498768,0.5970343031068901
mcf_drugs_l_raw_fixed,23,0.5,0.5155511756829467,0.42665316733297826,0.6014309416504239
mcf_drugs_l_raw_fixed,25,0.5,0.5232634327071063,0.43446913398633097,0.6095432158443331
mcf_drugs_l_raw_fixed,27,0.5,0.5302692404538274,0.44149821199862177,0.6163675138366594
mcf_drugs_l_raw_fixed,29,0.5,0.5366697513724249,0.4480429795548892,0.6233701288073473
mcf_drugs_l_raw_fixed,32,0.5,0.5453093058972573,0.4559224636495001,0.6323406889368546
mcf_drugs_l_raw_fixed,34,0.5,0.5505209428806163,0.46058261086336305,0.6377464404685764
mcf_drugs_l_raw_fixed,37,0.5,0.5576431141156435,0.4674861027616958,0.6450288662677832
mcf_drugs_l_raw_fixed,40,0.5,0.5640518508271695,0.47354507060064754,0.6512352438726893
mcf_drugs_l_raw_fixed,43,0.5,0.5698571316737183,0.47873096463132586,0.6577131430202114
mcf_drugs_l_raw_fixed,46,0.5,0.5751473345221,0.48342852452627155,0.662978485649989
mcf_drugs_l_raw_fixed,50,0.5,0.5815221651076086,0.49049682143039247,0.6691760946210404
mcf_drugs_l_raw_fixed,54,0.5,0.5872443152503738,0.4970217376527257,0.6751243047711619
mcf_drugs_l_raw_fixed,58,0.5,0.5924207475473839,0.5021268397838173,0.6804285929422359
mcf_drugs_l_raw_fixed,63,0.5,0.5982516042329536,0.5078701263727295,0.6862524089475288
mcf_drugs_l_raw_fixed,68,0.5,0.6034915369806515,0.5135134596534271,0.6918768229236476
mcf_drugs_l_raw_fixed,74,0.5,0.6091395553660822,0.5196388434865059,0.6970759066488128
mcf_drugs_l_raw_fixed,79,0.5,0.613403496992322,0.5243379936616257,0.7016945673131246
mcf_drugs_l_raw_fixed,86,0.5,0.6188164912408033,0.5295652793992782,0.7068850262417701
mcf_drugs_l_raw_fixed,93,0.5,0.6236928420912443,0.5354729377842471,0.7117501831631576
mcf_drugs_l_raw_fixed,100,0.5,0.6281282453259837,0.5396935043069312,0.7159593730149905
mcf_drugs_l_raw_fixed,108,0.5,0.6327503855442532,0.545227965287887,0.7201377551893473
mcf_drugs_l_raw_fixed,117,0.5,0.637478669289389,0.5494718628935197,0.7248376527448911
mcf_drugs_l_raw_fixed,126,0.5,0.641793124874115,0.5534814818861857,0.7288048199295043
mcf_drugs_l_raw_fixed,136,0.5,0.6461833411970799,0.5579537264907428,0.7327905779815335
mcf_drugs_l_raw_fixed,147,0.5,0.6506024099966283,0.5631551818144098,0.7368085633311275
mcf_drugs_l_raw_fixed,158,0.5,0.6546605509977506,0.5669939747098264,0.7400262389924781
mcf_drugs_l_raw_fixed,171,0.5,0.6590652966802507,0.5719495567225984,0.7440041588239192
mcf_drugs_l_raw_fixed,185,0.5,0.6634095996060501,0.5773664531830487,0.7481177535437864
mcf_drugs_l_raw_fixed,200,0.5,0.6676780828626976,0.5815923361786398,0.7518889478782359
mcf_drugs_l_raw_fixed,215,0.5,0.6716088481665177,0.5860537866553536,0.755528726288526
mcf_drugs_l_raw_fixed,233,0.5,0.6759492734081656,0.5907305393099901,0.7598624253512224
mcf_drugs_l_raw_fixed,250,0.5,0.679728370067091,0.5937293976876572,0.7633235240683562
mcf_drugs_l_raw_fixed,251,0.5,0.6799420205438406,0.5938596136821608,0.7635795411677191
mcf_drugs_l_raw_fixed,271,0.5,0.6840344899750083,0.5978641520989256,0.7680550735940914
mcf_drugs_l_raw_fixed,293,0.5,0.6881831337063254,0.6017410300560524,0.7722171726801313
mcf_drugs_l_raw_fixed,316,0.5,0.6921866667766299,0.6053983957921973,0.7762245665524719
mcf_drugs_l_raw_fixed,341,0.5,0.6962115483731856,0.60854003263587,0.7803995129392252
mcf_drugs_l_raw_fixed,369,0.5,0.7003777840299088,0.6136317888333205,0.7844571807945182
mcf_drugs_l_raw_fixed,398,0.5,0.7043704425594687,0.6174687224567506,0.7882935187919643
mcf_drugs_l_raw_fixed,430,0.5,0.7084531784056893,0.6218224419152575,0.7925905344994049
mcf_drugs_l_raw_fixed,464,0.5,0.7124749914557685,0.6265442928112477,0.7967659163583418
mcf_drugs_l_raw_fixed,500,0.5,0.7164309554557222,0.6309621475473327,0.8008798951611551
mcf_drugs_l_raw_fixed,501,0.5,0.7165368564129279,0.6310911040942271,0.8009893054140581
mcf_drugs_l_raw_fixed,541,0.5,0.7206147548040822,0.6349913715137756,0.804579522607921
mcf_drugs_l_raw_fixed,584,0.5,0.7246922433690174,0.6383665001724997,0.8094821047509946
mcf_drugs_l_raw_fixed,631,0.5,0.7288460417323595,0.642574735215677,0.8136891555295852
mcf_drugs_l_raw_fixed,681,0.5,0.7329789034356275,0.644927175979484,0.8181687693764582
mcf_drugs_l_raw_fixed,736,0.5,0.7372498770639719,0.6495096496944268,0.8222282136755913
mcf_drugs_l_raw_fixed,794,0.5,0.741506555158434,0.6543187601089415,0.8265447944231267
mcf_drugs_l_raw_fixed,858,0.5,0.7459763833385906,0.6593863649280105,0.8310581291665283
mcf_drugs_l_raw_fixed,926,0.5,0.750529560920623,0.6646385239896944,0.8356321985303141
mcf_drugs_l_raw_fixed,1000,0.5,0.7553191489361702,0.6702127659574465,0.8404255319148932
mcf_drugs_l_raw_fixed,10,0.75,0.560152116200748,0.4752409862454634,0.6427710930975862
mcf_drugs_l_raw_fixed,11,0.75,0.5704543200756242,0.48446204659823844,0.6533934203894635
mcf_drugs_l_raw_fixed,12,0.75,0.5795695095084608,0.4932980695361257,0.6628309481454817
mcf_drugs_l_raw_fixed,13,0.75,0.5877148745849677,0.5023724556811879,0.6706428390963093
mcf_drugs_l_raw_fixed,14,0.75,0.5950579705201989,0.5099124443964498,0.6781679486341032
mcf_drugs_l_raw_fixed,15,0.75,0.6017300366630641,0.516622547510293,0.6850879842077209
mcf_drugs_l_raw_fixed,16,0.75,0.6078351995356939,0.5227481465788022,0.6918784090887182
mcf_drugs_l_raw_fixed,17,0.75,0.6134570067700381,0.5284927691498797,0.6968605170399677
mcf_drugs_l_raw_fixed,18,0.75,0.618663169622267,0.5345059547402227,0.7011326352398479
mcf_drugs_l_raw_fixed,20,0.75,0.6280403784491703,0.5442496771645051,0.710044752930714
mcf_drugs_l_raw_fixed,22,0.75,0.6363049515653102,0.5530668384052386,0.7179881140531565
mcf_drugs_l_raw_fixed,23,0.75,0.6400968301322207,0.5579747145160711,0.7215412882037345
mcf_drugs_l_raw_fixed,25,0.75,0.6471143223597151,0.5655461187580296,0.727602478400016
mcf_drugs_l_raw_fixed,27,0.75,0.6534932020074188,0.5721242066640039,0.7337254986872636
mcf_drugs_l_raw_fixed,29,0.75,0.6593420581789582,0.5779683340213074,0.7391578486048206
mcf_drugs_l_raw_fixed,32,0.75,0.6672972220486548,0.5854493645049179,0.7468557469973697
mcf_drugs_l_raw_fixed,34,0.75,0.6721437394265187,0.5897455018855869,0.7518756888098714
mcf_drugs_l_raw_fixed,37,0.75,0.6788421735793578,0.595844050015885,0.7584241140204131
mcf_drugs_l_raw_fixed,40,0.75,0.6849576794690351,0.6018042164651815,0.7640445587985313
mcf_drugs_l_raw_fixed,43,0.75,0.690579408540158,0.6079976314448244,0.7691616409380145
mcf_drugs_l_raw_fixed,46,0.75,0.695776200045671,0.6126861409847072,0.7745416517576929
mcf_drugs_l_raw_fixed,50,0.75,0.7021368946613676,0.6195613355343035,0.7813838081898015
mcf_drugs_l_raw_fixed,54,0.75,0.7079395492570771,0.6262342176077321,0.7871676668662103
mcf_drugs_l_raw_fixed,58,0.75,0.7132632912668789,0.6318820912398908,0.7920167603258783
mcf_drugs_l_raw_fixed,63,0.75,0.7193396550637584,0.6376334990105635,0.7976872481473952
mcf_drugs_l_raw_fixed,68,0.75,0.7248643549708274,0.6431975325094993,0.8027982264502963
mcf_drugs_l_raw_fixed,74,0.75,0.7308751190053107,0.6493107212891873,0.8092314658276947
mcf_drugs_l_raw_fixed,79,0.75,0.735441465218268,0.6539677493118478,0.8136974573900427
mcf_drugs_l_raw_fixed,86,0.75,0.7412589266990746,0.6602403674993945,0.8190251743038042
mcf_drugs_l_raw_fixed,93,0.75,0.7465039226546352,0.6662311956201098,0.8240070823811714
mcf_drugs_l_raw_fixed,100,0.75,0.7512641430606914,0.6715925722583057,0.8277856250892663
mcf_drugs_l_raw_fixed,108,0.75,0.75619999888869,0.6775309805681108,0.8321408705578804
mcf_drugs_l_raw_fixed,117,0.75,0.7612080778234647,0.6829026865690628,0.8365181225013104
mcf_drugs_l_raw_fixed,126,0.75,0.7657287440816348,0.6868171748406995,0.8407941556112528
mcf_drugs_l_raw_fixed,136,0.75,0.7702690207336655,0.6911056232734867,0.8450160588899157
mcf_drugs_l_raw_fixed,147,0.75,0.7747675793673972,0.6971626783136657,0.8490538996354087
mcf_drugs_l_raw_fixed,158,0.75,0.7788272331781987,0.7011649063660649,0.8528015070776713
mcf_drugs_l_raw_fixed,171,0.75,0.7831484602783093,0.7065230513738416,0.8570462961558718
mcf_drugs_l_raw_fixed,185,0.75,0.7873171595705035,0.7116133331250107,0.8606845703580484
mcf_drugs_l_raw_fixed,200,0.75,0.7913181768867068,0.7157119524598415,0.8642111262222195
mcf_drugs_l_raw_fixed,215,0.75,0.7949168917956071,0.7190022189740393,0.8674602695031692
mcf_drugs_l_raw_fixed,233,0.75,0.7987942806418791,0.7235293800289141,0.8709925769109367
mcf_drugs_l_raw_fixed,250,0.75,0.8020889651006117,0.7271144197715518,0.8739924940253702
mcf_drugs_l_raw_fixed,251,0.75,0.8022730218848102,0.7273243737487843,0.8741569018998101
mcf_drugs_l_raw_fixed,271,0.75,0.8057547285172635,0.7311024284694616,0.8772722523967049
mcf_drugs_l_raw_fixed,293,0.75,0.8092039763203503,0.7348643451518284,0.8793185030708902
mcf_drugs_l_raw_fixed,316,0.75,0.8124648465129307,0.7389470873162975,0.8822173358619483
mcf_drugs_l_raw_fixed,341,0.75,0.8156873627461028,0.7421183936462334,0.8844159499339345
mcf_drugs_l_raw_fixed,369,0.75,0.8189784844080099,0.7454923823826834,0.88799793887349
mcf_drugs_l_raw_fixed,398,0.75,0.8221050864456424,0.7489353293934425,0.8908521978381917
mcf_drugs_l_raw_fixed,430,0.75,0.8252904000260256,0.7523675382414852,0.8934165293828609
mcf_drugs_l_raw_fixed,464,0.75,0.8284312479755548,0.7557551895369259,0.8957219217307086
mcf_drugs_l_raw_fixed,500,0.75,0.8315357166298529,0.7589936165242163,0.8986302031021957
mcf_drugs_l_raw_fixed,501,0.75,0.8316191148884333,0.7590821624252206,0.8986885906618342
mcf_drugs_l_raw_fixed,541,0.75,0.834844242563047,0.7631480826392484,0.901787885989108
mcf_drugs_l_raw_fixed,584,0.75,0.8380968092424903,0.7669923883990464,0.9048309045632251
mcf_drugs_l_raw_fixed,631,0.75,0.8414342720951683,0.7709475540889459,0.9079401913042172
mcf_drugs_l_raw_fixed,681,0.75,0.8447655593240521,0.7747696697275159,0.9110401816678919
mcf_drugs_l_raw_fixed,736,0.75,0.8481953460632333,0.778062041594874,0.9135629929765366
mcf_drugs_l_raw_fixed,794,0.75,0.8515675308349682,0.7818869579728325,0.9167201312024763
mcf_drugs_l_raw_fixed,858,0.75,0.8550156835624049,0.7839816349594397,0.9203559520973289
mcf_drugs_l_raw_fixed,926,0.75,0.8583803176627225,0.7855997226720028,0.9229973448942689
mcf_drugs_l_raw_fixed,1000,0.75,0.8617021276595744,0.7872340425531913,0.9255319148936167
mcf_drugs_l_raw_fixed,10,1.0,0.6639268752764534,0.5835547079725592,0.7414988737320163
mcf_drugs_l_raw_fixed,11,1.0,0.6744487014157956,0.5948424831975183,0.7514637121861046
mcf_drugs_l_raw_fixed,12,1.0,0.6837988977533409,0.6043729503153662,0.7606392379847784
mcf_drugs_l_raw_fixed,13,1.0,0.6921918523088196,0.6133348935445583,0.7683210341025539
mcf_drugs_l_raw_fixed,14,1.0,0.699790565849724,0.621356086838099,0.7757393800689202
mcf_drugs_l_raw_fixed,15,1.0,0.7067212444394817,0.6279391114069158,0.782313904090047
mcf_drugs_l_raw_fixed,16,1.0,0.7130832096544273,0.6350369476402117,0.7885735426353737
mcf_drugs_l_raw_fixed,17,1.0,0.7189557878211122,0.6413208850267786,0.7936624010149427
mcf_drugs_l_raw_fixed,18,1.0,0.7244031959885451,0.6477430374212022,0.7985158665090465
mcf_drugs_l_raw_fixed,20,1.0,0.73422403713615,0.6580591659454995,0.8069298585625612
mcf_drugs_l_raw_fixed,22,1.0,0.742869845907904,0.6675498010216259,0.8145982484027451
mcf_drugs_l_raw_fixed,23,1.0,0.7468269826931915,0.6723822995130936,0.8181064139238085
mcf_drugs_l_raw_fixed,25,1.0,0.7541238277195269,0.6802602774670861,0.8248830262006367
mcf_drugs_l_raw_fixed,27,1.0,0.7607163264454166,0.6876877965825499,0.8312275546678529
mcf_drugs_l_raw_fixed,29,1.0,0.7667183087225364,0.6943785275548919,0.8366124501336346
mcf_drugs_l_raw_fixed,32,1.0,0.7748044307482064,0.7034957052789924,0.8433651927553792
mcf_drugs_l_raw_fixed,34,1.0,0.7796828613660666,0.708531966432862,0.8476454687364181
mcf_drugs_l_raw_fixed,37,1.0,0.7863633270852923,0.7158220918818006,0.8533744578144818
mcf_drugs_l_raw_fixed,40,1.0,0.7924004054401876,0.7227165512087389,0.8587184796336262
mcf_drugs_l_raw_fixed,43,1.0,0.797901077816857,0.728891468251416,0.8631310358898345
mcf_drugs_l_raw_fixed,46,1.0,0.8029486601609398,0.7343222908605801,0.8669486550334935
mcf_drugs_l_raw_fixed,50,1.0,0.809085933788832,0.7409565586274097,0.8724337800842293
mcf_drugs_l_raw_fixed,54,1.0,0.8146549785139268,0.7476573666115361,0.8770472445991615
mcf_drugs_l_raw_fixed,58,1.0,0.819748279943733,0.7536523905894658,0.8814536280784431
mcf_drugs_l_raw_fixed,63,1.0,0.825553619849461,0.7607252708730853,0.8870485184738524
mcf_drugs_l_raw_fixed,68,1.0,0.8308343769484108,0.7663355338278879,0.8919960622657335
mcf_drugs_l_raw_fixed,74,1.0,0.8365929756166206,0.7735109413648348,0.8972338426400374
mcf_drugs_l_raw_fixed,79,1.0,0.8409830285043282,0.778658143237369,0.9007008567004685
mcf_drugs_l_raw_fixed,86,1.0,0.8466015021442518,0.7853604633343769,0.9056995200030836
mcf_drugs_l_raw_fixed,93,1.0,0.8516963296813955,0.7911080313301326,0.9100885584583075
mcf_drugs_l_raw_fixed,100,1.0,0.8563470188821731,0.796859280727878,0.9128974615107995
mcf_drugs_l_raw_fixed,108,1.0,0.8611977901426947,0.8022880723818603,0.9175610250683172
mcf_drugs_l_raw_fixed,117,1.0,0.86614998522848,0.8078686436668084,0.9215076419416616
mcf_drugs_l_raw_fixed,126,1.0,0.870646749305434,0.8137684915662808,0.9253237602563478
mcf_drugs_l_raw_fixed,136,1.0,0.8751883589908753,0.8191921771358098,0.9288681331140647
mcf_drugs_l_raw_fixed,147,1.0,0.8797132916800758,0.824264379897224,0.9324962442358358
mcf_drugs_l_raw_fixed,158,1.0,0.8838182726593573,0.8289734169625791,0.9357240151934682
mcf_drugs_l_raw_fixed,171,1.0,0.8882103914490742,0.8348982864413771,0.9386671340466813
mcf_drugs_l_raw_fixed,185,1.0,0.892469655793701,0.840017510297,0.9424154856393091
mcf_drugs_l_raw_fixed,200,1.0,0.8965775343727278,0.8451488117077641,0.9456659709549837
mcf_drugs_l_raw_fixed,215,1.0,0.9002875963790199,0.8494921683996329,0.9486614977719924
mcf_drugs_l_raw_fixed,233,1.0,0.9042977024545718,0.8537039119957271,0.9518811349431623
mcf_drugs_l_raw_fixed,250,1.0,0.9077108002805152,0.8579929885938299,0.9548055191045648
mcf_drugs_l_raw_fixed,251,1.0,0.9079014978453268,0.858222016337965,0.9549714529755433
mcf_drugs_l_raw_fixed,271,1.0,0.9115060267308269,0.8619619984098404,0.9575189344831291
mcf_drugs_l_raw_fixed,293,1.0,0.9150634489605346,0.8655225692611703,0.9601750729317502
mcf_drugs_l_raw_fixed,316,1.0,0.9184007662528757,0.8698152698686569,0.9626508777259937
mcf_drugs_l_raw_fixed,341,1.0,0.9216587438000257,0.8731910057890259,0.9650963985639165
mcf_drugs_l_raw_fixed,369,1.0,0.9249273975268888,0.8768716026002912,0.9678316698459577
mcf_drugs_l_raw_fixed,398,1.0,0.927961179145413,0.8802380476203825,0.9701649547173165
mcf_drugs_l_raw_fixed,430,1.0,0.9309651992826969,0.883960325035829,0.9726419870452965
mcf_drugs_l_raw_fixed,464,1.0,0.9338297683270055,0.8875042132607448,0.9750794403878473
mcf_drugs_l_raw_fixed,500,1.0,0.936558196344074,0.890373289854926,0.9774959583211419
mcf_drugs_l_raw_fixed,501,1.0,0.9366300359179035,0.8904243009263227,0.9775579357294205
mcf_drugs_l_raw_fixed,541,1.0,0.9393488741218682,0.8930828488636464,0.9797391189643643
mcf_drugs_l_raw_fixed,584,1.0,0.941973630203036,0.8958359494638137,0.9813028600899466
mcf_drugs_l_raw_fixed,631,1.0,0.944545816704771,0.8982044509653425,0.9836412109012368
mcf_drugs_l_raw_fixed,681,1.0,0.9469927643931099,0.9013304345883288,0.9856037599054174
mcf_drugs_l_raw_fixed,736,1.0,0.9493868630760911,0.9032092212579637,0.9869360232292759
mcf_drugs_l_raw_fixed,794,1.0,0.951614339078425,0.9061088810586131,0.9880036060833747
mcf_drugs_l_raw_fixed,858,1.0,0.9537547430787738,0.9092592116072787,0.9889048626879404
mcf_drugs_l_raw_fixed,926,1.0,0.9556955704460096,0.9122386559740339,0.9892425610061409
mcf_drugs_l_raw_fixed,1000,1.0,0.9574468085106383,0.9148936170212759,0.9893617021276594
nextmol_dmt_l_raw_fixed,10,0.5,0.4231031712066959,0.33941315602613525,0.5055819338422093
nextmol_dmt_l_raw_fixed,11,0.5,0.4329674963305483,0.3488609720942147,0.516324589297077
nextmol_dmt_l_raw_fixed,12,0.5,0.44190429797978664,0.35790437059854596,0.5253408074262599
nextmol_dmt_l_raw_fixed,13,0.5,0.45007098139476276,0.365748966689908,0.5334763726319812
nextmol_dmt_l_raw_fixed,14,0.5,0.45758819403270995,0.3731228523633306,0.5405911860275047
nextmol_dmt_l_raw_fixed,15,0.5,0.4645502066312088,0.3799590904374524,0.5478204560884923
nextmol_dmt_l_raw_fixed,16,0.5,0.47103196633449285,0.3851598020802777,0.5546277260783543
nextmol_dmt_l_raw_fixed,17,0.5,0.47709399200860414,0.39136811020124757,0.5606070299546706
nextmol_dmt_l_raw_fixed,18,0.5,0.48278584071100006,0.39666762310613407,0.566340692560149
nextmol_dmt_l_raw_fixed,20,0.5,0.49321676518212304,0.40608357436014,0.5773119282167088
nextmol_dmt_l_raw_fixed,22,0.5,0.5025818695535739,0.4156796375645136,0.5875243310472047
nextmol_dmt_l_raw_fixed,23,0.5,0.5069253615339615,0.41925547057407303,0.5920031363678561
nextmol_dmt_l_raw_fixed,25,0.5,0.5150284018445631,0.4268509494190088,0.6000784714088708
nextmol_dmt_l_raw_fixed,27,0.5,0.5224527423994529,0.43447705903466294,0.6076928171650078
nextmol_dmt_l_raw_fixed,29,0.5,0.5292956339293805,0.4417056833137441,0.6144293775169147
nextmol_dmt_l_raw_fixed,32,0.5,0.5386357707382898,0.4519439220970257,0.6248588304828225
nextmol_dmt_l_raw_fixed,34,0.5,0.5443343828793313,0.4582098838566206,0.630916773955718
nextmol_dmt_l_raw_fixed,37,0.5,0.5522093429889514,0.46537534781427276,0.6388255664388728
nextmol_dmt_l_raw_fixed,40,0.5,0.559389341980011,0.47265240630295247,0.6467441365950117
nextmol_dmt_l_raw_fixed,43,0.5,0.565975860365331,0.4789955541663968,0.6544513660675976
nextmol_dmt_l_raw_fixed,46,0.5,0.5720497433706104,0.48537779509917045,0.6599997644807926
nextmol_dmt_l_raw_fixed,50,0.5,0.5794620817448437,0.4925257067513368,0.6672884274861587
nextmol_dmt_l_raw_fixed,54,0.5,0.5862015957792246,0.49910682761988995,0.6741974214804924
nextmol_dmt_l_raw_fixed,58,0.5,0.5923651014057189,0.5054177513655922,0.6806200046223047
nextmol_dmt_l_raw_fixed,63,0.5,0.5993757477780398,0.5126210211793872,0.6869817260372557
nextmol_dmt_l_raw_fixed,68,0.5,0.6057260076120754,0.5185706305118277,0.6937209427085463
nextmol_dmt_l_raw_fixed,74,0.5,0.6126063653441087,0.5256332256695961,0.7007284130289029
nextmol_dmt_l_raw_fixed,79,0.5,0.6178108593224112,0.5307200643483279,0.7057993623908477
nextmol_dmt_l_raw_fixed,86,0.5,0.6244088759890885,0.5369903607190624,0.7124334771893068
nextmol_dmt_l_raw_fixed,93,0.5,0.6303216814998381,0.5425562824499215,0.718162765959451
nextmol_dmt_l_raw_fixed,100,0.5,0.6356541419822165,0.5482633414187784,0.7235417929288631
nextmol_dmt_l_raw_fixed,108,0.5,0.6411452459440737,0.553412974727084,0.7290791891800886
nextmol_dmt_l_raw_fixed,117,0.5,0.6466734180607667,0.5587278008402659,0.734633002429641
nextmol_dmt_l_raw_fixed,126,0.5,0.6516240014171842,0.5638397109743876,0.739380900979372
nextmol_dmt_l_raw_fixed,136,0.5,0.6565576873522208,0.568931309834333,0.7439015691827391
nextmol_dmt_l_raw_fixed,147,0.5,0.6614092806609911,0.5739868934803997,0.7485589125603594
nextmol_dmt_l_raw_fixed,158,0.5,0.6657587397327327,0.5787304350220004,0.7532235866470991
nextmol_dmt_l_raw_fixed,171,0.5,0.6703630235597569,0.5841055707505853,0.7573069908414432
nextmol_dmt_l_raw_fixed,185,0.5,0.674786133693361,0.588572454027245,0.7618617936606765
nextmol_dmt_l_raw_fixed,200,0.5,0.6790212799368492,0.5928330630738838,0.7663690664489408
nextmol_dmt_l_raw_fixed,215,0.5,0.6828286814872959,0.5963400749650759,0.770444213006933
nextmol_dmt_l_raw_fixed,233,0.5,0.6869359162942885,0.6006494373980694,0.7749327168682202
nextmol_dmt_l_raw_fixed,250,0.5,0.6904349453133788,0.6043888505347681,0.7781651662090184
nextmol_dmt_l_raw_fixed,251,0.5,0.6906307404133931,0.6046131854928929,0.7783760572269668
nextmol_dmt_l_raw_fixed,271,0.5,0.6943419393191562,0.6088298442430543,0.7824341637611547
nextmol_dmt_l_raw_fixed,293,0.5,0.6980332360035808,0.6128572502532614,0.7861104872221621
nextmol_dmt_l_raw_fixed,316,0.5,0.7015354445459231,0.6161777237469263,0.7891810081591947
nextmol_dmt_l_raw_fixed,341,0.5,0.7050049924904431,0.6201817368672655,0.7921645400860815
nextmol_dmt_l_raw_fixed,369,0.5,0.7085514044584157,0.6239755767481437,0.7959246880501908
nextmol_dmt_l_raw_fixed,398,0.5,0.711916768226734,0.6275323584069881,0.7991518592470326
nextmol_dmt_l_raw_fixed,430,0.5,0.715335113688624,0.6319889613167228,0.8022505132505251
nextmol_dmt_l_raw_fixed,464,0.5,0.7186911019784603,0.6347926541638856,0.8049566418425048
nextmol_dmt_l_raw_fixed,500,0.5,0.7219925574648117,0.6378766249015909,0.8078419636330617
nextmol_dmt_l_raw_fixed,501,0.5,0.7220810470590995,0.6379556865529957,0.807934277325807
nextmol_dmt_l_raw_fixed,541,0.5,0.7254968073559082,0.641608265817104,0.8106800284024096
nextmol_dmt_l_raw_fixed,584,0.5,0.7289353404503762,0.6458730407880546,0.8136401980295473
nextmol_dmt_l_raw_fixed,631,0.5,0.7324700772243277,0.6502288535872662,0.8175103486035222
nextmol_dmt_l_raw_fixed,681,0.5,0.7360221414450303,0.6534902723002305,0.8206447141725669
nextmol_dmt_l_raw_fixed,736,0.5,0.7397259400529403,0.6576002493274401,0.8233543775008214
nextmol_dmt_l_raw_fixed,794,0.5,0.7434380900559089,0.6614146955422262,0.8268344926468968
nextmol_dmt_l_raw_fixed,858,0.5,0.7473346132839184,0.6641621401936075,0.8311534476970021
nextmol_dmt_l_raw_fixed,926,0.5,0.7512676082042956,0.6677180464413303,0.8356460332397062
nextmol_dmt_l_raw_fixed,1000,0.5,0.7553191489361702,0.6702127659574467,0.8404255319148933
nextmol_dmt_l_raw_fixed,10,0.75,0.5693873181875313,0.4864793207799848,0.6507883731572062
nextmol_dmt_l_raw_fixed,11,0.75,0.5805306616036332,0.49702951710923143,0.6622264836553639
nextmol_dmt_l_raw_fixed,12,0.75,0.5904338572840856,0.5072111808628603,0.6725275310922155
nextmol_dmt_l_raw_fixed,13,0.75,0.5993100075275177,0.5159531220968515,0.6812328950568799
nextmol_dmt_l_raw_fixed,14,0.75,0.6073247078636835,0.5241742093094223,0.6894627757443179
nextmol_dmt_l_raw_fixed,15,0.75,0.6146088449598016,0.5313917072819141,0.6965365166496728
nextmol_dmt_l_raw_fixed,16,0.75,0.6212673858506617,0.5378905701763455,0.7035528545589329
nextmol_dmt_l_raw_fixed,17,0.75,0.627385580425826,0.544211245124647,0.7099182824097887
nextmol_dmt_l_raw_fixed,18,0.75,0.6330334412420628,0.5505750910027565,0.7154591794822527
nextmol_dmt_l_raw_fixed,20,0.75,0.6431409979435134,0.5620511284244241,0.7249178018044633
nextmol_dmt_l_raw_fixed,22,0.75,0.6519519217772226,0.5707343386355387,0.733618236903087
nextmol_dmt_l_raw_fixed,23,0.75,0.6559556487879454,0.5748844308365577,0.7376597128976068
nextmol_dmt_l_raw_fixed,25,0.75,0.6632890564036662,0.5827825104229963,0.7445159040880268
nextmol_dmt_l_raw_fixed,27,0.75,0.6698586664029951,0.5895446272770394,0.7509321226194537
nextmol_dmt_l_raw_fixed,29,0.75,0.6757933613199125,0.5955849912984422,0.7570152271967482
nextmol_dmt_l_raw_fixed,32,0.75,0.6837192565771437,0.6031835913313587,0.7647788828570036
nextmol_dmt_l_raw_fixed,34,0.75,0.6884629515736854,0.6078411149849919,0.7697901485509042
nextmol_dmt_l_raw_fixed,37,0.75,0.6949135019664213,0.6144097938149913,0.7758714927007946
nextmol_dmt_l_raw_fixed,40,0.75,0.7006988839882679,0.6207968330269699,0.7806298998110479
nextmol_dmt_l_raw_fixed,43,0.75,0.7059351467106146,0.6269248133245058,0.7858302551929294
nextmol_dmt_l_raw_fixed,46,0.75,0.7107117413779895,0.6313999865547568,0.7901036083375885
nextmol_dmt_l_raw_fixed,50,0.75,0.716484519566275,0.6370647629824527,0.7958789697506347
nextmol_dmt_l_raw_fixed,54,0.75,0.7216912323900716,0.6420667773443296,0.8012330007056953
nextmol_dmt_l_raw_fixed,58,0.75,0.7264284201342607,0.6468894855678902,0.8061336927059228
nextmol_dmt_l_raw_fixed,63,0.75,0.731801138224383,0.6526215220048932,0.8106098832254901
nextmol_dmt_l_raw_fixed,68,0.75,0.7366658834756501,0.6578322215680672,0.8148396514068397
nextmol_dmt_l_raw_fixed,74,0.75,0.7419494443750394,0.6634757897085396,0.8194932348638625
nextmol_dmt_l_raw_fixed,79,0.75,0.7459646791446425,0.6674464259891806,0.8233616514071399
nextmol_dmt_l_raw_fixed,86,0.75,0.7510909576764968,0.6732618972810083,0.8277227699524174
nextmol_dmt_l_raw_fixed,93,0.75,0.7557310836837194,0.6781971056320625,0.8314896978781852
nextmol_dmt_l_raw_fixed,100,0.75,0.7599632932363284,0.6821026453244555,0.8353474967182564
nextmol_dmt_l_raw_fixed,108,0.75,0.7643778451843697,0.6869866688156177,0.8393351848363467
nextmol_dmt_l_raw_fixed,117,0.75,0.7688891137667551,0.6917040161829299,0.8432164262238784
nextmol_dmt_l_raw_fixed,126,0.75,0.772993063177612,0.6956571592414267,0.8469483255856105
nextmol_dmt_l_raw_fixed,136,0.75,0.7771487821146646,0.7002696817319763,0.8509698824684617
nextmol_dmt_l_raw_fixed,147,0.75,0.7813034953202164,0.7051306196282517,0.8550412797114386
nextmol_dmt_l_raw_fixed,158,0.75,0.7850877859619476,0.7094354110081723,0.8581455811110524
nextmol_dmt_l_raw_fixed,171,0.75,0.7891557909671506,0.7141754728072256,0.8621694782808911
nextmol_dmt_l_raw_fixed,185,0.75,0.7931226033834899,0.7180365995407932,0.8650137545976629
nextmol_dmt_l_raw_fixed,200,0.75,0.7969720138901124,0.7225217772791686,0.8687764191636765
nextmol_dmt_l_raw_fixed,215,0.75,0.8004715270942463,0.7257719837626736,0.8724926964916239
nextmol_dmt_l_raw_fixed,233,0.75,0.8042822583897167,0.72998130865782,0.8764652463764987
nextmol_dmt_l_raw_fixed,250,0.75,0.8075522919928216,0.7337875175671493,0.8788310759591411
nextmol_dmt_l_raw_fixed,251,0.75,0.8077357949811703,0.7340112403716422,0.8790213563863747
nextmol_dmt_l_raw_fixed,271,0.75,0.8112218996108419,0.7381066334178762,0.8823515694839487
nextmol_dmt_l_raw_fixed,293,0.75,0.8146987694536831,0.7413769805794614,0.8851768989305191
nextmol_dmt_l_raw_fixed,316,0.75,0.8179985460725518,0.7444595493714214,0.8880853548443899
nextmol_dmt_l_raw_fixed,341,0.75,0.8212607079361771,0.7473688598679739,0.8909876187419208
nextmol_dmt_l_raw_fixed,369,0.75,0.8245796431147049,0.7509436770470104,0.893703563826882
nextmol_dmt_l_raw_fixed,398,0.75,0.8277063126516041,0.7539245671882437,0.896630940579625
nextmol_dmt_l_raw_fixed,430,0.75,0.8308504648497248,0.7569207472811837,0.8996038536757105
nextmol_dmt_l_raw_fixed,464,0.75,0.8338965850484316,0.7604392189333067,0.9027428948425631
nextmol_dmt_l_raw_fixed,500,0.75,0.8368436280271208,0.7636056934784315,0.905365929738444
nextmol_dmt_l_raw_fixed,501,0.75,0.836921839969374,0.7636595985890332,0.905417488023538
nextmol_dmt_l_raw_fixed,541,0.75,0.8399054506799155,0.7671862473704746,0.9072910263626487
nextmol_dmt_l_raw_fixed,584,0.75,0.8428300902377105,0.7705174393353719,0.9104766150559389
nextmol_dmt_l_raw_fixed,631,0.75,0.8457399726973763,0.7734100114073182,0.914060328357276
nextmol_dmt_l_raw_fixed,681,0.75,0.8485523655307879,0.7758559231890434,0.9169638442704005
nextmol_dmt_l_raw_fixed,736,0.75,0.8513548316951665,0.778351535571817,0.9187853769802433
nextmol_dmt_l_raw_fixed,794,0.75,0.8540248502085871,0.7809038142676641,0.9206942844084611
nextmol_dmt_l_raw_fixed,858,0.75,0.8566797143292353,0.7833006614955449,0.9225199911443532
nextmol_dmt_l_raw_fixed,926,0.75,0.8592167770209073,0.78540947408812,0.923969719197279
nextmol_dmt_l_raw_fixed,1000,0.75,0.8617021276595744,0.7872340425531912,0.9255319148936169
nextmol_dmt_l_raw_fixed,10,1.0,0.6855185808611541,0.6106837160790691,0.7599545194218029
nextmol_dmt_l_raw_fixed,11,1.0,0.6970648371052388,0.6229603639833309,0.7707204721783938
nextmol_dmt_l_raw_fixed,12,1.0,0.7072263685802247,0.6343361012778183,0.7806947136570132
nextmol_dmt_l_raw_fixed,13,1.0,0.7162472890441304,0.6438170675200875,0.7899085191449412
nextmol_dmt_l_raw_fixed,14,1.0,0.7243182427475036,0.6526099693401278,0.7971680764823084
nextmol_dmt_l_raw_fixed,15,1.0,0.7315902413679033,0.6600807150170555,0.8046244671658475
nextmol_dmt_l_raw_fixed,16,1.0,0.7381843421650461,0.6670400419262165,0.8109073534138923
nextmol_dmt_l_raw_fixed,17,1.0,0.744198602983707,0.6729296764280047,0.816545543447656
nextmol_dmt_l_raw_fixed,18,1.0,0.749713189969853,0.6783445940609508,0.8219410746283287
nextmol_dmt_l_raw_fixed,20,1.0,0.7594965293045667,0.688201693106757,0.8312486479203477
nextmol_dmt_l_raw_fixed,22,1.0,0.7679417576938753,0.6970815379948114,0.8382967628215174
nextmol_dmt_l_raw_fixed,23,1.0,0.7717561907362462,0.7017296906620956,0.8414850865238219
nextmol_dmt_l_raw_fixed,25,1.0,0.7787095256234847,0.7098587229763662,0.8485160698856911
nextmol_dmt_l_raw_fixed,27,1.0,0.7849062705363739,0.7166017875886173,0.8539401577249363
nextmol_dmt_l_raw_fixed,29,1.0,0.7904815545949756,0.7222582449225305,0.8593049928590982
nextmol_dmt_l_raw_fixed,32,1.0,0.7978987593592279,0.7304634216291338,0.8661877134644463
nextmol_dmt_l_raw_fixed,34,1.0,0.8023238081705746,0.7349244615304742,0.870194320182364
nextmol_dmt_l_raw_fixed,37,1.0,0.8083241974906171,0.7405299863694099,0.8751907247906806
nextmol_dmt_l_raw_fixed,40,1.0,0.8136874638517242,0.7465492080998194,0.88023593209967
nextmol_dmt_l_raw_fixed,43,1.0,0.8185232373337469,0.7521568613604196,0.8850396414177453
nextmol_dmt_l_raw_fixed,46,1.0,0.822914967055772,0.7571674105177678,0.888702072262283
nextmol_dmt_l_raw_fixed,50,1.0,0.8281901168365071,0.7628024999087778,0.892995921036169
nextmol_dmt_l_raw_fixed,54,1.0,0.8329083478980774,0.7679564652196339,0.896997013446893
nextmol_dmt_l_raw_fixed,58,1.0,0.837159496191626,0.7720990520443068,0.9004875170252696
nextmol_dmt_l_raw_fixed,63,1.0,0.8419217369528903,0.7770965425736244,0.9040372618848767
nextmol_dmt_l_raw_fixed,68,1.0,0.846168838448831,0.7815950768209242,0.9076491845910453
nextmol_dmt_l_raw_fixed,74,1.0,0.8507001494073742,0.7864100207107737,0.9117594773672199
nextmol_dmt_l_raw_fixed,79,1.0,0.854080298034127,0.7898986915785147,0.9147639076917934
nextmol_dmt_l_raw_fixed,86,1.0,0.8583090410948477,0.7940081809630334,0.918057001372597
nextmol_dmt_l_raw_fixed,93,1.0,0.8620481343489629,0.798390149231584,0.9218354270758218
nextmol_dmt_l_raw_fixed,100,1.0,0.8653828241495306,0.8027312562703145,0.9248225287785272
nextmol_dmt_l_raw_fixed,108,1.0,0.8687838892715325,0.8066545761321816,0.928548368785268
nextmol_dmt_l_raw_fixed,117,1.0,0.872179415403093,0.810827562940475,0.9307244499266374
nextmol_dmt_l_raw_fixed,126,1.0,0.8752007918278732,0.8147578276631635,0.9331981952678681
nextmol_dmt_l_raw_fixed,136,1.0,0.878198387628935,0.8180053287495512,0.9358375877533979
nextmol_dmt_l_raw_fixed,147,1.0,0.8811373905926877,0.8211653129280868,0.9387008243741355
nextmol_dmt_l_raw_fixed,158,1.0,0.8837680693821228,0.8246820508897169,0.9405190091452063
nextmol_dmt_l_raw_fixed,171,1.0,0.8865510863271453,0.8283912842697913,0.9426011149261937
nextmol_dmt_l_raw_fixed,185,1.0,0.8892240924931536,0.8317405727822483,0.9446528594435865
nextmol_dmt_l_raw_fixed,200,1.0,0.8917828452517436,0.8342911663220717,0.9464321786058882
nextmol_dmt_l_raw_fixed,215,1.0,0.8940812476685568,0.8368627314919687,0.9481241426035603
nextmol_dmt_l_raw_fixed,233,1.0,0.8965558988171045,0.839887814132747,0.949901832525566
nextmol_dmt_l_raw_fixed,250,1.0,0.8986572531205084,0.8416035173098708,0.9514531199042296
nextmol_dmt_l_raw_fixed,251,1.0,0.8987745878371194,0.8417017398963691,0.9515367539382179
nextmol_dmt_l_raw_fixed,271,1.0,0.9009922446323435,0.8436152783738544,0.9530450325176286
nextmol_dmt_l_raw_fixed,293,1.0,0.9031834096790449,0.8458983286735218,0.954561581557286
nextmol_dmt_l_raw_fixed,316,1.0,0.905245697550039,0.8488341099449596,0.9561576877449991
nextmol_dmt_l_raw_fixed,341,1.0,0.9072705246808417,0.8522342959721002,0.9575539463660219
nextmol_dmt_l_raw_fixed,369,1.0,0.909320363406213,0.854190532473725,0.9589670707682462
nextmol_dmt_l_raw_fixed,398,1.0,0.9112474112408724,0.855811382446741,0.9603274992182879
nextmol_dmt_l_raw_fixed,430,1.0,0.9131887064132208,0.8583619468882175,0.96178255935912
nextmol_dmt_l_raw_fixed,464,1.0,0.9150822489760523,0.8606987248263587,0.9633265656881982
nextmol_dmt_l_raw_fixed,500,1.0,0.916937606301905,0.8632897872576901,0.9646495282032672
nextmol_dmt_l_raw_fixed,501,1.0,0.9169872820643832,0.8633651701715026,0.9646685439233597
nextmol_dmt_l_raw_fixed,541,1.0,0.9189046941868088,0.8652553452436466,0.9660568467024927
nextmol_dmt_l_raw_fixed,584,1.0,0.920838739902383,0.8675439383648053,0.967686795999209
nextmol_dmt_l_raw_fixed,631,1.0,0.922836749143406,0.8699431080430838,0.9692454910381275
nextmol_dmt_l_raw_fixed,681,1.0,0.9248593578052209,0.8726951504750053,0.9708038913410255
nextmol_dmt_l_raw_fixed,736,1.0,0.926987456399236,0.8758510148411974,0.972350120158588
nextmol_dmt_l_raw_fixed,794,1.0,0.9291412916274732,0.8776924964771166,0.9738861845309706
nextmol_dmt_l_raw_fixed,858,1.0,0.9314244149783694,0.8795304383676463,0.9754882681436056
nextmol_dmt_l_raw_fixed,926,1.0,0.9337509627105979,0.881289183251862,0.9770913888490935
nextmol_dmt_l_raw_fixed,1000,1.0,0.9361702127659575,0.8829787234042549,0.9787234042553188
flowr_raw_fixed,10,0.5,0.37189910710789953,0.28683860795935257,0.45791444093453104
flowr_raw_fixed,11,0.5,0.37930347216372967,0.293934701102181,0.4653258846765794
flowr_raw_fixed,12,0.5,0.3860319569334871,0.3005382583037884,0.47186222464421723
flowr_raw_fixed,13,0.5,0.3922154832843144,0.30682989572734665,0.4775335382931714
flowr_raw_fixed,14,0.5,0.397950377543896,0.3126686616932701,0.48385063252476257
flowr_raw_fixed,15,0.5,0.40330909115359487,0.3171221623800967,0.4889683760718859
flowr_raw_fixed,16,0.5,0.4083472319076873,0.32132676165190616,0.4941847428979757
flowr_raw_fixed,17,0.5,0.41310827571973957,0.32586929314641255,0.49887079635542736
flowr_raw_fixed,18,0.5,0.417626790639665,0.329985457675731,0.5036028611562655
flowr_raw_fixed,20,0.5,0.42604281956131024,0.3383617154905264,0.5116488123337477
flowr_raw_fixed,22,0.5,0.43376456657187323,0.34609209997016843,0.5191698708611625
flowr_raw_fixed,23,0.5,0.43740358910589744,0.34973129377639034,0.5231241443217497
flowr_raw_fixed,25,0.5,0.4442961451627999,0.3558394710306216,0.5302344900907422
flowr_raw_fixed,27,0.5,0.45073527265862023,0.3618139679828459,0.5367563517955923
flowr_raw_fixed,29,0.5,0.4567791975890706,0.3682454411023095,0.5427175927165998
flowr_raw_fixed,32,0.5,0.4652027306065836,0.3767813301509177,0.5511717641043854
flowr_raw_fixed,34,0.5,0.4704425062321257,0.38237107034811096,0.5568694614490136
flowr_raw_fixed,37,0.5,0.47780985535253034,0.38965573329754394,0.5636580495859537
flowr_raw_fixed,40,0.5,0.4846551487336889,0.39652438955032615,0.5708283117330422
flowr_raw_fixed,43,0.5,0.4910417333572528,0.40265152927048165,0.5767141208320998
flowr_raw_fixed,46,0.5,0.4970215326884176,0.40768334338164536,0.5822850543523374
flowr_raw_fixed,50,0.5,0.5044356685107326,0.4153472624059493,0.5908262778545191
flowr_raw_fixed,54,0.5,0.5112876548726715,0.4209351982333148,0.5979770969740545
flowr_raw_fixed,58,0.5,0.5176466616505692,0.4267372167235722,0.6044702503931536
flowr_raw_fixed,63,0.5,0.5249886324362603,0.4350359431962237,0.611508781887425
flowr_raw_fixed,68,0.5,0.5317416896657717,0.4414018527898086,0.6185807134293624
flowr_raw_fixed,74,0.5,0.5391735070902005,0.448392113005204,0.626175982289599
flowr_raw_fixed,79,0.5,0.5448791453296443,0.4544121491237116,0.6321521629333898
flowr_raw_fixed,86,0.5,0.5522242663179266,0.4619004136930931,0.6394610653969122
flowr_raw_fixed,93,0.5,0.5589218170410786,0.4678384380678891,0.6458760217890018
flowr_raw_fixed,100,0.5,0.5650644500457424,0.4749008478677721,0.6531382340632392
flowr_raw_fixed,108,0.5,0.5715013277485804,0.4807735081361458,0.6603470691290064
flowr_raw_fixed,117,0.5,0.5781072512509581,0.4880390065306105,0.6671611901622068
flowr_raw_fixed,126,0.5,0.5841401712399027,0.49421402687029486,0.673033759005936
flowr_raw_fixed,136,0.5,0.5902723198631438,0.5010278046842448,0.6788924725610013
flowr_raw_fixed,147,0.5,0.5964279004498773,0.5068473656519966,0.6846934599661522
flowr_raw_fixed,158,0.5,0.6020586364577653,0.5129517348701439,0.6905105620627273
flowr_raw_fixed,171,0.5,0.6081401420809408,0.5184784010666,0.6963997962843026
flowr_raw_fixed,185,0.5,0.6141024800733974,0.5238378931899642,0.7023904168967674
flowr_raw_fixed,200,0.5,0.619922249478533,0.529419605994174,0.7077545966637483
flowr_raw_fixed,215,0.5,0.6252449043354227,0.5348286685210543,0.713249113108789
flowr_raw_fixed,233,0.5,0.6310783872711359,0.5417104692020775,0.7187849617801105
flowr_raw_fixed,250,0.5,0.63611739687764,0.5469020429115935,0.72309405401867
flowr_raw_fixed,251,0.5,0.6364011127709499,0.5470905140380796,0.7233250056971492
flowr_raw_fixed,271,0.5,0.6418106304425766,0.5522782104912036,0.7277797910262755
flowr_raw_fixed,293,0.5,0.6472437643202483,0.5578785327899213,0.733141070194713
flowr_raw_fixed,316,0.5,0.6524358779787028,0.562922987192453,0.7384449903571552
flowr_raw_fixed,341,0.5,0.6576029645254112,0.5688517230461612,0.743751909641384
flowr_raw_fixed,369,0.5,0.662893966633927,0.5747498837279472,0.7491917358373699
flowr_raw_fixed,398,0.5,0.6679081348762353,0.5800662977221701,0.7543742341563126
flowr_raw_fixed,430,0.5,0.6729767617030067,0.5848439411945244,0.7598188393705733
flowr_raw_fixed,464,0.5,0.677909299243789,0.5895606814548433,0.7658204512086166
flowr_raw_fixed,500,0.5,0.6826982241949668,0.5942857500356379,0.7710394516116583
flowr_raw_fixed,501,0.5,0.682825506910606,0.5944132957373774,0.77119969779431
flowr_raw_fixed,541,0.5,0.6876869008539344,0.5992141748750591,0.77604697559702
flowr_raw_fixed,584,0.5,0.6924605944655287,0.6037670232248837,0.780831807492736
flowr_raw_fixed,631,0.5,0.6972149279514831,0.6074479353826602,0.7866933330987624
flowr_raw_fixed,681,0.5,0.7018119789059268,0.6125533121576028,0.791098628327318
flowr_raw_fixed,736,0.5,0.7063937002272064,0.6172799409345339,0.7964915473993227
flowr_raw_fixed,794,0.5,0.7107608523169767,0.6204395186261588,0.8009287875249067
flowr_raw_fixed,858,0.5,0.7151098817914117,0.6236336659126402,0.8061415125650075
flowr_raw_fixed,926,0.5,0.719282708755537,0.6259580740933562,0.8126138629289248
flowr_raw_fixed,1000,0.5,0.723404255319149,0.627659574468085,0.8191489361702122
flowr_raw_fixed,10,0.75,0.5146642477553848,0.4290871061873642,0.5974745711219406
flowr_raw_fixed,11,0.75,0.5247433628325208,0.43896189037473876,0.6074555841792669
flowr_raw_fixed,12,0.75,0.5338601290393448,0.4477742196246305,0.6167239139818359
flowr_raw_fixed,13,0.75,0.5421760638708488,0.4562473340374159,0.625780728219993
flowr_raw_fixed,14,0.75,0.5498153813055006,0.46299742588435433,0.6329464244890693
flowr_raw_fixed,15,0.75,0.5568757676428304,0.46920635534021354,0.64037851795474
flowr_raw_fixed,16,0.75,0.5634354704195623,0.4757774802555117,0.6467468817399327
flowr_raw_fixed,17,0.75,0.5695581297280287,0.4817466726227683,0.6523738013232103
flowr_raw_fixed,18,0.75,0.57529617696932,0.4876168633805094,0.6583172440105212
flowr_raw_fixed,20,0.75,0.5857862237892796,0.4991814582324797,0.6689052208680568
flowr_raw_fixed,22,0.75,0.5951797770028491,0.5091086520018656,0.6775333900848732
flowr_raw_fixed,23,0.75,0.5995300680992682,0.5135186972587427,0.6815529732409532
flowr_raw_fixed,25,0.75,0.6076379036506095,0.5216541131839476,0.6896351532304504
flowr_raw_fixed,27,0.75,0.6150611527726182,0.5294732933061923,0.696792127940954
flowr_raw_fixed,29,0.75,0.6219020766717945,0.5367004772253859,0.7038835076621056
flowr_raw_fixed,32,0.75,0.6312445247424439,0.5465629565788681,0.7130664826871176
flowr_raw_fixed,34,0.75,0.6369509627227152,0.551849993450795,0.718921881264284
flowr_raw_fixed,37,0.75,0.6448496100338144,0.5602692877393716,0.7261691182667829
flowr_raw_fixed,40,0.75,0.6520688510857624,0.5680235655761978,0.73364405628487
flowr_raw_fixed,43,0.75,0.6587103579151059,0.5747312032146753,0.7405400779952177
flowr_raw_fixed,46,0.75,0.6648544364500399,0.5809588824547764,0.7468890685816034
flowr_raw_fixed,50,0.75,0.6723824084486983,0.5890251448690209,0.7541188527286203
flowr_raw_fixed,54,0.75,0.6792603217348475,0.5962389144340057,0.7607166101454976
flowr_raw_fixed,58,0.75,0.6855822411717707,0.6022584497912037,0.7668848340602659
flowr_raw_fixed,63,0.75,0.6928150010048513,0.6090628080971807,0.7736627459575539
flowr_raw_fixed,68,0.75,0.6994096826372005,0.6162837151613182,0.779706510738445
flowr_raw_fixed,74,0.75,0.7066068110084202,0.624352753174134,0.7867985216617968
flowr_raw_fixed,79,0.75,0.7120905093285066,0.6306795457922032,0.7915432009171834
flowr_raw_fixed,86,0.75,0.7190963877629274,0.6393529269362,0.7975150591278802
flowr_raw_fixed,93,0.75,0.7254304774016155,0.6452555184181128,0.8028732611256362
flowr_raw_fixed,100,0.75,0.7311919218038905,0.6507772655988572,0.8077018331218496
flowr_raw_fixed,108,0.75,0.7371769750791208,0.6563802921282664,0.812821845214029
flowr_raw_fixed,117,0.75,0.7432594658702215,0.66284497411034,0.8187240240686905
flowr_raw_fixed,126,0.75,0.7487578195633042,0.6675135116679337,0.8241829423687204
flowr_raw_fixed,136,0.75,0.7542880163791005,0.6744708159200256,0.828892615569603
flowr_raw_fixed,147,0.75,0.7597773352897526,0.6804367259044942,0.8340921645020585
flowr_raw_fixed,158,0.75,0.7647428316062456,0.6854696803832772,0.8387701058834456
flowr_raw_fixed,171,0.75,0.7700457006137457,0.6919661432266933,0.8439869937338511
flowr_raw_fixed,185,0.75,0.7751851508158186,0.6987751196917595,0.8483208532189355
flowr_raw_fixed,200,0.75,0.7801473471052595,0.7035599862148405,0.8521144548495952
flowr_raw_fixed,215,0.75,0.7846417369352018,0.7090370344917039,0.8565643352582469
flowr_raw_fixed,233,0.75,0.7895234427686546,0.7139741482616663,0.8608207451279746
flowr_raw_fixed,250,0.75,0.793706941619196,0.7175143312747673,0.8643763733255169
flowr_raw_fixed,251,0.75,0.793941639488778,0.7177128876481991,0.8645896499009138
flowr_raw_fixed,271,0.75,0.7984004793478263,0.7215209599469422,0.8683465980473262
flowr_raw_fixed,293,0.75,0.8028500682295041,0.7271815535460265,0.8719994915692809
flowr_raw_fixed,316,0.75,0.8070771243668609,0.7328359054097465,0.8758410751592318
flowr_raw_fixed,341,0.75,0.8112595093178497,0.7385508852366695,0.8794446992164144
flowr_raw_fixed,369,0.75,0.8155152568513911,0.7430302659945673,0.8836971622541026
flowr_raw_fixed,398,0.75,0.8195196951503727,0.7473457202763198,0.8881199559329875
flowr_raw_fixed,430,0.75,0.8235343548264655,0.7511891358903515,0.8917655233461929
flowr_raw_fixed,464,0.75,0.8274035940073673,0.755695399824998,0.8956132919369416
flowr_raw_fixed,500,0.75,0.8311195705340693,0.7590706335591898,0.8981254259228414
flowr_raw_fixed,501,0.75,0.8312177501963763,0.7591316440318053,0.8981910678591977
flowr_raw_fixed,541,0.75,0.8349438352002733,0.762387034578702,0.9014764546069642
flowr_raw_fixed,584,0.75,0.8385570601876973,0.7662008260587378,0.904962645634511
flowr_raw_fixed,631,0.75,0.8421127582672695,0.7697709958667847,0.9082349949119112
flowr_raw_fixed,681,0.75,0.8455168507011647,0.7724809305454983,0.9107838700900908
flowr_raw_fixed,736,0.75,0.848889064346301,0.7753946011245854,0.9136798477189325
flowr_raw_fixed,794,0.75,0.8521031721004468,0.7792027958696429,0.9181200275008129
flowr_raw_fixed,858,0.75,0.8553309523260302,0.7825882252001564,0.9206730304364057
flowr_raw_fixed,926,0.75,0.8584886070267839,0.7848650051150361,0.9231058386553912
flowr_raw_fixed,1000,0.75,0.8617021276595744,0.7872340425531913,0.9255319148936169
flowr_raw_fixed,10,1.0,0.654073932706164,0.574493216888681,0.7297441793073706
flowr_raw_fixed,11,1.0,0.6648525854239131,0.5858943625782733,0.7399158169431835
flowr_raw_fixed,12,1.0,0.6744867387962233,0.5960432277370024,0.7501787050978885
flowr_raw_fixed,13,1.0,0.6831860723624167,0.6050364592581512,0.7584631597165185
flowr_raw_fixed,14,1.0,0.691108557929495,0.6128277528000183,0.7666188302583883
flowr_raw_fixed,15,1.0,0.6983755500379429,0.619884222500916,0.7735286712020969
flowr_raw_fixed,16,1.0,0.7050819081508736,0.6264143211858452,0.7795842648122344
flowr_raw_fixed,17,1.0,0.7113029634804997,0.6328992932725813,0.7860741361226764
flowr_raw_fixed,18,1.0,0.717099419265951,0.6387391399791832,0.7917653355107243
flowr_raw_fixed,20,1.0,0.7276083131831879,0.6502257385531769,0.8017132316031685
flowr_raw_fixed,22,1.0,0.7369133599902369,0.6599294296396329,0.8103158114847657
flowr_raw_fixed,23,1.0,0.7411849014555109,0.6641270992956245,0.8141087496735474
flowr_raw_fixed,25,1.0,0.749074023186228,0.6732066167179799,0.8215595456559087
flowr_raw_fixed,27,1.0,0.7562048758088113,0.6806093276006866,0.8285409768299212
flowr_raw_fixed,29,1.0,0.7626878107317314,0.6871643605234276,0.8342247661798646
flowr_raw_fixed,32,1.0,0.7713859984321843,0.6964407710859508,0.8424348161515066
flowr_raw_fixed,34,1.0,0.7766011591045311,0.7019461204741397,0.8464977390164127
flowr_raw_fixed,37,1.0,0.7836858724560816,0.7084100396237862,0.8525842632816016
flowr_raw_fixed,40,1.0,0.7900160722764206,0.715441121606149,0.8584309778601399
flowr_raw_fixed,43,1.0,0.7957111208686722,0.7215966468732938,0.8635830250332583
flowr_raw_fixed,46,1.0,0.800866956054696,0.726888922668458,0.8682252528818358
flowr_raw_fixed,50,1.0,0.8070354273650563,0.7340267084022233,0.8741384917516265
flowr_raw_fixed,54,1.0,0.812530168726058,0.739844309663569,0.8786879902395146
flowr_raw_fixed,58,1.0,0.8174663343227717,0.7460598330000057,0.8830631673316299
flowr_raw_fixed,63,1.0,0.8229875568908053,0.7516275289670827,0.8877426279426172
flowr_raw_fixed,68,1.0,0.8279145127308288,0.7573071774530937,0.8914851901383515
flowr_raw_fixed,74,1.0,0.8331888424336436,0.7625632495737339,0.8957710018931071
flowr_raw_fixed,79,1.0,0.8371456044502138,0.7672434838065865,0.8997364820394483
flowr_raw_fixed,86,1.0,0.8421364325181738,0.7734858155897592,0.9036085164573011
flowr_raw_fixed,93,1.0,0.8465991003564066,0.7778754425169854,0.9065806408911975
flowr_raw_fixed,100,1.0,0.8506270689662907,0.781811856835575,0.9098143878144556
flowr_raw_fixed,108,1.0,0.854787605093323,0.7867513806163754,0.912722721006249
flowr_raw_fixed,117,1.0,0.8589968124447799,0.791519751176041,0.9166267952606733
flowr_raw_fixed,126,1.0,0.8627876647228448,0.7951983433428319,0.9200176663202079
flowr_raw_fixed,136,1.0,0.8665863108611916,0.7989207014445199,0.9236818710179151
flowr_raw_fixed,147,1.0,0.8703390045516145,0.8042113612717774,0.9267135320473475
flowr_raw_fixed,158,1.0,0.8737121997506212,0.8069176839727606,0.9297760332685737
flowr_raw_fixed,171,1.0,0.8772827087586325,0.8112292008016501,0.9330434388698442
flowr_raw_fixed,185,1.0,0.8806996209315963,0.8146726139444319,0.9362674503459973
flowr_raw_fixed,200,1.0,0.8839439922779747,0.8172923664258209,0.9388078591599942
flowr_raw_fixed,215,1.0,0.8868230506631911,0.8200973004562679,0.9409910665800267
flowr_raw_fixed,233,1.0,0.8898709230056859,0.824289157404624,0.9435112181720465
flowr_raw_fixed,250,1.0,0.8924045771929473,0.8274142106536233,0.9463762268740417
flowr_raw_fixed,251,1.0,0.8925443372590717,0.8276206087628772,0.9465294552206424
flowr_raw_fixed,271,1.0,0.8951469313082665,0.8303401994799239,0.9488046953974553
flowr_raw_fixed,293,1.0,0.8976358813660962,0.8327457050989839,0.9509837814839214
flowr_raw_fixed,316,1.0,0.8998892885743681,0.8359260089076371,0.9528858125957621
flowr_raw_fixed,341,1.0,0.9020028996001472,0.8378605715624062,0.9548857826192865
flowr_raw_fixed,369,1.0,0.904026339579733,0.8400460162209064,0.956883151873012
flowr_raw_fixed,398,1.0,0.9058054580108256,0.8420961140818949,0.9586118759838439
flowr_raw_fixed,430,1.0,0.9074602099469473,0.843946051365912,0.9604262223015281
flowr_raw_fixed,464,1.0,0.9089254994225743,0.8457218101138764,0.9619473886352063
flowr_raw_fixed,500,1.0,0.9102054179936762,0.8468760343470212,0.963262590954851
flowr_raw_fixed,501,1.0,0.9102374666020645,0.8469085953264139,0.9632955500627638
flowr_raw_fixed,541,1.0,0.9113832269646964,0.8478816346218503,0.9644755201483988
flowr_raw_fixed,584,1.0,0.9123562378976015,0.8487188660684428,0.9654796504066607
flowr_raw_fixed,631,1.0,0.9131705516707876,0.8494415430429896,0.9663203595296566
flowr_raw_fixed,681,1.0,0.9138069829413203,0.8500234205685836,0.9669761981229249
flowr_raw_fixed,736,1.0,0.9142908901028407,0.8504780356352681,0.9674752543798073
flowr_raw_fixed,794,1.0,0.9146124849533591,0.8507872895691803,0.9678017295450293
flowr_raw_fixed,858,1.0,0.9148031496585453,0.850974021142463,0.967994226812561
flowr_raw_fixed,926,1.0,0.9148811429296232,0.8510513779136885,0.9680726147758875
flowr_raw_fixed,1000,1.0,0.9148936170212766,0.8510638297872336,0.9680851063829783
qwen_1p7b_fsq_bigdata_step47023_fixed,10,0.5,0.4264013732637394,0.34227227454577824,0.5079604576619844
qwen_1p7b_fsq_bigdata_step47023_fixed,11,0.5,0.437245831117573,0.3524096923727809,0.5191437437605699
qwen_1p7b_fsq_bigdata_step47023_fixed,12,0.5,0.44708975040663507,0.3617516980145387,0.5297645453799356
qwen_1p7b_fsq_bigdata_step47023_fixed,13,0.5,0.4560930455510652,0.3705344729548135,0.5388440575615704
qwen_1p7b_fsq_bigdata_step47023_fixed,14,0.5,0.46438101726957204,0.37787464235190615,0.5477032998135491
qwen_1p7b_fsq_bigdata_step47023_fixed,15,0.5,0.47205351270812895,0.3854644378949082,0.555904402236636
qwen_1p7b_fsq_bigdata_step47023_fixed,16,0.5,0.47919128889858087,0.3927473749643496,0.5626559015254264
qwen_1p7b_fsq_bigdata_step47023_fixed,17,0.5,0.4858605240586221,0.39902929410322796,0.5689207659146184
qwen_1p7b_fsq_bigdata_step47023_fixed,18,0.5,0.4921160787217977,0.4046642321087008,0.5751539882335236
qwen_1p7b_fsq_bigdata_step47023_fixed,20,0.5,0.503562805525537,0.41567258767168436,0.5862246955144939
qwen_1p7b_fsq_bigdata_step47023_fixed,22,0.5,0.5138215147763829,0.4253505279677091,0.5965762922043807
qwen_1p7b_fsq_bigdata_step47023_fixed,23,0.5,0.5185742257640455,0.43024599362450144,0.6012593387860093
qwen_1p7b_fsq_bigdata_step47023_fixed,25,0.5,0.5274334555900385,0.44043569930882825,0.6103520512752175
qwen_1p7b_fsq_bigdata_step47023_fixed,27,0.5,0.5355443271397401,0.4484449059748742,0.618380256414026
qwen_1p7b_fsq_bigdata_step47023_fixed,29,0.5,0.5430164260471143,0.4558405670463144,0.6262145109774503
qwen_1p7b_fsq_bigdata_step47023_fixed,32,0.5,0.5532121569109643,0.46708794480614096,0.6361682762337378
qwen_1p7b_fsq_bigdata_step47023_fixed,34,0.5,0.5594315698092334,0.47340785191409585,0.642685016310839
qwen_1p7b_fsq_bigdata_step47023_fixed,37,0.5,0.5680245162850773,0.4827914186185045,0.6509881149834902
qwen_1p7b_fsq_bigdata_step47023_fixed,40,0.5,0.575856182924657,0.4906285880382957,0.6600095683124854
qwen_1p7b_fsq_bigdata_step47023_fixed,43,0.5,0.583036144886435,0.497360525117176,0.6669313456223601
qwen_1p7b_fsq_bigdata_step47023_fixed,46,0.5,0.5896515914323534,0.5035870904440983,0.673273508339281
qwen_1p7b_fsq_bigdata_step47023_fixed,50,0.5,0.5977143645415255,0.5112686997224496,0.6809478844847452
qwen_1p7b_fsq_bigdata_step47023_fixed,54,0.5,0.6050322199294749,0.5189300772064516,0.68821883868612
qwen_1p7b_fsq_bigdata_step47023_fixed,58,0.5,0.6117113868553214,0.5254308408570502,0.6940789932694463
qwen_1p7b_fsq_bigdata_step47023_fixed,63,0.5,0.6192910961663298,0.5324128474616405,0.7010465049970865
qwen_1p7b_fsq_bigdata_step47023_fixed,68,0.5,0.6261397371391829,0.5386311439019557,0.708238587447996
qwen_1p7b_fsq_bigdata_step47023_fixed,74,0.5,0.63354189601845,0.5457853174043912,0.7151079331596699
qwen_1p7b_fsq_bigdata_step47023_fixed,79,0.5,0.6391295605352616,0.5511498480123234,0.7205320061488922
qwen_1p7b_fsq_bigdata_step47023_fixed,86,0.5,0.6462016849951303,0.5585613554441431,0.7279067506969328
qwen_1p7b_fsq_bigdata_step47023_fixed,93,0.5,0.6525319472610198,0.5643497293496639,0.7345493971802346
qwen_1p7b_fsq_bigdata_step47023_fixed,100,0.5,0.6582389357873374,0.5701412724193117,0.7403490618399522
qwen_1p7b_fsq_bigdata_step47023_fixed,108,0.5,0.6641186096231407,0.576018787768228,0.7458332978583856
qwen_1p7b_fsq_bigdata_step47023_fixed,117,0.5,0.6700468753194969,0.5815557040046302,0.7518428921529392
qwen_1p7b_fsq_bigdata_step47023_fixed,126,0.5,0.675369178827538,0.5863281049774361,0.7568699033516638
qwen_1p7b_fsq_bigdata_step47023_fixed,136,0.5,0.6806921111140745,0.5916089987947282,0.7622237325410482
qwen_1p7b_fsq_bigdata_step47023_fixed,147,0.5,0.6859513240504239,0.5962888144368176,0.7672391593165806
qwen_1p7b_fsq_bigdata_step47023_fixed,158,0.5,0.6906930654373468,0.6011270762264779,0.7718214809660602
qwen_1p7b_fsq_bigdata_step47023_fixed,171,0.5,0.695746730975,0.6062781310966286,0.7766764620679936
qwen_1p7b_fsq_bigdata_step47023_fixed,185,0.5,0.7006409333403211,0.6115237891319478,0.7814303931051445
qwen_1p7b_fsq_bigdata_step47023_fixed,200,0.5,0.7053690576120603,0.6165695385413921,0.7860894138701764
qwen_1p7b_fsq_bigdata_step47023_fixed,215,0.5,0.709658716777676,0.621053250075536,0.7903741511276681
qwen_1p7b_fsq_bigdata_step47023_fixed,233,0.5,0.7143308803023192,0.6261360457255805,0.7944627757329896
qwen_1p7b_fsq_bigdata_step47023_fixed,250,0.5,0.7183489672937046,0.6310030826372276,0.7987497515020684
qwen_1p7b_fsq_bigdata_step47023_fixed,251,0.5,0.7185748313981285,0.6312619234884986,0.7989572343349033
qwen_1p7b_fsq_bigdata_step47023_fixed,271,0.5,0.7228758096950464,0.6348232470476202,0.803551159490396
qwen_1p7b_fsq_bigdata_step47023_fixed,293,0.5,0.7271882755480994,0.6391611651232049,0.8077165654475496
qwen_1p7b_fsq_bigdata_step47023_fixed,316,0.5,0.7313055695877262,0.6439522408415665,0.8117370250061982
qwen_1p7b_fsq_bigdata_step47023_fixed,341,0.5,0.7354001270496727,0.64758769924574,0.815758885078663
qwen_1p7b_fsq_bigdata_step47023_fixed,369,0.5,0.7395886813553658,0.6526784684246951,0.8206117031833465
qwen_1p7b_fsq_bigdata_step47023_fixed,398,0.5,0.7435513814892662,0.6571688959814067,0.8239792455990843
qwen_1p7b_fsq_bigdata_step47023_fixed,430,0.5,0.7475467144381578,0.6614923091188596,0.8283777899281939
qwen_1p7b_fsq_bigdata_step47023_fixed,464,0.5,0.7514211020017426,0.6646063508494081,0.8322792345445654
qwen_1p7b_fsq_bigdata_step47023_fixed,500,0.5,0.7551674541670587,0.6683737070197504,0.8363146838679922
qwen_1p7b_fsq_bigdata_step47023_fixed,501,0.5,0.7552668152859003,0.6684542401444599,0.8364219241036952
qwen_1p7b_fsq_bigdata_step47023_fixed,541,0.5,0.7590541369100232,0.6721674775914999,0.8404179979091125
qwen_1p7b_fsq_bigdata_step47023_fixed,584,0.5,0.762761714164127,0.676529922274781,0.8445812288850826
qwen_1p7b_fsq_bigdata_step47023_fixed,631,0.5,0.7664509828858985,0.6804158513865076,0.8487531849001974
qwen_1p7b_fsq_bigdata_step47023_fixed,681,0.5,0.7700270681840614,0.6838385187749836,0.8526181274845424
qwen_1p7b_fsq_bigdata_step47023_fixed,736,0.5,0.7736150571312274,0.6870013944918028,0.8565264223708039
qwen_1p7b_fsq_bigdata_step47023_fixed,794,0.5,0.7770713656462385,0.6905999685363922,0.8599913944363186
qwen_1p7b_fsq_bigdata_step47023_fixed,858,0.5,0.7805563781718219,0.6943387362967542,0.8641568910959433
qwen_1p7b_fsq_bigdata_step47023_fixed,926,0.5,0.7839313217760837,0.6981348512401945,0.8682521465723545
qwen_1p7b_fsq_bigdata_step47023_fixed,1000,0.5,0.7872340425531915,0.7021276595744677,0.8723404255319144
qwen_1p7b_fsq_bigdata_step47023_fixed,10,0.75,0.5962644014304854,0.510934639085579,0.6751006950558058
qwen_1p7b_fsq_bigdata_step47023_fixed,11,0.75,0.6084137961758076,0.523059666827803,0.687884874752132
qwen_1p7b_fsq_bigdata_step47023_fixed,12,0.75,0.6191773955990177,0.534998959009626,0.6978520972447013
qwen_1p7b_fsq_bigdata_step47023_fixed,13,0.75,0.6287931518722149,0.5445262586866326,0.7074650386282748
qwen_1p7b_fsq_bigdata_step47023_fixed,14,0.75,0.6374469058579632,0.5533310744608407,0.7163690478257281
qwen_1p7b_fsq_bigdata_step47023_fixed,15,0.75,0.6452861158073167,0.560888228430292,0.7242172793193946
qwen_1p7b_fsq_bigdata_step47023_fixed,16,0.75,0.6524293714799054,0.5676354917474178,0.7315594309846404
qwen_1p7b_fsq_bigdata_step47023_fixed,17,0.75,0.6589731606443671,0.5748387020324642,0.7384240243258515
qwen_1p7b_fsq_bigdata_step47023_fixed,18,0.75,0.6649967911539587,0.5813867301796238,0.7440015666320271
qwen_1p7b_fsq_bigdata_step47023_fixed,20,0.75,0.6757359169426628,0.5920180016094957,0.7539994886091314
qwen_1p7b_fsq_bigdata_step47023_fixed,22,0.75,0.6850558564266093,0.6015680590606373,0.7636571767525258
qwen_1p7b_fsq_bigdata_step47023_fixed,23,0.75,0.6892787780225694,0.6059296040164497,0.7679539822470483
qwen_1p7b_fsq_bigdata_step47023_fixed,25,0.75,0.6969954029680405,0.6130950059281426,0.775330951718452
qwen_1p7b_fsq_bigdata_step47023_fixed,27,0.75,0.7038897590453749,0.6201760332024965,0.7817653587192307
qwen_1p7b_fsq_bigdata_step47023_fixed,29,0.75,0.710104146783402,0.6259145358397749,0.7875182827508417
qwen_1p7b_fsq_bigdata_step47023_fixed,32,0.75,0.7183854047164145,0.6346588474817142,0.7947701852086412
qwen_1p7b_fsq_bigdata_step47023_fixed,34,0.75,0.7233327933967739,0.6402403030482128,0.7988161959671003
qwen_1p7b_fsq_bigdata_step47023_fixed,37,0.75,0.7300506434540215,0.6480324690793926,0.8050820824093088
qwen_1p7b_fsq_bigdata_step47023_fixed,40,0.75,0.7360673303562242,0.6548412474453182,0.8101025751611872
qwen_1p7b_fsq_bigdata_step47023_fixed,43,0.75,0.7415072032155559,0.6602731511305411,0.8150136745438816
qwen_1p7b_fsq_bigdata_step47023_fixed,46,0.75,0.746465958790758,0.6663061733317414,0.8191249499001185
qwen_1p7b_fsq_bigdata_step47023_fixed,50,0.75,0.7524564602502093,0.6730543246858244,0.8247634024295781
qwen_1p7b_fsq_bigdata_step47023_fixed,54,0.75,0.7578599861930246,0.6789997685937706,0.8297663073043505
qwen_1p7b_fsq_bigdata_step47023_fixed,58,0.75,0.7627795079187674,0.6845933565254421,0.8343726158680065
qwen_1p7b_fsq_bigdata_step47023_fixed,63,0.75,0.7683668757225997,0.6910158212751044,0.8400749962306696
qwen_1p7b_fsq_bigdata_step47023_fixed,68,0.75,0.7734375227284773,0.6961875388092778,0.844765401992849
qwen_1p7b_fsq_bigdata_step47023_fixed,74,0.75,0.7789626895101441,0.7027102128277437,0.8497703457035694
qwen_1p7b_fsq_bigdata_step47023_fixed,79,0.75,0.7831779496094523,0.708051752452915,0.8536863601261675
qwen_1p7b_fsq_bigdata_step47023_fixed,86,0.75,0.7885855980121718,0.7146640432164625,0.859444129826238
qwen_1p7b_fsq_bigdata_step47023_fixed,93,0.75,0.793510858467583,0.7197045926429269,0.8634099758921402
qwen_1p7b_fsq_bigdata_step47023_fixed,100,0.75,0.7980330806875917,0.7255867590552976,0.8677051743103107
qwen_1p7b_fsq_bigdata_step47023_fixed,108,0.75,0.8027853809610214,0.730652850947504,0.8722411099548742
qwen_1p7b_fsq_bigdata_step47023_fixed,117,0.75,0.8076842688207624,0.7352387432637029,0.8763811139246044
qwen_1p7b_fsq_bigdata_step47023_fixed,126,0.75,0.8121830171389502,0.7395915862029111,0.87988255282095
qwen_1p7b_fsq_bigdata_step47023_fixed,136,0.75,0.8167844313522341,0.7446179130257057,0.8841758966548378
qwen_1p7b_fsq_bigdata_step47023_fixed,147,0.75,0.8214361499871999,0.7499159490923211,0.8880963414113401
qwen_1p7b_fsq_bigdata_step47023_fixed,158,0.75,0.8257226565082074,0.7545366073350819,0.8915668133357761
qwen_1p7b_fsq_bigdata_step47023_fixed,171,0.75,0.8303886121143215,0.7597010423011255,0.8952730779613133
qwen_1p7b_fsq_bigdata_step47023_fixed,185,0.75,0.8350021043061974,0.7656282800707445,0.8988575181381385
qwen_1p7b_fsq_bigdata_step47023_fixed,200,0.75,0.8395445812548489,0.7711885887527291,0.9026646170671643
qwen_1p7b_fsq_bigdata_step47023_fixed,215,0.75,0.843734452456505,0.7750959874381733,0.9063440713592491
qwen_1p7b_fsq_bigdata_step47023_fixed,233,0.75,0.8483661080299695,0.7799953378212606,0.9101960993079121
qwen_1p7b_fsq_bigdata_step47023_fixed,250,0.75,0.8524000280938457,0.7849043345761638,0.9131632611209589
qwen_1p7b_fsq_bigdata_step47023_fixed,251,0.75,0.8526280374487996,0.7851830042914798,0.9133224099951928
qwen_1p7b_fsq_bigdata_step47023_fixed,271,0.75,0.8569923419911635,0.7905159788694082,0.9168694787990376
qwen_1p7b_fsq_bigdata_step47023_fixed,293,0.75,0.8614044664268448,0.7959099208444758,0.9205830446065366
qwen_1p7b_fsq_bigdata_step47023_fixed,316,0.75,0.865640563357586,0.8010869886654745,0.9239104911002294
qwen_1p7b_fsq_bigdata_step47023_fixed,341,0.75,0.8698650175190423,0.8062682359009584,0.9271100038919613
qwen_1p7b_fsq_bigdata_step47023_fixed,369,0.75,0.8741853479502796,0.8116886810004877,0.930983370851652
qwen_1p7b_fsq_bigdata_step47023_fixed,398,0.75,0.8782574880798987,0.8167691498784785,0.934128923444826
qwen_1p7b_fsq_bigdata_step47023_fixed,430,0.75,0.882331746544013,0.8223881019034401,0.9378560299428902
qwen_1p7b_fsq_bigdata_step47023_fixed,464,0.75,0.8862341247212664,0.8274073592823682,0.941349980475676
qwen_1p7b_fsq_bigdata_step47023_fixed,500,0.75,0.8899416154255634,0.831162000278574,0.944164374900408
qwen_1p7b_fsq_bigdata_step47023_fixed,501,0.75,0.8900388532033858,0.831258252148179,0.9442147120853682
qwen_1p7b_fsq_bigdata_step47023_fixed,541,0.75,0.893693936152029,0.8358236926642486,0.9482900257251942
qwen_1p7b_fsq_bigdata_step47023_fixed,584,0.75,0.8971555531053936,0.8390222428536505,0.9508496158598092
qwen_1p7b_fsq_bigdata_step47023_fixed,631,0.75,0.9004540712200259,0.8421849645675613,0.9535962324547267
qwen_1p7b_fsq_bigdata_step47023_fixed,681,0.75,0.9034800992718159,0.8445405458902696,0.9565274700703011
qwen_1p7b_fsq_bigdata_step47023_fixed,736,0.75,0.9063150336710837,0.8485207250867824,0.9594597269040129
qwen_1p7b_fsq_bigdata_step47023_fixed,794,0.75,0.908829606004439,0.8507753468594584,0.9620081634175448
qwen_1p7b_fsq_bigdata_step47023_fixed,858,0.75,0.9111325829430995,0.8540261573128389,0.9643247970205177
qwen_1p7b_fsq_bigdata_step47023_fixed,926,0.75,0.9131346729911802,0.8577479719618709,0.9663282677645203
qwen_1p7b_fsq_bigdata_step47023_fixed,1000,0.75,0.9148936170212766,0.8617021276595738,0.9680851063829782
qwen_1p7b_fsq_bigdata_step47023_fixed,10,1.0,0.7311463356237118,0.6551205648755855,0.8019330260425
qwen_1p7b_fsq_bigdata_step47023_fixed,11,1.0,0.7413317663135607,0.6658499771637407,0.8119037901994162
qwen_1p7b_fsq_bigdata_step47023_fixed,12,1.0,0.7502857223616146,0.6748858148261183,0.8194222202271185
qwen_1p7b_fsq_bigdata_step47023_fixed,13,1.0,0.7582393357198566,0.6831814350311601,0.8268935942712864
qwen_1p7b_fsq_bigdata_step47023_fixed,14,1.0,0.7653676173191785,0.6907117610784851,0.8340890274735084
qwen_1p7b_fsq_bigdata_step47023_fixed,15,1.0,0.7718058243124015,0.6975940573545432,0.8398220419350068
qwen_1p7b_fsq_bigdata_step47023_fixed,16,1.0,0.7776603492746003,0.704266640335867,0.844917007760966
qwen_1p7b_fsq_bigdata_step47023_fixed,17,1.0,0.7830161694262836,0.7096923687948435,0.8504028376432429
qwen_1p7b_fsq_bigdata_step47023_fixed,18,1.0,0.7879420693121884,0.7146722210742389,0.8549777302832587
qwen_1p7b_fsq_bigdata_step47023_fixed,20,1.0,0.7967197301806025,0.7235053306488948,0.8635150620723712
qwen_1p7b_fsq_bigdata_step47023_fixed,22,1.0,0.8043391252441969,0.7317450347785305,0.8701601614808017
qwen_1p7b_fsq_bigdata_step47023_fixed,23,1.0,0.8077937883119447,0.7355076282646343,0.8731042696607595
qwen_1p7b_fsq_bigdata_step47023_fixed,25,1.0,0.8141126088801011,0.7425113554699745,0.8785219291437172
qwen_1p7b_fsq_bigdata_step47023_fixed,27,1.0,0.8197669261511049,0.749079144673578,0.8833969037044587
qwen_1p7b_fsq_bigdata_step47023_fixed,29,1.0,0.8248724755372375,0.7552268957630753,0.8878154095556666
qwen_1p7b_fsq_bigdata_step47023_fixed,32,1.0,0.8316911618495019,0.7634115858823769,0.8938015363441697
qwen_1p7b_fsq_bigdata_step47023_fixed,34,1.0,0.8357733610455277,0.7682766239381891,0.8974073960065173
qwen_1p7b_fsq_bigdata_step47023_fixed,37,1.0,0.8413259554273211,0.7751998452407263,0.9022026775885722
qwen_1p7b_fsq_bigdata_step47023_fixed,40,1.0,0.8463062284282067,0.7804657437949114,0.9066413638906686
qwen_1p7b_fsq_bigdata_step47023_fixed,43,1.0,0.8508116668489937,0.7853453284492937,0.910531277788574
qwen_1p7b_fsq_bigdata_step47023_fixed,46,1.0,0.8549170210164184,0.7897945705051385,0.9139128452729487
qwen_1p7b_fsq_bigdata_step47023_fixed,50,1.0,0.8598678334486533,0.7957159955089678,0.9176938751237272
qwen_1p7b_fsq_bigdata_step47023_fixed,54,1.0,0.8643173316004666,0.8017214862074687,0.9214137307398702
qwen_1p7b_fsq_bigdata_step47023_fixed,58,1.0,0.8683469659544698,0.8055649279278001,0.9249436321149164
qwen_1p7b_fsq_bigdata_step47023_fixed,63,1.0,0.8728887622378627,0.8101099947078163,0.9277840013523595
qwen_1p7b_fsq_bigdata_step47023_fixed,68,1.0,0.8769684517846615,0.8150003724411561,0.9312173112560987
qwen_1p7b_fsq_bigdata_step47023_fixed,74,1.0,0.8813567057511202,0.8208048304709878,0.9349403012608262
qwen_1p7b_fsq_bigdata_step47023_fixed,79,1.0,0.8846572553251624,0.8248279900054724,0.9376101033797813
qwen_1p7b_fsq_bigdata_step47023_fixed,86,1.0,0.8888226344704068,0.8306852659270981,0.9409117355975665
qwen_1p7b_fsq_bigdata_step47023_fixed,93,1.0,0.8925417841865134,0.834622696286415,0.9437131684972854
qwen_1p7b_fsq_bigdata_step47023_fixed,100,1.0,0.8958885953727008,0.8387723743612393,0.9461728331233208
qwen_1p7b_fsq_bigdata_step47023_fixed,108,1.0,0.8993314854961875,0.8429722697202263,0.9488825792149014
qwen_1p7b_fsq_bigdata_step47023_fixed,117,1.0,0.9027980904906907,0.8465454923194883,0.9510798684333571
qwen_1p7b_fsq_bigdata_step47023_fixed,126,1.0,0.9059066291416947,0.8508821691446061,0.9530682381569259
qwen_1p7b_fsq_bigdata_step47023_fixed,136,1.0,0.9090123382137466,0.8554248955274489,0.9556513625360051
qwen_1p7b_fsq_bigdata_step47023_fixed,147,1.0,0.9120783601664342,0.8599960901194996,0.9579177813116748
qwen_1p7b_fsq_bigdata_step47023_fixed,158,1.0,0.9148416797680141,0.8637011699439132,0.9601247209968139
qwen_1p7b_fsq_bigdata_step47023_fixed,171,1.0,0.9177879116668219,0.8679780583078278,0.9620992570369901
qwen_1p7b_fsq_bigdata_step47023_fixed,185,1.0,0.9206459180484071,0.8715172426230366,0.9640798736045378
qwen_1p7b_fsq_bigdata_step47023_fixed,200,1.0,0.9234165758529165,0.8752691045556252,0.9656396168016912
qwen_1p7b_fsq_bigdata_step47023_fixed,215,1.0,0.9259443707880811,0.8787672418952185,0.9673117207070575
qwen_1p7b_fsq_bigdata_step47023_fixed,233,1.0,0.9287209027751474,0.88232524466226,0.9692024542369889
qwen_1p7b_fsq_bigdata_step47023_fixed,250,1.0,0.9311358271284645,0.8857365444532719,0.9707427284338777
qwen_1p7b_fsq_bigdata_step47023_fixed,251,1.0,0.931272475262591,0.8858918811360413,0.9708139872734105
qwen_1p7b_fsq_bigdata_step47023_fixed,271,1.0,0.9338960650154546,0.8894531783040912,0.9721783669663673
qwen_1p7b_fsq_bigdata_step47023_fixed,293,1.0,0.9365739348221244,0.8930090548161093,0.9739688831640992
qwen_1p7b_fsq_bigdata_step47023_fixed,316,1.0,0.9391827225405182,0.8967267553009485,0.9753452665611414
qwen_1p7b_fsq_bigdata_step47023_fixed,341,1.0,0.9418339542064117,0.9003182377837788,0.9771196776320428
qwen_1p7b_fsq_bigdata_step47023_fixed,369,1.0,0.944609280093961,0.9045685428068686,0.9787218812508234
qwen_1p7b_fsq_bigdata_step47023_fixed,398,1.0,0.9472957155673073,0.9083461342971574,0.9806382928793541
qwen_1p7b_fsq_bigdata_step47023_fixed,430,1.0,0.9500632048914542,0.9118433037422656,0.9821980060879298
qwen_1p7b_fsq_bigdata_step47023_fixed,464,1.0,0.9527997027066849,0.914649705560042,0.9837914694868954
qwen_1p7b_fsq_bigdata_step47023_fixed,500,1.0,0.9554888379041558,0.9182498347815756,0.9853835444313788
qwen_1p7b_fsq_bigdata_step47023_fixed,501,1.0,0.95556065813797,0.9182998564698339,0.9854287810324855
qwen_1p7b_fsq_bigdata_step47023_fixed,541,1.0,0.9583136339731478,0.9216509528907461,0.9871685240883278
qwen_1p7b_fsq_bigdata_step47023_fixed,584,1.0,0.9610291416903192,0.9241613584491092,0.9888882100062971
qwen_1p7b_fsq_bigdata_step47023_fixed,631,1.0,0.9637371114653676,0.9280824908829807,0.9910991907673324
qwen_1p7b_fsq_bigdata_step47023_fixed,681,1.0,0.9663531976525771,0.9309126938709102,0.9926528128574786
qwen_1p7b_fsq_bigdata_step47023_fixed,736,1.0,0.9689567461559864,0.9335788726979066,0.9942232527363174
qwen_1p7b_fsq_bigdata_step47023_fixed,794,1.0,0.971438598369023,0.9370077801187889,0.9960752823129517
qwen_1p7b_fsq_bigdata_step47023_fixed,858,1.0,0.9739209609924792,0.9403750766404056,0.9977266611735853
qwen_1p7b_fsq_bigdata_step47023_fixed,926,1.0,0.9763309137590415,0.9435953440371679,0.9990233967549778
qwen_1p7b_fsq_bigdata_step47023_fixed,1000,1.0,0.9787234042553191,0.9468085106382973,0.9999999999999997
